<VTKFile type="PolyData" version="1.0" byte_order="LittleEndian" header_type="UInt64">
  <PolyData>
    <Piece NumberOfPoints="6669" NumberOfVerts="0" NumberOfLines="0" NumberOfStrips="0" NumberOfPolys="13338">
      <PointData>
      </PointData>
      <CellData>
      </CellData>
      <Points>
        <DataArray type="Float32" Name="Points" NumberOfComponents="3" format="ascii" RangeMin="0.13602696535" RangeMax="1.2723980803">
          -0.5478309989 -0.43016600609 0.13259999454 -0.54938799143 -0.42538499832 0.13865700364
          -0.554264009 -0.42754799128 0.13543300331 -0.55909901857 -0.42778199911 0.12658299506
          -0.54964399338 -0.43328401446 0.12262199819 -0.55895799398 -0.42412400246 0.11585500091
          -0.55155402422 -0.43229800463 0.11789000034 -0.55190002918 -0.41888099909 0.14582300186
          -0.55216997862 -0.41775000095 0.14752200246 -0.55322700739 -0.4180830121 0.14642299712
          -0.55811297894 -0.41807299852 0.13759699464 -0.55797499418 -0.41663700342 0.1324750036
          -0.55847102404 -0.41940501332 0.12682999671 -0.55369001627 -0.41619798541 0.14673000574
          -0.52735501528 -0.47471800447 0.056304998696 -0.52766001225 -0.47209298611 0.061124999076
          -0.53189200163 -0.47394099832 0.058237999678 -0.53068500757 -0.47165200114 0.053851000965
          -0.53781497478 -0.46639201045 0.061158001423 -0.53136301041 -0.46432501078 0.067777000368
          -0.53675198555 -0.46353900433 0.054815001786 -0.53173899651 -0.46296098828 0.069687001407
          -0.53351598978 -0.45678201318 0.078155003488 -0.53884202242 -0.45856100321 0.07290700078
          -0.54062902927 -0.45613801479 0.062689997256 -0.53327202797 -0.44525700808 0.10398200154
          -0.54043501616 -0.45117801428 0.084863997996 -0.53390598297 -0.45452699065 0.081946000457
          -0.54425299168 -0.45060700178 0.075639002025 -0.54393601418 -0.44787600636 0.068666003644
          -0.53232902288 -0.44109401107 0.11362600327 -0.53840500116 -0.44451999664 0.10611700267
          -0.542765975 -0.44437900186 0.09709200263 -0.5462449789 -0.44354000688 0.087742000818
          -0.54894798994 -0.44208601117 0.078106999397 -0.5482339859 -0.44017800689 0.073870003223
          -0.5348110199 -0.43361398578 0.12571999431 -0.54204702377 -0.43875899911 0.11882700026
          -0.54621201754 -0.43846198916 0.10972999781 -0.5487189889 -0.43685400486 0.10002300143
          -0.55169302225 -0.43561500311 0.090488001704 -0.55108201504 -0.43253400922 0.082578003407
          -0.54992097616 -0.43571001291 0.078899003565 -0.54057002068 -0.42135301232 0.14099499583
          -0.54321801662 -0.43104198575 0.13062900305 -0.55301600695 -0.43161100149 0.11297500134
          -0.55436301231 -0.42908498645 0.10284099728 -0.55262601376 -0.42538800836 0.092711001635
          -0.5542460084 -0.41753000021 0.10586799681 -0.54028600454 -0.41209000349 0.15552799404
          -0.54359298944 -0.41405001283 0.1535090059 -0.55145198107 -0.40803399682 0.15714100003
          -0.54278200865 -0.40527099371 0.16500599682 -0.55543601513 -0.40759500861 0.14797699451
          -0.55388498306 -0.40380901098 0.13673700392 -0.55464500189 -0.39630499482 0.14901599288
          -0.5485560298 -0.39695298672 0.16760699451 -0.55398499966 -0.39645600319 0.15882000327
          -0.51832002401 -0.47100499272 0.05277299881 -0.5174369812 -0.46719700098 0.064416997135
          -0.5244140029 -0.46548199654 0.048232998699 -0.52989798784 -0.46371901035 0.068875998259
          -0.52102297544 -0.45772498846 0.073390997946 -0.53475397825 -0.46037700772 0.049403999001
          -0.53232300282 -0.45712301135 0.044576000422 -0.52971297503 -0.4549280107 0.080178000033
          -0.53968298435 -0.45204100013 0.051957998425 -0.53786498308 -0.44908601046 0.046803999692
          -0.52524501085 -0.44440099597 0.090511001647 -0.54033601284 -0.4420529902 0.053778998554
          -0.52564799786 -0.43539598584 0.111322999 -0.52366298437 -0.43734100461 0.099901996553
          -0.5425620079 -0.43377000093 0.065370000899 -0.54574602842 -0.42540198565 0.078330002725
          -0.52750402689 -0.4214810133 0.13373200595 -0.52517199516 -0.41406598687 0.14318099618
          -0.5482659936 -0.41066598892 0.10109700263 -0.54747498035 -0.4009630084 0.12131500244
          -0.53169900179 -0.39864000678 0.16863200068 -0.5501729846 -0.39204099774 0.13599400222
          -0.53715997934 -0.39167499542 0.17389500141 -0.55081498623 -0.38881200552 0.1439410001
          -0.54301601648 -0.383720994 0.17693200707 -0.54861700535 -0.38445800543 0.16812999547
          -0.54882597923 -0.38354799151 0.15804299712 -0.51066297293 -0.46522599459 0.04994000122
          -0.50879299641 -0.46185401082 0.061092000455 -0.51789301634 -0.45920100808 0.042670000345
          -0.51405102015 -0.45028200746 0.072743996978 -0.52642798424 -0.45091900229 0.038228001446
          -0.53128498793 -0.44173100591 0.038440000266 -0.53654098511 -0.43610700965 0.047224998474
          -0.53601700068 -0.42518100142 0.055022999644 -0.51945501566 -0.42211100459 0.12041199952
          -0.51868402958 -0.41679000854 0.13323499262 -0.5414519906 -0.41273099184 0.078983001411
          -0.54325699806 -0.40343600512 0.093032002449 -0.5206310153 -0.40306299925 0.15856599808
          -0.53764498234 -0.38754600286 0.10874500126 -0.52062898874 -0.3930259943 0.17313399911
          -0.542979002 -0.39072701335 0.1222570017 -0.5246719718 -0.38540399075 0.1797350049
          -0.5446010232 -0.38321098685 0.13416899741 -0.53207498789 -0.37885001302 0.18370899558
          -0.54423397779 -0.37677800655 0.14467799664 -0.54448097944 -0.37364900112 0.1553619951
          -0.538811028 -0.37209698558 0.18660399318 -0.53377097845 -0.37033200264 0.19133000076
          -0.54452002048 -0.37302300334 0.17807500064 -0.54527902603 -0.37003099918 0.16772499681
          -0.54461497068 -0.36875098944 0.16524900496 -0.54247397184 -0.36081799865 0.18889799714
          -0.54673802853 -0.35961100459 0.17994099855 -0.54492098093 -0.36720201373 0.1677480042
          -0.50453400612 -0.457156986 0.047880999744 -0.50455498695 -0.45483198762 0.057879000902
          -0.50874102116 -0.45603701472 0.038851000369 -0.5128390193 -0.4527989924 0.035110998899
          -0.50784397125 -0.44385901093 0.070313997567 -0.52091902494 -0.44466200471 0.030221000314
          -0.52669501305 -0.43659099936 0.031886000186 -0.50836598873 -0.4313339889 0.083471998572
          -0.53456699848 -0.43216100335 0.040189001709 -0.53195399046 -0.42859500647 0.034795999527
          -0.50850600004 -0.4209190011 0.097492001951 -0.53323000669 -0.42451998591 0.040095999837
          -0.5072529912 -0.41615301371 0.10440800339 -0.53407502174 -0.41357800364 0.062176000327
          -0.50611197948 -0.40810999274 0.13820900023 -0.5118240118 -0.41477501392 0.12356299907
          -0.53552997112 -0.40617400408 0.073936000466 -0.50612801313 -0.40277799964 0.15003700554
          -0.53766101599 -0.39192399383 0.097727000713 -0.50757098198 -0.39406299591 0.16107900441
          -0.5122500062 -0.38813000917 0.17570599914 -0.53695201874 -0.37857300043 0.12723499537
          -0.51370602846 -0.38117399812 0.18646299839 -0.51378798485 -0.38064101338 0.18738600612
          -0.51447498798 -0.38090100884 0.18679900467 -0.53077298403 -0.36892899871 0.19402000308
          -0.51661598682 -0.37299999595 0.19614100456 -0.5377240181 -0.36972299218 0.14371199906
          -0.51755601168 -0.37021699548 0.19957500696 -0.51918399334 -0.36539700627 0.20552299917
          -0.53886198997 -0.36328500509 0.15696200728 -0.53195202351 -0.36161699891 0.20608200133
          -0.5232359767 -0.35771900415 0.21164299548 -0.53732198477 -0.36227399111 0.19742800295
          -0.54178899527 -0.34944999218 0.17837899923 -0.53817600012 -0.35430699587 0.20911300182
          -0.54119497538 -0.35310399532 0.19959400594 -0.54410201311 -0.35181099176 0.19003400207
          -0.54240697622 -0.3435780108 0.18915599585 -0.5425170064 -0.34550601244 0.21145099401
          -0.53426897526 -0.34151101112 0.21591100097 -0.54227399826 -0.33988401294 0.20013900101
          -0.54340702295 -0.33397299051 0.21252000332 -0.54149401188 -0.33322799206 0.21409200132
          -0.54278600216 -0.33303999901 0.2109850049 -0.54308402538 -0.33195599914 0.21250799298
          -0.49674499035 -0.44844099879 0.045375999063 -0.50221598148 -0.44778299332 0.036139000207
          -0.49951800704 -0.44141298532 0.05952699855 -0.50873202085 -0.44398200512 0.028730999678
          -0.51416397095 -0.43794500828 0.024608999491 -0.49553200603 -0.42594200373 0.071866996586
          -0.5253739953 -0.42250001431 0.029751000926 -0.53156900406 -0.41755199432 0.039829000831
          -0.52962100506 -0.41464498639 0.035073000938 -0.52982401848 -0.41248300672 0.039062999189
          -0.49714300036 -0.40676999092 0.12220700085 -0.50208097696 -0.41011101007 0.11440300196
          -0.52925699949 -0.40006899834 0.065190002322 -0.48941999674 -0.39859101176 0.14247600734
          -0.52979499102 -0.39195600152 0.083607003093 -0.53005802631 -0.38310301304 0.097758002579
          -0.50407099724 -0.38366800547 0.17355200648 -0.530148983 -0.37655299902 0.11662100255
          -0.50382697582 -0.37382501364 0.1916089952 -0.52330702543 -0.36546799541 0.12555600703
          -0.50557899475 -0.36756199598 0.20183899999 -0.51421397924 -0.3720510006 0.19807399809
          -0.50983297825 -0.35969901085 0.20712199807 -0.53239601851 -0.35575699806 0.15454599261
          -0.51507997513 -0.35170501471 0.21005900204 -0.52092599869 -0.34353798628 0.21137900651
          -0.53141701221 -0.33418801427 0.17464600503 -0.53159099817 -0.32818898559 0.21581099927
          -0.53661900759 -0.33396700025 0.18851499259 -0.53501701355 -0.32353699207 0.19831900299
          -0.53949302435 -0.32008200884 0.21173499525 -0.57258802652 -0.23936100304 0.29546999931
          -0.57291299105 -0.23483900726 0.30431801081 -0.57881098986 -0.23671099544 0.29821801186
          -0.58024102449 -0.23586800694 0.28795200586 -0.58639198542 -0.23047499359 0.30174800754
          -0.57759302855 -0.22691300511 0.30857801437 -0.58738702536 -0.22708000243 0.29158601165
          -0.58752602339 -0.2241909951 0.28771901131 -0.59371000528 -0.21714900434 0.30551201105
          -0.58409297466 -0.21875 0.30854299664 -0.59359902143 -0.20672899485 0.31047999859
          -0.60815501213 -0.19386899471 0.30067199469 -0.60502099991 -0.19627200067 0.3115670085
          -0.60113400221 -0.19457900524 0.31422999501 -0.6075130105 -0.18645499647 0.31306898594
          -0.49127501249 -0.44217199087 0.043352000415 -0.4927380085 -0.43503901362 0.0551959984
          -0.49314400554 -0.43301600218 0.032894000411 -0.50073701143 -0.43378201127 0.026047000661
          -0.49623098969 -0.41638299823 0.087869003415 -0.49534699321 -0.41038000584 0.10033900291
          -0.52307701111 -0.40852999687 0.029827000573 -0.48053199053 -0.39991399646 0.12813599408
          -0.52641898394 -0.39410299063 0.050813000649 -0.49151900411 -0.39145201445 0.15249200165
          -0.52286702394 -0.38599899411 0.078886002302 -0.52346098423 -0.38956400752 0.069381996989
          -0.49455198646 -0.38425698876 0.16150000691 -0.52306598425 -0.37945601344 0.092642001808
          -0.52190297842 -0.37161499262 0.11289600283 -0.52459102869 -0.35750898719 0.1377120018
          -0.50126498938 -0.35157001019 0.20297800004 -0.52170097828 -0.33739298582 0.14992199838
          -0.50752002001 -0.34509301186 0.20748999715 -0.52358400822 -0.33091399074 0.16217200458
          -0.51243501902 -0.33772200346 0.21078300476 -0.52345901728 -0.32177698612 0.21581299603
          -0.52948701382 -0.31431099772 0.21877199411 -0.53366702795 -0.30606400967 0.22147600353
          -0.53865402937 -0.31797501445 0.21151399612 -0.52359700203 -0.30124801397 0.19104999304
          -0.53519201279 -0.30658999085 0.22161200643 -0.53464001417 -0.30564698577 0.21990999579
          -0.535548985 -0.30871599913 0.2107950002 -0.54000002146 -0.29815900326 0.22412200272
          -0.53921198845 -0.29775100946 0.22447000444 -0.53973299265 -0.29767501354 0.22321599722
          -0.53983700275 -0.29712501168 0.22411699593 -0.55315899849 -0.24917499721 0.27592900395
          -0.55843102932 -0.2443459928 0.28714498878 -0.57238000631 -0.24064600468 0.28461098671
          -0.56703698635 -0.24468000233 0.27114599943 -0.56290602684 -0.24698999524 0.26928800344
          -0.56746202707 -0.24302899837 0.26542499661 -0.55806601048 -0.24387200177 0.28915899992
          -0.56056898832 -0.23680600524 0.2975589931 -0.56848800182 -0.24077799916 0.29368001223
          -0.57531100512 -0.23899200559 0.27493101358 -0.57377099991 -0.23488099873 0.26580798626
          -0.5647739768 -0.2291200012 0.30324399471 -0.58127099276 -0.23154999316 0.27813100815
          -0.5782520175 -0.22726400197 0.27041101456 -0.56573098898 -0.20816899836 0.30646398664
          -0.58241599798 -0.21906299889 0.27587199211 -0.57555902004 -0.21311399341 0.3093059957
          -0.58905500174 -0.20965899527 0.28127399087 -0.58023399115 -0.20428200066 0.31155800819
          -0.59216701984 -0.18936100602 0.31811800599 -0.60286802053 -0.18858300149 0.28878301382
          -0.60200101137 -0.17330400646 0.322724998 -0.61150699854 -0.18557600677 0.30406600237
          -0.60903799534 -0.17971399426 0.29174500704 -0.60995799303 -0.1668010056 0.31515699625
          -0.61371898651 -0.1751369983 0.30557501316 -0.61528098583 -0.17273400724 0.29556599259
          -0.61410200596 -0.17116899788 0.29326200485 -0.61525398493 -0.16358199716 0.30678299069
          -0.61556601524 -0.16771300137 0.29603299499 -0.48577898741 -0.43350100517 0.041517000645
          -0.4849230051 -0.42893999815 0.052577000111 -0.49197900295 -0.42145600915 0.019617000595
          -0.48697298765 -0.4212769866 0.064577996731 -0.49739998579 -0.41260001063 0.018882999197
          -0.48820498586 -0.41394799948 0.076892003417 -0.48775100708 -0.40489199758 0.097654998302
          -0.48846700788 -0.40837499499 0.087632000446 -0.48543798923 -0.40190801024 0.10931500047
          -0.52096098661 -0.39455500245 0.029674999416 -0.47989600897 -0.39518201351 0.13914600015
          -0.52559697628 -0.38835200667 0.039115998894 -0.52108699083 -0.3870869875 0.047676000744
          -0.52484697104 -0.38675901294 0.035884998739 -0.48410901427 -0.38502800465 0.15070000291
          -0.51541101933 -0.38369598985 0.068277999759 -0.51742398739 -0.38607001305 0.057549998164
          -0.52446502447 -0.38588899374 0.038793999702 -0.48447701335 -0.37910199165 0.15523700416
          -0.51379197836 -0.37505999207 0.088705003262 -0.51389199495 -0.37115499377 0.10004699975
          -0.48908299208 -0.37164801359 0.16835300624 -0.51333898306 -0.36632400751 0.1111529991
          -0.47459900379 -0.34982100129 0.18227800727 -0.4762519896 -0.35704699159 0.171540007
          -0.51473701 -0.35931798816 0.12242999673 -0.47983399034 -0.34698098898 0.191839993
          -0.51729500294 -0.35264399648 0.130776003 -0.52019298077 -0.34426501393 0.14027699828
          -0.49840098619 -0.3394010067 0.20458599925 -0.50414001942 -0.33194699883 0.2101469934
          -0.5077739954 -0.32164800167 0.21521100402 -0.52312302589 -0.31492498517 0.17463199794
          -0.51928699017 -0.30803000927 0.22043299675 -0.52991700172 -0.29209199548 0.22648000717
          -0.5325729847 -0.29688099027 0.21036200225 -0.53438901901 -0.29132899642 0.2149900049
          -0.5366140008 -0.28332400322 0.22360299528 -0.5402380228 -0.2688960135 0.24768899381
          -0.54025501013 -0.26884999871 0.24774199724 -0.54030001163 -0.26887199283 0.24771599472
          -0.54029297829 -0.26884499192 0.24764999747 -0.54649502039 -0.26093700528 0.25072899461
          -0.54482698441 -0.26095500588 0.25230199099 -0.54415398836 -0.25768598914 0.26065900922
          -0.54513299465 -0.25368100405 0.26712301373 -0.54947298765 -0.25525099039 0.26320299506
          -0.55211597681 -0.25374999642 0.25354498625 -0.55144202709 -0.25276100636 0.251947999
          -0.54523402452 -0.25103500485 0.2725430131 -0.54647898674 -0.24541500211 0.28172001243
          -0.55805599689 -0.24980799854 0.26710098982 -0.55562102795 -0.24528700113 0.25616699457
          -0.55238699913 -0.23064999282 0.29483398795 -0.55614697933 -0.24324600399 0.2883990109
          -0.56088399887 -0.23702900112 0.26002699137 -0.56638997793 -0.22889499366 0.26266801357
          -0.56933301687 -0.19919599593 0.27336099744 -0.57548600435 -0.19111199677 0.31643399596
          -0.58378297091 -0.20115399361 0.28088900447 -0.58898001909 -0.1894569993 0.28612300754
          -0.58063298464 -0.18250900507 0.31972500682 -0.59664797783 -0.17885200679 0.29022499919
          -0.59217399359 -0.17141599953 0.32138898969 -0.60315102339 -0.15163700283 0.29448100924
          -0.59938502312 -0.15946500003 0.32230201364 -0.61173099279 -0.1571059972 0.29435399175
          -0.6121519804 -0.1529700011 0.31715801358 -0.60800200701 -0.14957900345 0.31982499361
          -0.61599302292 -0.15241700411 0.30794098973 -0.6143900156 -0.14960700274 0.30279201269
          -0.61484801769 -0.14154499769 0.31897100806 -0.61487698555 -0.14230699837 0.31717899442
          -0.61584097147 -0.14489400387 0.3084860146 -0.47924399376 -0.42604100704 0.039252001792
          -0.47741800547 -0.42274299264 0.049724001437 -0.48418900371 -0.42381599545 0.030595999211
          -0.48679599166 -0.4191929996 0.020788000897 -0.48036500812 -0.41420900822 0.061847001314
          -0.48330900073 -0.40681400895 0.073726996779 -0.48028999567 -0.38758400083 0.08589400351
          -0.49506500363 -0.39862298965 0.018899999559 -0.51126801968 -0.38587000966 0.026290999725
          -0.47101598978 -0.38002601266 0.12532000244 -0.47502601147 -0.38488000631 0.11576999724
          -0.51759302616 -0.38075500727 0.032441001385 -0.50821000338 -0.37743899226 0.065089002252
          -0.5073210001 -0.37353700399 0.0754339993 -0.51014697552 -0.37972301245 0.054908998311
          -0.51322698593 -0.38029301167 0.045308001339 -0.51722502708 -0.37948599458 0.036171998829
          -0.47764900327 -0.37198698521 0.14995500445 -0.50434297323 -0.36613199115 0.095426999032
          -0.50555998087 -0.37040400505 0.085304997861 -0.47533598542 -0.36187300086 0.16050800681
          -0.50594902039 -0.36009600759 0.10797999799 -0.507348001 -0.35284599662 0.11945799738
          -0.51279097795 -0.33860099316 0.13502599299 -0.51536500454 -0.33046999574 0.14675199986
          -0.49485999346 -0.32019498944 0.21205599606 -0.51696699858 -0.3230150044 0.15840299428
          -0.49947801232 -0.3183079958 0.21597699821 -0.50361400843 -0.30939999223 0.21910500526
          -0.50461500883 -0.29920300841 0.22324100137 -0.51633197069 -0.28783398867 0.2304289937
          -0.52537798882 -0.29370599985 0.19832199812 -0.52390098572 -0.28900900483 0.2288299948
          -0.53211700916 -0.27832499146 0.21429100633 -0.53208398819 -0.28324899077 0.2325810045
          -0.52205097675 -0.27862399817 0.23733499646 -0.53801399469 -0.27570700645 0.23550400138
          -0.52929598093 -0.27239501476 0.24291600287 -0.53635197878 -0.2670699954 0.22476099432
          -0.52956598997 -0.26306700706 0.25117599964 -0.53993701935 -0.26499098539 0.23695300519
          -0.53394299746 -0.25818300247 0.25653499365 -0.54065698385 -0.25493898988 0.23941299319
          -0.53562897444 -0.24965700507 0.26935899258 -0.54471302032 -0.24668100476 0.2472410053
          -0.53778898716 -0.24049000442 0.27931699157 -0.54195201397 -0.23258599639 0.24982200563
          -0.54487299919 -0.22460000217 0.29317200184 -0.5569319725 -0.22263599932 0.25912600756
          -0.54902398586 -0.21725200117 0.29888999462 -0.56351697445 -0.21502299607 0.26424500346
          -0.55425101519 -0.20914499462 0.30208700895 -0.55001801252 -0.19882799685 0.30393499136
          -0.56333500147 -0.19336299598 0.3113540113 -0.57588797808 -0.19167800248 0.28063198924
          -0.56680601835 -0.18562799692 0.31863600016 -0.58296298981 -0.18041500449 0.28617599607
          -0.56260198355 -0.17200000584 0.32337599993 -0.5777990222 -0.16893400252 0.3208450079
          -0.59056699276 -0.16701699793 0.28982400894 -0.58492398262 -0.16129900515 0.32165598869
          -0.58946102858 -0.15047000349 0.29126799107 -0.58600097895 -0.14473800361 0.32048299909
          -0.60829800367 -0.143434003 0.29655399919 -0.61078202724 -0.13034799695 0.3179590106
          -0.47363901138 -0.417185992 0.037457998842 -0.47147399187 -0.41468301415 0.047253001481
          -0.47676798701 -0.41544800997 0.027171999216 -0.47318598628 -0.40908399224 0.056125000119
          -0.48306798935 -0.4134260118 0.019912999123 -0.48962700367 -0.40668699145 0.016583999619
          -0.47602599859 -0.40108400583 0.064538002014 -0.47883200645 -0.39381700754 0.073628999293
          -0.47688299417 -0.37621501088 0.096924997866 -0.46870499849 -0.36032700539 0.10326299816
          -0.51081800461 -0.37468099594 0.027845000848 -0.47139498591 -0.37299698591 0.13724899292
          -0.50129002333 -0.36856600642 0.064061999321 -0.50397497416 -0.37171700597 0.052827998996
          -0.50701701641 -0.37234398723 0.043207999319 -0.5110219717 -0.37152799964 0.034076001495
          -0.49136599898 -0.35788801312 0.081724002957 -0.49253299832 -0.34793400764 0.10206499696
          -0.49988499284 -0.34721601009 0.11187999696 -0.50224399567 -0.33956301212 0.12052699924
          -0.50530397892 -0.33270400763 0.13169500232 -0.47787201405 -0.32221999764 0.19849100709
          -0.50703799725 -0.32505300641 0.14420500398 -0.51085102558 -0.31296101213 0.15802100301
          -0.49109101295 -0.31251400709 0.21483699977 -0.49022400379 -0.29186400771 0.22431899607
          -0.51510500908 -0.29531899095 0.18550300598 -0.50466001034 -0.28792199492 0.22953000665
          -0.52508598566 -0.27284500003 0.2106270045 -0.51061099768 -0.278952986 0.23698499799
          -0.51058298349 -0.25403699279 0.258235991 -0.53087598085 -0.25804901123 0.22210900486
          -0.52330899239 -0.25049200654 0.26370900869 -0.53633898497 -0.24329000711 0.24125300348
          -0.52537500858 -0.242475003 0.27271199226 -0.53128302097 -0.23060299456 0.28244999051
          -0.53642398119 -0.21913300455 0.29297399521 -0.53905397654 -0.21035699546 0.29850399494
          -0.55668002367 -0.20895799994 0.25979599357 -0.56087702513 -0.20111699402 0.26526001096
          -0.55246800184 -0.18597200513 0.31097200513 -0.56845498085 -0.18575200438 0.27721700072
          -0.55731499195 -0.17918600142 0.31849700212 -0.57650899887 -0.17514100671 0.28342199326
          -0.57018297911 -0.16346499324 0.32246801257 -0.57427000999 -0.15494500101 0.32366400957
          -0.60045301914 -0.13751600683 0.29453000426 -0.59335899353 -0.12933200598 0.31916099787
          -0.60561597347 -0.12953400612 0.29767000675 -0.6102809906 -0.12699900568 0.31794300675
          -0.6086909771 -0.12216000259 0.30672898889 -0.60704100132 -0.11869899929 0.31711000204
          -0.4656830132 -0.40219399333 0.046785000712 -0.46829000115 -0.40794798732 0.03579499945
          -0.47252899408 -0.40678098798 0.026781000197 -0.48062199354 -0.40104699135 0.020036999136
          -0.47076499462 -0.39514601231 0.056614998728 -0.48687601089 -0.39279699326 0.017866000533
          -0.47228899598 -0.37979200482 0.057907998562 -0.49338799715 -0.38451299071 0.019036000594
          -0.47760298848 -0.3795979917 0.07282000035 -0.4771719873 -0.37187200785 0.085095003247
          -0.50373202562 -0.36865198612 0.023995000869 -0.46157801151 -0.35972300172 0.12271299958
          -0.46571400762 -0.36346700788 0.13256900012 -0.46441799402 -0.3597599864 0.11444400251
          -0.49886399508 -0.36213999987 0.051282998174 -0.5019980073 -0.36245900393 0.041753001511
          -0.49886798859 -0.36213299632 0.051252998412 -0.5055270195 -0.36089500785 0.03259800002
          -0.46814599633 -0.35845801234 0.14597800374 -0.49081999063 -0.35397300124 0.090911000967
          -0.493268013 -0.36013698578 0.070771999657 -0.49624601007 -0.36085999012 0.061119999737
          -0.49885600805 -0.36213499308 0.051281001419 -0.46645700932 -0.35240098834 0.16031900048
          -0.45888799429 -0.33998599648 0.17647199333 -0.46571299434 -0.34957501292 0.16842499375
          -0.46157601476 -0.33304700255 0.1852889955 -0.49703401327 -0.3337289989 0.11761900038
          -0.47189998627 -0.32829201221 0.19325399399 -0.49927800894 -0.32042598724 0.14184400439
          -0.48243200779 -0.30670100451 0.21303200722 -0.4969060123 -0.30699899793 0.15091399848
          -0.50289398432 -0.30030500889 0.16510100663 -0.50805497169 -0.28890800476 0.18400199711
          -0.51565802097 -0.26912501454 0.20496800542 -0.49402800202 -0.26661199331 0.24410399795
          -0.52083700895 -0.25794699788 0.21631400287 -0.51172298193 -0.24480299652 0.26627600193
          -0.52663099766 -0.24256800115 0.23289999366 -0.51590198278 -0.23714700341 0.27420499921
          -0.5298910141 -0.23488299549 0.24096900225 -0.51980400085 -0.22901000082 0.28096300364
          -0.53260797262 -0.22718299925 0.24622100592 -0.50997501612 -0.22352899611 0.28270798922
          -0.54361999035 -0.21111600101 0.25457200408 -0.51812499762 -0.20813499391 0.29699799418
          -0.54895401001 -0.20302300155 0.25748699903 -0.52663600445 -0.19252699614 0.30513900518
          -0.55285197496 -0.19539299607 0.26301899552 -0.54126399755 -0.18962199986 0.3070909977
          -0.55729997158 -0.18682700396 0.26813200116 -0.56185001135 -0.17940999568 0.2723389864
          -0.5669490099 -0.17146199942 0.27648100257 -0.54358500242 -0.16057899594 0.3271600008
          -0.57510298491 -0.15728799999 0.28210800886 -0.55873399973 -0.15815299749 0.32709801197
          -0.5631390214 -0.14952400327 0.32874798775 -0.57384097576 -0.12949900329 0.32275098562
          -0.59891402721 -0.12344899774 0.29289901257 -0.59357100725 -0.11679299921 0.32095399499
          -0.60304099321 -0.11561899632 0.29852798581 -0.6052929759 -0.11053600162 0.31687799096
          -0.60438299179 -0.10919500142 0.30650401115 -0.46552199125 -0.39685299993 0.035402998328
          -0.47101399302 -0.39723500609 0.026577999815 -0.46526300907 -0.38887599111 0.046560999006
          -0.47951701283 -0.385935992 0.020700000226 -0.48430201411 -0.37888199091 0.018724000081
          -0.47211301327 -0.37241101265 0.059583000839 -0.49085998535 -0.37069699168 0.018508000299
          -0.47463199496 -0.36582499743 0.073439002037 -0.49596399069 -0.36268401146 0.021115999669
          -0.46998900175 -0.35790801048 0.095124997199 -0.47369799018 -0.36184200644 0.084224998951
          -0.50108098984 -0.35474801064 0.025036999956 -0.4611800015 -0.3542650044 0.13406200707
          -0.48583498597 -0.35037600994 0.06860999763 -0.48443099856 -0.34847700596 0.078174002469
          -0.48821398616 -0.35001200438 0.058773998171 -0.49388200045 -0.35170099139 0.049368001521
          -0.50136101246 -0.35149800777 0.031272999942 -0.46129900217 -0.34849798679 0.14520999789
          -0.46055400372 -0.34548300505 0.15542000532 -0.48541000485 -0.34257599711 0.093842998147
          -0.48500800133 -0.34488999844 0.089956000447 -0.45819500089 -0.3435870111 0.16566200554
          -0.48700299859 -0.33615198731 0.10254199803 -0.48849800229 -0.3290989995 0.11433999985
          -0.46429300308 -0.32405498624 0.19111800194 -0.4895530045 -0.32195499539 0.12688300014
          -0.4628739953 -0.31091800332 0.19798499346 -0.49171799421 -0.31312298775 0.14007599652
          -0.47535699606 -0.2917740047 0.21870699525 -0.49723801017 -0.29019400477 0.1737640053
          -0.48642700911 -0.27783501148 0.23238800466 -0.50119000673 -0.27944099903 0.18735100329
          -0.50628399849 -0.26728600264 0.19926300645 -0.50901997089 -0.2596949935 0.20805199444
          -0.51154500246 -0.25237700343 0.21592399478 -0.48941200972 -0.24710899591 0.25788000226
          -0.51521801949 -0.24391199648 0.22397300601 -0.50379300117 -0.23050400615 0.27339100838
          -0.53050500154 -0.21310900152 0.2498549968 -0.53549098969 -0.20515300333 0.25341901183
          -0.52189201117 -0.19982600212 0.3022570014 -0.53904002905 -0.19694699347 0.26081600785
          -0.53572499752 -0.18621100485 0.26943901181 -0.53246998787 -0.1808719933 0.31193700433
          -0.54621499777 -0.1815200001 0.27194699645 -0.55253601074 -0.17396999896 0.27389401197
          -0.52568799257 -0.16082200408 0.32585498691 -0.56438601017 -0.15756699443 0.27726700902
          -0.54946100712 -0.15212899446 0.3299100101 -0.56967502832 -0.14956599474 0.28010299802
          -0.5544180274 -0.144562006 0.33235400915 -0.5746229887 -0.14161600173 0.28375899792
          -0.56125998497 -0.13578799367 0.3292439878 -0.58109599352 -0.134096995 0.28630998731
          -0.57238101959 -0.10696599633 0.32469201088 -0.59197598696 -0.11743599921 0.28836101294
          -0.59712398052 -0.1094269976 0.29185500741 -0.59208101034 -0.10389900208 0.32284000516
          -0.60152602196 -0.095352001488 0.31057101488 -0.59878700972 -0.094719000161 0.3189829886
          -0.60300397873 -0.096781000495 0.31676000357 -0.60155302286 -0.092414997518 0.31642198563
          -0.46504700184 -0.3793309927 0.036148998886 -0.46903198957 -0.38144698739 0.026894999668
          -0.46428200603 -0.37441200018 0.046975001693 -0.47631299496 -0.37327998877 0.019765999168
          -0.48262199759 -0.36429700255 0.016241999343 -0.46926799417 -0.35695999861 0.068883001804
          -0.46825799346 -0.3524030149 0.082589998841 -0.49394598603 -0.34872698784 0.021307999268
          -0.45853701234 -0.34662398696 0.12236200273 -0.46507298946 -0.34652298689 0.10332699865
          -0.4668880105 -0.34960699081 0.09298299998 -0.49624601007 -0.34123298526 0.030061999336
          -0.4586879909 -0.34025400877 0.13417899609 -0.48002099991 -0.33506399393 0.088500000536
          -0.48008400202 -0.33629000187 0.085762001574 -0.45202100277 -0.33093601465 0.17329899967
          -0.45272898674 -0.33458200097 0.16392399371 -0.45588201284 -0.33485400677 0.15451300144
          -0.4581399858 -0.33678600192 0.14435699582 -0.47872701287 -0.33186200261 0.098981000483
          -0.47754099965 -0.32913601398 0.10648500174 -0.45342499018 -0.32579600811 0.18151499331
          -0.47797301412 -0.32251301408 0.12194799632 -0.47970598936 -0.31465899944 0.13334099948
          -0.48627600074 -0.29924499989 0.14825500548 -0.4866989851 -0.29284900427 0.15956799686
          -0.47301200032 -0.27947598696 0.22711199522 -0.4939700067 -0.27483901381 0.18909700215
          -0.47863098979 -0.26541799307 0.24266600609 -0.49722000957 -0.26172199845 0.20076699555
          -0.5006660223 -0.25380200148 0.20699700713 -0.50387698412 -0.24612499774 0.21518599987
          -0.49926701188 -0.23285700381 0.22090700269 -0.48695099354 -0.22688500583 0.26814800501
          -0.48136100173 -0.23835299909 0.26075801253 -0.5106369853 -0.23113800585 0.2302840054
          -0.51364600658 -0.2229630053 0.23839700222 -0.51713901758 -0.21489399672 0.24435199797
          -0.52203202248 -0.20728300512 0.2493429929 -0.50362098217 -0.19315999746 0.29850301147
          -0.52530002594 -0.1993239969 0.25769200921 -0.51721698046 -0.18515999615 0.30607300997
          -0.51621997356 -0.17424400151 0.3122099936 -0.53723400831 -0.17613700032 0.27492898703
          -0.54756599665 -0.16536399722 0.27904200554 -0.53416699171 -0.15498399734 0.32879000902
          -0.5570229888 -0.14960999787 0.28351700306 -0.54561698437 -0.13911299407 0.3341229856
          -0.56604200602 -0.13580499589 0.28350499272 -0.54868900776 -0.12934799492 0.33563399315
          -0.57166600227 -0.12812699378 0.28426900506 -0.55760002136 -0.10954300314 0.33057099581
          -0.57890897989 -0.11939000338 0.28431800008 -0.58429998159 -0.11106800288 0.28507900238
          -0.58950102329 -0.10347600281 0.2892960012 -0.57839000225 -0.097214996815 0.32554700971
          -0.59293198586 -0.095913000405 0.2964630127 -0.59118002653 -0.090925998986 0.32303500175
          -0.59436702728 -0.088619999588 0.30645099282 -0.59533298016 -0.084481999278 0.31431698799
          -0.59049099684 -0.086553998291 0.3230240047 -0.46293899417 -0.36773899198 0.037124998868
          -0.46455699205 -0.3676880002 0.025836000219 -0.45961600542 -0.36279898882 0.046725999564
          -0.46710601449 -0.35269099474 0.017185999081 -0.46221199632 -0.35087099671 0.05700000003
          -0.48108801246 -0.35076901317 0.015783999115 -0.46522700787 -0.34581199288 0.070514000952
          -0.48625901341 -0.34272998571 0.018518999219 -0.46738100052 -0.34294900298 0.093592002988
          -0.46745699644 -0.33909499645 0.082262001932 -0.49153599143 -0.33478799462 0.021769000217
          -0.46182700992 -0.3370949924 0.12417799979 -0.46584799886 -0.33668500185 0.11502800137
          -0.46925199032 -0.33578699827 0.10565099865 -0.47106599808 -0.33362999558 0.095688998699
          -0.47111299634 -0.33053699136 0.086447998881 -0.47573199868 -0.32959499955 0.076059997082
          -0.47659298778 -0.33016499877 0.065851002932 -0.48024100065 -0.33195200562 0.055697001517
          -0.49270701408 -0.33011099696 0.029155999422 -0.45500800014 -0.32568499446 0.14370599389
          -0.45977300406 -0.3268249929 0.13479299843 -0.46420100331 -0.32673799992 0.1257929951
          -0.46865999699 -0.32667401433 0.11680400372 -0.47196000814 -0.32993599772 0.085436999798
          -0.44239500165 -0.31081500649 0.17178499699 -0.44812300801 -0.32417300344 0.16265100241
          -0.45138400793 -0.32447099686 0.15314200521 -0.468791008 -0.31813400984 0.12822300196
          -0.46549201012 -0.31689798832 0.13108099997 -0.44934600592 -0.3119879961 0.18554799259
          -0.4683150053 -0.30960100889 0.13997499645 -0.45668500662 -0.30347600579 0.14702999592
          -0.46534898877 -0.28787699342 0.15729500353 -0.44714298844 -0.29522898793 0.1974709928
          -0.4590010047 -0.28760400414 0.21238799393 -0.47700598836 -0.28599199653 0.1649889946
          -0.47861498594 -0.27866798639 0.17745800316 -0.46617498994 -0.26963600516 0.23284900188
          -0.48037400842 -0.26679900289 0.18948499858 -0.48659801483 -0.25894400477 0.19895899296
          -0.4733619988 -0.24996499717 0.25134798884 -0.49183300138 -0.24812099338 0.20736700296
          -0.47760498524 -0.24340100586 0.25754499435 -0.49614799023 -0.24012500048 0.21298700571
          -0.50133699179 -0.22524599731 0.22877000272 -0.50631201267 -0.21605800092 0.23602700233
          -0.4901509881 -0.2116920054 0.28127899766 -0.50974702835 -0.20963899791 0.24151100218
          -0.51237201691 -0.20238900185 0.25138300657 -0.51822799444 -0.18680499494 0.26860299706
          -0.52697700262 -0.17033800483 0.27794599533 -0.51187199354 -0.15157799423 0.3278079927
          -0.53219300508 -0.16342400014 0.28354999423 -0.527354002 -0.14982099831 0.29393601418
          -0.52411597967 -0.14927299321 0.33221399784 -0.53180700541 -0.14330899715 0.29576998949
          -0.52781999111 -0.14121000469 0.33574000001 -0.53453201056 -0.13324700296 0.33809098601
          -0.55949699879 -0.12664300203 0.28745698929 -0.53470897675 -0.1224450022 0.34147700667
          -0.54751998186 -0.10937199742 0.33651098609 -0.56381499767 -0.10926000029 0.28743100166
          -0.57634997368 -0.10555399954 0.28449401259 -0.563560009 -0.099953003228 0.32941100001
          -0.5820530057 -0.097493000329 0.28633400798 -0.56991302967 -0.091296002269 0.32997399569
          -0.57721799612 -0.083745002747 0.32960799336 -0.58117997646 -0.079781003296 0.29842299223
          -0.58841401339 -0.077734000981 0.3118160069 -0.58525598049 -0.075340002775 0.32530200481
          -0.58918100595 -0.077197000384 0.32304701209 -0.58814901114 -0.072786003351 0.3228969872
          -0.45805698633 -0.35431501269 0.034791000187 -0.45742899179 -0.34972599149 0.02382100001
          -0.45608198643 -0.35203701258 0.044955000281 -0.47317299247 -0.34464201331 0.013427999802
          -0.45548400283 -0.33488500118 0.055128999054 -0.46460399032 -0.33260899782 0.069407001138
          -0.48418200016 -0.32879799604 0.018564999104 -0.47104999423 -0.3300229907 0.085054002702
          -0.4727729857 -0.32780200243 0.075079999864 -0.47632199526 -0.32196599245 0.057275999337
          -0.491012007 -0.32426699996 0.028620999306 -0.4889729917 -0.32087099552 0.022599000484
          -0.47252500057 -0.32220599055 0.064447000623 -0.48135599494 -0.31934300065 0.046599000692
          -0.48562198877 -0.31813499331 0.03759900108 -0.48946499825 -0.31755998731 0.028385000303
          -0.44286501408 -0.3132160008 0.16111800075 -0.44863298535 -0.31282201409 0.15288800001
          -0.45479598641 -0.31424200535 0.14433400333 -0.46105501056 -0.31560400128 0.13600699604
          -0.4434440136 -0.30348798633 0.18365299702 -0.44464799762 -0.29841798544 0.19143599272
          -0.44901201129 -0.2849560082 0.20890499651 -0.46876999736 -0.28050801158 0.16446700692
          -0.4539270103 -0.27371200919 0.22168500721 -0.47027999163 -0.27381598949 0.17512199283
          -0.4803789854 -0.2467110008 0.20271199942 -0.47437599301 -0.22087900341 0.26585501432
          -0.4653429985 -0.24505500495 0.25083899498 -0.48343700171 -0.23324100673 0.21494199336
          -0.48679599166 -0.20892000198 0.23898600042 -0.49283000827 -0.21890300512 0.23119300604
          -0.47846001387 -0.19251100719 0.29241999984 -0.49186900258 -0.19280900061 0.26037099957
          -0.49610900879 -0.18492999673 0.26947799325 -0.50758802891 -0.1810940057 0.2734850049
          -0.48837000132 -0.16661199927 0.30843600631 -0.5138400197 -0.16557399929 0.28331699967
          -0.52030199766 -0.15746499598 0.29005300999 -0.51383197308 -0.14367499948 0.33591398597
          -0.51578897238 -0.13375000656 0.34177601337 -0.53622698784 -0.13304899633 0.29659199715
          -0.52129799128 -0.12663400173 0.34409698844 -0.53657799959 -0.11039999872 0.34142300487
          -0.54642897844 -0.11167799681 0.29240000248 -0.57373201847 -0.092036999762 0.28584098816
          -0.55059200525 -0.094045996666 0.33793601394 -0.55392402411 -0.084436997771 0.34020799398
          -0.57803297043 -0.083788998425 0.29066801071 -0.56578499079 -0.078699998558 0.33492198586
          -0.56614202261 -0.07829400152 0.33482399583 -0.57203197479 -0.067888997495 0.29529801011
          -0.57498401403 -0.069664999843 0.32830700278 -0.5823559761 -0.068641997874 0.31025001407
          -0.58173799515 -0.06516200304 0.32068198919 -0.44866499305 -0.33885100484 0.043191999197
          -0.46059599519 -0.33690500259 0.015697000548 -0.47087201476 -0.33063301444 0.012768000364
          -0.45851498842 -0.32537400723 0.058874998242 -0.4640929997 -0.31733000278 0.061454001814
          -0.48214501143 -0.31480500102 0.018131999299 -0.47158101201 -0.31155198812 0.053853999823
          -0.47723400593 -0.30829799175 0.045630000532 -0.48173901439 -0.30785501003 0.036499001086
          -0.48439401388 -0.30703899264 0.027032999322 -0.43736800551 -0.3005580008 0.17050099373
          -0.44250199199 -0.29911899567 0.16198499501 -0.44895300269 -0.30097299814 0.15355500579
          -0.43735900521 -0.29241898656 0.18807500601 -0.4369879961 -0.29597899318 0.18142400682
          -0.45242598653 -0.29195100069 0.15580700338 -0.43831500411 -0.28872299194 0.19512799382
          -0.45493000746 -0.28262799978 0.16137200594 -0.44002199173 -0.27842500806 0.20965200663
          -0.45923700929 -0.27461600304 0.16611100733 -0.4432309866 -0.27075099945 0.2186319977
          -0.46255400777 -0.26707300544 0.17411899567 -0.45122298598 -0.24372600019 0.24300900102
          -0.45748999715 -0.2544080019 0.18255500495 -0.4658780098 -0.24894599617 0.194095999
          -0.46156099439 -0.2310589999 0.25432398915 -0.46417298913 -0.20460100472 0.27186301351
          -0.47542500496 -0.20019699633 0.28402099013 -0.47521099448 -0.17456500232 0.30255898833
          -0.49198201299 -0.16593199968 0.28307899833 -0.49327999353 -0.15752400458 0.31474998593
          -0.4994699955 -0.15250499547 0.29219201207 -0.50717002153 -0.13931800425 0.29949000478
          -0.50226402283 -0.1369780004 0.33779001236 -0.51270997524 -0.13057200611 0.30177000165
          -0.51952201128 -0.12370699644 0.30166700482 -0.53411102295 -0.11929000169 0.29759898782
          -0.51940399408 -0.11177500337 0.34632599354 -0.54432201385 -0.094595998526 0.29190799594
          -0.53612101078 -0.096997998655 0.34368300438 -0.5574079752 -0.094198003411 0.2885439992
          -0.56450301409 -0.085564002395 0.28678900003 -0.54461097717 -0.080139003694 0.34583801031
          -0.57055300474 -0.077817998827 0.28776800632 -0.55276501179 -0.072313003242 0.34057998657
          -0.56576001644 -0.078080996871 0.33495000005 -0.56195300817 -0.067186996341 0.33402699232
          -0.56771999598 -0.063791997731 0.32774698734 -0.5742200017 -0.059174999595 0.31791898608
          -0.44964200258 -0.33675599098 0.021694999188 -0.44616299868 -0.3346759975 0.037110999227
          -0.44568398595 -0.33311200142 0.041779000312 -0.44822099805 -0.32714700699 0.04771900177
          -0.44703900814 -0.31327500939 0.047580000013 -0.45805901289 -0.31125500798 0.055169999599
          -0.47426599264 -0.30889201164 0.016191000119 -0.46412199736 -0.30547699332 0.051121000201
          -0.46722400188 -0.30268999934 0.048684999347 -0.47868898511 -0.30101799965 0.021111000329
          -0.47143998742 -0.29636898637 0.043533001095 -0.47544199228 -0.2988820076 0.03453399986
          -0.478489995 -0.29949998856 0.024916000664 -0.43082600832 -0.28771901131 0.17993800342
          -0.43636199832 -0.28575399518 0.17099100351 -0.44277700782 -0.28744098544 0.16265499592
          -0.43056300282 -0.28362300992 0.19083699584 -0.44687500596 -0.27875000238 0.16505900025
          -0.43276199698 -0.27095100284 0.21014599502 -0.44852599502 -0.26927098632 0.1714400053
          -0.43454098701 -0.26497501135 0.21781000495 -0.45336899161 -0.26141500473 0.17536200583
          -0.43809300661 -0.25636699796 0.22678300738 -0.46336498857 -0.23275999725 0.20717899501
          -0.45271000266 -0.22486500442 0.25165900588 -0.45670801401 -0.21663799882 0.25925400853
          -0.47175198793 -0.21579399705 0.22536200285 -0.47608798742 -0.20088900626 0.24301500618
          -0.46532899141 -0.19355900586 0.28334999084 -0.47882699966 -0.1925150007 0.25380599499
          -0.46941798925 -0.18734499812 0.29206499457 -0.47284400463 -0.17791099846 0.26707398891
          -0.45600599051 -0.16231499612 0.27633500099 -0.4916099906 -0.13981099427 0.33236500621
          -0.48037600517 -0.11298599839 0.34939798713 -0.50471001863 -0.11648699641 0.34733900428
          -0.52279800177 -0.11546599865 0.30262899399 -0.50198000669 -0.099160000682 0.35311099887
          -0.52259302139 -0.10149600357 0.30311900377 -0.52489697933 -0.089598998427 0.34937900305
          -0.5392370224 -0.082627996802 0.29121398926 -0.55520397425 -0.080337002873 0.28687301278
          -0.53527498245 -0.074740000069 0.35018000007 -0.56304198503 -0.07185100019 0.2849420011
          -0.5489000082 -0.064499996603 0.34094399214 -0.55691802502 -0.059007000178 0.33284199238
          -0.56985598803 -0.056400001049 0.29966700077 -0.5510969758 -0.041891999543 0.31992900372
          -0.56691002846 -0.052875000983 0.31526198983 -0.57066297531 -0.052436001599 0.30600199103
          -0.44076600671 -0.32840800285 0.029184000567 -0.44341701269 -0.32688501477 0.019445000216
          -0.44095599651 -0.32104998827 0.041434001178 -0.45370200276 -0.319272995 0.013345999643
          -0.46616798639 -0.30346098542 0.014888999984 -0.45164400339 -0.30512800813 0.049706999213
          -0.45644301176 -0.29973000288 0.048277001828 -0.4591909945 -0.29679900408 0.047113001347
          -0.47182899714 -0.29495599866 0.016716999933 -0.46769300103 -0.28827700019 0.042876999825
          -0.47326400876 -0.29007700086 0.023314999416 -0.42451798916 -0.26965901256 0.19950699806
          -0.42371198535 -0.27617898583 0.18795199692 -0.42815500498 -0.27470698953 0.17904099822
          -0.43330800533 -0.27249601483 0.17440800369 -0.4413009882 -0.26614499092 0.17475399375
          -0.43974301219 -0.25607898831 0.18022699654 -0.42399701476 -0.24367299676 0.22285200655
          -0.44726899266 -0.24789300561 0.18452499807 -0.45028799772 -0.24060000479 0.19193799794
          -0.43623200059 -0.22190999985 0.24544200301 -0.44420999289 -0.22731499374 0.2017250061
          -0.44989600778 -0.22058600187 0.21341300011 -0.45939999819 -0.21547499299 0.22253400087
          -0.44328299165 -0.208525002 0.25716900826 -0.45321801305 -0.20141200721 0.26960599422
          -0.45630899072 -0.20082299411 0.23771299422 -0.46685299277 -0.19447700679 0.24648499489
          -0.45795398951 -0.18855300546 0.2834289968 -0.45795598626 -0.18854600191 0.28344100714
          -0.45796701312 -0.1885509938 0.28343498707 -0.46998599172 -0.18669100106 0.25461500883
          -0.46124398708 -0.18083700538 0.29108899832 -0.46095201373 -0.17047099769 0.29686799645
          -0.47167998552 -0.15764400363 0.31241101027 -0.48465898633 -0.13742899895 0.30297899246
          -0.47746598721 -0.15105499327 0.29173201323 -0.47848701477 -0.14214999974 0.32732000947
          -0.47258600593 -0.12920300663 0.33860298991 -0.49418199062 -0.13266099989 0.30520999432
          -0.48534300923 -0.12669299543 0.34194400907 -0.49982601404 -0.12437199801 0.30734300613
          -0.49957099557 -0.11244100332 0.30964198709 -0.50500500202 -0.10501900315 0.30791500211
          -0.52335202694 -0.086604997516 0.29960799217 -0.50037002563 -0.081726998091 0.35599398613
          -0.51953202486 -0.077946998179 0.35327801108 -0.54802101851 -0.073916003108 0.28604501486
          -0.52619898319 -0.070231996477 0.35298201442 -0.55544102192 -0.065995998681 0.28262400627
          -0.53546202183 -0.058189000934 0.34454700351 -0.5584949851 -0.058251999319 0.29048100114
          -0.53870797157 -0.049617998302 0.33868199587 -0.56208002567 -0.050471998751 0.29747599363
          -0.56024700403 -0.045607000589 0.31293201447 -0.56311297417 -0.046496998519 0.30322301388
          -0.43378999829 -0.32141900063 0.026706999168 -0.43551900983 -0.31463098526 0.038348000497
          -0.43899199367 -0.31900298595 0.018159000203 -0.4453690052 -0.31343901157 0.012795000337
          -0.43932700157 -0.3070909977 0.042883001268 -0.45024999976 -0.30537301302 0.01273200009
          -0.44467800856 -0.29908201098 0.045572001487 -0.45070800185 -0.291031003 0.046647001058
          -0.46443301439 -0.28897300363 0.013613999821 -0.45810499787 -0.2971239984 0.013276999816
          -0.46008500457 -0.28221800923 0.040081001818 -0.46900200844 -0.28596401215 0.032639000565
          -0.47067299485 -0.28369399905 0.022624000907 -0.46893298626 -0.28108799458 0.018348999321
          -0.46564200521 -0.27905899286 0.031661000103 -0.46886599064 -0.27941301465 0.022133000195
          -0.42183899879 -0.26941001415 0.18758299947 -0.42760899663 -0.27038401365 0.17907600105
          -0.41909000278 -0.25504899025 0.20882000029 -0.41782200336 -0.2625670135 0.19717499614
          -0.42069301009 -0.26344901323 0.18746800721 -0.42929598689 -0.25997400284 0.18126599491
          -0.43696400523 -0.24237599969 0.18858000636 -0.44069999456 -0.23430900276 0.19358299673
          -0.43496099114 -0.21156899631 0.2510510087 -0.4423429966 -0.20760199428 0.22193999588
          -0.43754699826 -0.20047999918 0.26128101349 -0.44489398599 -0.18946999311 0.27719500661
          -0.45809701085 -0.18312400579 0.2559300065 -0.45152699947 -0.18494899571 0.28401198983
          -0.45125898719 -0.17124199867 0.29168498516 -0.4423199892 -0.15926499665 0.29657998681
          -0.46549201012 -0.14463399351 0.32215699553 -0.46738699079 -0.13621999323 0.33327099681
          -0.48417600989 -0.12703700364 0.30832201242 -0.48484399915 -0.11712600291 0.31148898602
          -0.51273500919 -0.092684999108 0.30456599593 -0.50634598732 -0.068446002901 0.30372598767
          -0.51538598537 -0.064608998597 0.35839399695 -0.53382402658 -0.072325997055 0.28941500187
          -0.53874397278 -0.06849899888 0.28604099154 -0.54566299915 -0.060261998326 0.28495898843
          -0.52403098345 -0.055732000619 0.35023701191 -0.54976701736 -0.052434001118 0.29064399004
          -0.55437600613 -0.042794000357 0.2997609973 -0.55393499136 -0.037572998554 0.310860008
          -0.42986300588 -0.30780100822 0.026127999648 -0.4361500144 -0.30791899562 0.017908999696
          -0.430460006 -0.30037099123 0.038400001824 -0.44457799196 -0.29873800278 0.011610999703
          -0.43711701035 -0.29305198789 0.042619999498 -0.45731699467 -0.28294798732 0.0098379999399
          -0.45253399014 -0.27631399035 0.037408001721 -0.4628970027 -0.27490600944 0.011973000132
          -0.45949199796 -0.27102199197 0.029590999708 -0.46480500698 -0.26824399829 0.021121000871
          -0.41589000821 -0.25605800748 0.19676600397 -0.41986599565 -0.25561198592 0.18760000169
          -0.41264599562 -0.24608899653 0.21062099934 -0.41213399172 -0.2486499995 0.2064999938
          -0.41445499659 -0.25035700202 0.19651499391 -0.42188099027 -0.24496099353 0.18909400702
          -0.41565600038 -0.23824900389 0.21901899576 -0.42710700631 -0.23725399375 0.1925150007
          -0.42293098569 -0.22603699565 0.23410800099 -0.42868000269 -0.22827799618 0.19669599831
          -0.42621400952 -0.21507699788 0.20492100716 -0.42800301313 -0.19790700078 0.25909599662
          -0.44058299065 -0.19545799494 0.23485200107 -0.44902399182 -0.17663399875 0.25833299756
          -0.43645200133 -0.1855790019 0.27828100324 -0.44016200304 -0.17701600492 0.28445398808
          -0.45342698693 -0.14306899905 0.31920900941 -0.46833100915 -0.13162200153 0.30465599895
          -0.45900401473 -0.13118000329 0.33287900686 -0.47326099873 -0.11938299984 0.31084299088
          -0.45888099074 -0.11012200266 0.34182700515 -0.47146299481 -0.10739199817 0.34929600358
          -0.48783200979 -0.1053090021 0.31237399578 -0.48002800345 -0.096934996545 0.35446700454
          -0.48444101214 -0.091435998678 0.31471198797 -0.47474199533 -0.076930999756 0.35999000072
          -0.52961200476 -0.063164003193 0.28828400373 -0.52902501822 -0.062854997814 0.28852498531
          -0.52941501141 -0.062493998557 0.28824201226 -0.53671002388 -0.054505001754 0.2855989933
          -0.51290899515 -0.050641000271 0.35801500082 -0.54155099392 -0.046569999307 0.28951400518
          -0.52697098255 -0.042164001614 0.34289899468 -0.54509299994 -0.039097998291 0.29639598727
          -0.53278398514 -0.035927999765 0.33473899961 -0.53785902262 -0.032666999847 0.32608100772
          -0.54841899872 -0.031111000106 0.3041099906 -0.54366397858 -0.03076300025 0.31778401136
          -0.54907399416 -0.027842000127 0.30936399102 -0.42641699314 -0.29815399647 0.025041000918
          -0.42612200975 -0.29489299655 0.03286100179 -0.43140101433 -0.29365500808 0.016083000228
          -0.42747300863 -0.29138499498 0.036736998707 -0.4418579936 -0.2853409946 0.01070700027
          -0.44905498624 -0.2770909965 0.0088189998642 -0.43239501119 -0.2610810101 0.030577000231
          -0.45444300771 -0.269077003 0.011415000074 -0.45351499319 -0.26277801394 0.027529999614
          -0.46360000968 -0.26585900784 0.020764999092 -0.45929500461 -0.26114100218 0.015301999636
          -0.45970198512 -0.25863799453 0.01958199963 -0.40807300806 -0.23829899728 0.20513600111
          -0.4131270051 -0.24145999551 0.1968279928 -0.40798899531 -0.232427001 0.21659700572
          -0.41389998794 -0.22972799838 0.19705800712 -0.4114100039 -0.22292500734 0.22835700214
          -0.40597200394 -0.21184700727 0.23428499699 -0.40694999695 -0.20620399714 0.23897099495
          -0.42675501108 -0.20457600057 0.21482799947 -0.42482000589 -0.19513200223 0.2206709981
          -0.4287700057 -0.18319399655 0.27597001195 -0.43512499332 -0.17397999763 0.24950399995
          -0.43181198835 -0.17079000175 0.28417998552 -0.42876398563 -0.15423899889 0.29376500845
          -0.44215101004 -0.16099700332 0.27126199007 -0.44725799561 -0.15147300065 0.28177198768
          -0.46087700129 -0.1262229979 0.30553901196 -0.44832500815 -0.12364000082 0.33057698607
          -0.45225599408 -0.11474599689 0.33751299977 -0.46401500702 -0.11411099881 0.31087601185
          -0.46125000715 -0.10005600005 0.34893301129 -0.47534900904 -0.099045999348 0.31475499272
          -0.46704000235 -0.093745999038 0.35448899865 -0.46952199936 -0.084284998477 0.35839399695
          -0.49009001255 -0.083264999092 0.31286001205 -0.48289400339 -0.048744000494 0.36384099722
          -0.50376600027 -0.047401998192 0.29695400596 -0.49642699957 -0.053366001695 0.36188799143
          -0.52447199821 -0.052646998316 0.28678399324 -0.52847498655 -0.048643998802 0.28451499343
          -0.49995100498 -0.043956998736 0.36389100552 -0.53384500742 -0.040752001107 0.28758400679
          -0.50923401117 -0.035495001823 0.35740599036 -0.51581698656 -0.035280998796 0.34905898571
          -0.53656297922 -0.021833000705 0.29947200418 -0.52274602652 -0.028412999585 0.34081599116
          -0.5284320116 -0.025965999812 0.33343601227 -0.53596001863 -0.014411999844 0.31527900696
          -0.53887701035 -0.020684000105 0.3164049983 -0.54289197922 -0.019852999598 0.30727800727
          -0.42022499442 -0.28834500909 0.023614000529 -0.42020499706 -0.27976500988 0.036394000053
          -0.41748198867 -0.28052800894 0.033241000026 -0.42641401291 -0.28608998656 0.014924000017
          -0.43270298839 -0.27869200706 0.009992999956 -0.4401409924 -0.27130800486 0.0093029998243
          -0.40588399768 -0.25535601377 0.030206000432 -0.44554901123 -0.26331201196 0.011916999705
          -0.44676101208 -0.25560998917 0.025232000276 -0.45074999332 -0.25568500161 0.016028000042
          -0.44919300079 -0.25555199385 0.01870799996 -0.40381398797 -0.22654399276 0.20466299355
          -0.40460699797 -0.2259079963 0.20373000205 -0.40319800377 -0.21771599352 0.22475999594
          -0.40187799931 -0.22432599962 0.21455800533 -0.41753599048 -0.22065000236 0.19959700108
          -0.41228398681 -0.21755999327 0.20082199574 -0.4109570086 -0.18644699454 0.25850600004
          -0.42446199059 -0.17815999687 0.23489199579 -0.41526401043 -0.16879400611 0.27554398775
          -0.4248239994 -0.15142899752 0.26577699184 -0.4404720068 -0.14264599979 0.28460600972
          -0.42699998617 -0.12960100174 0.31401699781 -0.45234200358 -0.11849699914 0.30473700166
          -0.43824398518 -0.10509800166 0.33902901411 -0.4629240036 -0.10183999687 0.31296700239
          -0.46822699904 -0.093740999699 0.31518501043 -0.45745998621 -0.087361998856 0.35447201133
          -0.47456300259 -0.085588000715 0.31550499797 -0.48091998696 -0.068680003285 0.31223100424
          -0.5202550292 -0.043099999428 0.28573998809 -0.49190399051 -0.03965799883 0.3669449985
          -0.52486801147 -0.034520998597 0.28646400571 -0.50108200312 -0.031124999747 0.36544299126
          -0.52950298786 -0.026975000277 0.29226499796 -0.51263701916 -0.022203000262 0.34889900684
          -0.51962697506 -0.014628999867 0.34099400043 -0.52540498972 -0.0131090004 0.33292400837
          -0.52993500233 -0.011609000154 0.32405099273 -0.53532600403 -0.013938000426 0.30449000001
          -0.53453797102 -0.01099700015 0.31400600076 -0.41429299116 -0.28181499243 0.020990999416
          -0.41962200403 -0.27882099152 0.012366999872 -0.43121498823 -0.26506501436 0.0075650000945
          -0.43924900889 -0.25891399384 0.011191000231 -0.43900299072 -0.24992500246 0.022361999378
          -0.43904098868 -0.24997000396 0.022234000266 -0.40357598662 -0.22542999685 0.20434999466
          -0.39517900348 -0.21018999815 0.22197900712 -0.39587700367 -0.21606400609 0.21256299317
          -0.4008589983 -0.21378299594 0.20392599702 -0.40267598629 -0.21189899743 0.2030390054
          -0.39643400908 -0.20502799749 0.23082999885 -0.40775799751 -0.20392900705 0.20637300611
          -0.39720699191 -0.19781899452 0.24052600563 -0.40890300274 -0.19250999391 0.2146999985
          -0.40077799559 -0.19055299461 0.249665007 -0.40726301074 -0.15296800435 0.24344600737
          -0.40861099958 -0.13522100449 0.29645299911 -0.42874601483 -0.14463600516 0.27521601319
          -0.43291598558 -0.13267500699 0.28583198786 -0.43367800117 -0.11951199919 0.29104700685
          -0.43352898955 -0.11313799769 0.3311150074 -0.44944700599 -0.10417400301 0.30709201097
          -0.45462998748 -0.095890000463 0.31144100428 -0.44419100881 -0.090542003512 0.35035699606
          -0.46022298932 -0.087615996599 0.31371501088 -0.45988100767 -0.077485002577 0.31367701292
          -0.47325900197 -0.07174500078 0.3133290112 -0.45777601004 -0.063890002668 0.36590799689
          -0.48977598548 -0.046215999871 0.30361899734 -0.46860298514 -0.039863999933 0.36825400591
          -0.50827997923 -0.037147000432 0.29191499949 -0.47890400887 -0.033376999199 0.37077200413
          -0.51576000452 -0.029146000743 0.28887099028 -0.49193099141 -0.028965000063 0.37231200933
          -0.4861190021 -0.025916999206 0.37568798661 -0.51570802927 -0.018013000488 0.29283300042
          -0.49393001199 -0.017395999283 0.37459298968 -0.50155097246 -0.02074999921 0.36596301198
          -0.50798302889 -0.018753999844 0.354862988 -0.52469700575 -0.0099999997765 0.29985499382
          -0.50163799524 -0.0096230003983 0.3654589951 -0.50771802664 -0.0082200001925 0.35566300154
          -0.52745300531 -0.0057540000416 0.30741900206 -0.51947402954 0.0003039999865 0.34215098619
          -0.51949501038 0.00031500001205 0.34211701155 -0.52358400822 0.0011139999842 0.33300799131
          -0.52588701248 -0.00046800001292 0.32265400887 -0.52685898542 -0.0041849999689 0.31240901351
          -0.34797000885 -0.22288100421 0.01002600044 -0.39742898941 -0.26499700546 0.025986999273
          -0.40133801103 -0.27260300517 0.016131000593 -0.40582498908 -0.25935000181 0.0025720000267
          -0.42258900404 -0.25222399831 0.026352999732 -0.42921200395 -0.25157099962 0.0094269998372
          -0.43084201217 -0.24494199455 0.019260000437 -0.43867099285 -0.24972000718 0.022224999964
          -0.38881000876 -0.20685899258 0.21549800038 -0.38948199153 -0.20838099718 0.2103600055
          -0.39892101288 -0.20950900018 0.20338000357 -0.39264899492 -0.20625700057 0.20617599785
          -0.38853299618 -0.20463000238 0.22104999423 -0.40328299999 -0.20091100037 0.20590999722
          -0.37984499335 -0.19192199409 0.22701600194 -0.39238899946 -0.17388099432 0.25606000423
          -0.40239500999 -0.16628700495 0.26829499006 -0.40599799156 -0.16331300139 0.23321300745
          -0.40199100971 -0.14974500239 0.28233098984 -0.42031601071 -0.12085799873 0.31553199887
          -0.40804699063 -0.1282210052 0.26739901304 -0.42465499043 -0.10789900273 0.33187499642
          -0.42868998647 -0.099840000272 0.33738198876 -0.44249600172 -0.097841002047 0.30421701074
          -0.43289500475 -0.09067299962 0.34300601482 -0.44974601269 -0.085919000208 0.31009098887
          -0.43997400999 -0.076705999672 0.35742500424 -0.44337201118 -0.068947002292 0.36300700903
          -0.44959101081 -0.059163998812 0.36693501472 -0.47060000896 -0.056722000241 0.3120380044
          -0.47825598717 -0.047940999269 0.30896401405 -0.49015700817 -0.027808999643 0.29618299007
          -0.50359499454 -0.021796999499 0.28936800361 -0.48210701346 -0.012497999705 0.37985599041
          -0.51754802465 -0.0085460003465 0.29788100719 -0.49144399166 -0.0039090001956 0.37428998947
          -0.51804798841 0 0.30892300606 -0.49988800287 0.00078699999722 0.36031800508
          -0.50721997023 0.0043790000491 0.34815001488 -0.51076501608 0.0068250000477 0.34045499563
          -0.51944202185 0.00034200001392 0.34213998914 -0.51608401537 0.0075409999117 0.33020299673
          -0.51801401377 0.0049990001135 0.32013499737 -0.40044501424 -0.26464700699 0.0052209999412
          -0.41457599401 -0.251154989 0.0026940000243 -0.41549399495 -0.24520799518 0.024219000712
          -0.42175799608 -0.24559499323 0.0064619998448 -0.42253300548 -0.24014000595 0.016095999628
          -0.38203901052 -0.20078499615 0.21089300513 -0.37862899899 -0.19719900191 0.21809899807
          -0.39140999317 -0.1921889931 0.20390999317 -0.39498698711 -0.18429599702 0.20926000178
          -0.37947300076 -0.17615799606 0.24351200461 -0.39485698938 -0.17433899641 0.21689300239
          -0.3937099874 -0.1576180011 0.27046999335 -0.4160220027 -0.12190099806 0.27699899673
          -0.41087600589 -0.11565800011 0.31139099598 -0.42273598909 -0.11533299834 0.28413701057
          -0.41736599803 -0.10274899751 0.32899400592 -0.4271709919 -0.10745699704 0.28902900219
          -0.43439900875 -0.092964001 0.30081999302 -0.42534598708 -0.085863001645 0.34046199918
          -0.44360101223 -0.077114999294 0.30951198936 -0.42764401436 -0.075415000319 0.34872201085
          -0.45495700836 -0.059944000095 0.31450501084 -0.43636700511 -0.063239000738 0.36135199666
          -0.44063600898 -0.054891001433 0.36554199457 -0.44407698512 -0.042077999562 0.36838999391
          -0.47060900927 -0.029935000464 0.30773198605 -0.4984099865 -0.017636999488 0.28906899691
          -0.46742400527 -0.014911999926 0.37896299362 -0.50405997038 -0.0098430002108 0.29217299819
          -0.47286999226 -0.0068180002272 0.38135999441 -0.50726801157 -0.0018019999843 0.29862600565
          -0.47747701406 -0.0021989999805 0.37877199054 -0.48261898756 0.0019559999928 0.37391600013
          -0.50982499123 0.0047410000116 0.30665901303 -0.49084401131 0.0074629997835 0.36322200298
          -0.49575701356 0.0096399998292 0.35454899073 -0.50024700165 0.01118300017 0.34566301107
          -0.50396800041 0.01157400012 0.33638700843 -0.50171601772 0.014597999863 0.32509100437
          -0.50233197212 0.013558999635 0.31316798925 -0.38924500346 -0.26496100426 0.017098000273
          -0.38947400451 -0.26724800467 0.011555000208 -0.39021998644 -0.24309399724 0.024480000138
          -0.40891000628 -0.24018199742 0.021937999874 -0.41473400593 -0.23955799639 0.0024649999104
          -0.41396799684 -0.23572300375 0.012803000398 -0.37908598781 -0.19740200043 0.20671400428
          -0.37606400251 -0.19399400055 0.20566399395 -0.37335801125 -0.19286300242 0.21545399725
          -0.38376098871 -0.18624299765 0.20141600072 -0.37914198637 -0.16517500579 0.25707799196
          -0.39700099826 -0.15577299893 0.22936600447 -0.38332599401 -0.15837599337 0.26531499624
          -0.3900629878 -0.14192099869 0.27970099449 -0.38245600462 -0.11503800005 0.25246098638
          -0.3852609992 -0.12633700669 0.28991898894 -0.39861100912 -0.12759900093 0.25891500711
          -0.41427201033 -0.1105550006 0.28098401427 -0.40653499961 -0.10010399669 0.32252499461
          -0.41886299849 -0.10160700232 0.28812000155 -0.42042899132 -0.094619996846 0.29564899206
          -0.4141100049 -0.084334000945 0.33557999134 -0.39911898971 -0.068851999938 0.30821201205
          -0.42412099242 -0.077248997986 0.30816200376 -0.43715900183 -0.066174998879 0.3137229979
          -0.42432901263 -0.064585998654 0.35278400779 -0.43102899194 -0.047997001559 0.36514401436
          -0.44483199716 -0.053759999573 0.31733998656 -0.45225799084 -0.046091001481 0.31708601117
          -0.45275101066 -0.034520000219 0.31675601006 -0.44157299399 -0.020197000355 0.37280800939
          -0.4787890017 -0.020695000887 0.29945799708 -0.44955301285 -0.014221999794 0.37588000298
          -0.48827901483 -0.011924999766 0.29205900431 -0.45793199539 -0.0090789999813 0.38058701158
          -0.49462899566 -0.0038119999226 0.29257699847 -0.46423199773 -0.0010160000529 0.38124400377
          -0.49894499779 0.0040460000746 0.2977539897 -0.46889001131 0.0080129997805 0.37548500299
          -0.50164997578 0.0097970003262 0.30277499557 -0.48296499252 0.01407600008 0.36101898551
          -0.48885899782 0.016556000337 0.35210001469 -0.49448099732 0.015283999965 0.34291800857
          -0.38111299276 -0.25908499956 0.015765000135 -0.38010698557 -0.26403200626 0.0078549999744
          -0.38833498955 -0.25763300061 0.0011320000049 -0.40189498663 -0.24134300649 -0.0023409998976
          -0.39990100265 -0.23443999887 0.018116999418 -0.41420599818 -0.23899899423 0.0018560000462
          -0.4082159996 -0.23344700038 -0.0027489999775 -0.4058830142 -0.23058399558 0.0097529999912
          -0.41068300605 -0.22857600451 0.0010239999974 -0.36716499925 -0.17946599424 0.22406099737
          -0.36732000113 -0.18465800583 0.21344099939 -0.37167701125 -0.1833139956 0.20448699594
          -0.37462100387 -0.18051399291 0.20250800252 -0.36881101131 -0.1728579998 0.23517900705
          -0.38021698594 -0.17246900499 0.20460599661 -0.38334199786 -0.16481299698 0.21258500218
          -0.37158098817 -0.15933400393 0.25675100088 -0.38549900055 -0.15597599745 0.2178349942
          -0.37341201305 -0.15459099412 0.26205199957 -0.38441300392 -0.14346699417 0.22334900498
          -0.3806309998 -0.1372410059 0.27590000629 -0.38646000624 -0.13596700132 0.23255099356
          -0.39107599854 -0.11251500249 0.30345699191 -0.40360999107 -0.11052300036 0.27500098944
          -0.40343499184 -0.094628997147 0.28806298971 -0.39777299762 -0.098876997828 0.31864199042
          -0.39140099287 -0.079471997917 0.32745200396 -0.40256100893 -0.062089998275 0.34451299906
          -0.42178300023 -0.052730999887 0.32170400023 -0.41253599524 -0.055805999786 0.35152599216
          -0.41703298688 -0.048459999263 0.35900399089 -0.42672199011 -0.044374000281 0.3240250051
          -0.43040901423 -0.032499998808 0.36936199665 -0.46287599206 -0.016560999677 0.30773600936
          -0.48178499937 -0.0076959999278 0.29542899132 -0.43411898613 0.0066869999282 0.38131800294
          -0.48470601439 0.0019389999798 0.29411399364 -0.45347499847 0.0066109998152 0.38009700179
          -0.48952001333 0.011719999835 0.29727301002 -0.49440398812 0.017673999071 0.30334201455
          -0.46510198712 0.02333999984 0.3651419878 -0.47195100784 0.026558000594 0.35662201047
          -0.48143100739 0.02267899923 0.34938400984 -0.47573900223 0.033192999661 0.33328199387
          -0.48816400766 0.02295999974 0.3316450119 -0.49155199528 0.022290000692 0.32102799416
          -0.37337601185 -0.25315099955 0.013482999988 -0.37078899145 -0.26074299216 0.0041800001636
          -0.37999600172 -0.25209099054 -0.0020540000405 -0.35321900249 -0.23254899681 0.008942999877
          -0.3874129951 -0.24423399568 -0.004805999808 -0.3947429955 -0.23556399345 -0.0067980000749
          -0.39234501123 -0.22851699591 0.01524799969 -0.40197700262 -0.227293998 -0.0086359996349
          -0.39862701297 -0.22420400381 0.0071229999885 -0.40498200059 -0.21986599267 -0.00081900000805
          -0.36467599869 -0.17735299468 0.21278500557 -0.37104800344 -0.17880299687 0.20449900627
          -0.363579005 -0.17300899327 0.21259200573 -0.36105999351 -0.17159800231 0.22247700393
          -0.37434199452 -0.16917300224 0.20645299554 -0.36998099089 -0.16689999402 0.2083349973
          -0.36218500137 -0.16483299434 0.23415799439 -0.37536600232 -0.15888600051 0.2109400034
          -0.36361399293 -0.15271900594 0.25161600113 -0.3642950058 -0.14543999732 0.25795900822
          -0.3625459969 -0.11164300144 0.28005298972 -0.39496400952 -0.10542599857 0.27270299196
          -0.39086300135 -0.11576099694 0.26002299786 -0.38815298676 -0.092021003366 0.31952700019
          -0.38633400202 -0.098513998091 0.31140300632 -0.41120299697 -0.063625000417 0.31511500478
          -0.41655901074 -0.037457998842 0.36440899968 -0.40412500501 -0.041246999055 0.35819599032
          -0.43150100112 -0.03499700129 0.32442200184 -0.44073399901 -0.02566899918 0.32130900025
          -0.42893698812 -0.019827000797 0.370754987 -0.4451020062 -0.005853000097 0.31165799499
          -0.46936398745 -0.0015350000467 0.30002099276 -0.47545599937 0.0076009999029 0.2967300117
          -0.48131400347 0.015864999965 0.29718199372 -0.45753800869 0.01891499944 0.37214100361
          -0.48584198952 0.023488000035 0.30304199457 -0.46297699213 0.035089999437 0.35308200121
          -0.48405599594 0.028309000656 0.3182759881 -0.48203098774 0.030391000211 0.32808101177
          -0.48555898666 0.025376999751 0.30787599087 -0.46745499969 0.035854000598 0.3445340097
          -0.36051899195 -0.25887998939 2.300000051e-005 -0.36573898792 -0.24758400023 0.010645000264
          -0.36434000731 -0.25463598967 -0.001232999959 -0.37178000808 -0.24600300193 -0.0027030000929
          -0.36851200461 -0.22567799687 0.016434000805 -0.38448899984 -0.22984600067 -0.0044339997694
          -0.3853200078 -0.22187100351 0.012741000392 -0.39469999075 -0.2235610038 -0.0053179999813
          -0.39123499393 -0.2217990011 -0.003689999925 -0.39207100868 -0.21677599847 0.0048469998874
          -0.35483801365 -0.16204600036 0.22386400402 -0.35398501158 -0.16120199859 0.22013300657
          -0.36167898774 -0.16274300218 0.21242399514 -0.35475099087 -0.15864600241 0.23156200349
          -0.36142599583 -0.15898199379 0.21254700422 -0.36673501134 -0.15308199823 0.21080599725
          -0.37195199728 -0.14509299397 0.21381700039 -0.37538999319 -0.13768599927 0.22080500424
          -0.36537200212 -0.12976199389 0.26859900355 -0.38003200293 -0.12142899632 0.24194300175
          -0.38454601169 -0.10577499866 0.26559498906 -0.36958700418 -0.096284002066 0.29489898682
          -0.38853898644 -0.076982997358 0.2938939929 -0.38273599744 -0.077575996518 0.32409399748
          -0.39103001356 -0.062793001533 0.33905801177 -0.40337100625 -0.056781001389 0.31638398767
          -0.39865401387 -0.045896999538 0.35230898857 -0.41080498695 -0.045451998711 0.32261300087
          -0.41635400057 -0.037413999438 0.32482200861 -0.4065130055 -0.03170600161 0.36390000582
          -0.42396900058 -0.02865299955 0.32510301471 -0.42997598648 -0.020969999954 0.32317399979
          -0.42061600089 -0.010780000128 0.37112998962 -0.43825599551 -0.012736000121 0.3183079958
          -0.4263240099 0.00038799998583 0.37625199556 -0.45484700799 0.0057729999535 0.30332300067
          -0.45842701197 0.017665000632 0.30027100444 -0.43811100721 0.016361000016 0.38139399886
          -0.44405698776 0.023945000023 0.37570300698 -0.47635400295 0.029563000426 0.30412900448
          -0.45817399025 0.030656000599 0.36045899987 -0.47358599305 0.035059001297 0.32517901063
          -0.47580599785 0.033199001104 0.31514200568 -0.34844601154 -0.24319200218 -0.0010189999593
          -0.35203900933 -0.25433400273 -0.0032269998919 -0.35793200135 -0.24551099539 -0.0039409999736
          -0.37029799819 -0.23262099922 -0.0039400001988 -0.37930798531 -0.21344700456 0.010622000322
          -0.38128998876 -0.21618700027 -0.00066199997673 -0.38212200999 -0.21443200111 0.0008529999759
          -0.34752199054 -0.14578799903 0.23911899328 -0.3477639854 -0.15183000267 0.22899399698
          -0.35004800558 -0.15359300375 0.2189899981 -0.35815501213 -0.14811299741 0.21285499632
          -0.34083199501 -0.13323099911 0.24687199295 -0.36301198602 -0.13947500288 0.21495300531
          -0.34253400564 -0.12446700037 0.25781899691 -0.37037798762 -0.12430600077 0.23042200506
          -0.3453719914 -0.11151500046 0.27101099491 -0.37143999338 -0.10000699759 0.26401999593
          -0.37039101124 -0.078336000443 0.313654989 -0.37873199582 -0.064753003418 0.33218801022
          -0.38682898879 -0.061903998256 0.30511799455 -0.38025200367 -0.05854300037 0.33896699548
          -0.3939499855 -0.051369998604 0.31402099133 -0.38643398881 -0.044020000845 0.35081401467
          -0.40270298719 -0.0395709984 0.3212069869 -0.3918389976 -0.033303000033 0.36145499349
          -0.40824499726 -0.031534001231 0.32343399525 -0.39706099033 -0.026024000719 0.36552101374
          -0.41549500823 -0.022857999429 0.32387199998 -0.42175200582 -0.015107000247 0.32206299901
          -0.41455098987 0.0025539998896 0.3754259944 -0.43132698536 -0.0053489999846 0.31666699052
          -0.42273101211 0.013950999826 0.38193699718 -0.4279409945 0.022650999948 0.38079100847
          -0.46306198835 0.027047000825 0.30071699619 -0.4356110096 0.031596001238 0.37398999929
          -0.46224400401 0.037712998688 0.3086810112 -0.44438800216 0.035427998751 0.36317300797
          -0.44960001111 0.047377999872 0.34815698862 -0.46333798766 0.041919998825 0.33175700903
          -0.46423700452 0.039491999894 0.32080098987 -0.46109399199 0.043963998556 0.34221801162
          -0.34386399388 -0.24933199584 -0.0063229999505 -0.35983499885 -0.2248930037 -0.0057069999166
          -0.3536170125 -0.21400299668 0.011144000106 -0.36750900745 -0.21844400465 -0.0026569999754
          -0.36816701293 -0.21103900671 0.010007999837 -0.37117001414 -0.21021699905 0.0022060000338
          -0.37919700146 -0.21488200128 -0.00039100000868 -0.37220799923 -0.20685000718 0.0080369999632
          -0.34156900644 -0.14378400147 0.22731800377 -0.34613600373 -0.14180700481 0.21803499758
          -0.34069299698 -0.13963100314 0.23722800612 -0.35338801146 -0.13367600739 0.21668300033
          -0.35840499401 -0.1257160008 0.22017399967 -0.36093398929 -0.11910399795 0.22687600553
          -0.35843300819 -0.093170002103 0.29100400209 -0.36261799932 -0.081102997065 0.30389899015
          -0.37194699049 -0.079687997699 0.28074601293 -0.36959001422 -0.065081998706 0.32194599509
          -0.37357801199 -0.051011998206 0.33957698941 -0.38389798999 -0.027819000185 0.36190199852
          -0.39534899592 -0.033581998199 0.31800299883 -0.39055499434 -0.041510000825 0.3139770031
          -0.4008949995 -0.02554400079 0.32022100687 -0.38800999522 -0.020419999957 0.36595898867
          -0.40734401345 -0.01476399973 0.31993299723 -0.40057399869 -0.001169999945 0.37246900797
          -0.42127200961 -0.0014339999761 0.31713798642 -0.42261600494 0.013128999621 0.31422001123
          -0.4360319972 0.015386000276 0.31017300487 -0.41488298774 0.01986899972 0.37992200255
          -0.43600699306 0.029746999964 0.31011098623 -0.42092600465 0.028686000034 0.37918299437
          -0.45252498984 0.033137001097 0.30482900143 -0.44224399328 0.054988000542 0.34566798806
          -0.45495900512 0.047088999301 0.32979100943 -0.45396700501 0.050535999238 0.33965298533
          -0.33519199491 -0.24507400393 -0.009669999592 -0.33519199491 -0.24492999911 -0.0093580000103
          -0.33738601208 -0.2465659976 -0.0088480003178 -0.33538299799 -0.24490199983 -0.0098190000281
          -0.33927699924 -0.23710499704 -0.0036269999109 -0.34577798843 -0.21495300531 -0.010656000115
          -0.34213501215 -0.23035299778 0.0052269999869 -0.35882100463 -0.21256899834 -0.0039599998854
          -0.36076799035 -0.20505599678 0.0069149998017 -0.36340200901 -0.20279200375 0.0046219998039
          -0.33987298608 -0.14043200016 0.22640399635 -0.33668199182 -0.13392999768 0.22547100484
          -0.34578800201 -0.12908099592 0.21905200183 -0.34904700518 -0.11912800372 0.21933999658
          -0.35375699401 -0.11265400052 0.22587700188 -0.3561809957 -0.10360699892 0.24131800234
          -0.34360200167 -0.098865002394 0.28067401052 -0.34734800458 -0.09171500057 0.2880769968
          -0.34836301208 -0.084101997316 0.25597599149 -0.35300299525 -0.078532002866 0.30045899749
          -0.3610059917 -0.08146700263 0.27169600129 -0.35779699683 -0.067918002605 0.30968999863
          -0.36330801249 -0.073484003544 0.27940699458 -0.36760899425 -0.065233998001 0.28626200557
          -0.35847100616 -0.053621001542 0.31866899133 -0.3774279952 -0.045593000948 0.30478999019
          -0.36059400439 -0.036699000746 0.33383199573 -0.37594899535 -0.021794000641 0.35855099559
          -0.38346499205 -0.03548200056 0.31013700366 -0.38945800066 -0.026415999979 0.31367701292
          -0.39997699857 -0.011388000101 0.31709599495 -0.41354998946 0.0056159999222 0.31580901146
          -0.39888700843 0.0206439998 0.37506398559 -0.41178101301 0.035351999104 0.37865999341
          -0.44144898653 0.038226999342 0.3107829988 -0.42131599784 0.042325999588 0.37467300892
          -0.44679298997 0.045320998877 0.31545299292 -0.42479801178 0.045618001372 0.37084299326
          -0.43249300122 0.054028000683 0.35434401035 -0.44700399041 0.05119600147 0.32839199901
          -0.44602701068 0.055890999734 0.33667701483 -0.32701000571 -0.23906099796 -0.010571000166
          -0.32767400146 -0.23938199878 -0.012744000182 -0.32892400026 -0.23283199966 -0.00070899998536
          -0.33621498942 -0.22934900224 -0.01177299954 -0.33333700895 -0.22368000448 0.0053249998018
          -0.33811300993 -0.21575500071 0.0093970000744 -0.34396898746 -0.20767199993 0.010867999867
          -0.35099500418 -0.20664800704 -0.0060310000554 -0.34774500132 -0.2038179934 0.0088969999924
          -0.35364699364 -0.19903199375 0.0031479999889 -0.3549079895 -0.19884799421 0.00011500000255
          -0.3550080061 -0.19811800122 0.0014159999555 -0.32686600089 -0.1234190017 0.238688007
          -0.32745701075 -0.12531399727 0.23300500214 -0.33186900616 -0.12192100286 0.22419799864
          -0.32620000839 -0.12021499872 0.24382300675 -0.34089100361 -0.11414500326 0.22051399946
          -0.33026999235 -0.10566099733 0.26595398784 -0.31896099448 -0.10505399853 0.25448799133
          -0.34546300769 -0.10625000298 0.22507399321 -0.3446289897 -0.1006700024 0.23415400088
          -0.33403399587 -0.093172997236 0.28191098571 -0.33723700047 -0.085276000202 0.28987199068
          -0.34202900529 -0.077820003033 0.29566800594 -0.36258500814 -0.058892000467 0.28491601348
          -0.37676298618 -0.029396999627 0.30536499619 -0.36589300632 -0.023126000538 0.3465769887
          -0.38211300969 -0.021387999877 0.30805400014 -0.36907601357 -0.016073999926 0.35501000285
          -0.38508099318 -0.0035329998937 0.31058698893 -0.37142699957 -0.006266000215 0.35947799683
          -0.39269500971 -0.0034759999253 0.31378901005 -0.37556898594 0.0031779999845 0.36204299331
          -0.40121600032 0.0068620000966 0.31467199326 -0.41116601229 0.018992999569 0.31596499681
          -0.41884401441 0.02759099938 0.31593599916 -0.4244210124 0.03559999913 0.31418499351
          -0.43136000633 0.043694000691 0.31371000409 -0.41125699878 0.048418998718 0.37568700314
          -0.43672201037 0.051366999745 0.31773900986 -0.4128960073 0.058145999908 0.36480998993
          -0.43863600492 0.061275999993 0.33392998576 -0.4354659915 0.062504000962 0.34353399277
          -0.31413799524 -0.23693400621 -0.0070839999244 -0.31470400095 -0.23379300535 -0.0018639999907
          -0.32101601362 -0.2372020036 -0.0042400001548 -0.31889298558 -0.23318299651 -0.011939999647
          -0.31730100513 -0.22375699878 0.0032530000899 -0.32365700603 -0.22545599937 -0.013353000395
          -0.32354199886 -0.2172050029 0.0074590002187 -0.33289799094 -0.21668300033 -0.014510000125
          -0.32845300436 -0.20977599919 0.011068999767 -0.3389390111 -0.20857299864 -0.013481000438
          -0.33295199275 -0.20138800144 0.01302499976 -0.34331598878 -0.2007060051 -0.008450999856
          -0.34145599604 -0.19598899782 0.0067569999956 -0.34451401234 -0.19659100473 -0.0028550000861
          -0.35280698538 -0.19758699834 0.00053199997637 -0.32098799944 -0.11721500009 0.23193499446
          -0.3211889863 -0.11745300144 0.23087599874 -0.32166698575 -0.11711599678 0.23030300438
          -0.31952100992 -0.11424600333 0.24105000496 -0.33050599694 -0.10875300318 0.22505900264
          -0.33605799079 -0.10072900355 0.22726799548 -0.32886201143 -0.070412002504 0.29175999761
          -0.34453299642 -0.062339000404 0.26919600368 -0.33849400282 -0.062988996506 0.29966399074
          -0.34966799617 -0.0516760014 0.2774989903 -0.3479450047 -0.043848000467 0.31710800529
          -0.35750299692 -0.046884000301 0.2833249867 -0.3613910079 -0.039034999907 0.29033100605
          -0.35340800881 -0.027581000701 0.33419498801 -0.36583301425 -0.028937999159 0.29709601402
          -0.37306800485 -0.018067000434 0.30366998911 -0.35907799006 -0.0086390003562 0.35174798965
          -0.39329099655 0.012236000039 0.314045012 -0.37925198674 0.03452700004 0.36860999465
          -0.40683400631 0.031436998397 0.31677299738 -0.41566899419 0.041797000915 0.31490200758
          -0.39021798968 0.051816999912 0.37217798829 -0.40467900038 0.053757000715 0.37391600013
          -0.41877600551 0.063509002328 0.31868198514 -0.42989400029 0.064929001033 0.32781600952
          -0.42316401005 0.066506996751 0.3495079875 -0.42842900753 0.069211997092 0.34101501107
          -0.43022701144 0.0667200014 0.33076399565 -0.29925999045 -0.23679000139 -0.0024139999878
          -0.29931199551 -0.23620499671 -0.0012939999579 -0.30029800534 -0.23663300276 -0.0019729998894
          -0.30179598927 -0.23584200442 -0.0072679999284 -0.30707201362 -0.23007300496 0.0011980000418
          -0.30396398902 -0.23492600024 -0.01119199954 -0.31101000309 -0.22727000713 -0.013872000389
          -0.30932998657 -0.21257199347 0.011646999978 -0.31728801131 -0.219126001 -0.013415000401
          -0.32330200076 -0.21115900576 -0.012872000225 -0.31777501106 -0.20353999734 0.014546000399
          -0.32878500223 -0.20273000002 -0.010505000129 -0.32476499677 -0.19634899497 0.015274000354
          -0.33466500044 -0.19626100361 -0.0060410001315 -0.32912099361 -0.19203400612 0.012714999728
          -0.33335500956 -0.1908749938 0.0036989999935 -0.32061800361 -0.11654800177 0.23069299757
          -0.31701600552 -0.1064530015 0.22980700433 -0.31266701221 -0.10758599639 0.23904900253
          -0.3201879859 -0.10304100066 0.22852399945 -0.30608099699 -0.095794998109 0.24782900512
          -0.32614800334 -0.094943001866 0.22974699736 -0.30607700348 -0.084051996469 0.26167398691
          -0.32855799794 -0.089258998632 0.23636500537 -0.31186801195 -0.076636999846 0.2755959928
          -0.3176189959 -0.077798001468 0.23790200055 -0.3186750114 -0.071727000177 0.28479799628
          -0.30997899175 -0.028648000211 0.30843800306 -0.35047900677 -0.040734998882 0.28018000722
          -0.35508999228 -0.030946999788 0.2887429893 -0.33674800396 -0.028753999621 0.32207798958
          -0.34844699502 -0.015697000548 0.33738699555 -0.36214900017 -0.017921999097 0.29819500446
          -0.36710700393 -0.0094520002604 0.30236399174 -0.37258699536 -0.0014240000164 0.30473899841
          -0.35274299979 0.0073710000142 0.35257899761 -0.38287401199 0.013491000049 0.31183001399
          -0.35961100459 0.02383299917 0.35796299577 -0.37314599752 0.022714000195 0.36444398761
          -0.39010900259 0.024960000068 0.31456801295 -0.39969599247 0.03972300142 0.3153269887
          -0.40504199266 0.048450998962 0.31427100301 -0.40762901306 0.05861800164 0.31547498703
          -0.38939899206 0.066806003451 0.36909100413 -0.40510699153 0.066959999502 0.36341801286
          -0.41070699692 0.07022099942 0.35549899936 -0.4225319922 0.070918001235 0.32462999225
          -0.41642600298 0.07366400212 0.34714099765 -0.42080399394 0.075039997697 0.33819699287
          -0.42300799489 0.073155999184 0.32815301418 -0.28428700566 -0.23679199815 0.0022070000414
          -0.28618198633 -0.23105700314 0.0093959998339 -0.29098001122 -0.23285099864 0.0052290000021
          -0.28973400593 -0.23381400108 -0.0061940001324 -0.29417398572 -0.22989200056 -0.009827000089
          -0.2958829999 -0.2226960063 0.010324000381 -0.30097299814 -0.22210599482 -0.011702000163
          -0.29638001323 -0.20775799453 0.01842200011 -0.30622801185 -0.21305799484 -0.011603999883
          -0.30939999223 -0.20337100327 -0.0087649999186 -0.31338900328 -0.19082400203 0.020239999518
          -0.31341901422 -0.19474799931 -0.0046729999594 -0.31722700596 -0.19244100153 0.018592000008
          -0.3227429986 -0.18997299671 -0.00022499999614 -0.31683498621 -0.18800699711 0.018697999418
          -0.32317999005 -0.18368500471 0.010750999674 -0.31459999084 -0.099547997117 0.22922199965
          -0.30999800563 -0.09706299752 0.23084299266 -0.30195000768 -0.096381001174 0.23495799303
          -0.31675800681 -0.089069001377 0.2304610014 -0.33153700829 -0.039175000042 0.27094599605
          -0.34190401435 -0.036618001759 0.2772769928 -0.3456299901 -0.024082999676 0.28759101033
          -0.33155798912 -0.017334999517 0.32683899999 -0.35476401448 -0.012059000321 0.29826799035
          -0.35402500629 0.0002300000051 0.30308800936 -0.33749499917 -0.0010860000039 0.33635500073
          -0.363714993 0.004492000211 0.30474999547 -0.36349800229 0.033985998482 0.36322000623
          -0.36516401172 0.044606000185 0.36674800515 -0.37213000655 0.035301998258 0.31598499417
          -0.37440800667 0.0493610017 0.36956700683 -0.37533599138 0.062123999 0.37072700262
          -0.4025669992 0.073977001011 0.3197799921 -0.40030300617 0.073688998818 0.36241400242
          -0.41425400972 0.076773002744 0.32364800572 -0.40448701382 0.078211002052 0.35329899192
          -0.40944200754 0.080452002585 0.34464898705 -0.41343098879 0.081243000925 0.33550798893
          -0.41455999017 0.077749997377 0.32491898537 -0.26956498623 -0.23641599715 0.006955999881
          -0.26938000321 -0.23367500305 0.013357999735 -0.27418699861 -0.23538899422 0.008940000087
          -0.2755010128 -0.23268100619 -0.0011099999538 -0.28245300055 -0.22969399393 0.012721999548
          -0.27322098613 -0.22615599632 0.020106999204 -0.28480100632 -0.22434400022 -0.0057839998044
          -0.27849200368 -0.21793800592 0.02266700007 -0.2880679965 -0.22190099955 0.0155290002
          -0.283950001 -0.20829099417 0.022885000333 -0.29582899809 -0.20595300198 -0.0062230001204
          -0.28887298703 -0.19198000431 0.027494000271 -0.30415800214 -0.18568900228 0.02441399917
          -0.30344900489 -0.18533299863 0.024760000408 -0.31220000982 -0.1840569973 0.0037120000925
          -0.30400401354 -0.18479700387 0.024404000491 -0.31222400069 -0.17766399682 0.017408000305
          -0.31311300397 -0.18151700497 0.0066970000044 -0.29879200459 -0.092036999762 0.238203004
          -0.29805600643 -0.090025000274 0.24478800595 -0.30852800608 -0.083388000727 0.23034499586
          -0.29669201374 -0.066036000848 0.27366998792 -0.31956300139 -0.047006998211 0.25849598646
          -0.33169001341 -0.028293000534 0.27871999145 -0.34374299645 -0.0074189999141 0.29787200689
          -0.34277799726 0.015394000337 0.34987699986 -0.35466399789 0.023375000805 0.31034299731
          -0.34744098783 0.023490000516 0.35455200076 -0.36469200253 0.026186000556 0.31341299415
          -0.37931001186 0.052749998868 0.31654599309 -0.35747000575 0.061338 0.37174400687
          -0.38586199284 0.062128998339 0.31454598904 -0.38498601317 0.076609998941 0.36678799987
          -0.38864299655 0.080099999905 0.36435499787 -0.40488800406 0.082469001412 0.32528400421
          -0.41210800409 0.078111998737 0.323920995 -0.39322200418 0.083768002689 0.35979899764
          -0.39807501435 0.085855998099 0.35109698772 -0.40211200714 0.086718998849 0.34198099375
          -0.40522900224 0.086204998195 0.33239901066 -0.25679200888 -0.23311799765 0.012691999786
          -0.25826200843 -0.22823399305 0.019207000732 -0.26538199186 -0.23201200366 0.016331000254
          -0.26077499986 -0.23233500123 0.0035490000155 -0.26653400064 -0.22702799737 -0.00068800000008
          -0.25891900063 -0.21789699793 0.025086000562 -0.27268499136 -0.21969099343 -0.0018400000408
          -0.26684498787 -0.21112200618 0.026415999979 -0.27271300554 -0.20170100033 0.029004000127
          -0.27425700426 -0.20736600459 0.00041700000293 -0.27406099439 -0.19377699494 0.0048589999788
          -0.2935949862 -0.19446800649 -0.0022470001131 -0.29854699969 -0.1861589998 -6.3999999838e-005
          -0.29264500737 -0.17976200581 0.031191999093 -0.30875000358 -0.18213799596 0.0048449998721
          -0.30224299431 -0.17874799669 0.0067710001022 -0.30065399408 -0.17256399989 0.023753000423
          -0.30326300859 -0.17383800447 0.013914000243 -0.29725798965 -0.089414998889 0.23347300291
          -0.29410099983 -0.083843998611 0.23249800503 -0.28729900718 -0.082369998097 0.24034500122
          -0.29904899001 -0.076644003391 0.22873300314 -0.28374999762 -0.073331996799 0.25053599477
          -0.30625900626 -0.069133996964 0.23376999795 -0.29336699843 -0.055886000395 0.27965000272
          -0.29955801368 -0.047221001238 0.2904509902 -0.32223701477 -0.031656999141 0.26946499944
          -0.32598400116 -0.0043379999697 0.28941598535 -0.31502500176 -0.016302999109 0.31973400712
          -0.32605698705 0.0048389998265 0.33386799693 -0.34380498528 0.015161000192 0.30605700612
          -0.33441498876 0.02142399922 0.34943398833 -0.33913600445 0.029340999201 0.35363399982
          -0.3526610136 0.041939999908 0.31279399991 -0.34426099062 0.037317000329 0.35686698556
          -0.34893399477 0.045963000506 0.36247900128 -0.3626370132 0.053013000637 0.31520500779
          -0.35265600681 0.052763000131 0.36782300472 -0.36405700445 0.069045998156 0.37121900916
          -0.38232401013 0.0764079988 0.31375598907 -0.37174901366 0.077469997108 0.36853900552
          -0.38797798753 0.084643997252 0.31975200772 -0.37983700633 0.08647300303 0.36639401317
          -0.39590901136 0.088220998645 0.32598799467 -0.38659599423 0.091092996299 0.35748800635
          -0.38787400723 0.094079002738 0.34856900573 -0.39453500509 0.092619001865 0.3391880095
          -0.3964599967 0.090319000185 0.32900199294 -0.24594900012 -0.22692899406 0.019406000152
          -0.24761499465 -0.22272400558 0.02392200008 -0.25175398588 -0.22481900454 0.021948000416
          -0.24837699533 -0.22847600281 0.0094750002027 -0.25685599446 -0.22154200077 0.0030730001163
          -0.25981900096 -0.2009640038 0.004803000018 -0.24468299747 -0.19953399897 0.038350999355
          -0.27088698745 -0.18312899768 0.039544999599 -0.2872659862 -0.18074899912 0.006269000005
          -0.28040200472 -0.17457999289 0.039508000016 -0.29239800572 -0.17385999858 0.010782999918
          -0.29037600756 -0.16566100717 0.030897000805 -0.29371801019 -0.16570299864 0.021284999326
          -0.2818979919 -0.071920998394 0.22814700007 -0.28475400805 -0.065315000713 0.26159200072
          -0.29731601477 -0.063915997744 0.22918500006 -0.3017269969 -0.050818998367 0.23870100081
          -0.31009200215 -0.041136000305 0.2550559938 -0.28354001045 -0.024168999866 0.29458200932
          -0.31280401349 -0.0258380007 0.26891198754 -0.31749099493 -0.014588999562 0.27832201123
          -0.30399900675 -0.0092019997537 0.31450599432 -0.31294798851 0.0045779999346 0.32405200601
          -0.3326869905 0.013838999905 0.30121299624 -0.33601599932 0.022200999781 0.30492600799
          -0.32257500291 0.020602000877 0.33947199583 -0.32728299499 0.027445999905 0.34569498897
          -0.32967999578 0.04649399966 0.34675100446 -0.33645701408 0.044913001359 0.35098001361
          -0.36604300141 0.061992000788 0.31480100751 -0.34840899706 0.071307003498 0.36290800571
          -0.37321698666 0.070288002491 0.31300398707 -0.35629999638 0.075049996376 0.36924698949
          -0.36177799106 0.082864001393 0.36712801456 -0.37208199501 0.091911002994 0.36280599236
          -0.38746100664 0.094745002687 0.32524698973 -0.37677198648 0.097493000329 0.3536939919
          -0.38704898953 0.098654001951 0.33644101024 -0.23535099626 -0.22037099302 0.0262439996
          -0.23659299314 -0.21727000177 0.029541000724 -0.23950600624 -0.21871599555 0.02807199955
          -0.23627699912 -0.22416900098 0.015552000143 -0.24381299317 -0.2157779932 0.0080319996923
          -0.23248399794 -0.20491200686 0.038256999105 -0.26545399427 -0.18085199594 0.01176100038
          -0.27594599128 -0.1752319932 0.012254999951 -0.26117101312 -0.16516399384 0.04872199893
          -0.24402399361 -0.16633799672 0.05286699906 -0.28122198582 -0.16726699471 0.015518000349
          -0.28436100483 -0.159702003 0.023551000282 -0.2840180099 -0.15780100226 0.028578000143
          -0.27198201418 -0.063570000231 0.2469509989 -0.2707349956 -0.066076003015 0.23488000035
          -0.28510901332 -0.065618000925 0.2239959985 -0.2602339983 -0.048751000315 0.25455999374
          -0.2951309979 -0.049697998911 0.23100399971 -0.2973279953 -0.042872998863 0.23784199357
          -0.26527899504 -0.023850999773 0.28306099772 -0.29940998554 -0.035553999245 0.25038900971
          -0.30278199911 -0.018601000309 0.26706001163 -0.31328299642 -0.0038439999335 0.28047800064
          -0.3181400001 0.0057529998012 0.28738498688 -0.32482901216 0.018922999501 0.29750499129
          -0.30877101421 0.020532999188 0.32820698619 -0.31915301085 0.035647001117 0.34098899364
          -0.33794000745 0.064879998565 0.35278499126 -0.35692998767 0.066846996546 0.31166398525
          -0.33922299743 0.062486998737 0.30823498964 -0.34136998653 0.075292997062 0.35688200593
          -0.36583200097 0.07627300173 0.30987301469 -0.34931799769 0.081093996763 0.36514800787
          -0.37144300342 0.084320001304 0.31193500757 -0.35522100329 0.08924099803 0.3665240109
          -0.37508299947 0.092257998884 0.3186160028 -0.36467000842 0.097966998816 0.36051398516
          -0.37971198559 0.09899699688 0.32497298717 -0.3758470118 0.10430700332 0.34297299385
          -0.37924799323 0.10421700031 0.33353498578 -0.22342500091 -0.22099100053 0.021247999743
          -0.22315299511 -0.21939699352 0.025418000296 -0.22788000107 -0.22175100446 0.02305399999
          -0.22666400671 -0.21888400614 0.01697300002 -0.22612099349 -0.21203200519 0.034605000168
          -0.22988200188 -0.21649999917 0.013357999735 -0.23585799336 -0.21018899977 0.0099339997396
          -0.24219499528 -0.18997000158 0.0097599998116 -0.24703800678 -0.18007199466 0.045357998461
          -0.27070999146 -0.16205400229 0.019663000479 -0.25518101454 -0.14927299321 0.047781001776
          -0.27154400945 -0.15253199637 0.035468999296 -0.27666899562 -0.15528699756 0.025675000623
          -0.27401399612 -0.15414899588 0.027546999976 -0.27367401123 -0.15604899824 0.024382999167
          -0.27322301269 -0.062811002135 0.22493000329 -0.27751299739 -0.059923999012 0.2223650068
          -0.28306400776 -0.05162499845 0.22358100116 -0.28771299124 -0.043717999011 0.22795699537
          -0.28979301453 -0.037491999567 0.23457999527 -0.29239100218 -0.029343999922 0.24786800146
          -0.30623200536 0.0021440000273 0.27742099762 -0.29892900586 0.011986000463 0.31975701451
          -0.27844399214 0.0074900002219 0.3068459928 -0.31072598696 0.010239000432 0.28150498867
          -0.31834301353 0.025306999683 0.29267901182 -0.32256799936 0.031886000186 0.29827299714
          -0.31499201059 0.053950998932 0.29785999656 -0.32644298673 0.066266998649 0.30376899242
          -0.3509080112 0.074037998915 0.30944401026 -0.35792601109 0.082181997597 0.3079969883
          -0.34336999059 0.086860999465 0.360529989 -0.36296099424 0.090218000114 0.31178098917
          -0.34808200598 0.095204003155 0.36278900504 -0.36622801423 0.097303003073 0.31847199798
          -0.35702300072 0.1043779999 0.35778900981 -0.36889100075 0.10767500103 0.32889598608
          -0.36429300904 0.10943099856 0.349326998 -0.36832898855 0.11029399931 0.34021100402
          -0.21082399786 -0.2174360007 0.027070999146 -0.21131399274 -0.2140610069 0.033000998199
          -0.21699500084 -0.21672800183 0.029680000618 -0.21585600078 -0.21514199674 0.017999999225
          -0.22553299367 -0.20556299388 0.012159000151 -0.21086899936 -0.1948119998 0.051890999079
          -0.22340500355 -0.19016599655 0.049423001707 -0.26697298884 -0.160078004 0.021266000345
          -0.25999099016 -0.15652899444 0.024175999686 -0.26451799273 -0.14926299453 0.031835000962
          -0.26324900985 -0.1486569941 0.032547999173 -0.26333799958 -0.14910000563 0.031353998929
          -0.26094800234 -0.054141998291 0.242208004 -0.26118400693 -0.057190001011 0.23125199974
          -0.27497801185 -0.045742001384 0.22213800251 -0.25009399652 -0.03945799917 0.25532200933
          -0.27868899703 -0.037937000394 0.22869899869 -0.28113999963 -0.028672000393 0.23609399796
          -0.25898501277 -0.004089999944 0.29048201442 -0.28877899051 -0.013156999834 0.25513601303
          -0.28847199678 0.0041180001572 0.26341000199 -0.29647600651 0.010937999934 0.27188000083
          -0.30388200283 0.016302999109 0.27707499266 -0.30825600028 0.024170000106 0.28211399913
          -0.30229601264 0.039335999638 0.28598999977 -0.29313999414 0.043435998261 0.32880198956
          -0.29802599549 0.051176000386 0.33246299624 -0.32359498739 0.075953997672 0.34571400285
          -0.3369500041 0.082455001771 0.30773100257 -0.33142599463 0.085378997028 0.35084301233
          -0.3486970067 0.087931998074 0.30894398689 -0.33650401235 0.093349002302 0.35418599844
          -0.35031801462 0.096802003682 0.31326898932 -0.34246399999 0.1014470011 0.35540801287
          -0.34646201134 0.10706999898 0.32102000713 -0.34704899788 0.10602600127 0.35279801488
          -0.35146400332 0.10998799652 0.34931999445 -0.35544499755 0.11342400312 0.34588998556
          -0.35933899879 0.11392100155 0.3367690146 -0.35924100876 0.11112199724 0.33061400056
          -0.19853200018 -0.21341699362 0.033050999045 -0.19765800238 -0.20670600235 0.041967000812
          -0.20592199266 -0.2115560025 0.036235999316 -0.20160700381 -0.21399499476 0.02344699949
          -0.20990400016 -0.20725299418 0.017380999401 -0.19953100383 -0.19942800701 0.049543000758
          -0.20773200691 -0.19348199666 0.016727000475 -0.2240640074 -0.19068199396 0.012558000162
          -0.23003999889 -0.18202400208 0.012129000388 -0.23796500266 -0.16996799409 0.019485000521
          -0.21184399724 -0.16443400085 0.064126998186 -0.21779300272 -0.15482400358 0.064483001828
          -0.2513320148 -0.15268500149 0.026903999969 -0.24218100309 -0.1544470042 0.055424999446
          -0.24152000248 -0.14835900068 0.055638998747 -0.24656100571 -0.14402900636 0.051791999489
          -0.25368601084 -0.14428199828 0.038479998708 -0.25154399872 -0.14330199361 0.039808001369
          -0.25184199214 -0.1438869983 0.037737000734 -0.2494519949 -0.14228400588 0.047687001526
          -0.24255800247 -0.040059000254 0.23536099494 -0.26699501276 -0.05322400108 0.22308400273
          -0.25890401006 -0.048252999783 0.22434900701 -0.25239598751 -0.044984001666 0.2498369962
          -0.26495599747 -0.03927699849 0.22205099463 -0.26255899668 -0.026868000627 0.22553800046
          -0.27118900418 -0.022531000897 0.23291400075 -0.28070399165 -0.0089299995452 0.24970300496
          -0.28442901373 -0.0012659999775 0.2560659945 -0.27637499571 0.02198600024 0.31089898944
          -0.28991401196 0.028421999887 0.2726739943 -0.28000500798 0.031885001808 0.31475499272
          -0.2970019877 0.032703001052 0.27860298753 -0.28942400217 0.035714998841 0.32207098603
          -0.29615798593 0.05456700176 0.28673699498 -0.30347898602 0.0607829988 0.33517199755
          -0.31396499276 0.076108001173 0.34180599451 -0.32315200567 0.082765996456 0.30260899663
          -0.32501900196 0.091507002711 0.34536099434 -0.34013301134 0.093711003661 0.30900999904
          -0.32874700427 0.10149200261 0.34581398964 -0.33724099398 0.10637900233 0.34839400649
          -0.34116700292 0.11038199812 0.33947700262 -0.34595000744 0.11174499989 0.33099400997
          -0.18803800642 -0.21188999712 0.028780000284 -0.18711599708 -0.2106949985 0.033860001713
          -0.19255499542 -0.21321299672 0.030578000471 -0.1906619966 -0.21017800272 0.025333000347
          -0.18703700602 -0.20820499957 0.03943400085 -0.18600399792 -0.20200400054 0.047288000584
          -0.19493299723 -0.20674300194 0.02111200057 -0.19821099937 -0.19980399311 0.018904000521
          -0.20014899969 -0.1892350018 0.056589998305 -0.21046799421 -0.17283199728 0.023087000474
          -0.22823600471 -0.15102499723 0.03152500093 -0.24000200629 -0.14618800581 0.033075999469
          -0.23576900363 -0.13853999972 0.056857999414 -0.2403459996 -0.14090999961 0.054832000285
          -0.24113200605 -0.13775900006 0.04396000132 -0.23784400523 -0.13723999262 0.054014001042
          -0.24112699926 -0.13750599325 0.044516000897 -0.24645400047 -0.044938001782 0.22592499852
          -0.2504619956 -0.041997998953 0.22261799872 -0.23855100572 -0.034200999886 0.24500599504
          -0.25737801194 -0.033622000366 0.22068600357 -0.24476799369 -0.028472999111 0.26229900122
          -0.27233099937 -0.0032599999104 0.24749800563 -0.24551899731 -0.010777999647 0.2759630084
          -0.27871900797 0.012145999819 0.2606869936 -0.28407999873 0.020212000236 0.26776599884
          -0.28212800622 0.041712999344 0.31872799993 -0.28733000159 0.049139000475 0.32269701362
          -0.31102100015 0.080824002624 0.29417198896 -0.30905199051 0.082172997296 0.33562898636
          -0.32225000858 0.094527997077 0.34177899361 -0.32659700513 0.09156999737 0.30511799455
          -0.31942400336 0.09775300324 0.33792498708 -0.33191999793 0.099574998021 0.30787101388
          -0.32606300712 0.1059499979 0.33751600981 -0.33522799611 0.10784199834 0.31489899755
          -0.32906100154 0.10839000344 0.33461499214 -0.33380100131 0.11159099638 0.32591098547
          -0.17640900612 -0.20687800646 0.03509600088 -0.17584499717 -0.20527599752 0.040077999234
          -0.18185099959 -0.20833399892 0.037269998342 -0.18118299544 -0.2049099952 0.026352999732
          -0.18178600073 -0.20441000164 0.025787999853 -0.1897470057 -0.19599999487 0.022026000544
          -0.180727005 -0.19014400244 0.059154998511 -0.19371199608 -0.16869099438 0.067957997322
          -0.20611099899 -0.14872899652 0.071503996849 -0.21656399965 -0.14150099456 0.06657999754
          -0.21814100444 -0.13440300524 0.043281998485 -0.22619399428 -0.13300800323 0.061053998768
          -0.24019399285 -0.13719600439 0.044146999717 -0.23081499338 -0.13220100105 0.047882001847
          -0.23031499982 -0.13126899302 0.051245998591 -0.24822300673 -0.0011089999462 0.22525000572
          -0.23384800553 0.022445000708 0.28424200416 -0.25054299831 0.05256099999 0.29965901375
          -0.27952200174 0.049603000283 0.26957198977 -0.27102598548 0.052875000983 0.31061300635
          -0.28460401297 0.062611997128 0.31821501255 -0.29876101017 0.065315999091 0.28929498792
          -0.28991100192 0.072296999395 0.3224619925 -0.30423900485 0.073614999652 0.29150098562
          -0.29598399997 0.080255001783 0.3269020021 -0.31418699026 0.089593999088 0.298514992
          -0.30742201209 0.096092000604 0.32988399267 -0.31872099638 0.097484000027 0.30316698551
          -0.31364199519 0.10397200286 0.33094099164 -0.32325199246 0.10537300259 0.30782899261
          -0.32419100404 0.10822299868 0.33204901218 -0.31856200099 0.1118780002 0.31952801347
          -0.32411700487 0.10786300153 0.31083399057 -0.16474300623 -0.20192199945 0.041393000633
          -0.1648799926 -0.19981299341 0.045559000224 -0.16971500218 -0.20232099295 0.043435998261
          -0.16888099909 -0.20090700686 0.03232799843 -0.18065099418 -0.20379200578 0.026200000197
          -0.17146199942 -0.198853001 0.029728999361 -0.17011399567 -0.19426700473 0.055100001395
          -0.17929899693 -0.19046700001 0.026466999203 -0.18553599715 -0.18139399588 0.026474999264
          -0.16503100097 -0.1729670018 0.074377000332 -0.18414500356 -0.1661439985 0.031279999763
          -0.19864299893 -0.14595800638 0.038444999605 -0.1881480068 -0.15115700662 0.078346997499
          -0.19523699582 -0.1440500021 0.079273998737 -0.20265799761 -0.13665400445 0.042858000845
          -0.20516300201 -0.13608700037 0.072993002832 -0.21216000617 -0.13085199893 0.065416999161
          -0.21790599823 -0.12742599845 0.057165998966 -0.2210379988 -0.12921999395 0.05835999921
          -0.21975700557 -0.12983800471 0.046943001449 -0.22574600577 -0.12935300171 0.049462001771
          -0.2211509943 -0.027829000726 0.22713699937 -0.22221300006 -0.026027999818 0.23393599689
          -0.2272759974 -0.030612999573 0.21903699636 -0.21462500095 -0.013377999887 0.20842200518
          -0.22609299421 -0.020578000695 0.24861299992 -0.23750500381 -0.017587000504 0.21247300506
          -0.24752999842 -0.014225999825 0.21850499511 -0.24918200076 0.034162998199 0.29700100422
          -0.25872299075 0.03018300049 0.253185004 -0.26088601351 0.040367998183 0.25868299603
          -0.2775439918 0.068607002497 0.31389701366 -0.29196700454 0.071728996933 0.28439700603
          -0.29748600721 0.079761996865 0.28668001294 -0.278952986 0.095495998859 0.31513699889
          -0.30271100998 0.087641999125 0.29029500484 -0.30641201138 0.095522001386 0.29632499814
          -0.31038600206 0.10333000124 0.30232301354 -0.3044770062 0.10605400056 0.32425200939
          -0.31063300371 0.10731799901 0.3268339932 -0.31173199415 0.10655499995 0.3056049943
          -0.31933400035 0.10764800012 0.30883198977 -0.3070229888 0.1138689965 0.31494900584
          -0.1553709954 -0.19871400297 0.037691000849 -0.1559240073 -0.19652999938 0.048682998866
          -0.16280899942 -0.19306899607 0.03095100075 -0.13544300199 -0.17987599969 0.072795003653
          -0.15998999774 -0.17914499342 0.031122000888 -0.14897499979 -0.17475199699 0.078102998435
          -0.17402499914 -0.1557559967 0.081404998899 -0.18467199802 -0.13914400339 0.085428997874
          -0.19322800636 -0.13057899475 0.08106700331 -0.20616400242 -0.12890100479 0.049830000848
          -0.2145639956 -0.13273899257 0.044608000666 -0.19953200221 -0.12733800709 0.071226000786
          -0.2048240006 -0.12459199876 0.06274600327 -0.20640300214 -0.12741300464 0.052384000272
          -0.21958099306 -0.020586000755 0.2384749949 -0.20177400112 0.024484999478 0.26068198681
          -0.25223898888 0.016654999927 0.2392449975 -0.27641698718 0.062300998718 0.2695389986
          -0.28115099669 0.07089599967 0.2760309875 -0.27421399951 0.086791999638 0.31333300471
          -0.29009398818 0.085745997727 0.28356701136 -0.29489898682 0.093597002327 0.28761398792
          -0.28707298636 0.10059099644 0.31817099452 -0.29710200429 0.10123900324 0.29435199499
          -0.2936359942 0.1070600003 0.31980600953 -0.29493400455 0.10753799975 0.32037401199
          -0.29442700744 0.10806500167 0.31981599331 -0.30161300302 0.10808099806 0.30236899853
          -0.3021120131 0.1145780012 0.31293898821 -0.1423690021 -0.19575999677 0.04331099987
          -0.14095599949 -0.19257700443 0.053676001728 -0.14651399851 -0.19114300609 0.056161001325
          -0.15041700006 -0.18850199878 0.035100001842 -0.16579400003 -0.16985499859 0.032265000045
          -0.14595299959 -0.16441999376 0.08700799942 -0.15827900171 -0.14961799979 0.091631002724
          -0.18638400733 -0.13854199648 0.042658999562 -0.16936999559 -0.14124000072 0.090763002634
          -0.17413300276 -0.13373799622 0.090420998633 -0.19289800525 -0.13151800632 0.046705000103
          -0.18100899458 -0.12747299671 0.085210002959 -0.18430200219 -0.12502600253 0.081520996988
          -0.19396600127 -0.12273100019 0.058019001037 -0.20383700728 -0.12784199417 0.051291000098
          -0.18761999905 -0.12274999917 0.077398002148 -0.19283699989 -0.12011700124 0.06887999922
          -0.21359400451 -0.020147999749 0.22505700588 -0.20987400413 -0.017082000151 0.2123939991
          -0.1996410042 0.0014240000164 0.24168199301 -0.22061599791 -0.0042579998262 0.20656299591
          -0.19336499274 0.014561999589 0.24789699912 -0.23316800594 -0.00013000000035 0.21401700377
          -0.24390800297 0.019610000774 0.23202300072 -0.23361499608 0.033971000463 0.28961700201
          -0.24367399514 0.041382998228 0.24465599656 -0.23499900103 0.041391000152 0.29171600938
          -0.24847599864 0.079322002828 0.30119198561 -0.27447199821 0.082079999149 0.27581998706
          -0.28162199259 0.09173899889 0.28178599477 -0.28042200208 0.10327500105 0.28648799658
          -0.2824369967 0.10752999783 0.31517800689 -0.28987500072 0.11446300149 0.30987301469
          -0.28889998794 0.10830599815 0.29609900713 -0.29191699624 0.11527100205 0.30851399899
          -0.12959100306 -0.19246999919 0.049044001848 -0.12852199376 -0.19115799665 0.054774999619
          -0.13387000561 -0.19337299466 0.050769001245 -0.13271899521 -0.19054600596 0.044679999352
          -0.1334580034 -0.18764699996 0.061466000974 -0.13583900034 -0.18829099834 0.041048999876
          -0.14357000589 -0.18171200156 0.035918999463 -0.14237199724 -0.1695100069 0.037613999099
          -0.12524600327 -0.16407999396 0.092183001339 -0.15519799292 -0.1652970016 0.036997999996
          -0.17271600664 -0.13480299711 0.047161001712 -0.15638400614 -0.13628000021 0.09787800163
          -0.13876000047 -0.13975399733 0.10537300259 -0.1688580066 -0.13062299788 0.091692000628
          -0.18110400438 -0.12566000223 0.052765000612 -0.17507499456 -0.11912199855 0.083336003125
          -0.18103699386 -0.11536099762 0.075108997524 -0.18418699503 -0.11582700163 0.06554300338
          -0.18393200636 -0.1180189997 0.061519000679 -0.20559200644 -0.011029999703 0.23172000051
          -0.20638799667 -0.015130000189 0.22188800573 -0.23638899624 0.026936000213 0.22615200281
          -0.21591299772 0.031109999865 0.27431699634 -0.22674000263 0.040029998869 0.28525999188
          -0.24260400236 0.059066001326 0.24924300611 -0.22459299862 0.06489700079 0.28878200054
          -0.25514999032 0.077967002988 0.26136499643 -0.27382001281 0.09791199863 0.2793290019
          -0.26543900371 0.1188500002 0.30895999074 -0.27941000462 0.11204700172 0.29389899969
          -0.27431499958 0.11261299998 0.31210899353 -0.2807559967 0.11707899719 0.30421099067
          -0.28931900859 0.11557500064 0.3076800108 -0.11547800153 -0.18604800105 0.065292000771
          -0.12466499954 -0.18967999518 0.058012001216 -0.11724100262 -0.18853899837 0.054995000362
          -0.12295500189 -0.18516099453 0.046728000045 -0.12332999706 -0.18485300243 0.04637100175
          -0.13210099936 -0.17628000677 0.040970999748 -0.12761799991 -0.15625 0.099913999438
          -0.13662600517 -0.1549360007 0.044038001448 -0.13484199345 -0.12715299428 0.11062599719
          -0.1560280025 -0.12379299849 0.096849001944 -0.15976400673 -0.12356700003 0.054225999862
          -0.1673900038 -0.1177970022 0.057496000081 -0.16293700039 -0.11375299841 0.087976001203
          -0.17536999285 -0.11359199882 0.063107997179 -0.16916200519 -0.11071699858 0.081299997866
          -0.17341800034 -0.10952600092 0.072295002639 -0.19741499424 -0.007505999878 0.22616900504
          -0.19734099507 -0.011432999745 0.21835100651 -0.20061300695 -0.011714999564 0.20884700119
          -0.20441700518 -0.003502999898 0.19958099723 -0.21195299923 0.000377999997 0.20274299383
          -0.21735599637 0.0096169998869 0.20660200715 -0.22070300579 0.029510999098 0.21454699337
          -0.23098799586 0.033438000828 0.22430099547 -0.21728800237 0.055645998567 0.2819519937
          -0.23631300032 0.048576001078 0.23886500299 -0.26530399919 0.10376799852 0.27578499913
          -0.26988300681 0.11121399701 0.2850599885 -0.27024298906 0.11435999721 0.28915399313
          -0.27053400874 0.11893499643 0.29994401336 -0.10476800054 -0.18479199708 0.060883000493
          -0.1010280028 -0.17939500511 0.073354996741 -0.11030499637 -0.18167899549 0.052526999265
          -0.12268199772 -0.18451699615 0.046654000878 -0.11305899918 -0.17928899825 0.05018299818
          -0.12081699818 -0.17103199661 0.046608999372 -0.11245200038 -0.15838499367 0.10154899955
          -0.11480800062 -0.1509719938 0.11095000058 -0.12519699335 -0.13468100131 0.11624699831
          -0.14459699392 -0.12906099856 0.055493999273 -0.14315499365 -0.11703000218 0.10302399844
          -0.15955999494 -0.11370699853 0.062180001289 -0.15075600147 -0.1105640009 0.094938002527
          -0.16385599971 -0.10790999979 0.069577999413 -0.15687599778 -0.10669100285 0.08728300035
          -0.16123899817 -0.10533899814 0.078331999481 -0.18718500435 -0.0098099997267 0.21423700452
          -0.18994100392 0.0052840001881 0.23836100101 -0.18973499537 -0.0070790001191 0.20430199802
          -0.20670500398 0.0082609998062 0.19860999286 -0.18964900076 0.047017000616 0.2633959949
          -0.22076399624 0.041211999953 0.2197829932 -0.20416900516 0.048852998763 0.27304801345
          -0.22642600536 0.046356998384 0.22881600261 -0.23179900646 0.063527002931 0.2398249954
          -0.25064998865 0.092756003141 0.26118201017 -0.2414740026 0.11326500028 0.29923200607
          -0.25573000312 0.10175400227 0.26709398627 -0.25840699673 0.11046499759 0.27401700616
          -0.26150399446 0.11800000072 0.28451499343 -0.25461998582 0.11760400236 0.304223001
          -0.26046800613 0.12118200213 0.29602399468 -0.09198000282 -0.18136699498 0.066717997193
          -0.093211002648 -0.17576600611 0.078492000699 -0.097437001765 -0.17852500081 0.058214999735
          -0.10443200171 -0.17365700006 0.053206998855 -0.094190999866 -0.16742900014 0.089980997145
          -0.1103219986 -0.16507400572 0.051805000752 -0.095600001514 -0.16031500697 0.10239800066
          -0.11265899986 -0.15508900583 0.052969999611 -0.097113996744 -0.15263900161 0.11386200041
          -0.11507300287 -0.14104899764 0.057243000716 -0.10430099815 -0.14678800106 0.11838799715
          -0.11489900202 -0.13006700575 0.12288600206 -0.12051700056 -0.12080100179 0.12047900259
          -0.14521199465 -0.11722899973 0.062757998705 -0.1318500042 -0.11164300144 0.10984499753
          -0.14527699351 -0.1085190028 0.071144998074 -0.1383100003 -0.1068900004 0.10124500096
          -0.14415800571 -0.10331200063 0.09304600209 -0.14863799512 -0.10249300301 0.084144003689
          -0.17497099936 -0.0025279999245 0.21890699863 -0.1764869988 -0.0081789996475 0.20987799764
          -0.17745000124 0.0051219998859 0.23209500313 -0.18305100501 0.0012860000134 0.19197499752
          -0.19475099444 0.0059489998966 0.19062499702 -0.18104299903 0.011179000139 0.23915100098
          -0.19792300463 0.015367000364 0.19274200499 -0.18507100642 0.018995000049 0.24502000213
          -0.21129199862 0.035760998726 0.20872400701 -0.18390700221 0.03239300102 0.25024101138
          -0.20929099619 0.051711000502 0.21388199925 -0.21287199855 0.061859000474 0.22215799987
          -0.23495000601 0.095908001065 0.25085398555 -0.24419599771 0.10058999807 0.2579869926
          -0.2209790051 0.11950500309 0.2912620008 -0.2482919991 0.10773099959 0.26409301162
          -0.2455060035 0.12223599851 0.30079001188 -0.2526229918 0.12186300009 0.28204399347
          -0.25081300735 0.12396600097 0.29217898846 -0.077636003494 -0.18057399988 0.071551002562
          -0.075768001378 -0.17732100189 0.081611998379 -0.083490997553 -0.18024499714 0.074167996645
          -0.083614997566 -0.17699800432 0.063135996461 -0.079660996795 -0.16854999959 0.094305999577
          -0.092995002866 -0.1681240052 0.057344999164 -0.088506996632 -0.15814299881 0.10997200012
          -0.073870003223 -0.16140300035 0.11355900019 -0.080851003528 -0.15630100667 0.1181159988
          -0.092805996537 -0.14208300412 0.060993000865 -0.089497998357 -0.14657099545 0.12258300185
          -0.089404001832 -0.13126200438 0.13484999537 -0.12853300571 -0.11983100325 0.064289003611
          -0.10025200248 -0.12393800169 0.1342190057 -0.10073599964 -0.11347500235 0.13914300501
          -0.13355700672 -0.11178699881 0.068480998278 -0.11635799706 -0.10678999871 0.12458900362
          -0.12366600335 -0.10895899683 0.11672499776 -0.12194000185 -0.103798002 0.1163199991
          -0.1266490072 -0.10192599893 0.10754500329 -0.13172200322 -0.099509000778 0.098953001201
          -0.13586500287 -0.098485998809 0.089891001582 -0.13596999645 -0.10332400352 0.078653000295
          -0.1668870002 -0.0048279999755 0.20605699718 -0.1644410044 0.0036249998957 0.22573800385
          -0.1687040031 -0.0015040000435 0.19614499807 -0.16792400181 0.0090990001336 0.23425400257
          -0.18220999837 0.01726000011 0.18139900267 -0.17267300189 0.017020000145 0.23838999867
          -0.17474199831 0.036168001592 0.24737499654 -0.19604100287 0.038621000946 0.19918400049
          -0.20358200371 0.041336998343 0.20578099787 -0.18519799411 0.061174999923 0.26579898596
          -0.19936800003 0.076127000153 0.27435401082 -0.22422499955 0.079047001898 0.23575100303
          -0.21054300666 0.085038997233 0.28393399715 -0.22771799564 0.08942899853 0.24347299337
          -0.23705199361 0.10592599958 0.25467801094 -0.24025300145 0.11414899677 0.26208299398
          -0.24389900267 0.11970800161 0.26951101422 -0.23422500491 0.12154699862 0.29598298669
          -0.24140800536 0.12712700665 0.28846099973 -0.057631000876 -0.17899000645 0.085000999272
          -0.054542001337 -0.1702259928 0.1007469967 -0.063433997333 -0.18037199974 0.075268998742
          -0.068617001176 -0.17683699727 0.068028002977 -0.075061999261 -0.17066000402 0.063077002764
          -0.062812000513 -0.16536000371 0.10645399988 -0.083094000816 -0.16229699552 0.058984000236
          -0.089824996889 -0.15389600396 0.059264998883 -0.063773997128 -0.15770800412 0.12059500068
          -0.058086000383 -0.14681300521 0.13265499473 -0.069464996457 -0.13961200416 0.13385300338
          -0.1005159989 -0.13600000739 0.060880001634 -0.11593800038 -0.11245200038 0.068686999381
          -0.083245001733 -0.12033499777 0.14840899408 -0.093057997525 -0.11061900109 0.14754599333
          -0.12310999632 -0.1064890027 0.073352999985 -0.10121200234 -0.10212499648 0.1413089931
          -0.10824800283 -0.10398899764 0.1326020062 -0.12443900108 -0.099082000554 0.08535400033
          -0.10797899961 -0.097094997764 0.13261500001 -0.11268799752 -0.095223002136 0.12383999676
          -0.11618500203 -0.095169000328 0.11445000023 -0.11944100261 -0.095475003123 0.10493899882
          -0.12256400287 -0.095981001854 0.095360003412 -0.15704900026 -0.002802999923 0.20212100446
          -0.15722000599 0.0024969999213 0.2126660049 -0.15665499866 0.0069900001399 0.22535100579
          -0.17456699908 0.008274000138 0.18460799754 -0.15915299952 0.014860000461 0.23444899917
          -0.16332900524 0.02489499934 0.23830200732 -0.18251700699 0.029656000435 0.18161700666
          -0.18768000603 0.03566500172 0.19014799595 -0.17466600239 0.049954999238 0.25668299198
          -0.19719700515 0.04940199852 0.20361499488 -0.17933000624 0.054905999452 0.26219800115
          -0.20257200301 0.05721199885 0.20876400173 -0.21367399395 0.10713200271 0.23877300322
          -0.22688700259 0.11151500046 0.25114899874 -0.22530800104 0.12573200464 0.29314699769
          -0.23034200072 0.12241800129 0.26139199734 -0.23238499463 0.12901799381 0.2727830112
          -0.22591100633 0.1263410002 0.2928160131 -0.2303930074 0.12917399406 0.28441700339
          -0.045678000897 -0.17840400338 0.090935997665 -0.043914001435 -0.17382200062 0.1000360027
          -0.049883000553 -0.17651900649 0.092799000442 -0.048464000225 -0.17941500247 0.081185996532
          -0.054930001497 -0.17507499456 0.072911001742 -0.062980003655 -0.16803100705 0.066218003631
          -0.050861001015 -0.15984100103 0.1157469973 -0.073096998036 -0.1565990001 0.062265999615
          -0.052377000451 -0.15249200165 0.12765899301 -0.079383000731 -0.14866399765 0.063657999039
          -0.059305999428 -0.13698500395 0.14269599319 -0.071367003024 -0.11767999828 0.15964099765
          -0.093719996512 -0.11733099818 0.072114996612 -0.097828999162 -0.10440800339 0.080562002957
          -0.078373998404 -0.10659900308 0.16681699455 -0.068616002798 -0.10804600269 0.17720599473
          -0.086251996458 -0.10954599828 0.15536800027 -0.10416699946 -0.098817996681 0.08549900353
          -0.082776002586 -0.10019399971 0.16744099557 -0.0758439973 -0.097014002502 0.18191100657
          -0.087691999972 -0.093675002456 0.16442400217 -0.095338001847 -0.1009079963 0.14882199466
          -0.11502499878 -0.095593996346 0.092509001493 -0.084408998489 -0.085291996598 0.17868700624
          -0.096472002566 -0.086773999035 0.14998799562 -0.10154800117 -0.085272997618 0.14144000411
          -0.10650099814 -0.09032099694 0.13241200149 -0.10634600371 -0.087474003434 0.12167300284
          -0.10436700284 -0.085282996297 0.13184100389 -0.10840000212 -0.089582003653 0.11155200005
          -0.1093320027 -0.092552997172 0.099774003029 -0.14650300145 -0.0028099999763 0.19765000045
          -0.14629499614 0.0047900001518 0.21063800156 -0.15026900172 0.0022599999793 0.18966299295
          -0.1591629982 0.0084600001574 0.1823579967 -0.14554800093 0.012993999757 0.2303609997
          -0.16756099463 0.016938000917 0.17679700255 -0.14950700104 0.018276000395 0.23370499909
          -0.1735509932 0.025147000328 0.17622700334 -0.15095199645 0.04145700112 0.24158999324
          -0.18486499786 0.059916000813 0.19600099325 -0.16924700141 0.061027999967 0.25785601139
          -0.20018799603 0.07130099833 0.20821499825 -0.18183499575 0.088166996837 0.26702401042
          -0.20561699569 0.086851999164 0.22042800486 -0.20571699739 0.11718399823 0.2851780057
          -0.21171200275 0.12513500452 0.28746899962 -0.22463800013 0.1264680028 0.2922950089
          -0.22107900679 0.13191799819 0.28046101332 -0.22459200025 0.13216799498 0.27101400495
          -0.030079999939 -0.17934200168 0.09523999691 -0.026856999844 -0.17678800225 0.10368800163
          -0.032871998847 -0.17888399959 0.096428997815 -0.037827000022 -0.1792140007 0.087623000145
          -0.034104999155 -0.17849500477 0.086119003594 -0.036281000823 -0.17686200142 0.083717003465
          -0.040901999921 -0.16460099816 0.11146999896 -0.041421998292 -0.17271499336 0.078663997352
          -0.04860400036 -0.16730299592 0.07201000303 -0.03201700002 -0.16163399816 0.11952900141
          -0.057425998151 -0.15966400504 0.065544001758 -0.036205001175 -0.15443299711 0.12937599421
          -0.050813999027 -0.14584800601 0.070564001799 -0.045653000474 -0.14661799371 0.13699899614
          -0.037820000201 -0.13887800276 0.15254299343 -0.05595099926 -0.13005200028 0.15370699763
          -0.074335001409 -0.13266800344 0.070632003248 -0.055615000427 -0.12152600288 0.1687490046
          -0.053578998893 -0.1126729995 0.18821300566 -0.057849001139 -0.10254500061 0.20139500499
          -0.072047002614 -0.082919001579 0.21054899693 -0.092588998377 -0.092427000403 0.094283998013
          -0.09814299643 -0.087314002216 0.10621000081 -0.045421998948 -0.088683001697 0.24812500179
          -0.061245001853 -0.088707998395 0.22143499553 -0.04737899825 -0.093878000975 0.22689700127
          -0.098439998925 -0.08139000088 0.12042500079 -0.05846099928 -0.08259999752 0.24214600027
          -0.053390000015 -0.082820996642 0.25192299485 -0.090227000415 -0.073774002492 0.17524200678
          -0.094011999667 -0.077252998948 0.15963000059 -0.097548000515 -0.07818300277 0.15111899376
          -0.098278000951 -0.07462400198 0.14055199921 -0.098071999848 -0.077432997525 0.12968799472
          -0.057727001607 -0.073950000107 0.25413399935 -0.049210000783 -0.081000998616 0.25486201048
          -0.055477000773 -0.072857998312 0.25534799695 -0.063557997346 -0.074956998229 0.24563999474
          -0.08173699677 -0.065058000386 0.21704900265 -0.096184998751 -0.066922999918 0.15743899345
          -0.097190998495 -0.068172998726 0.15165300667 -0.057670999318 -0.070565000176 0.25431600213
          -0.063579000533 -0.064447999001 0.25141599774 -0.068424999714 -0.066587001085 0.24818199873
          -0.072650000453 -0.06633900106 0.23910699785 -0.076535999775 -0.065820999444 0.22990700603
          -0.089763000607 -0.062504000962 0.19491000473 -0.094357997179 -0.061886001378 0.17266899347
          -0.095801003277 -0.063274003565 0.16232800484 -0.068680003285 -0.059250999242 0.24873299897
          -0.072947002947 -0.055853001773 0.24444299936 -0.076162002981 -0.05688200146 0.24113999307
          -0.079066000879 -0.055447999388 0.23113200068 -0.085804998875 -0.053803000599 0.21285000443
          -0.094132997096 -0.045669998974 0.19366900623 -0.075851999223 -0.053686998785 0.24120500684
          -0.12365700305 -0.0080979997292 0.18804700673 -0.135668993 0.0031520000193 0.20590500534
          -0.13420300186 -0.0043190000579 0.19255200028 -0.14203199744 0.0038179999683 0.18520399928
          -0.13224600255 0.011256000027 0.22514800727 -0.14957199991 0.01012900006 0.17810299993
          -0.15307800472 0.013662000187 0.17617399991 -0.13210299611 0.019701000303 0.23613199592
          -0.16059699655 0.022029999644 0.17355899513 -0.13841600716 0.028434000909 0.23718300462
          -0.1668190062 0.042332999408 0.17546799779 -0.1763599962 0.048856999725 0.1856559962
          -0.15324699879 0.05196300149 0.24717199802 -0.15369400382 0.061406999826 0.24967700243
          -0.1888500005 0.07038000226 0.20007100701 -0.19373500347 0.07742100209 0.2028439939
          -0.19429400563 0.089216001332 0.21007199585 -0.16947700083 0.11059100181 0.26656499505
          -0.20729699731 0.10812599957 0.23194000125 -0.21068200469 0.1164740026 0.2415329963
          -0.20521299541 0.1292359978 0.28350698948 -0.21680699289 0.13071300089 0.25747200847
          -0.014585000463 -0.17493699491 0.1107589975 -0.015403999947 -0.17284399271 0.11303800344
          -0.016992999241 -0.17350199819 0.11184699833 -0.015511999838 -0.17873500288 0.10006699711
          -0.020279999822 -0.17677399516 0.091321997344 -0.027543000877 -0.17105999589 0.083873003721
          -0.01775299944 -0.1637340039 0.12286499888 -0.036821000278 -0.1625970006 0.076062999666
          -0.028519000858 -0.15312999487 0.13636900485 -0.046535998583 -0.15390999615 0.068057000637
          -0.019743999466 -0.15126499534 0.14861500263 -0.056467000395 -0.13536299765 0.073788002133
          -0.029763000086 -0.12884999812 0.17055100203 -0.051612000912 -0.11788199842 0.082602001727
          -0.019145000726 -0.119975999 0.20245799422 -0.067616999149 -0.099611997604 0.088542997837
          -0.033603999764 -0.10476700217 0.21980500221 -0.064537003636 -0.087154000998 0.099439002573
          -0.023914000019 -0.10377600044 0.23355999589 -0.036704998463 -0.094005003572 0.24416700006
          -0.023383999243 -0.099307000637 0.24916499853 -0.030821999535 -0.093616999686 0.25226598978
          -0.086645998061 -0.081597998738 0.11018300056 -0.036563001573 -0.085265003145 0.25549599528
          -0.026943000033 -0.091643996537 0.25641301274 -0.032949000597 -0.083539001644 0.257524997
          -0.08921200037 -0.075048997998 0.12224400043 -0.039785999805 -0.075456000865 0.25835201144
          -0.091040000319 -0.068047001958 0.13338600099 -0.047426000237 -0.066855996847 0.25385001302
          -0.091790996492 -0.0644050017 0.13871400058 -0.092710003257 -0.060368001461 0.14490500093
          -0.061824001372 -0.052777998149 0.24651299417 -0.095311999321 -0.052758999169 0.15420399606
          -0.094567000866 -0.055057998747 0.15128099918 -0.063703998923 -0.050089001656 0.24582000077
          -0.088986001909 -0.052659999579 0.20333999395 -0.10037299991 -0.038706000894 0.173755005
          -0.099743999541 -0.04245999828 0.16496899724 -0.074620999396 -0.038196001202 0.24162100255
          -0.077174000442 -0.039609000087 0.23178300261 -0.080692999065 -0.040329001844 0.22283299267
          -0.085344001651 -0.039457000792 0.21339799464 -0.091233000159 -0.037241000682 0.20486199856
          -0.097820997238 -0.040231000632 0.18607400358 -0.097262002528 -0.031152000651 0.19807399809
          -0.1028240025 -0.0301009994 0.18860499561 -0.10441999882 -0.029624000192 0.17861400545
          -0.1031370014 -0.022014999762 0.19779400527 -0.11296100169 -0.015731999651 0.1939509958
          -0.11532600224 -0.013830999844 0.18410499394 -0.1095290035 -0.02142399922 0.18139800429
          -0.11906100065 -0.0082350000739 0.19674700499 -0.12192899734 -0.0041290000081 0.18071399629
          -0.12675799429 -0.0019499999471 0.20042599738 -0.11358799785 0.0018759999657 0.2130690068
          -0.13007499278 0.0020119999535 0.1799390018 -0.12771199644 0.005750999786 0.21296000481
          -0.11660700291 0.0090859998018 0.22589999437 -0.14124199748 0.0096009997651 0.17460800707
          -0.13729399443 0.0089809997007 0.17292800546 -0.13967999816 0.011540999636 0.17194999754
          -0.11914400011 0.015669999644 0.23732300103 -0.14643000066 0.019754000008 0.17127299309
          -0.12024799734 0.025090999901 0.24188899994 -0.15308600664 0.028024999425 0.17075699568
          -0.12431299686 0.034639000893 0.24185800552 -0.15682800114 0.03792199865 0.17029799521
          -0.13726599514 0.039893001318 0.24050100148 -0.1415400058 0.049814999104 0.24449600279
          -0.17101299763 0.067048996687 0.18993699551 -0.15219299495 0.077638998628 0.25242400169
          -0.14895999432 0.093088999391 0.25285100937 -0.17903099954 0.08959800005 0.19728399813
          -0.20056700706 0.11339899898 0.22762900591 -0.17348200083 0.11763899773 0.27102199197
          -0.1863899976 0.1195570007 0.27740499377 -0.20446400344 0.12775099277 0.24582499266
          -0.19145700336 0.12752400339 0.28077599406 -0.19407700002 0.13039299846 0.27982598543
          -0.20190499723 0.13783100247 0.27292400599 -0.20765200257 0.1357820034 0.25552299619
          -0.20701999962 0.13984499872 0.26410898566 -0.0031190000009 -0.17486800253 0.10599599779
          -0.0029909999575 -0.17482100427 0.1064440012 -0.003408000106 -0.17498600483 0.10610900074
          -0.0033740000799 -0.17476500571 0.1055219993 -0.0015460000141 -0.17203900218 0.11636000127
          -0.0028309999034 -0.16487599909 0.12665699422 -0.0072159999982 -0.1693560034 0.11888000369
          -0.0078019998036 -0.17303499579 0.097207002342 -0.013354999945 -0.16989800334 0.088858999312
          -0.018761999905 -0.16477499902 0.084498003125 -0.026761999354 -0.15687699616 0.080103002489
          -0.0021450000349 -0.15922400355 0.13859200478 -0.0059919999912 -0.14706599712 0.16115799546
          -0.03501399979 -0.1489380002 0.077495999634 -0.041019998491 -0.14012299478 0.077393002808
          -0.013608000241 -0.14006599784 0.16756899655 -0.0030640000477 -0.13795100152 0.18238200247
          -0.04464000091 -0.13151299953 0.078464999795 -0.004087000154 -0.13219499588 0.19595600665
          -0.0039760000072 -0.12363299727 0.20786100626 -0.0062469998375 -0.11598499864 0.22006200254
          -0.0046729999594 -0.10812699795 0.24092699587 -0.0068020001054 -0.10115499794 0.25256100297
          -0.014351000078 -0.09701500088 0.25711101294 -0.074790000916 -0.08347799629 0.10253600031
          -0.021940000355 -0.089519999921 0.26000499725 -0.010072000325 -0.094270996749 0.2605420053
          -0.015314999968 -0.086277000606 0.26348799467 -0.07837100327 -0.077012002468 0.11180400103
          -0.023405000567 -0.077985003591 0.25922998786 -0.079553000629 -0.069109998643 0.12429399788
          -0.031686998904 -0.069773003459 0.25438600779 -0.082373999059 -0.061698999256 0.13304199278
          -0.041281998158 -0.061282999814 0.24635100365 -0.085547998548 -0.05422699824 0.14009800553
          -0.037335000932 -0.054076999426 0.23747800291 -0.089607998729 -0.045885000378 0.14856100082
          -0.092827998102 -0.039099998772 0.15397700667 -0.10035599768 -0.035052001476 0.16574800014
          -0.096992000937 -0.030995000154 0.16038699448 -0.065411999822 -0.034848000854 0.23799599707
          -0.071044996381 -0.02749799937 0.23849500716 -0.077903002501 -0.030192999169 0.23263500631
          -0.084787003696 -0.029238000512 0.21633400023 -0.091918997467 -0.030508000404 0.20590299368
          -0.10235899687 -0.024139000103 0.16541999578 -0.080578997731 -0.020074000582 0.23436099291
          -0.076674997807 -0.019499000162 0.24036599696 -0.087489999831 -0.019402999431 0.21766400337
          -0.094435997307 -0.020263999701 0.20757099986 -0.10711099952 -0.01533799991 0.16772300005
          -0.078019998968 -0.015926999971 0.2443960011 -0.080527000129 -0.011708999984 0.24665899575
          -0.081463001668 -0.012129999697 0.24605700374 -0.084858000278 -0.011140000075 0.23664900661
          -0.091577999294 -0.010972999968 0.21960400045 -0.09978300333 -0.011181999929 0.20871700346
          -0.11275500059 -0.0071550002322 0.16868899763 -0.084014996886 -0.0069419997744 0.24743300676
          -0.090039998293 -0.0030290000141 0.23921999335 -0.098678998649 -0.0027020000853 0.22112700343
          -0.10586299747 -0.0039630001411 0.21082599461 -0.12022600323 0.0013089999557 0.16673399508
          -0.10515599698 0.0039550000802 0.2259259969 -0.12966099381 0.0065310001373 0.16960600019
          -0.12156900018 0.0026680000592 0.16600799561 -0.12763099372 0.0096169998869 0.16448099911
          -0.10763499886 0.01080599986 0.23818700016 -0.091248996556 0.0045880000107 0.25109601021
          -0.096360996366 0.012001999654 0.25553700328 -0.1335259974 0.017705999315 0.16585999727
          -0.10644099861 0.020083000883 0.24948999286 -0.11616600305 0.016535000876 0.24052999914
          -0.13927899301 0.025772999972 0.16757999361 -0.11052700132 0.028588000685 0.2476260066
          -0.14364899695 0.036061998457 0.16704900563 -0.12530699372 0.045956000686 0.24543100595
          -0.14822299778 0.052195999771 0.17146900296 -0.13302800059 0.053778000176 0.24484199286
          -0.14450399578 0.069908998907 0.24835599959 -0.17350499332 0.08136600256 0.19416199625
          -0.16465100646 0.10098499805 0.26117700338 -0.18362599611 0.10006999969 0.20563299954
          -0.19206400216 0.11884299666 0.22428199649 -0.17897300422 0.12604999542 0.27386900783
          -0.19436599314 0.12745599449 0.23662999272 -0.18939100206 0.12991400063 0.27778398991
          -0.19584099948 0.13473400474 0.24828200042 -0.19724400342 0.13445499539 0.24884900451
          -0.19580200315 0.13522000611 0.24943399429 -0.18378999829 0.13672800362 0.26480400562
          -0.1832640022 0.13774900138 0.2542130053 0.0091620003805 -0.1708330065 0.11198099703
          0.0095910001546 -0.16959400475 0.11581499875 0.0045309998095 -0.17229500413 0.11381799728
          0.0046270000748 -0.16933999956 0.10282800347 0.0095269996673 -0.1661940068 0.12295699865
          0.0095520000905 -0.16044400632 0.13384999335 0.0023280000314 -0.16539500654 0.12599900365
          -0.00094800000079 -0.1660899967 0.094952002168 -0.0085260001943 -0.15969100595 0.08703699708
          -0.016096999869 -0.15098899603 0.083846002817 0.020422000438 -0.148969993 0.15283699334
          -0.021440999582 -0.13358399272 0.087751999497 0.0016820000019 -0.14334200323 0.17101399601
          0.0042280000634 -0.13593399525 0.19272699952 0.010018000379 -0.13907900453 0.17777499557
          -0.023068999872 -0.11943300068 0.088408000767 0.010339000262 -0.1259150058 0.21083900332
          0.0023709998932 -0.12932699919 0.20409600437 -0.028698999435 -0.11479000002 0.088904000819
          0.0072099999525 -0.113613002 0.23602199554 0.009887999855 -0.11903899908 0.22303900123
          0.012085000053 -0.10692699999 0.2453339994 0.004829000216 -0.096399001777 0.25930500031
          -0.00036700000055 -0.089565001428 0.26540499926 -0.06512799859 -0.079317003489 0.10571300238
          -0.0061659999192 -0.080619998276 0.26491999626 -0.015246000141 -0.071874000132 0.2584759891
          -0.022266000509 -0.067080996931 0.2504259944 -0.020822999999 -0.058120001107 0.23880699277
          -0.08045899868 -0.041294999421 0.14676000178 -0.045970998704 -0.035192999989 0.22659400105
          -0.083471000195 -0.031028000638 0.15204000473 -0.05912199989 -0.029455000535 0.23057700694
          -0.090052001178 -0.024945000187 0.15618699789 -0.095268003643 -0.016954999417 0.15919800103
          -0.070183999836 -0.013384000398 0.23508700728 -0.10081399977 -0.0089180003852 0.16141599417
          -0.079225003719 -0.010187000036 0.24524399638 -0.069821998477 0.0036279999185 0.23608699441
          -0.10710900277 -0.0007709999918 0.16176100075 -0.078405998647 0.0022730000783 0.2464620024
          -0.082774996758 -0.00093199999537 0.2472819984 -0.11854699999 0.0030900000129 0.16477699578
          -0.1136379987 0.0072150002234 0.16130399704 -0.081770002842 0.0099919997156 0.25389298797
          -0.12019599974 0.015452999622 0.16174300015 -0.084905996919 0.017534000799 0.26163101196
          -0.088979996741 0.01503800042 0.26167699695 -0.12629899383 0.023714000359 0.16235099733
          -0.093387998641 0.023785000667 0.26403999329 -0.089216001332 0.025535000488 0.26709699631
          -0.10022799671 0.021965000778 0.25592601299 -0.12690800428 0.039590999484 0.16227599978
          -0.093055002391 0.029637999833 0.26408201456 -0.10068500042 0.036198999733 0.25691398978
          -0.10942099988 0.042989000678 0.25113099813 -0.14344200492 0.047963999212 0.16756500304
          -0.11661399901 0.051217000932 0.24787299335 -0.12375699729 0.059595998377 0.2465569973
          -0.15593500435 0.070897996426 0.18396599591 -0.13068699837 0.069027997553 0.24638700485
          -0.16070200503 0.079374998808 0.18849000335 -0.14197899401 0.083830997348 0.2490939945
          -0.16557200253 0.087270997465 0.19235000014 -0.1696459949 0.095094002783 0.19810800254
          -0.15663400292 0.10592100024 0.25711300969 -0.17322400212 0.10266499966 0.20481699705
          -0.17600500584 0.12200699747 0.22101899981 -0.16252599657 0.11574299634 0.26190400124
          -0.16782699525 0.12374500185 0.26471298933 -0.17406700552 0.13188299537 0.26526200771
          -0.17364400625 0.13115000725 0.22910599411 -0.18386100233 0.13479800522 0.24284900725
          0.018199000508 -0.16378700733 0.11562599987 0.016642000526 -0.16478900611 0.10923700035
          0.013821000233 -0.16314899921 0.10509700328 0.019006000832 -0.16314600408 0.11920099705
          0.019925000146 -0.15675500035 0.13635499775 0.0059529999271 -0.15310899913 0.094518996775
          0.031458999962 -0.1373949945 0.17791099846 0.028039999306 -0.12767000496 0.21029299498
          0.024071000516 -0.13303700089 0.19498999417 -0.042130999267 -0.097130998969 0.096557997167
          0.025080999359 -0.11052700132 0.24206599593 0.029755000025 -0.11943999678 0.22664199769
          0.016679000109 -0.091701999307 0.26540100574 -0.03915400058 -0.085043996572 0.10428500175
          0.011022999883 -0.083391003311 0.27025198936 0.0027089999057 -0.074781998992 0.26505500078
          -0.055652998388 -0.063804998994 0.11794299632 9.4000002719e-005 -0.072563998401 0.26271799207
          -0.0063510001637 -0.068240001798 0.25490000844 -0.056945998222 -0.055442001671 0.12892399728
          -0.030136000365 -0.049336999655 0.23105199635 -0.067674003541 -0.043333999813 0.14234000444
          -0.067088000476 -0.030641999096 0.14865800738 -0.053010001779 -0.023283999413 0.22438499331
          -0.079366996884 -0.014094999991 0.15452800691 -0.05891700089 -0.015193999745 0.22573700547
          -0.082840003073 -0.00034500000766 0.15609000623 -0.064005002379 -0.0072240000591 0.22891099751
          -0.088910996914 0.004060999956 0.15689599514 -0.10426700115 0.013473000377 0.15932799876
          -0.075243003666 0.015376999974 0.24666799605 -0.10634499788 0.048992998898 0.15916700661
          -0.078937001526 0.024524999782 0.25771799684 -0.081145003438 0.031420998275 0.26561701298
          -0.086120001972 0.039374999702 0.26920899749 -0.091724999249 0.037338998169 0.26416999102
          -0.096964001656 0.048631001264 0.2575519979 -0.13422800601 0.05452099815 0.16454400122
          -0.10744100064 0.056898001581 0.25057598948 -0.14044000208 0.061687000096 0.16931800544
          -0.11462199688 0.065218001604 0.24732999504 -0.12147700042 0.07258900255 0.24531200528
          -0.14873999357 0.077270999551 0.18093800545 -0.12960000336 0.082906000316 0.24445599318
          -0.15296399593 0.085798002779 0.18520699441 -0.15746299922 0.093151003122 0.19096200168
          -0.14026799798 0.098461002111 0.24668799341 -0.15986099839 0.10023900121 0.19839799404
          -0.14615599811 0.10610000044 0.24852600694 -0.16248999536 0.10901600122 0.20876599848
          -0.15675100684 0.12198399752 0.25491300225 -0.16141599417 0.13103699684 0.25582900643
          -0.17152999341 0.13489499688 0.25947600603 -0.17145200074 0.13698199391 0.24906000495
          -0.17354899645 0.13583399355 0.23907999694 0.022849999368 -0.15681099892 0.10716199875
          0.028787000105 -0.15536299348 0.12645299733 0.029380999506 -0.15159599483 0.14112100005
          0.026887999848 -0.15770299733 0.11625400186 0.037135001272 -0.14282299578 0.16538399458
          0.0059329997748 -0.1403760016 0.095450997353 0.0026400000788 -0.12126900256 0.09755499661
          0.047051999718 -0.13876999915 0.17418600619 0.042002998292 -0.11462300271 0.24114899337
          0.040454000235 -0.10754899681 0.25277599692 0.037484999746 -0.098613001406 0.26436901093
          -0.021082999185 -0.089550003409 0.10019800067 0.027625000104 -0.086015000939 0.273766011
          0.021851999685 -0.077844001353 0.27543601394 -0.040686998516 -0.065650001168 0.11522100121
          0.013856999576 -0.070992998779 0.26772099733 0.0086380001158 -0.068115003407 0.25943601131
          0.0073199998587 -0.059478998184 0.24783800542 -0.013376000337 -0.051995001733 0.23394499719
          -0.051585000008 -0.046314999461 0.1362940073 -0.022363999858 -0.044576000422 0.22720900178
          -0.054937001318 -0.034008998424 0.14539800584 -0.03095600009 -0.03490800038 0.22331899405
          -0.039354998618 -0.025442000479 0.22077900171 -0.05760499835 -0.018403999507 0.15122799575
          -0.046091999859 -0.017209000885 0.2202180028 -0.051941998303 -0.0091490000486 0.22161999345
          -0.057337999344 -0.00094400002854 0.22496899962 -0.063717000186 0.009661000222 0.23250499368
          -0.066878996789 0.024311000481 0.24265900254 -0.073835000396 0.037432000041 0.26248601079
          -0.07519800216 0.041981000453 0.26842701435 -0.07616700232 0.044985000044 0.27225500345
          -0.082255996764 0.041241001338 0.27131599188 -0.079942002892 0.049091998488 0.27083000541
          -0.085185997188 0.053114999086 0.26620399952 -0.093663997948 0.05929800123 0.25555801392
          -0.100755997 0.065392002463 0.24924400449 -0.13362899423 0.067822001874 0.16516600549
          -0.10678700358 0.071731001139 0.24533499777 -0.13797800243 0.075360998511 0.16981799901
          -0.11444800347 0.079576000571 0.24254199862 -0.14213700593 0.083520002663 0.17581699789
          -0.12198600173 0.087617002428 0.23978599906 -0.14660100639 0.091705001891 0.18151000142
          -0.12890399992 0.095113001764 0.23920099437 -0.14930999279 0.099592998624 0.19054399431
          -0.1316049993 0.10943400115 0.23092000186 -0.13959699869 0.11475899816 0.23522700369
          -0.15321700275 0.11390300095 0.21035799384 -0.15040299296 0.11539699882 0.24991199374
          -0.14577500522 0.12099800259 0.23885799944 -0.16018900275 0.12676799297 0.22222700715
          -0.1552489996 0.12379900366 0.25243601203 -0.15416799486 0.12795899808 0.24141299725
          -0.16176499426 0.13447099924 0.24494500458 -0.16551600397 0.13462300599 0.2356889993
          -0.15807400644 0.12971399724 0.23142899573 0.037122000009 -0.15060099959 0.12327600271
          0.039324998856 -0.14871799946 0.13332100213 0.033305000514 -0.1500660032 0.11404900253
          0.028728999197 -0.14839400351 0.10520599782 0.023429999128 -0.14322599769 0.10202799737
          0.045552000403 -0.14249099791 0.16365100443 0.043125998229 -0.14503200352 0.15245400369
          0.050319001079 -0.12794099748 0.21088400483 0.052654001862 -0.12166299671 0.22850599885
          -0.0046009998769 -0.10988599807 0.095398999751 0.053801998496 -0.11885800213 0.23791700602
          0.053406000137 -0.11299400032 0.24967500567 -0.013249999844 -0.10241899639 0.094989001751
          0.051766000688 -0.10536299646 0.26246899366 0.049490001053 -0.096992999315 0.27418398857
          0.044355999678 -0.089019998908 0.27818000317 -0.027711000293 -0.073948003352 0.11203499883
          0.043386999518 -0.079622998834 0.28696200252 0.031214000657 -0.074055999517 0.28222998977
          0.035369999707 -0.072650000453 0.28627100587 -0.025041999295 -0.057457000017 0.1221209988
          0.031629998237 -0.069761998951 0.28231701255 0.026322999969 -0.066992998123 0.27384498715
          0.022196000442 -0.065994001925 0.26477399468 0.016830999404 -0.063331000507 0.25602599978
          -0.028312999755 -0.049706999213 0.12691099942 0.016085999086 -0.050225999206 0.24297499657
          -0.0102260001 -0.042667001486 0.22815699875 -0.018488999456 -0.034696001559 0.222954005
          -0.030734999105 -0.018982000649 0.21831400692 -0.036619998515 -0.0095680002123 0.21741500497
          -0.064545996487 -0.0074089998379 0.15435700119 -0.042323999107 -0.0011930000037 0.21891699731
          -0.047228001058 0.0062460000627 0.22191700339 -0.053562998772 0.01659199968 0.22904999554
          -0.062588997185 0.041294001043 0.25474700332 -0.062755003572 0.054522000253 0.27110698819
          -0.11304499954 0.069535002112 0.15794800222 -0.075107000768 0.059099998325 0.2694259882
          -0.075134001672 0.059124998748 0.26940700412 -0.08936599642 0.068429000676 0.2507340014
          -0.12616500258 0.07412199676 0.16174000502 -0.097594000399 0.075736999512 0.24387100339
          -0.12642000616 0.086519002914 0.15928900242 -0.1035130024 0.080931000412 0.23917299509
          -0.13552199304 0.090012997389 0.16818800569 -0.11595600098 0.094896003604 0.23056100309
          -0.13925899565 0.097907997668 0.17775900662 -0.12094199657 0.10680299997 0.22468900681
          -0.14013800025 0.10469099879 0.19076000154 -0.14150899649 0.11210399866 0.20284299552
          -0.13888299465 0.1195909977 0.22404000163 -0.14318799973 0.11971499771 0.21462200582
          -0.14816500247 0.12343999743 0.22765600681 -0.1540530026 0.12328699976 0.21936699748
          0.052756998688 -0.14053200185 0.15050199628 0.054937001318 -0.139120996 0.15957300365
          0.050857998431 -0.14356200397 0.13968600333 0.048643998802 -0.14542900026 0.12964600325
          0.044169999659 -0.14390900731 0.12075199932 0.037202000618 -0.13845199347 0.11106099933
          0.03058199957 -0.1388989985 0.10559699684 0.057787001133 -0.13685199618 0.17119500041
          0.028992999345 -0.1293990016 0.1061289981 0.013034000061 -0.11293599755 0.10383699834
          0.0084790000692 -0.10335300118 0.10233099759 0.064618997276 -0.10817199945 0.25033798814
          0.0056670000777 -0.093161001801 0.10423800349 0.062339000404 -0.098535001278 0.2681620121
          0.061880998313 -0.089806996286 0.27823200822 0.056673999876 -0.083141997457 0.28602901101
          -0.0025710000191 -0.082841999829 0.10931900144 -0.0072309998795 -0.060633998364 0.1242299974
          0.054533999413 -0.076011002064 0.29613700509 0.045547999442 -0.069897003472 0.2982159853
          0.052062999457 -0.068025000393 0.30476400256 0.038904998451 -0.071561999619 0.29003000259
          0.043131999671 -0.059454001486 0.29986399412 0.039400000125 -0.058954000473 0.2905780077
          0.036695998162 -0.060098998249 0.28079599142 0.034044999629 -0.059774998575 0.27017098665
          0.030217999592 -0.059103999287 0.26214900613 0.024218000472 -0.05700699985 0.25352299213
          -0.035567998886 -0.034258000553 0.13999800384 0.0020590000786 -0.039363000542 0.23099400103
          -0.0046190000139 -0.028658000752 0.22352899611 -0.041912999004 -0.023610999808 0.14551599324
          -0.012404999696 -0.010672999546 0.21768300235 -0.050374999642 -0.0083560002968 0.15158599615
          -0.057105001062 -0.00064099999145 0.15378899872 -0.068599000573 0.023589000106 0.15447199345
          -0.045690998435 0.030556000769 0.23290400207 -0.053162001073 0.033546000719 0.23916399479
          -0.0765959993 0.03655000031 0.15676000714 -0.066771000624 0.064632996917 0.270581007
          -0.07507699728 0.059160001576 0.26941800117 -0.074152000248 0.069738000631 0.25882801414
          -0.080279000103 0.073652997613 0.25066798925 -0.087405003607 0.078013002872 0.24276599288
          -0.093745999038 0.083618998528 0.23535099626 -0.10281100124 0.091608002782 0.22847600281
          -0.12989500165 0.097833998501 0.16336199641 -0.13236799836 0.10349400342 0.17369200289
          -0.13162900507 0.10920999944 0.18749700487 -0.13194400072 0.11601100117 0.19871300459
          -0.12641599774 0.11680100113 0.2182970047 -0.13147200644 0.11945100129 0.20963700116
          0.05681400001 -0.13492700458 0.13783100247 0.058816000819 -0.13400200009 0.14591600001
          0.05554100126 -0.13006000221 0.12712499499 0.047864999622 -0.13253200054 0.12002500147
          0.069747000933 -0.12853099406 0.167561993 0.039282001555 -0.12379699945 0.11274400353
          0.073980003595 -0.11505900323 0.22993199527 0.026353999972 -0.11491200328 0.10808199644
          0.016270000488 -0.099114000797 0.10520599782 0.075266003609 -0.099804997444 0.26174500585
          0.077271997929 -0.092005997896 0.27654799819 0.069302000105 -0.081219002604 0.28816199303
          0.011099999771 -0.07060199976 0.11967100203 0.079115003347 -0.078524000943 0.29368299246
          0.07060199976 -0.06902500242 0.30888399482 0.070955999196 -0.059751998633 0.32019999623
          -0.012844000012 -0.051291000098 0.12803100049 0.057707998902 -0.055631998926 0.3176600039
          0.048987999558 -0.058529999107 0.30832099915 0.050868999213 -0.045864000916 0.28457400203
          0.041423000395 -0.044440999627 0.25780400634 -0.017394000664 -0.043678000569 0.13251000643
          0.056122001261 -0.051213998348 0.31664600968 0.050974000245 -0.04868600145 0.3080919981
          0.04831700027 -0.049887999892 0.29827800393 0.035167001188 -0.042325999588 0.24891699851
          -0.012833000161 -0.031808998436 0.14212599397 0.016063999385 -0.02670500055 0.22691400349
          -0.016805000603 -0.022955000401 0.14673300087 -0.022683000192 -0.015583000146 0.14871299267
          -0.031339000911 -0.0054540000856 0.15090799332 -0.039570000023 0.044406000525 0.24091799557
          -0.086143001914 0.063357003033 0.15687799454 -0.056253999472 0.070412002504 0.27328300476
          -0.10322800279 0.07744999975 0.15475900471 -0.062052998692 0.07404500246 0.26490500569
          -0.065659999847 0.075675003231 0.25798898935 -0.071970999241 0.081211999059 0.24448299408
          -0.11403699964 0.097056999803 0.15403099358 -0.086300998926 0.088817000389 0.23126900196
          -0.094846002758 0.096047997475 0.22504299879 -0.11774999648 0.10633199662 0.1563539952
          -0.10457199812 0.1062130034 0.21881300211 -0.12175299972 0.11221700162 0.16643500328
          -0.11353299767 0.11648900062 0.21317100525 -0.12407899648 0.11606899649 0.1855430007
          -0.12066599727 0.12040600181 0.20531100035 -0.12330199778 0.11917100102 0.19548499584
          0.069833002985 -0.12508299947 0.15605300665 0.062451999635 -0.1264860034 0.13603100181
          0.049857001752 -0.11886999756 0.12063200027 0.10031799972 -0.11450999975 0.20470699668
          0.11148799956 -0.11174400151 0.20036099851 0.044456001371 -0.11271899939 0.11752299964
          0.084003001451 -0.11076200008 0.23608000576 0.029163999483 -0.1018410027 0.10927899927
          0.02863400057 -0.091782003641 0.10718099773 0.093548998237 -0.1061289981 0.24298900366
          0.023237999529 -0.083873003721 0.11000200361 0.015783000737 -0.077762000263 0.11536999792
          0.01562099997 -0.056457001716 0.12779299915 0.084503002465 -0.072548002005 0.30632901192
          0.080540001392 -0.065116003156 0.31645399332 0.019833000377 -0.044879000634 0.13229699433
          0.07648999989 -0.057459998876 0.32249599695 -0.0012260000221 -0.041758999228 0.13310700655
          0.065296001732 -0.052808001637 0.32358199358 0.071461997926 -0.049497999251 0.32595899701
          0.045901998878 -0.045021999627 0.26703599095 0.060910001397 -0.044041998684 0.3259370029
          0.065972998738 -0.041467998177 0.32831498981 0.056586999446 -0.043871000409 0.31689700484
          0.054225001484 -0.042164001614 0.30714699626 0.056570000947 -0.036706000566 0.28676199913
          0.06171900034 -0.037161000073 0.32601699233 0.058602999896 -0.033463999629 0.31561601162
          0.028302999213 -0.02325299941 0.23081000149 0.0077900001779 -0.018330000341 0.22038500011
          0.00052399997367 -0.010239000432 0.2175720036 0.001883000019 0.0038590000477 0.21652799845
          -0.011915000156 0.0065460000187 0.21662400663 -0.038733001798 0.0098799997941 0.15456500649
          -0.016296999529 0.016114000231 0.21794199944 -0.043781001121 0.017550999299 0.15478600562
          -0.021877000108 0.023668000475 0.22115400434 -0.030944999307 0.032065000385 0.22817699611
          -0.065153002739 0.04271100089 0.15295100212 -0.068796999753 0.058410998434 0.15395399928
          -0.037098001689 0.055879000574 0.25504401326 -0.039344001561 0.068067997694 0.27657800913
          -0.046418000013 0.076123997569 0.27579900622 -0.049830999225 0.078169003129 0.27092000842
          -0.054935000837 0.080632999539 0.2623449862 -0.072077997029 0.098907001317 0.22701999545
          -0.096671998501 0.12207700312 0.20723700523 -0.11774100363 0.11253300309 0.16022999585
          -0.10537199676 0.11939100176 0.20894500613 -0.11677200347 0.12198899686 0.18426300585
          -0.11856199801 0.11894900352 0.171807006 -0.11099100113 0.12377200276 0.20111200213
          0.072553999722 -0.11912800372 0.14299300313 0.07973100245 -0.1163560003 0.15154500306
          0.068037003279 -0.11754400283 0.13412000239 0.060628000647 -0.11373399943 0.12776699662
          0.097456999123 -0.10961300135 0.23045800626 0.036763001233 -0.087445996702 0.11187399924
          0.10161499679 -0.095602996647 0.26234701276 0.10082700104 -0.089584000409 0.27900600433
          0.031488999724 -0.079054996371 0.11606100202 0.095958001912 -0.083961002529 0.28977799416
          0.023907000199 -0.066403999925 0.12451399863 0.099353000522 -0.074790000916 0.30809998512
          0.089464001358 -0.070284001529 0.31245198846 0.100755997 -0.066124998033 0.31951799989
          0.088079996407 -0.050999999046 0.32478299737 0.081623002887 -0.044925998896 0.32646900415
          0.075461998582 -0.035776998848 0.33009499311 0.053144000471 -0.032170999795 0.26566100121
          0.047720998526 -0.033525001258 0.25630301237 0.041949998587 -0.03151300177 0.24790200591
          0.0051959999837 -0.020059999079 0.14453999698 0.072509996593 -0.026203999296 0.33289000392
          0.062460999936 -0.030578000471 0.32610800862 0.00041599999531 -0.012803999707 0.14773799479
          0.063891999424 -0.018089000136 0.32645401359 0.02054899931 -0.015266999602 0.22272799909
          -0.0054649999365 -0.0045980000868 0.15012699366 0.010590000078 -0.0048170001246 0.21752299368
          -0.030649000779 0.012457000092 0.1531829983 -0.043218001723 0.035440001637 0.15255600214
          -0.01108300034 0.041985001415 0.22997899354 -0.054565999657 0.046165999025 0.15099300444
          -0.019299000502 0.054329998791 0.24514199793 -0.027594000101 0.060208000243 0.25692999363
          -0.025917999446 0.075248003006 0.28190898895 -0.089693002403 0.088293999434 0.1510899961
          -0.03750000149 0.081828996539 0.27645000815 -0.042867999524 0.084988996387 0.26843899488
          -0.045271001756 0.087783999741 0.25900998712 -0.04428299889 0.094033002853 0.24908599257
          -0.053628001362 0.098742999136 0.23551100492 -0.095918998122 0.097648002207 0.15162099898
          -0.10212600231 0.10576599836 0.15203599632 -0.083261996508 0.1143900007 0.21322500706
          -0.10746499896 0.1138010025 0.15444999933 -0.088418997824 0.12838099897 0.20336399972
          -0.11236300319 0.1217449978 0.15851899981 -0.10245600343 0.1284839958 0.19847799838
          -0.11255600303 0.12720300257 0.16980999708 -0.10610599816 0.12768800557 0.18886199594
          0.097496002913 -0.1094449982 0.16379800439 0.079442001879 -0.11219599843 0.14055000246
          0.072373002768 -0.10830499977 0.13367000222 0.10967999697 -0.10699799657 0.23694600165
          0.10910099745 -0.10927499831 0.22621199489 0.10775399953 -0.11119800061 0.21346600354
          0.064074002206 -0.098927997053 0.12796999514 0.051543001086 -0.089616000652 0.1206850037
          0.12083300203 -0.1014989987 0.24427999556 0.050494000316 -0.081739999354 0.12128400058
          0.11416299641 -0.091101996601 0.27147099376 0.11328499764 -0.084845997393 0.2914249897
          0.038919001818 -0.067124001682 0.12819799781 0.11286400259 -0.079428002238 0.3050430119
          0.10886999965 -0.071423999965 0.31722199917 0.033808000386 -0.05875299871 0.13065700233
          0.027857000008 -0.050236001611 0.13143399358 0.10061299801 -0.053700000048 0.32385501266
          0.025733999908 -0.028994999826 0.13784599304 0.083815999329 -0.029946999624 0.3294480145
          0.079328000546 -0.022064000368 0.33421099186 0.063372001052 -0.020485000685 0.29974499345
          0.063037998974 -0.019138999283 0.28372699022 0.051336999983 -0.012039000168 0.25026699901
          0.040580000728 -0.016442000866 0.23788699508 0.069472000003 -0.016385000199 0.33489999175
          0.074061997235 -0.014066999778 0.33710199594 0.063467003405 -0.013345999643 0.31601798534
          0.034021001309 -0.012999000028 0.23052999377 0.026404000819 -0.0070190001279 0.22359199822
          0.07035099715 -0.010402999818 0.334897995 0.065076000988 -0.0075960000977 0.32641398907
          0.017667999491 0.0015170000261 0.21918399632 0.011750999838 0.010507999919 0.21840299666
          -0.010483000427 0.011889000423 0.15099999309 -0.03134899959 0.032953999937 0.15226499736
          0.0020089999307 0.027008999139 0.2215449959 -0.0034640000667 0.034595001489 0.22461600602
          -0.050248000771 0.058332998306 0.15167100728 -0.0068789999932 0.051398001611 0.23972399533
          -0.016402000561 0.062027998269 0.25616198778 -0.017385000363 0.07365000248 0.2782100141
          -0.063148997724 0.085671000183 0.14973300695 -0.061135001481 0.070707000792 0.15194800496
          -0.018612999469 0.07896400243 0.28533399105 -0.023462999612 0.083531998098 0.28197601438
          -0.032673999667 0.08560500294 0.27543199062 -0.034832000732 0.090199001133 0.26541399956
          -0.087382003665 0.10344900191 0.15104800463 -0.081318996847 0.095335997641 0.1500750035
          -0.062440998852 0.1063079983 0.22266900539 -0.091548003256 0.11235900223 0.15337499976
          -0.073339998722 0.11455799639 0.21302600205 -0.098508998752 0.11952900141 0.15540200472
          -0.10375600308 0.12752300501 0.15833899379 -0.094798997045 0.13412000239 0.19562600553
          -0.098289996386 0.13383099437 0.18637600541 -0.1020969972 0.13396799564 0.17671899498
          -0.10558799654 0.13401499391 0.16732600331 0.12048900127 -0.1090419963 0.22007100284
          0.091205000877 -0.1073840037 0.14679799974 0.085366003215 -0.10219699889 0.13847599924
          0.12069500238 -0.10503900051 0.23227900267 0.075377002358 -0.093929998577 0.13249999285
          0.066266000271 -0.085479997098 0.12764599919 0.059946000576 -0.077115997672 0.12633399665
          0.12532299757 -0.085826002061 0.28014600277 0.12550599873 -0.079783000052 0.29946100712
          0.049633998424 -0.062321998179 0.13395799696 0.11806900054 -0.075814001262 0.31127598882
          0.12816299498 -0.071374997497 0.31795701385 0.12043700367 -0.065337002277 0.32167598605
          0.11604599655 -0.056437000632 0.32358598709 0.038989000022 -0.043343998492 0.13737599552
          0.11366699636 -0.046477999538 0.32548299432 0.030303999782 -0.036928001791 0.13439099491
          0.097460001707 -0.032102998346 0.32581400871 0.016537999734 -0.014085000381 0.14500300586
          0.092074997723 -0.023659000173 0.32866200805 0.086387000978 -0.015638999641 0.32987600565
          0.061868000776 -0.012188999914 0.27323499322 0.010367999785 -0.0049459999427 0.1474609971
          0.080109000206 -0.007340000011 0.3313190043 0.066501997411 -0.0051049999893 0.30017799139
          0.064654998481 -0.010541999713 0.28302299976 0.043366998434 -0.0021720000077 0.23767000437
          0.036848001182 -0.0016680000117 0.23062700033 0.0043999999762 0.0031530000269 0.14866499603
          0.072604000568 0.00041099998634 0.32723000646 0.064562000334 -0.00084799999604 0.31619000435
          0.066230997443 0.0033760000952 0.30654299259 0.027977000922 0.0065799998119 0.22429400682
          0.06996999681 0.0022380000446 0.32497501373 0.065270997584 0.0040939999744 0.31619501114
          0.02332800068 0.016568999738 0.22402299941 -0.0089689996094 0.020093999803 0.15176899731
          0.012453000061 0.031734999269 0.22640499473 -0.019535999745 0.038575001061 0.15238000453
          0.0068760002032 0.039941001683 0.2298399955 -0.031987000257 0.051947999746 0.15333400667
          0.0021359999664 0.047309000045 0.23547899723 -0.0052459998988 0.060761999339 0.25233599544
          -0.047265999019 0.068033002317 0.15084600449 -0.0126369996 0.072962999344 0.27675798535
          -0.053481999785 0.076653003693 0.14946199954 -0.0035129999742 0.076581001282 0.2852460146
          -0.0021470000502 0.069664001465 0.27197998762 -0.0097759999335 0.084738001227 0.28569701314
          -0.066583000124 0.093102000654 0.1496039927 -0.01580600068 0.089311003685 0.27914300561
          -0.021733999252 0.09257800132 0.27063399553 -0.072475999594 0.10116499662 0.1502110064
          -0.033468000591 0.098572999239 0.24798800051 -0.042649999261 0.102636002 0.23465399444
          -0.078080996871 0.10915499926 0.15252700448 -0.054152999073 0.11150299758 0.21867099404
          -0.05796900019 0.11648499966 0.21143700182 -0.069057002664 0.12263599783 0.20593099296
          -0.085959002376 0.12687300146 0.15855799615 -0.079167000949 0.13228799403 0.19961300492
          -0.09391900152 0.13410100341 0.16228500009 -0.086753003299 0.13859799504 0.19231300056
          -0.090639002621 0.13923700154 0.18312099576 -0.094306997955 0.1395470053 0.17381800711
          0.12758399546 -0.10764300078 0.20758399367 0.10846000165 -0.10463500023 0.16105000675
          0.10398200154 -0.10409300029 0.15253099799 0.098486997187 -0.1010439992 0.1441539973
          0.093177996576 -0.096354998648 0.13916100562 0.14105400443 -0.095476001501 0.24029499292
          0.13870699704 -0.093208000064 0.25665900111 0.13832899928 -0.099498003721 0.22534799576
          0.086374998093 -0.085639998317 0.13426600397 0.078541003168 -0.080369003117 0.1323210001
          0.073057003319 -0.069752000272 0.13098299503 0.13721199334 -0.084981001914 0.28108900785
          0.1367560029 -0.077985003591 0.30360299349 0.068297997117 -0.061624001712 0.13474500179
          0.13971200585 -0.074625998735 0.31313100457 0.13887700438 -0.066390998662 0.32435899973
          0.061142001301 -0.055291000754 0.13930800557 0.1343870014 -0.057907000184 0.32737898827
          0.055245999247 -0.047626998276 0.14330899715 0.12760600448 -0.050379000604 0.32781401277
          0.047118000686 -0.030842000619 0.14809599519 0.11418499798 -0.036072999239 0.32564800978
          0.035565998405 -0.021839000285 0.14443099499 0.10577599704 -0.026254000142 0.32492399216
          0.030876999721 -0.015394999646 0.14518800378 0.09932500124 -0.018084000796 0.32496699691
          0.025510000065 -0.007292999886 0.14734700322 0.098754003644 -0.0047679999843 0.3216829896
          0.019071999937 0.0014329999685 0.14739599824 0.091085001826 0.0021979999729 0.32354798913
          0.064815998077 -0.00022000000172 0.28243198991 0.061356000602 0.00098999997135 0.27017900348
          0.050115000457 0.0012150000548 0.24706600606 0.01263799984 0.010769999586 0.14671100676
          0.064280003309 0.011978000402 0.28943601251 0.049040999264 0.018580999225 0.25120198727
          0.04195100069 0.015514999628 0.23922200501 0.03617399931 0.0090180002153 0.23096899688
          0.077001996338 0.008953999728 0.32245901227 0.070448003709 0.01504200045 0.31774300337
          0.067258000374 0.013523000292 0.31593999267 0.064997002482 0.015356999822 0.30619901419
          0.034030999988 0.01938300021 0.23265099525 0.0044619999826 0.028860999271 0.15045799315
          0.068236999214 0.016904000193 0.31573799253 0.0301009994 0.029139000922 0.23419299722
          0.025578999892 0.037873998284 0.23614799976 0.019897000864 0.045570999384 0.23921500146
          0.012577000074 0.052336998284 0.24357999861 -0.010935000144 0.063573002815 0.1508180052
          0.0072699999437 0.061395999044 0.25680300593 -0.038325998932 0.074281997979 0.1493729949
          -0.029857000336 0.07942199707 0.14885400236 0.0096530001611 0.06859099865 0.2760219872
          -0.045267999172 0.082543998957 0.14817200601 0.0037380000576 0.07910399884 0.29209199548
          0.015355000272 0.073677003384 0.29413500428 0.0096939997748 0.081730999053 0.29607701302
          -0.052032999694 0.093099996448 0.14884799719 0.0056019998156 0.084850996733 0.2916649878
          -0.00089999998454 0.089428000152 0.28379899263 -0.056127998978 0.099095001817 0.1502200067
          -0.0064699999057 0.093693003058 0.27577599883 -0.011272000149 0.098168000579 0.26174101233
          -0.063193999231 0.10690200329 0.15174399316 -0.031246000901 0.10844899714 0.22526399791
          -0.071622997522 0.12006899714 0.15618799627 -0.059363998473 0.12522700429 0.20191699266
          -0.075167998672 0.13311399519 0.16383199394 -0.068221002817 0.13324099779 0.19501100481
          -0.074711002409 0.13894100487 0.18746800721 -0.082318000495 0.13823099434 0.16882899404
          -0.07840000093 0.14059899747 0.17775699496 0.13718099892 -0.105479002 0.20372499526
          0.13910600543 -0.1030369997 0.21385499835 0.13360400498 -0.10492800176 0.19381399453
          0.11805000156 -0.10274100304 0.15756799281 0.12198600173 -0.10330200195 0.16670100391
          0.11148700118 -0.098125003278 0.14994600415 0.1033859998 -0.090986996889 0.14317199588
          0.1468770057 -0.090262003243 0.26391899586 0.15249800682 -0.083052001894 0.29121899605
          0.16138400137 -0.086056001484 0.27881601453 0.14984500408 -0.078720003366 0.3084860146
          0.091967999935 -0.061507999897 0.14233000576 0.1606169939 -0.068026997149 0.3349069953
          0.14764499664 -0.07182700187 0.32073000073 0.15830500424 -0.076627001166 0.31917500496
          0.087788999081 -0.053502999246 0.14667899907 0.14893600345 -0.062185999006 0.33217799664
          0.070206999779 -0.042102999985 0.15054799616 0.1406749934 -0.04348000139 0.33438199759
          0.056876998395 -0.027623999864 0.15325799584 0.13023999333 -0.037489000708 0.32875800133
          0.12056100368 -0.029093999416 0.32530799508 0.047639999539 -0.020521000028 0.15180300176
          0.11455299705 -0.020717000589 0.32328099012 0.042238999158 -0.0099569996819 0.15112000704
          0.1066140011 -0.012085000053 0.3216060102 0.036837998778 -0.0012400000123 0.15180000663
          0.039115000516 0.011176000349 0.15425300598 0.026552999392 0.026080999523 0.15145300329
          0.085554003716 0.01360299997 0.31930398941 0.060520999134 0.01321300026 0.2756280005
          0.079269997776 0.020850000903 0.31734499335 0.071105003357 0.030045999214 0.31565698981
          0.064011998475 0.026783000678 0.30724701285 0.061459001154 0.028355000541 0.29755699635
          0.057206001133 0.029844999313 0.28190898895 0.044853001833 0.032822001725 0.25252598524
          0.038120999932 0.031440000981 0.24236600101 0.0026430001017 0.041487000883 0.15074299276
          0.063675001264 0.036586999893 0.30798101425 0.058171000332 0.038665000349 0.29969000816
          0.050287999213 0.04724900052 0.29286900163 0.05140800029 0.039544001222 0.28034099936
          0.034008000046 0.040399000049 0.24476000667 0.028150999919 0.04802300036 0.24751600623
          0.035960998386 0.047715000808 0.25708198547 0.026664000005 0.055488999933 0.25943401456
          0.020802000538 0.054416000843 0.25100299716 0.032926000655 0.061903998256 0.28975999355
          0.040020998567 0.05528299883 0.28578001261 0.038929000497 0.062371000648 0.29863899946
          0.033679001033 0.070569999516 0.3024789989 0.028505999595 0.061997998506 0.28075700998
          0.021835999563 0.065404996276 0.28049299121 0.024870999157 0.067764997482 0.29346498847
          0.031307000667 0.073953002691 0.30201101303 0.026975000277 0.079044997692 0.30119198561
          0.017636999488 0.074276000261 0.29686701298 -0.036033999175 0.088232003152 0.14964599907
          0.021196000278 0.083921000361 0.29597198963 0.015316000208 0.087973996997 0.28870499134
          0.0041589997709 0.094756998122 0.27498999238 0.0055419998243 0.10275900364 0.25353199244
          -0.043722998351 0.11791300029 0.15797199309 -0.015344999731 0.11852200329 0.20471799374
          -0.058520998806 0.1203769967 0.15786400437 -0.033612001687 0.12131299824 0.20100599527
          -0.048454001546 0.12636600435 0.19743900001 -0.063910000026 0.12813200057 0.16166999936
          -0.056366000324 0.13257700205 0.19019399583 -0.064528003335 0.13670100272 0.17207799852
          -0.061576001346 0.13624000549 0.18174600601 0.14597100019 -0.10139799863 0.20031799376
          0.15188500285 -0.096385002136 0.22058400512 0.14334000647 -0.10264100134 0.1904900074
          0.13918599486 -0.10160200298 0.18143300712 0.13581900299 -0.100722 0.17388300598
          0.13112999499 -0.09989900142 0.16319200397 0.12277799845 -0.095207996666 0.15610200167
          0.12426800281 -0.094343997538 0.1564899981 0.15940499306 -0.088357999921 0.24285900593
          0.12345000356 -0.093575000763 0.15592199564 0.11354199797 -0.085585996509 0.14978699386
          0.10391599685 -0.078493997455 0.14335100353 0.17263400555 -0.083521999419 0.30915400386
          0.17298799753 -0.078951001167 0.32074901462 0.16579699516 -0.081932999194 0.31257098913
          0.15992200375 -0.08299099654 0.30410200357 0.16958299279 -0.084689997137 0.29975399375
          0.16655099392 -0.08472199738 0.29050299525 0.10130099952 -0.069064997137 0.14502100646
          0.17181199789 -0.073908999562 0.33587300777 0.1702349931 -0.064598999918 0.34397000074
          0.16221000254 -0.057893998921 0.34368899465 0.15424899757 -0.04940899834 0.34214401245
          0.084059000015 -0.044842999429 0.15174899995 0.15947699547 -0.034733999521 0.3451769948
          0.14044800401 -0.032343000174 0.33272200823 0.13102400303 -0.02294100076 0.32661300898
          0.057496998459 -0.013621999882 0.15617099404 0.12611399591 -0.018430000171 0.3230060041
          0.056729000062 -0.0010979999788 0.15609900653 0.1105640009 -0.0015910000075 0.316531986
          0.10025399923 0.011126000434 0.31460401416 0.020429000258 0.035739999264 0.15187199414
          0.078359000385 0.036159001291 0.31266498566 0.072876997292 0.043361999094 0.31297200918
          0.04117700085 0.04119899869 0.25547298789 0.0095380004495 0.057355001569 0.14921799302
          0.061687000096 0.056005001068 0.31000700593 0.054774001241 0.047536998987 0.30149900913
          0.044592000544 0.054997999221 0.29560899734 0.058269001544 0.059856999665 0.30889499187
          0.050560999662 0.056439999491 0.30379000306 0.048179000616 0.066790997982 0.30540800095
          0.049550000578 0.069412998855 0.30578899384 -0.01552200038 0.077377997339 0.14961400628
          0.041921999305 0.076697997749 0.30069199204 -0.020469000563 0.085707001388 0.15008200705
          0.039599001408 0.078778997064 0.29885599017 0.031380001456 0.085571996868 0.2909809947
          -0.026469999924 0.093763001263 0.15175299346 0.027264999226 0.094865001738 0.27092200518
          -0.023777000606 0.10798399895 0.15467399359 -0.038040000945 0.11004400253 0.1550450027
          -0.013365999795 0.1120819971 0.21818099916 -0.048262000084 0.12791800499 0.16481499374
          -0.0266239997 0.12693999708 0.1889179945 -0.04533199966 0.13136799634 0.18540300429
          -0.054375998676 0.13235500455 0.16762599349 -0.048836000264 0.13311399519 0.17620499432
          0.15411399305 -0.096348002553 0.19723899662 0.15674999356 -0.095113001764 0.20706400275
          0.15037700534 -0.095932997763 0.1879709959 0.14563800395 -0.093474000692 0.17965500057
          0.13468700647 -0.088679000735 0.16254499555 0.16205899417 -0.092142999172 0.22623200715
          0.13478399813 -0.076598003507 0.16094900668 0.17964699864 -0.084160998464 0.29588401318
          0.18362499774 -0.082892000675 0.30596798658 0.17373499274 -0.084197998047 0.27594101429
          0.11403399706 -0.07073199749 0.15122100711 0.17654900253 -0.071965001523 0.34124499559
          0.18692499399 -0.077192001045 0.33662500978 0.19147700071 -0.073988996446 0.34474301338
          0.18800899386 -0.068086996675 0.35191199183 0.18153600395 -0.077155001462 0.32901901007
          0.10204400122 -0.056166999042 0.14693599939 0.18168200552 -0.060623999685 0.35347598791
          0.17633000016 -0.051653001457 0.35213398933 0.10668099672 -0.034019999206 0.1591719985
          0.16719500721 -0.043125998229 0.34936600924 0.096050001681 -0.02796600014 0.16040100157
          0.088655002415 -0.020586000755 0.1620579958 0.14915299416 -0.025315999985 0.33668801188
          0.13962900639 -0.018200000748 0.32646799088 0.12696999311 0.00023200000578 0.31378000975
          0.080664999783 0.011160000227 0.16404999793 0.048533000052 0.017898999155 0.15527899563
          0.10909900069 0.01677300036 0.30811300874 0.040927998722 0.036701001227 0.15269300342
          0.085992999375 0.040371000767 0.30758699775 0.035681001842 0.046050000936 0.15280500054
          0.082647003233 0.054577998817 0.30066299438 0.065475001931 0.06692700088 0.29895201325
          -0.0042889998294 0.083600997925 0.15060299635 0.045820999891 0.082703001797 0.28874000907
          -0.011034999974 0.091481998563 0.15243199468 -0.016730999574 0.099541001022 0.15429100394
          0.014863000251 0.1044029966 0.24888800085 0.0063519999385 0.10783600062 0.23345799744
          -0.028917999938 0.11572699994 0.15634800494 -0.032717000693 0.12355899811 0.16251300275
          -0.037121001631 0.12153799832 0.1597969979 -0.035489998758 0.12924799323 0.17057399452
          -0.031709998846 0.12981399894 0.17979599535 0.17270499468 -0.091448001564 0.22209699452
          0.17604200542 -0.087653003633 0.23821899295 0.16967999935 -0.091098003089 0.21224699914
          0.1657910049 -0.091407999396 0.20352999866 0.16212899983 -0.091104999185 0.19422399998
          0.15759000182 -0.089488998055 0.18536199629 0.14631399512 -0.08113399893 0.17023000121
          0.19540500641 -0.083856999874 0.30015400052 0.19265200198 -0.084706000984 0.29076999426
          0.1821089983 -0.084155000746 0.26578098536 0.19863499701 -0.078506998718 0.32077500224
          0.19988699257 -0.080691002309 0.30879798532 0.20374000072 -0.073959000409 0.33989500999
          0.20125100017 -0.069758996367 0.34653300047 0.20181000233 -0.078372001648 0.33085298538
          0.19690400362 -0.061896000057 0.35163700581 0.19153499603 -0.053885001689 0.35427901149
          0.18479800224 -0.045492999256 0.35409599543 0.17723099887 -0.03734099865 0.35098999739
          0.16946299374 -0.029897000641 0.34614500403 0.15712800622 -0.018961999565 0.33595898747
          0.092376001179 -0.0048070000485 0.16531799734 0.14724199474 -0.011107999831 0.32450300455
          0.13917399943 -0.0019349999493 0.31624299288 0.070987001061 0.019199000672 0.16098999977
          0.059641998261 0.020615000278 0.15664899349 0.049261998385 0.032053999603 0.1530790031
          0.099509999156 0.039349999279 0.3035979867 0.041583001614 0.058184001595 0.15223699808
          0.020128000528 0.069386996329 0.15089200437 0.0099560003728 0.081024996936 0.15091300011
          0.0038749999367 0.089097999036 0.15204399824 0.07233799994 0.07706400007 0.27674400806
          -0.0015490000369 0.096997998655 0.15479999781 0.046826999635 0.089911997318 0.2720220089
          -0.0076569998637 0.10452599823 0.15785999596 0.033675998449 0.10085000098 0.24698999524
          0.030493000522 0.10422199965 0.2318789959 -0.013151000254 0.11224599928 0.16133999825
          0.016617000103 0.10945899785 0.22198800743 -0.0015839999542 0.11884500086 0.20089200139
          -0.020192999393 0.11910799891 0.16345700622 -0.0059400000609 0.12160500139 0.19022400677
          -0.01736599952 0.1228030026 0.19504700601 -0.0094860000536 0.12249000371 0.18093700707
          -0.01861499995 0.12540799379 0.1848769933 -0.013732999563 0.12133900076 0.17171099782
          -0.022094000131 0.12624700367 0.17552800477 -0.027840999886 0.12529100478 0.16701200604
          0.18498800695 -0.087426997721 0.22827599943 0.2023639977 -0.08070500195 0.26396799088
          0.17431299388 -0.086352996528 0.20044499636 0.16992400587 -0.085533998907 0.19132100046
          0.15843300521 -0.077417001128 0.17610099912 0.20582200587 -0.082289002836 0.29590800405
          0.21363399923 -0.080274000764 0.28305199742 0.15734000504 -0.065448999405 0.17156499624
          0.21236899495 -0.076543003321 0.32607498765 0.21272100508 -0.071814998984 0.33727800846
          0.2097029984 -0.07783100009 0.31612798572 0.1512529999 -0.056345000863 0.16937600076
          0.20951700211 -0.06390299648 0.34552299976 0.14509500563 -0.047428000718 0.16922299564
          0.20438499749 -0.055925000459 0.34873700142 0.14655099809 -0.03479000181 0.17172600329
          0.19913500547 -0.047256998718 0.35044699907 0.12352199852 -0.03386399895 0.16357900202
          0.19051100314 -0.038639999926 0.35027098656 0.18449799716 -0.030733000487 0.34718701243
          0.10926900059 -0.019937999547 0.16562099755 0.17307700217 -0.020537000149 0.3397000134
          0.10623999685 -0.0091920001432 0.16708700359 0.17114700377 -0.0064190002158 0.32748499513
          0.13355700672 0.014715000056 0.30547600985 0.063767999411 0.029792999849 0.15618500113
          0.12027300149 0.028325999156 0.30168300867 0.06448200345 0.04223800078 0.1521410048
          0.051270999014 0.045995999128 0.15148299932 0.1115539968 0.039997998625 0.29970300198
          0.1059679985 0.045171000063 0.29871600866 0.098522998393 0.053025998175 0.29440200329
          0.090594999492 0.061291001737 0.28670200706 0.030665000901 0.071202002466 0.15157799423
          0.019933000207 0.087203003466 0.15365900099 0.014787999913 0.094973996282 0.15668100119
          0.053748000413 0.095937997103 0.25097298622 0.0098230000585 0.10252799839 0.16088500619
          0.0018400000408 0.1086070016 0.16460500658 0.022012000903 0.11365900189 0.20798200369
          -0.0051699997857 0.11516799778 0.16782000661 0.0027230000123 0.1172870025 0.17557799816
          0.011138999835 0.11784700304 0.19378499687 0.0069960001856 0.11866100132 0.18412399292
          0.18856599927 -0.083678998053 0.21113599837 0.20137900114 -0.082846999168 0.23932099342
          0.18227399886 -0.081854999065 0.19701699913 0.17770700157 -0.07901699841 0.18836100399
          0.16934500635 -0.071923002601 0.17887100577 0.22619700432 -0.071938000619 0.32038700581
          0.22539399564 -0.074804000556 0.30471101403 0.22050000727 -0.066882997751 0.33493998647
          0.21710799634 -0.057948000729 0.34288999438 0.21188400686 -0.049956999719 0.34588301182
          0.20549499989 -0.041795998812 0.34607300162 0.1986310035 -0.03356700018 0.34511899948
          0.19101800025 -0.024235000834 0.34194099903 0.12317399681 -0.020819999278 0.16937400401
          0.10915099829 0.0076210000552 0.16834899783 0.16212199628 -2.0999999833e-005 0.31822898984
          0.097588002682 0.010347000323 0.16586999595 0.15256099403 0.010258999653 0.30840098858
          0.091443002224 0.018207000569 0.16510500014 0.14357200265 0.017745999619 0.30238598585
          0.082874000072 0.02700600028 0.16283400357 0.13468499482 0.0258380007 0.29895699024
          0.077385000885 0.034772001207 0.15931800008 0.1207709983 0.043056000024 0.29370200634
          0.059875998646 0.051725000143 0.15140900016 0.11073800176 0.051343999803 0.28924301267
          0.05381000042 0.059691999108 0.15325400233 0.041832000017 0.076926000416 0.15376900136
          0.036683999002 0.084770999849 0.15568000078 0.03637399897 0.094530001283 0.16147600114
          0.084682002664 0.082667000592 0.25841501355 0.027519000694 0.10201200098 0.16501499712
          0.059275001287 0.098411001265 0.23786899447 0.052806001157 0.099891997874 0.23032300174
          0.044773999602 0.10349799693 0.22219899297 0.043834999204 0.10811900347 0.21140399575
          0.029292000458 0.11371599883 0.19769099355 0.023403000087 0.11568500102 0.18855500221
          0.019996000454 0.11477400362 0.17916700244 0.23122400045 -0.07679399848 0.24334399402
          0.21106800437 -0.081384003162 0.22951300442 0.20039999485 -0.081353999674 0.21132400632
          0.19624899328 -0.08010700345 0.20239800215 0.19051200151 -0.077042996883 0.19209399819
          0.18478399515 -0.073296003044 0.18588399887 0.17703899741 -0.066679999232 0.17891900241
          0.16689400375 -0.059440001845 0.17452999949 0.23071999848 -0.067328996956 0.32362401485
          0.22829699516 -0.06026500091 0.33270600438 0.16529999673 -0.047405999154 0.17527100444
          0.22419400513 -0.051918998361 0.33904001117 0.21854400635 -0.044436000288 0.34165900946
          0.21222299337 -0.035473000258 0.34116399288 0.14212399721 -0.025266999379 0.1723870039
          0.20499899983 -0.027434000745 0.339545995 0.1415400058 -0.014008999802 0.17406100035
          0.1969639957 -0.019556000829 0.33566299081 0.18795500696 -0.011148000136 0.32688099146
          0.12485399842 0.00095800001873 0.17339099944 0.17789000273 -0.0022219999228 0.32143199444
          0.12491299957 0.012711999938 0.17242999375 0.16908699274 0.0060279997997 0.31319400668
          0.16211099923 0.012008000165 0.30633699894 0.099382996559 0.031890001148 0.16308900714
          0.13804399967 0.040134999901 0.28652799129 0.08450999856 0.041545998305 0.15869699419
          0.075393997133 0.048939000815 0.1542250067 0.070137001574 0.057289000601 0.15320800245
          0.11460799724 0.058116000146 0.27814099193 0.061218000948 0.072345003486 0.15634199977
          0.1055739969 0.068925000727 0.26745399833 0.098577998579 0.078028000891 0.25427600741
          0.079489000142 0.074651002884 0.16190199554 0.075292997062 0.097052000463 0.23028099537
          0.060065999627 0.10149200261 0.22351799905 0.037310000509 0.10460100323 0.17154699564
          0.039057999849 0.11066100001 0.18233799934 0.051461998373 0.10898000002 0.18863099813
          0.22184699774 -0.0796200037 0.21627700329 0.21430000663 -0.078589998186 0.20483399928
          0.2447450012 -0.07572799921 0.27962300181 0.2336139977 -0.078107997775 0.23063200712
          0.20600199699 -0.07708799839 0.19849400222 0.20016899705 -0.073913000524 0.19029699266
          0.19261600077 -0.067434996367 0.1833409965 0.23916299641 -0.061498001218 0.32303801179
          0.24224600196 -0.066540002823 0.31374898553 0.23530499637 -0.053692001849 0.32923701406
          0.19160099328 -0.041329998523 0.18024800718 0.22977299988 -0.045671001077 0.3315680027
          0.22376100719 -0.03706099838 0.3333530128 0.21773800254 -0.029457999393 0.33373600245
          0.21008199453 -0.020999999717 0.3305439949 0.20569199324 -0.0075199999847 0.31358700991
          0.18854700029 0.0060959998518 0.30060601234 0.17075400054 0.010985000059 0.30540400743
          0.12280999869 0.03386399895 0.16784000397 0.16448700428 0.022843999788 0.2938579917
          0.15658199787 0.033374000341 0.28423500061 0.086676001549 0.05468500033 0.15883100033
          0.12173999846 0.065650001168 0.26690098643 0.087604001164 0.068697996438 0.16216999292
          0.095422998071 0.084601998329 0.24234099686 0.067629002035 0.088669002056 0.16769400239
          0.056901998818 0.10117900372 0.17504900694 0.074032999575 0.10111500323 0.22090999782
          0.064902000129 0.10564599931 0.20839600265 0.25284400582 -0.0767410025 0.26391500235
          0.23319399357 -0.078116998076 0.21882000566 0.2138299942 -0.072711996734 0.19357399642
          0.2069170028 -0.066766001284 0.18771900237 0.25140199065 -0.069517999887 0.29914200306
          0.2499230057 -0.063948996365 0.31269899011 0.24687699974 -0.055560998619 0.3206999898
          0.24165700376 -0.047570999712 0.32370200753 0.23594599962 -0.039508998394 0.32552400231
          0.17149700224 -0.020217999816 0.18022200465 0.23492699862 -0.025443999097 0.32032498717
          0.2226639986 -0.023228000849 0.32502600551 0.21938499808 -0.010146999732 0.3119969964
          0.14430199564 0.0045329998247 0.17575000226 0.18516199291 0.022804999724 0.28528100252
          0.10319299996 0.053054001182 0.16352500021 0.16304799914 0.045922998339 0.2671110034
          0.14064399898 0.055319000036 0.26679998636 0.12280099839 0.073784001172 0.25087800622
          0.11298699677 0.078739002347 0.2466250062 0.11071400344 0.086167000234 0.22784499824
          0.077647000551 0.093080997467 0.17522799969 0.097364999354 0.09271299839 0.22158899903
          0.070525996387 0.09835100174 0.17886699736 0.086672998965 0.097997002304 0.21536700428
          0.082487002015 0.099578998983 0.20626999438 0.077179998159 0.09980700165 0.19327199459
          0.084003999829 0.095301002264 0.18379500508 0.23358699679 -0.07606100291 0.20619900525
          0.25588798523 -0.07820700109 0.22150599957 0.22985999286 -0.073531001806 0.19966900349
          0.25897699594 -0.073361001909 0.28501099348 0.21362200379 -0.056968998164 0.18733599782
          0.25904500484 -0.057502001524 0.31351700425 0.26244100928 -0.064355000854 0.30576699972
          0.21788400412 -0.04417200014 0.18607999384 0.25393998623 -0.049529001117 0.31679499149
          0.24859300256 -0.041519999504 0.31949299574 0.24280199409 -0.033447001129 0.3211210072
          0.23123799264 -0.0106189996 0.30849298835 0.21030400693 0.004995000083 0.29723098874
          0.15207700431 0.028818000108 0.17473900318 0.13816800714 0.034274999052 0.17100299895
          0.16978800297 0.038252998143 0.2734760046 0.12058199942 0.049417998642 0.16840800643
          0.11481600255 0.057672999799 0.16836699843 0.16008199751 0.053700998425 0.2570900023
          0.14340299368 0.062151998281 0.25439599156 0.10940500349 0.065950997174 0.1697729975
          0.10331200063 0.076134003699 0.17328199744 0.084072001278 0.085775002837 0.17231999338
          0.092253997922 0.088592998683 0.18002299964 0.10994300246 0.090342998505 0.21604199708
          0.10067500174 0.09382700175 0.20934699476 0.091089002788 0.094962000847 0.19150200486
          0.10372699797 0.09193199873 0.19714899361 0.27357399464 -0.07959599793 0.25043800473
          0.250752002 -0.077200002968 0.21245400608 0.24516999722 -0.074036002159 0.20411999524
          0.23787899315 -0.068502001464 0.19696499407 0.28948900104 -0.073830999434 0.28330600262
          0.2756190002 -0.066068001091 0.299977988 0.23005999625 -0.059730000794 0.1911920011
          0.27166500688 -0.059509001672 0.30742099881 0.26679000258 -0.051568999887 0.31125301123
          0.26146999002 -0.043565001339 0.31401500106 0.25595098734 -0.035530999303 0.31629800797
          0.24927900732 -0.026201000437 0.3152770102 0.23849900067 0.0020779999904 0.29449701309
          0.17032200098 0.016544999555 0.17949000001 0.1985130012 -0.0063680000603 0.1835180074
          0.21584400535 0.022049000487 0.28013598919 0.13205499947 0.053826000541 0.17339600623
          0.12593899667 0.062766999006 0.17528800666 0.14743000269 0.06657999754 0.24170899391
          0.12075799704 0.070814996958 0.17812499404 0.13861300051 0.074816003442 0.23470200598
          0.11485999823 0.078424997628 0.18124499917 0.13156500459 0.080771997571 0.22785200179
          0.10707899928 0.084605999291 0.18443199992 0.1254799962 0.084767997265 0.22012400627
          0.12110699713 0.0866509974 0.21113300323 0.11747200042 0.087430000305 0.20198599994
          0.11400999874 0.086612001061 0.19247500598 0.099091999233 0.090478003025 0.18805399537
          0.27020698786 -0.078484997153 0.22602400184 0.2661460042 -0.077846996486 0.2168609947
          0.26023301482 -0.074242003262 0.20782400668 0.25322198868 -0.068850003183 0.20108599961
          0.24725399911 -0.062697999179 0.19585999846 0.28895699978 -0.067744001746 0.29405900836
          0.28457200527 -0.061558000743 0.3020170033 0.2802760005 -0.053702998906 0.30724099278
          0.2388779968 -0.041349999607 0.18972499669 0.27482199669 -0.045678999275 0.30968001485
          0.26924499869 -0.037636999041 0.3118250072 0.26314398646 -0.029518000782 0.31270599365
          0.25687399507 -0.022982999682 0.31058999896 0.2527180016 -0.011501000263 0.30303400755
          0.18388900161 0.026328999549 0.18297800422 0.20744100213 0.041312001646 0.26323398948
          0.1621029973 0.046130999923 0.18180499971 0.17790199816 0.048496000469 0.25922599435
          0.14238999784 0.060849998146 0.18084900081 0.16975800693 0.060529001057 0.24161499739
          0.13612499833 0.067527003586 0.18338100612 0.1514389962 0.072797998786 0.23008200526
          0.12940700352 0.07417999953 0.18535199761 0.15503400564 0.077175997198 0.21846100688
          0.12900799513 0.082497999072 0.19682599604 0.13401499391 0.082617998123 0.20550100505
          0.13678899407 0.077804997563 0.19355599582 0.12229699641 0.080778002739 0.18866500258
          0.13829399645 0.082225002348 0.21463100612 0.31381300092 -0.076173998415 0.27193298936
          0.28536400199 -0.078079000115 0.22906400263 0.27572101355 -0.074799999595 0.21307599545
          0.26643499732 -0.067344002426 0.20243099332 0.30295601487 -0.069684997201 0.28853300214
          0.29588600993 -0.065393999219 0.29572498798 0.26074498892 -0.062871001661 0.19832099974
          0.26425799727 -0.053527999669 0.1954959929 0.2944329977 -0.055459998548 0.30362400413
          0.28875100613 -0.047869998962 0.30674999952 0.28311100602 -0.039825998247 0.30872601271
          0.27735999227 -0.031447000802 0.30963999033 0.23432399333 -0.028870999813 0.18774299324
          0.2700330019 -0.02335299924 0.3085449934 0.24241499603 0.01418299973 0.19001600146
          0.26477101445 -0.010672999546 0.30109998584 0.20025700331 0.021074999124 0.18549799919
          0.18955999613 0.045053999871 0.18990199268 0.21361899376 0.049596998841 0.25354298949
          0.160521999 0.062426000834 0.19095599651 0.14422899485 0.070072002709 0.18974399567
          0.15264999866 0.073143996298 0.19727599621 0.1702080071 0.067661002278 0.23248900473
          0.16548399627 0.073282003403 0.22448900342 0.14399300516 0.078528001904 0.20120200515
          0.15096999705 0.078258000314 0.20919600129 0.31390199065 -0.079282000661 0.24809400737
          0.31571400166 -0.078538000584 0.22881600261 0.29169800878 -0.075453996658 0.21725100279
          0.28429600596 -0.070398002863 0.20814999938 0.31569600105 -0.071907997131 0.28338399529
          0.31079399586 -0.065715998411 0.292185992 0.27429699898 -0.061893999577 0.20056599379
          0.30652299523 -0.058272000402 0.29912099242 0.30716499686 -0.046542998403 0.30192899704
          0.29796400666 -0.040933001786 0.30526000261 0.25609299541 -0.031080000103 0.18995800614
          0.29218998551 -0.033560998738 0.3057860136 0.28381898999 -0.025637999177 0.30509400368
          0.28049999475 -0.014688000083 0.30054301023 0.24799600244 0.011483999901 0.28704100847
          0.23496900499 0.03462100029 0.27001801133 0.20541700721 0.040463000536 0.19152399898
          0.22697900236 0.04311100021 0.26237899065 0.18122799695 0.055943001062 0.19403700531
          0.19252100587 0.060844000429 0.23817899823 0.17588700354 0.063490003347 0.19788700342
          0.18084800243 0.069682002068 0.22870700061 0.16940200329 0.070597998798 0.20100300014
          0.17481300235 0.072810001671 0.22058099508 0.16660000384 0.07496599853 0.21313899755
          0.16009999812 0.075447998941 0.20516499877 0.34295099974 -0.079563997686 0.25757300854
          0.30739200115 -0.077402003109 0.22144399583 0.30016800761 -0.07236199826 0.21196499467
          0.32846200466 -0.074092000723 0.27795401216 0.32956400514 -0.065408997238 0.28938999772
          0.29216399789 -0.06551899761 0.2052180022 0.31870800257 -0.061266001314 0.29390498996
          0.28228899837 -0.056200999767 0.19964900613 0.32078900933 -0.048618998379 0.29798299074
          0.27192598581 -0.043166000396 0.19505099952 0.26917099953 -0.0063559999689 0.19117200375
          0.29230099916 -0.013201000169 0.29815599322 0.28902301192 0.0095109995455 0.28607898951
          0.28176599741 0.0183290001 0.28135499358 0.26635399461 0.028122000396 0.27582800388
          0.21827399731 0.033612001687 0.19062200189 0.25686100125 0.039267998189 0.26686000824
          0.20639300346 0.055787000805 0.19972699881 0.18588900566 0.067815996706 0.20487000048
          0.19914500415 0.063991002738 0.23163500428 0.19482700527 0.068902000785 0.22306500375
          0.18143600225 0.071791999042 0.21734300256 0.17647099495 0.072576001287 0.20903100073
          0.33460301161 -0.078906998038 0.23715600371 0.31666699052 -0.074813000858 0.2167250067
          0.34764999151 -0.076802998781 0.2697249949 0.33898100257 -0.06937699765 0.28469198942
          0.30932700634 -0.068607002497 0.20940299332 0.29868900776 -0.058180000633 0.20259200037
          0.28840899467 -0.048633001745 0.19883300364 0.31884101033 -0.038307998329 0.30087199807
          0.28072100878 -0.025110000744 0.1940509975 0.31022500992 -0.030783999711 0.30158001184
          0.31166499853 -0.015969000757 0.29738900065 0.21544200182 0.041517999023 0.19308200479
          0.23539100587 0.046856001019 0.2570039928 0.21522399783 0.060835998505 0.23554000258
          0.21131299436 0.065159000456 0.22666800022 0.20811499655 0.067307002842 0.21729199588
          0.20244699717 0.065902002156 0.20867300034 0.19290199876 0.069752000272 0.21287499368
          0.20257300138 0.065392002463 0.20791700482 0.33318799734 -0.075772002339 0.22165299952
          0.32626500726 -0.070266999304 0.21294499934 0.35096400976 -0.072466000915 0.27991300821
          0.35156899691 -0.06241799891 0.29091098905 0.31529599428 -0.060405999422 0.20553199947
          0.34426999092 -0.056423000991 0.29349601269 0.30501499772 -0.051052000374 0.20019899309
          0.33860498667 -0.048585999757 0.29640200734 0.29603499174 -0.040091998875 0.19792599976
          0.33343499899 -0.04033299908 0.29898700118 0.32746300101 -0.032503001392 0.30071899295
          0.31990399957 -0.024165999144 0.29933398962 0.31539401412 -0.0014329999685 0.29196798801
          0.23150299489 0.039418999106 0.19408600032 0.23706699908 0.031215999275 0.19239300489
          0.22636200488 0.047299001366 0.19756999612 0.22100700438 0.054085999727 0.20231099427
          0.23217000067 0.05911700055 0.23886799812 0.21138300002 0.059893999249 0.2045930028
          0.22835199535 0.063184000552 0.23031100631 0.22480399907 0.064935997128 0.22107799351
          0.21939399838 0.063181996346 0.21226499975 0.20311200619 0.06559599936 0.20837800205
          0.36174100637 -0.075804002583 0.27489298582 0.36713701487 -0.080839000642 0.26057600975
          0.36567100883 -0.081762000918 0.25103101134 0.36968201399 -0.081735998392 0.23770399392
          0.3493719995 -0.077869996428 0.22555699944 0.34280100465 -0.073122002184 0.21664500237
          0.36181399226 -0.067215003073 0.286826998 0.33370101452 -0.065034002066 0.20988799632
          0.32146701217 -0.054249998182 0.2028619945 0.3489510119 -0.042773000896 0.29777899384
          0.31385201216 -0.0451150015 0.20040999353 0.34216499329 -0.034464001656 0.29944500327
          0.3355410099 -0.02661200054 0.29923599958 0.30366900563 -0.010058999993 0.19659399986
          0.3408780098 -0.0073810000904 0.29573100805 0.32570499182 0.024147000164 0.2792750001
          0.27172100544 0.0072530000471 0.19307300448 0.26286000013 0.024237999693 0.194272995
          0.2803170085 0.033440001309 0.2695530057 0.24885599315 0.037356000394 0.19720299542
          0.24422000349 0.045605998486 0.20047700405 0.26225501299 0.047850001603 0.25614500046
          0.23776300251 0.052747000009 0.20402799547 0.24845999479 0.057541001588 0.24324800074
          0.22875100374 0.058038000017 0.20816099644 0.24630300701 0.061778999865 0.23362000287
          0.23765400052 0.063202999532 0.22641199827 0.23566499352 0.061792999506 0.21627399325
          0.36542499065 -0.07970199734 0.22974899411 0.35867199302 -0.074804000556 0.21940299869
          0.38066500425 -0.076669000089 0.27778699994 0.37108901143 -0.07216899842 0.28218200803
          0.37308600545 -0.079401999712 0.26999101043 0.35113298893 -0.06896699965 0.21370400488
          0.3738540113 -0.060988001525 0.29102799296 0.38167700171 -0.066535003483 0.28874099255
          0.339102 -0.057659000158 0.20615899563 0.37057599425 -0.051539000124 0.29465600848
          0.32987099886 -0.04841599986 0.20178200305 0.37252599001 -0.045618001372 0.29624301195
          0.32016301155 -0.037310998887 0.19968000054 0.35874798894 -0.035516001284 0.29849499464
          0.35006698966 -0.027055000886 0.29833298922 0.3227609992 -0.013666000217 0.19891600311
          0.28468599916 0.023013999686 0.19775000215 0.2754330039 0.031677998602 0.1989980042
          0.2605510056 0.044238999486 0.20343099535 0.25496000051 0.050673998892 0.20727400482
          0.24759499729 0.056136999279 0.21181699634 0.26476600766 0.055351998657 0.24710600078
          0.26450100541 0.060497999191 0.23631300032 0.25338599086 0.062065001577 0.23064799607
          0.25131300092 0.060639999807 0.22050100565 0.24398100376 0.062692001462 0.22374999523
          0.38708499074 -0.081831000745 0.26439198852 0.4020139873 -0.085464000702 0.25118499994
          0.38782298565 -0.084233999252 0.24181200564 0.38195100427 -0.082240998745 0.23352700472
          0.37596800923 -0.078125 0.22416999936 0.39178898931 -0.079963997006 0.27354800701
          0.39159598947 -0.072022996843 0.28498899937 0.36876401305 -0.072865001857 0.21788500249
          0.3606660068 -0.063803002238 0.21107399464 0.34785199165 -0.047958001494 0.2032610029
          0.33804601431 -0.041698001325 0.20129600167 0.38019999862 -0.019888000563 0.29759499431
          0.35984298587 -0.02073800005 0.29809001088 0.29141101241 0.016434999183 0.19657200575
          0.31134098768 0.034726001322 0.27031201124 0.31308099627 0.047341998667 0.2589969933
          0.2826499939 0.04292999953 0.2070710063 0.28425499797 0.052455000579 0.2522880137
          0.26510599256 0.054935999215 0.21469199657 0.26393601298 0.06084100157 0.226165995
          0.40813198686 -0.084766000509 0.23337900639 0.39365398884 -0.082037001848 0.22868399322
          0.41103899479 -0.080711998045 0.27573800087 0.40060299635 -0.076727002859 0.28040599823
          0.40346598625 -0.083095997572 0.26791700721 0.3867970109 -0.076553002 0.22086900473
          0.40345698595 -0.065430998802 0.28952500224 0.41214299202 -0.070862002671 0.28712499142
          0.3779810071 -0.069403000176 0.21427300572 0.40034300089 -0.056106999516 0.29329401255
          0.3755390048 -0.052822999656 0.20635800064 0.34886699915 -0.029174000025 0.2009730041
          0.3652780056 0.0039900001138 0.29166701436 0.36994099617 0.018757000566 0.28581801057
          0.30641800165 0.013171999715 0.19794499874 0.30028799176 0.021392999217 0.19846500456
          0.29422900081 0.029888000339 0.2017160058 0.28829300404 0.036527000368 0.20408700407
          0.28367298841 0.055314999074 0.21766799688 0.29896199703 0.056035999209 0.24375499785
          0.28077799082 0.059532999992 0.22995300591 0.41743698716 -0.087289996445 0.26190799475
          0.42639699578 -0.089192003012 0.25651699305 0.42549300194 -0.08728799969 0.23664799333
          0.40388599038 -0.080683998764 0.22444699705 0.42154499888 -0.084711998701 0.27155101299
          0.4210369885 -0.076546996832 0.28348401189 0.39485400915 -0.073400996625 0.21599699557
          0.38597398996 -0.064575001597 0.2106679976 0.42623499036 -0.061092000455 0.29157701135
          0.41057598591 -0.039305001497 0.29747700691 0.36186900735 -0.038451999426 0.20195800066
          0.4038400054 -0.032280001789 0.29882699251 0.39323300123 -0.016087999567 0.29848098755
          0.3889670074 -0.0016299999552 0.29450398684 0.32497999072 0.014635999687 0.20150999725
          0.31628599763 0.018955999985 0.20023399591 0.31083700061 0.027044000104 0.20264300704
          0.34865000844 0.030269000679 0.27615898848 0.32969200611 0.044946998358 0.26244500279
          0.30208098888 0.043726999313 0.21185100079 0.29383298755 0.049394000322 0.21353000402
          0.31548398733 0.053741998971 0.24761499465 0.29357999563 0.057243000716 0.22450199723
          0.29794201255 0.057358998805 0.23354299366 0.43296200037 -0.087829999626 0.26625698805
          0.4367159903 -0.089726001024 0.25426599383 0.442633003 -0.089777000248 0.23956699669
          0.4211589992 -0.084302999079 0.22742700577 0.44037300348 -0.085533998907 0.27412900329
          0.43013998866 -0.081396996975 0.27863401175 0.41386398673 -0.078322999179 0.22049599886
          0.40691000223 -0.072160996497 0.21521300077 0.43307098746 -0.070302002132 0.28839299083
          0.44007000327 -0.076747998595 0.28507098556 0.4034639895 -0.065670996904 0.21082399786
          0.39308899641 -0.057532999665 0.20875400305 0.37116700411 -0.033194001764 0.20257499814
          0.36959499121 -0.014979000203 0.20321600139 0.3534449935 0.0057250000536 0.20122900605
          0.32780399919 0.024648999795 0.20439200103 0.33973899484 0.040424000472 0.21463899314
          0.30346000195 0.053619999439 0.2202180028 0.31251201034 0.048027001321 0.21716800332
          0.33569198847 0.052774999291 0.25042399764 0.3107239902 0.055830001831 0.22812500596
          0.45258298516 -0.091323003173 0.25982901454 0.45982798934 -0.092725999653 0.24381299317
          0.43846899271 -0.087552003562 0.23097699881 0.45222601295 -0.089139997959 0.26943799853
          0.45097601414 -0.081357002258 0.28196001053 0.43236100674 -0.08289899677 0.22362400591
          0.42435398698 -0.075937002897 0.2177760005 0.45162698627 -0.071268998086 0.28919899464
          0.43741500378 -0.0571179986 0.29342800379 0.41051000357 -0.059232998639 0.20893600583
          0.39394599199 -0.042794998735 0.2052679956 0.42660599947 -0.03983400017 0.29794999957
          0.3805629909 -0.02691099979 0.20216299593 0.41373598576 -0.024449000135 0.29870200157
          0.40457001328 -0.015576999635 0.29828900099 0.38457500935 0.0086019998416 0.2918420136
          0.34702399373 0.01669799909 0.20341399312 0.34598898888 0.035172998905 0.21188500524
          0.36629998684 0.026466999203 0.28023898602 0.35686600208 0.034885000437 0.27295801044
          0.34811300039 0.041788000613 0.26451998949 0.33071300387 0.046868998557 0.21865199506
          0.34035900235 0.048195000738 0.25726300478 0.32166901231 0.052117001265 0.22340300679
          0.33238199353 0.055298000574 0.24082499743 0.32747900486 0.054974999279 0.2322140038
          0.31481400132 0.055438000709 0.23724700511 0.45534399152 -0.090580999851 0.23497100174
          0.45937401056 -0.08633299917 0.27701601386 0.46885499358 -0.091187998652 0.27285599709
          0.46773099899 -0.083434000611 0.28500899673 0.46380600333 -0.092698000371 0.26428800821
          0.44929000735 -0.085688002408 0.22716599703 0.44148001075 -0.08000600338 0.21906399727
          0.46132400632 -0.076001003385 0.28827598691 0.43199700117 -0.070508003235 0.21454800665
          0.45818600059 -0.067165002227 0.29247999191 0.44334599376 -0.04515099898 0.29950800538
          0.42457100749 -0.040931001306 0.20759400725 0.41150599718 -0.031117999926 0.20553000271
          0.43630200624 -0.035367000848 0.30198898911 0.4071969986 -0.010312999599 0.20600099862
          0.42942899466 -0.026951000094 0.30061599612 0.38742300868 -0.018294999376 0.20384599268
          0.39115598798 -0.0075039998628 0.20441299677 0.41562199593 -0.010587000288 0.29861700535
          0.38485899568 0.001007999992 0.20488899946 0.40695300698 -0.0017969999462 0.2956610024
          0.36932599545 0.0033960000146 0.20362900198 0.40009999275 0.0061710001901 0.29273399711
          0.36298400164 0.011583000422 0.20346400142 0.39221999049 0.014549000189 0.28933799267
          0.35768398643 0.021390000358 0.20658800006 0.38308098912 0.023369999602 0.28340101242
          0.3752810061 0.03354300186 0.27455899119 0.37152299285 0.040162000805 0.2673240006
          0.35865500569 0.044165998697 0.26177799702 0.33965399861 0.050342999399 0.22694699466
          0.35246598721 0.050168000162 0.25393301249 0.34701898694 0.053952999413 0.24521100521
          0.34246098995 0.053367000073 0.23632200062 0.47365099192 -0.095178000629 0.25670298934
          0.47286298871 -0.0946810022 0.23830699921 0.48624101281 -0.093134000897 0.2762799859
          0.47712600231 -0.089014999568 0.28046101332 0.47978499532 -0.094642996788 0.26803699136
          0.46647900343 -0.089836001396 0.23047299683 0.45702299476 -0.082241997123 0.22070999444
          0.47888201475 -0.077407002449 0.29036998749 0.48348098993 -0.08567199856 0.28570100665
          0.45004200935 -0.0758439973 0.21593099833 0.43698400259 -0.060954000801 0.21145899594
          0.46801400185 -0.061556000262 0.29565399885 0.45214399695 -0.037788998336 0.30307498574
          0.44469699264 -0.028699999675 0.30422800779 0.43290400505 -0.014058000408 0.30136299133
          0.42410698533 -0.0044339997694 0.29963800311 0.4166649878 0.0035890000872 0.29612499475
          0.38806501031 0.015150000341 0.20794999599 0.40955901146 0.010429999791 0.29156500101
          0.37852999568 0.020206000656 0.20874999464 0.40007600188 0.019894000143 0.28611299396
          0.37631601095 0.030229000375 0.21307599545 0.3919839859 0.030192999169 0.27764999866
          0.36464801431 0.03368299827 0.21458999813 0.35836198926 0.040693998337 0.21897399426
          0.35700601339 0.048953000456 0.23002800345 0.34894698858 0.04574399814 0.22246800363
          0.36913499236 0.047621000558 0.25765100121 0.3626280129 0.051580999047 0.24938100576
          0.35796698928 0.052037000656 0.24079300463 0.4973089993 -0.10138300061 0.24967999756
          0.48217898607 -0.097806997597 0.24514499307 0.49173998833 -0.099926002324 0.24106299877
          0.48493999243 -0.09535100311 0.23206299543 0.50049799681 -0.095720998943 0.27457800508
          0.49704000354 -0.089919999242 0.28339600563 0.50081801414 -0.10063900054 0.25887399912
          0.47589701414 -0.087742000818 0.22410300374 0.4874509871 -0.083531998098 0.28720599413
          0.48945099115 -0.073546998203 0.29172000289 0.4688000083 -0.081269003451 0.21917000413
          0.45957499743 -0.072985999286 0.21476499736 0.46431699395 -0.063033998013 0.21064199507
          0.46954199672 -0.040867000818 0.30178400874 0.41964399815 -0.0085370000452 0.20588000119
          0.44862601161 -0.013629999943 0.3035300076 0.4404810071 -0.0072800000198 0.30140098929
          0.40058600903 -0.0010740000289 0.20429900289 0.4334320128 0.00097699998878 0.30000498891
          0.3942039907 0.0066970000044 0.20565499365 0.42678898573 0.0071979998611 0.29634299874
          0.41739699244 0.015743000433 0.28861799836 0.40830200911 0.02538199909 0.28142100573
          0.37636500597 0.039432000369 0.22070799768 0.39223200083 0.038711000234 0.26897400618
          0.36750501394 0.044861000031 0.22602300346 0.38561400771 0.044853001833 0.2614569962
          0.3786920011 0.049130000174 0.25346499681 0.37443599105 0.049793001264 0.24465599656
          0.36601999402 0.050406001508 0.23712900281 0.50890302658 -0.10058499873 0.26621100307
          0.51348400116 -0.10403200239 0.25345700979 0.51030099392 -0.10348299891 0.24399900436
          0.50352501869 -0.10035199672 0.23602899909 0.50427699089 -0.094687998295 0.27953401208
          0.5175049901 -0.098613001406 0.28034800291 0.51463800669 -0.09016200155 0.28633600473
          0.49488401413 -0.093699999154 0.228222996 0.50878697634 -0.082480996847 0.28926700354
          0.48718699813 -0.086228996515 0.22225600481 0.47821301222 -0.077799998224 0.21603100002
          0.51179301739 -0.070661000907 0.29588198662 0.47041299939 -0.069656997919 0.21245600283
          0.49324798584 -0.057567998767 0.29879000783 0.44833898544 -0.0445769988 0.20669999719
          0.44191399217 -0.036715999246 0.20593200624 0.43438899517 -0.028268000111 0.20340099931
          0.42863199115 -0.020208999515 0.20299699903 0.4678710103 -0.023112999275 0.30318599939
          0.45087501407 0.0015429999912 0.29899200797 0.40965801477 0.0042980001308 0.20656900108
          0.44926801324 0.010006999597 0.29479300976 0.40359398723 0.015683000907 0.20920500159
          0.41119098663 0.036132998765 0.27249801159 0.39330801368 0.028517000377 0.21347899735
          0.38694998622 0.035574000329 0.21743999422 0.38648200035 0.044135998935 0.22834900022
          0.40195000172 0.04193700105 0.26531299949 0.39552500844 0.046163998544 0.25715601444
          0.39190301299 0.047610998154 0.24750100076 0.38198500872 0.048558000475 0.2411929965
          0.37630099058 0.047972999513 0.23292399943 0.53198099136 -0.10660400242 0.26118600368
          0.52652102709 -0.10653100163 0.24790599942 0.52165901661 -0.10510700196 0.23915700614
          0.51332598925 -0.0984229967 0.23178899288 0.52039200068 -0.097762003541 0.28349399567
          0.52928197384 -0.10214900225 0.28021600842 0.53157502413 -0.092229999602 0.28968000412
          0.52494698763 -0.10352800041 0.2699379921 0.50357598066 -0.089966997504 0.22362099588
          0.49510100484 -0.08117300272 0.21870799363 0.48607999086 -0.071910999715 0.21465699375
          0.47167399526 -0.056423000991 0.21192100644 0.50734698772 -0.05293200165 0.30311200023
          0.45933800936 -0.040134001523 0.20939299464 0.49750900269 -0.045148998499 0.30278199911
          0.50354802608 -0.034974999726 0.30536800623 0.45110699534 -0.030628999695 0.20887899399
          0.49690398574 -0.021648999304 0.30743101239 0.44915100932 -0.021866999567 0.2077279985
          0.43804699183 -0.013988000341 0.20539300144 0.46645000577 -0.0024280000944 0.30139699578
          0.47986599803 -0.0071789999492 0.30325400829 0.42285901308 0.011625000276 0.21113400161
          0.42097601295 0.021614000201 0.21462699771 0.43463400006 0.025297999382 0.28336501122
          0.40785801411 0.032515000552 0.21865999699 0.42582601309 0.033241000026 0.27661800385
          0.41845500469 0.039271999151 0.26912501454 0.39783799648 0.040353998542 0.22441799939
          0.41247999668 0.043120000511 0.26072499156 0.40873900056 0.044938001782 0.25143501163
          0.41228300333 0.0447649993 0.23965799809 0.3961339891 0.045940000564 0.23537899554
          0.54782700539 -0.10409300029 0.28300601244 0.5406230092 -0.10622300208 0.27456998825
          0.54995602369 -0.1093590036 0.27042299509 0.54664099216 -0.10852599889 0.2621549964
          0.5440480113 -0.10856299847 0.25130999088 0.53823202848 -0.10760299861 0.24293899536
          0.53220301867 -0.10388399661 0.23436899483 0.53971201181 -0.097598001361 0.2871530056
          0.52803099155 -0.096461996436 0.22571800649 0.51709800959 -0.089597001672 0.22210000455
          0.54979497194 -0.090113997459 0.29271098971 0.50959801674 -0.082919001579 0.21828000247
          0.5305160284 -0.065572999418 0.30071699619 0.50460898876 -0.074299000204 0.21529099345
          0.4960719943 -0.065668001771 0.21332199872 0.48984101415 -0.057535998523 0.21272799373
          0.48171699047 -0.049169000238 0.21268700063 0.46153301001 -0.02518099919 0.20975500345
          0.4965249896 -0.009600000456 0.30598598719 0.45299398899 0.016418000683 0.21413600445
          0.45211398602 0.021377999336 0.28694400191 0.44325399399 0.029721999541 0.28023299575
          0.41941699386 0.031435001642 0.21917900443 0.43591699004 0.035548001528 0.2726059854
          0.41563400626 0.039214998484 0.22563800216 0.43036401272 0.039902001619 0.26435300708
          0.43333700299 0.041946001351 0.25287100673 0.42948800325 0.042911998928 0.24285900593
          0.40646800399 0.043783001602 0.23097400367 0.4152469933 0.040392000228 0.22711800039
          0.56489902735 -0.10647600144 0.2864370048 0.55618798733 -0.1097330004 0.27873200178
          0.56728702784 -0.1131850034 0.27390798926 0.56294202805 -0.11311099678 0.26481801271
          0.55971801281 -0.11198999733 0.25543400645 0.55616098642 -0.11042899638 0.24616099894
          0.55042397976 -0.10774300247 0.23778599501 0.55865198374 -0.099031999707 0.28965899348
          0.54248100519 -0.10167899728 0.23014299572 0.52437901497 -0.085125997663 0.21762999892
          0.56255102158 -0.080018997192 0.30017799139 0.52051800489 -0.035831999034 0.30862998962
          0.48255300522 -0.034848999232 0.21116800606 0.51113802195 -0.025572000071 0.31018999219
          0.47318300605 -0.019411999732 0.21032699943 0.5043129921 -0.017397999763 0.30936899781
          0.46224200726 -0.011021999642 0.20783500373 0.45583999157 -0.0029869999271 0.20815299451
          0.48866999149 -0.00051699997857 0.30262300372 0.48046898842 0.0081930002198 0.29824098945
          0.46914300323 0.018580999225 0.29081299901 0.44775399566 0.025671999902 0.21727700531
          0.460473001 0.026510000229 0.28408399224 0.43432998657 0.029156999663 0.21844799817
          0.45226898789 0.033121000975 0.27622500062 0.42671701312 0.035057999194 0.22261099517
          0.4405939877 0.040309999138 0.25984299183 0.41682800651 0.039746999741 0.22642099857
          0.42658400536 0.041912999004 0.23332199454 0.57997101545 -0.11841399968 0.2683070004
          0.58415400982 -0.11564899981 0.27758198977 0.57505202293 -0.11108899862 0.28174099326
          0.57706600428 -0.11831100285 0.25839200616 0.56717401743 -0.11130999774 0.2417999953
          0.56065398455 -0.1068969965 0.23349699378 0.58437001705 -0.10692799836 0.28874799609
          0.57686698437 -0.10055799782 0.29266598821 0.55385899544 -0.099602997303 0.22610199451
          0.55361902714 -0.089311003685 0.21605500579 0.53961700201 -0.08656899631 0.21651099622
          0.53196299076 -0.079101003706 0.21433199942 0.5234490037 -0.069789998233 0.213240996
          0.50995099545 -0.052317000926 0.20934699476 0.55781900883 -0.048478998244 0.31260600686
          0.53425902128 -0.036837998778 0.3111320138 0.49752900004 -0.037932999432 0.21010200679
          0.48603498936 -0.022846000269 0.21142399311 0.52755302191 -0.028039999306 0.31302198768
          0.52146798372 -0.019750000909 0.31453600526 0.51216500998 -0.010641000234 0.30942198634
          0.48435801268 0.014289000072 0.21377600729 0.49646300077 0.0056799999438 0.30048498511
          0.48649400473 0.015352999792 0.29419600964 0.47709900141 0.023945000023 0.28728801012
          0.46724799275 0.031656000763 0.27846598625 0.44514000416 0.034579001367 0.22370800376
          0.46677199006 0.04206199944 0.26051899791 0.4366799891 0.039629999548 0.22900700569
          0.44412100315 0.041756998748 0.23710599542 0.44445899129 0.036304000765 0.22557100654
          0.44850000739 0.042621001601 0.24600100517 0.58958101273 -0.12058199942 0.26458099484
          0.60781997442 -0.12296199799 0.24603900313 0.58134400845 -0.11231800169 0.23514199257
          0.59463399649 -0.12089999765 0.27290698886 0.60123902559 -0.11791799963 0.28118801117
          0.59190797806 -0.11304999888 0.28538399935 0.60368800163 -0.10879799724 0.29188400507
          0.57230097055 -0.10687699914 0.2288299948 0.56342601776 -0.098875001073 0.22188599408
          0.58887499571 -0.094154000282 0.29716199636 0.54701399803 -0.080707997084 0.21329200268
          0.53890800476 -0.073210000992 0.21323400736 0.53363102674 -0.065281003714 0.21342399716
          0.52641201019 -0.056340001523 0.21195599437 0.52706301212 -0.0406900011 0.21138699353
          0.51124501228 -0.037372998893 0.2095849961 0.54962801933 -0.03865500167 0.31411200762
          0.54384100437 -0.030582999811 0.31574898958 0.49904599786 -0.01918300055 0.21292899549
          0.53636497259 -0.022898999974 0.31516900659 0.5298910141 -0.014027000405 0.31316000223
          0.49562099576 -0.0065239998512 0.21375399828 0.50864398479 0.0069320001639 0.30017098784
          0.48087099195 0.00017299999308 0.21137599647 0.46644800901 0.02556899935 0.21761099994
          0.49452099204 0.019967999309 0.29047599435 0.48681798577 0.02614399977 0.28286001086
          0.45596000552 0.030296999961 0.22049100697 0.47236299515 0.037569999695 0.26818299294
          0.44678398967 0.035390999168 0.22454899549 0.45702901483 0.039893001318 0.2314530015
          0.46060699224 0.042991001159 0.25221601129 0.46459999681 0.042605001479 0.23910999298
          0.61107802391 -0.12314599752 0.27687698603 0.61972802877 -0.11928000301 0.28421100974
          0.61100298166 -0.11383999884 0.2885800004 0.60620999336 -0.12314599752 0.26793500781
          0.61160302162 -0.12018000335 0.2330069989 0.59195101261 -0.11340399832 0.22988499701
          0.58416998386 -0.10692799836 0.22400000691 0.57525402308 -0.098048999906 0.21969799697
          0.56952297688 -0.092326000333 0.21661399305 0.60573297739 -0.095036000013 0.30042600632
          0.56154900789 -0.083926998079 0.21282400191 0.55489397049 -0.075733996928 0.21254099905
          0.57363200188 -0.048941001296 0.31566700339 0.54178500175 -0.059365000576 0.21212799847
          0.53482097387 -0.051121000201 0.2109349966 0.56731897593 -0.041972000152 0.31613299251
          0.55448001623 -0.026581000537 0.31597200036 0.51606297493 -0.026613999158 0.21231299639
          0.51545399427 -0.015792999417 0.21467499435 0.54609000683 -0.016620000824 0.31582298875
          0.5403829813 -0.010584999807 0.31282401085 0.52166301012 0.0090610003099 0.29965999722
          0.49741899967 0.010670999996 0.21327899396 0.511942029 0.016009999439 0.29330900311
          0.48795500398 0.027758000419 0.21785899997 0.46995899081 0.037781998515 0.22590500116
          0.46985301375 0.037820000201 0.22595199943 0.46993198991 0.037857998163 0.22599700093
          0.49006199837 0.038575999439 0.26079899073 0.48355001211 0.041675999761 0.25229400396
          0.47360599041 0.042403999716 0.24555000663 0.6282979846 -0.12457100302 0.28039199114
          0.63358598948 -0.11282200366 0.29330998659 0.62249600887 -0.12569099665 0.27155300975
          0.61923700571 -0.12459500134 0.25223499537 0.60303199291 -0.1147639975 0.22496800125
          0.62759298086 -0.10391400009 0.29831600189 0.59311401844 -0.10482899845 0.21822799742
          0.62002497911 -0.097722999752 0.30015701056 0.58358502388 -0.09421800077 0.21461200714
          0.61711597443 -0.087281003594 0.30504700541 0.57656300068 -0.086290001869 0.21265399456
          0.56957101822 -0.078036002815 0.21119099855 0.60409998894 -0.074106998742 0.30876299739
          0.55183297396 -0.053617998958 0.21233400702 0.54380398989 -0.045368999243 0.21164900064
          0.53846800327 -0.035670999438 0.21317599714 0.56342202425 -0.019223999232 0.31577000022
          0.52596700191 -0.020670000464 0.21305699646 0.55407601595 -0.010722000152 0.314139992
          0.51294499636 -0.0047550001182 0.21493400633 0.54656898975 -0.0034189999569 0.30926600099
          0.50563299656 0.0035699999426 0.21318599582 0.52904701233 0.012458999641 0.29745700955
          0.49679899216 0.032297000289 0.2192299962 0.52616399527 0.017415000126 0.29144001007
          0.5155749917 0.023026999086 0.28223401308 0.51674801111 0.035146001726 0.26022300124
          0.48274201155 0.035512000322 0.2211689949 0.48028901219 0.042399000376 0.23274800181
          0.4851000011 0.042736999691 0.24153900146 0.64774698019 -0.1249750033 0.28310599923
          0.6388040185 -0.11996400356 0.28794199228 0.63992500305 -0.1278630048 0.27543398738
          0.63821798563 -0.12874400616 0.2653619945 0.63431298733 -0.12761600316 0.25587099791
          0.631772995 -0.12496100366 0.24388800561 0.63002800941 -0.12090100348 0.22654999793
          0.61462301016 -0.11406499892 0.22110199928 0.60569298267 -0.10512600094 0.21519300342
          0.59875100851 -0.097058996558 0.21353499591 0.5890250206 -0.085732996464 0.21254999936
          0.5782340169 -0.070588998497 0.21309499443 0.60702699423 -0.047150999308 0.31839999557
          0.55913197994 -0.036138001829 0.21562999487 0.60985302925 -0.026776999235 0.3236989975
          0.59403598309 -0.024273000658 0.32108798623 0.54331898689 -0.022277999669 0.21545299888
          0.57743299007 -0.02150500007 0.31770300865 0.57002002001 -0.013213999569 0.3160380125
          0.52763199806 -0.0070340000093 0.21409100294 0.56325399876 -0.0066769998521 0.31301000714
          0.52120101452 0.0013699999545 0.2142920047 0.55415397882 0.0025339999702 0.30607101321
          0.51404201984 0.0093139996752 0.21282599866 0.5470790267 0.008497999981 0.30017599463
          0.51022398472 0.018280999735 0.21459899843 0.50377297401 0.025802999735 0.21699899435
          0.49401599169 0.041120998561 0.22697399557 0.50557500124 0.040072001517 0.25459098816
          0.50066298246 0.041813001037 0.24606500566 0.49820300937 0.042410999537 0.23611499369
          0.65729898214 -0.12966300547 0.27884998918 0.65140599012 -0.13080300391 0.27040600777
          0.66111797094 -0.13374100626 0.26620098948 0.65763199329 -0.13451899588 0.25674501061
          0.6541659832 -0.13345299661 0.24741500616 0.64191401005 -0.12648700178 0.23612999916
          0.66470301151 -0.12731699646 0.28670701385 0.6565849781 -0.12178499997 0.29137200117
          0.65012902021 -0.1150399968 0.29421600699 0.6282889843 -0.1141680032 0.21657399833
          0.62015098333 -0.10743799806 0.21347799897 0.64682900906 -0.098660998046 0.30522599816
          0.61369997263 -0.099267996848 0.21352000535 0.60933798552 -0.092950001359 0.2136670053
          0.63041001558 -0.076797999442 0.31265100837 0.60299098492 -0.083780996501 0.21516999602
          0.57997500896 -0.055351000279 0.21619099379 0.6325430274 -0.061673998833 0.31859201193
          0.57503002882 -0.041117999703 0.21811200678 0.58638602495 -0.015579000115 0.31939399242
          0.54203099012 -0.0085509996861 0.21482400596 0.57849997282 -0.0073890001513 0.31554400921
          0.53728699684 0.006874000188 0.21346899867 0.57067602873 -4.6000001021e-005 0.31010898948
          0.56381100416 0.0055419998243 0.30419099331 0.52339601517 0.015104000457 0.21412500739
          0.56301397085 0.013508000411 0.29405000806 0.51773899794 0.023214999586 0.21608999372
          0.51276099682 0.031693000346 0.21845699847 0.50482600927 0.037436001003 0.2222339958
          0.5086979866 0.038933999836 0.22544500232 0.52417200804 0.039138998836 0.24703000486
          0.51853901148 0.040066998452 0.23789800704 0.51719099283 0.040261998773 0.228155002
          0.67797201872 -0.13833999634 0.26903501153 0.68190097809 -0.13835899532 0.27902799845
          0.67257899046 -0.13328300416 0.2835150063 0.66694098711 -0.1343369931 0.27458000183
          0.67040300369 -0.13718399405 0.25123101473 0.6654599905 -0.13511000574 0.242542997
          0.67389398813 -0.12425400317 0.29493799806 0.65388697386 -0.12638400495 0.2263199985
          0.64652597904 -0.12126100063 0.21761900187 0.66701900959 -0.11698800325 0.2973690033
          0.63960599899 -0.1149699986 0.21176600456 0.63336497545 -0.10953199863 0.20881099999
          0.66481101513 -0.1011049971 0.3060939908 0.62734800577 -0.10142499954 0.20989599824
          0.62180501223 -0.093387998641 0.21212300658 0.61606001854 -0.085322000086 0.2138620019
          0.61009699106 -0.077163003385 0.21567499638 0.59772098064 -0.056193001568 0.21669100225
          0.59219199419 -0.041524000466 0.22016100585 0.62361299992 -0.04533199966 0.32240700722
          0.61597698927 -0.034749999642 0.32257801294 0.60231298208 -0.017473999411 0.32292899489
          0.59088099003 -0.023268999532 0.2213460058 0.56671899557 -0.0074909999967 0.21977700293
          0.59527802467 -0.0095359999686 0.31806999445 0.58962798119 -0.0051040002145 0.31404998899
          0.5790399909 0.0056480001658 0.3065969944 0.57476598024 0.010383999906 0.30040699244
          0.53220999241 0.020880000666 0.21443299949 0.52659499645 0.02892800048 0.21648600698
          0.52171999216 0.036867000163 0.22031700611 0.55233001709 0.034037001431 0.25977700949
          0.54315501451 0.038858998567 0.24982599914 0.69690698385 -0.13368199766 0.29499399662
          0.68847101927 -0.13671800494 0.28717699647 0.69866400957 -0.14087800682 0.28269800544
          0.69370400906 -0.14004899561 0.27370300889 0.68927997351 -0.13693599403 0.24401499331
          0.68615299463 -0.13461400568 0.23444700241 0.66737502813 -0.12699100375 0.22274699807
          0.69067001343 -0.12635600567 0.29787901044 0.68054401875 -0.13075600564 0.29083499312
          0.6593170166 -0.12345100194 0.21332800388 0.65561699867 -0.12017200142 0.21032500267
          0.68595397472 -0.11959899962 0.30057498813 0.64815497398 -0.11280500144 0.20697599649
          0.68153500557 -0.10707399994 0.30692499876 0.64040100574 -0.10349600017 0.2048420012
          0.63503098488 -0.095484003425 0.20748400688 0.6253439784 -0.08166000247 0.2122309953
          0.65557700396 -0.058288000524 0.32444998622 0.61488497257 -0.065296001732 0.21561899781
          0.60653400421 -0.054986998439 0.21596300602 0.63845098019 -0.045519001782 0.32405799627
          0.63232398033 -0.037183001637 0.32461598516 0.62525600195 -0.029006000608 0.32397198677
          0.61836701632 -0.020764999092 0.32297500968 0.61039102077 -0.012009000406 0.31912100315
          0.57698899508 0.012017999776 0.22078999877 0.60280197859 -0.0018980000168 0.31036099792
          0.54769301414 0.018253000453 0.21471400559 0.57288098335 0.027251999825 0.27127799392
          0.54048401117 0.026736000553 0.21344199777 0.5347700119 0.034798000008 0.21525399387
          0.5408859849 0.041352000087 0.23985700309 0.53097200394 0.040996000171 0.22270800173
          0.5350689888 0.042091000825 0.23158200085 0.70418602228 -0.14010900259 0.29128500819
          0.71538001299 -0.14414800704 0.28808900714 0.71329802275 -0.13685199618 0.29856199026
          0.71154201031 -0.14440199733 0.27634900808 0.70823001862 -0.14138199389 0.26424199343
          0.70213001966 -0.13942299783 0.25959700346 0.70816397667 -0.12827700377 0.30099999905
          0.6676980257 -0.12441699952 0.20978499949 0.67179900408 -0.12490399927 0.20805099607
          0.68734198809 -0.12814000249 0.21335600317 0.66882401705 -0.12226500362 0.20564000309
          0.70615798235 -0.11707899719 0.30502900481 0.66109800339 -0.11364199966 0.20330099761
          0.6549770236 -0.10574299842 0.20232200623 0.64875501394 -0.097652003169 0.20404399931
          0.64400500059 -0.084549002349 0.2081039995 0.63389599323 -0.072890996933 0.21317699552
          0.67321300507 -0.060238998383 0.32568699121 0.61404299736 -0.044431999326 0.21780900657
          0.66425198317 -0.043629001826 0.32934600115 0.64798599482 -0.04002700001 0.32607701421
          0.60358500481 -0.032728001475 0.22102199495 0.64146798849 -0.031521998346 0.32654801011
          0.63387298584 -0.023192999884 0.32382199168 0.62624901533 -0.015070999973 0.32017299533
          0.61682397127 -0.0065430002287 0.31383800507 0.58782500029 0.0016270000488 0.22182700038
          0.56109899282 0.025002999231 0.21595999599 0.55787599087 0.038352999836 0.21366199851
          0.56650602818 0.037808999419 0.25446900725 0.54526400566 0.041694000363 0.2159730047
          0.54447501898 0.045186001807 0.22791300714 0.7299169898 -0.14868399501 0.29096800089
          0.72368699312 -0.14914800227 0.28262901306 0.7325450182 -0.1517560035 0.27901500463
          0.74264502525 -0.15302799642 0.2644020021 0.72048401833 -0.14228799939 0.29550498724
          0.73769301176 -0.14509899914 0.29759499431 0.72195601463 -0.14125199616 0.22980999947
          0.72504097223 -0.13008999825 0.30328801274 0.68282902241 -0.12506400049 0.20229400694
          0.67433899641 -0.11602699757 0.19836699963 0.6685360074 -0.10791199654 0.19940599799
          0.70323801041 -0.099432997406 0.31337699294 0.66242998838 -0.099299997091 0.20303100348
          0.65439099073 -0.082503996789 0.20700100064 0.64177799225 -0.049368001521 0.21954800189
          0.67767101526 -0.047132000327 0.33039900661 0.65794199705 -0.034099001437 0.32970499992
          0.65039497614 -0.025769000873 0.32711100578 0.64314198494 -0.018350999802 0.32321199775
          0.63413798809 -0.0096810003743 0.31699201465 0.62373000383 -0.00080500001786 0.30909100175
          0.61727899313 0.0045670000836 0.30325898528 0.62037402391 0.012958000414 0.29241400957
          0.57824498415 0.022887999192 0.21937599778 0.58869498968 0.028567999601 0.26878499985
          0.57528501749 0.036857001483 0.25824600458 0.56811100245 0.045894000679 0.23996299505
          0.55372399092 0.046158000827 0.21906100214 0.55959302187 0.048255000263 0.23263899982
          0.55368697643 0.0486349985 0.22429199517 0.74687498808 -0.150849998 0.2954570055
          0.73888999224 -0.15294399858 0.28692400455 0.75002098083 -0.15577100217 0.28212499619
          0.74632102251 -0.15512600541 0.27287700772 0.74573397636 -0.14030200243 0.30289399624
          0.73121398687 -0.14475099742 0.25012099743 0.73417800665 -0.14303700626 0.23206099868
          0.71187698841 -0.13578699529 0.21835400164 0.70034599304 -0.12815000117 0.20650599897
          0.73356598616 -0.11937200278 0.3100900054 0.69420802593 -0.12398000062 0.19878999889
          0.68851798773 -0.11824200302 0.195667997 0.68225502968 -0.1101000011 0.1961620003
          0.67777097225 -0.102260001 0.20087699592 0.67313498259 -0.094355002046 0.20524699986
          0.66758900881 -0.086318001151 0.20735700428 0.69368702173 -0.059778999537 0.33019700646
          0.66080999374 -0.078010000288 0.20770700276 0.65278702974 -0.06132800132 0.21684800088
          0.68752998114 -0.052694000304 0.33180901408 0.63810801506 -0.036228001118 0.22038400173
          0.67410999537 -0.036600999534 0.3322249949 0.62839698792 -0.028494000435 0.21827399731
          0.66810101271 -0.027627000585 0.3307980001 0.62062197924 -0.021362999454 0.21821799874
          0.66016602516 -0.021361999214 0.3268199861 0.60732299089 -0.00090699997963 0.21893499792
          0.65034800768 -0.012122999877 0.32019200921 0.64047002792 -0.0030400000978 0.31316798925
          0.60846298933 0.017913000658 0.21959200501 0.6337749958 0.0027360001113 0.30739599466
          0.62996399403 0.0099360002205 0.29700800776 0.59703099728 0.02535700053 0.22026200593
          0.57368201017 0.035842001438 0.21442200243 0.58355200291 0.042493999004 0.25293800235
          0.56625598669 0.044162999839 0.21275299788 0.56790202856 0.0497709997 0.22929799557
          0.5620740056 0.050367999822 0.22105099261 0.75496500731 -0.15599800646 0.29089200497
          0.77514201403 -0.16336600482 0.2810690105 0.76804798841 -0.15956500173 0.28984600306
          0.76771301031 -0.15546600521 0.29660099745 0.76030302048 -0.15973700583 0.26671901345
          0.7553640008 -0.15763500333 0.25813999772 0.74325197935 -0.14790800214 0.24347099662
          0.75867599249 -0.14487199485 0.30154299736 0.77265799046 -0.15009300411 0.30140000582
          0.71950697899 -0.13415299356 0.20973800123 0.71369099617 -0.13101899624 0.20106600225
          0.75316298008 -0.12633499503 0.31089198589 0.70011198521 -0.12323500216 0.19638000429
          0.70512902737 -0.12309399992 0.19430300593 0.71151697636 -0.1289909929 0.19897900522
          0.70273602009 -0.12040500343 0.19314999878 0.74805301428 -0.108179003 0.31654700637
          0.69750201702 -0.11246799678 0.1963929981 0.69275200367 -0.10459700227 0.20060199499
          0.6863399744 -0.087536998093 0.21136400104 0.70989197493 -0.060568999499 0.33130800724
          0.67887800932 -0.079529002309 0.21343299747 0.66527801752 -0.058178000152 0.21969899535
          0.65594297647 -0.04938999936 0.22156399488 0.66876298189 -0.029095999897 0.2267280072
          0.68996202946 -0.03926999867 0.33309799433 0.68312901258 -0.03087599948 0.33294400573
          0.67790597677 -0.025242999196 0.33086898923 0.64435702562 -0.0033640000038 0.22408400476
          0.65734398365 -0.0063280002214 0.31692999601 0.674521029 -0.0083969999105 0.32208201289
          0.65062397718 6.6000000515e-005 0.31068500876 0.64339697361 0.0062779998407 0.30371901393
          0.61069101095 0.031207000837 0.26515799761 0.605881989 0.039025001228 0.25703400373
          0.58129799366 0.043278999627 0.2145050019 0.5748360157 0.049973998219 0.21249899268
          0.58410900831 0.052907001227 0.23283700645 0.57735401392 0.052859999239 0.22555500269
          0.57405000925 0.052625998855 0.2160679996 0.78992897272 -0.16858099401 0.28644898534
          0.78973501921 -0.16037599742 0.29762500525 0.77166301012 -0.15916599333 0.29439800978
          0.78609597683 -0.16792400181 0.27668300271 0.77787399292 -0.16395300627 0.2699829936
          0.78155398369 -0.15440699458 0.30172398686 0.76778298616 -0.15776899457 0.25408598781
          0.75818800926 -0.1444939971 0.22668600082 0.736322999 -0.13714799285 0.21299999952
          0.73090302944 -0.13409599662 0.20461300015 0.72737300396 -0.13146999478 0.2006649971
          0.72378897667 -0.12861999869 0.19705599546 0.71836799383 -0.12273000181 0.19401599467
          0.71312201023 -0.1151150018 0.19719000161 0.70822197199 -0.10696300119 0.20122900605
          0.70561099052 -0.097561001778 0.2049459964 0.69957399368 -0.090673997998 0.20941400528
          0.68614000082 -0.071754999459 0.21851100028 0.72356897593 -0.065690003335 0.33174300194
          0.67746901512 -0.059702001512 0.22163200378 0.67521697283 -0.039967000484 0.22460000217
          0.71970802546 -0.046135999262 0.337018013 0.70694702864 -0.041338000447 0.33502200246
          0.69884699583 -0.03325600177 0.33443298936 0.69150298834 -0.025035999715 0.33219200373
          0.68421399593 -0.017526999116 0.32806301117 0.66687297821 -0.0017679999582 0.31522899866
          0.66145801544 0.0035800000187 0.3081510067 0.65209698677 0.0087810000405 0.29955899715
          0.60377502441 0.043285001069 0.2181430012 0.62384498119 0.04628900066 0.24839000404
          0.59156298637 0.047501001507 0.21577499807 0.60724502802 0.048572000116 0.24248999357
          0.59163099527 0.055045001209 0.23053300381 0.58428198099 0.054545000196 0.21193000674
          0.58304101229 0.055838998407 0.21134200692 0.58574301004 0.057541999966 0.22235099971
          0.58274900913 0.056843999773 0.21270599961 0.79868501425 -0.16636300087 0.2939530015
          0.80076998472 -0.16959300637 0.28198900819 0.79720300436 -0.16884599626 0.2729960084
          0.80509799719 -0.16344599426 0.30160498619 0.79897797108 -0.15646600723 0.30511501431
          0.78743499517 -0.15807999671 0.24347700179 0.7930560112 -0.14889499545 0.30815601349
          0.75382202864 -0.14018400013 0.21647399664 0.74780499935 -0.13698799908 0.20825700462
          0.74392902851 -0.13405199349 0.20403699577 0.79107898474 -0.12631499767 0.31965300441
          0.7407400012 -0.13158400357 0.20067499578 0.73409801722 -0.12538899481 0.1959490031
          0.72832602262 -0.11731900275 0.19762299955 0.78323799372 -0.11231700331 0.3273409903
          0.72249501944 -0.10104800016 0.20761799812 0.76363801956 -0.10343199968 0.32388100028
          0.71437799931 -0.092909999192 0.20941400528 0.70902001858 -0.085161998868 0.21278400719
          0.70332700014 -0.072359003127 0.21897499263 0.73443800211 -0.060387000442 0.33809998631
          0.70114398003 -0.060136999935 0.22324900329 0.69073700905 -0.051653999835 0.22500899434
          0.72878497839 -0.051954001188 0.3385309875 0.71510899067 -0.035829998553 0.33709299564
          0.70740401745 -0.027520999312 0.33398801088 0.65925401449 -0.015951000154 0.22699800134
          0.70145499706 -0.021095000207 0.33001801372 0.6904219985 -0.010905000381 0.32375699282
          0.68236899376 -0.003602999961 0.31862199306 0.68005102873 0.0012560000177 0.31230899692
          0.63287097216 0.016039000824 0.22118499875 0.65018898249 0.021229000762 0.2797279954
          0.61882299185 0.037261001766 0.2198189944 0.63680797815 0.033571001142 0.2658649981
          0.62971097231 0.038710001856 0.25737899542 0.60119497776 0.051637001336 0.21556800604
          0.60073399544 0.057516999543 0.22703899443 0.59712898731 0.057730998844 0.21762800217
          0.59323698282 0.059925001115 0.21937899292 0.58587801456 0.057693000883 0.21145699918
          0.81478899717 -0.16868400574 0.29784399271 0.80893498659 -0.16946600378 0.28933998942
          0.81338900328 -0.16954499483 0.28540098667 0.8076890111 -0.16768099368 0.2675999999
          0.80010002851 -0.16285899282 0.25243499875 0.82237398624 -0.16618099809 0.30555900931
          0.81488901377 -0.15997999907 0.30919900537 0.80986297131 -0.15157000721 0.31207999587
          0.78971397877 -0.15139900148 0.22204400599 0.77223098278 -0.14600799978 0.21920500696
          0.80498999357 -0.14301000535 0.3138230145 0.76602202654 -0.1410100013 0.21181699634
          0.76034402847 -0.13661199808 0.20706899464 0.79970097542 -0.13517700136 0.31619301438
          0.75749802589 -0.1342599988 0.20439200103 0.75071197748 -0.12797899544 0.19945900142
          0.74510902166 -0.12074500322 0.1992879957 0.73866200447 -0.11255200207 0.20296399295
          0.77451300621 -0.098091997206 0.32914099097 0.75460100174 -0.066665001214 0.33909800649
          0.72252702713 -0.078601002693 0.21977899969 0.72305202484 -0.068415001035 0.22385600209
          0.74544000626 -0.054804999381 0.3425630033 0.72336000204 -0.030458999798 0.33741500974
          0.69730097055 -0.034403000027 0.22646099329 0.68395000696 -0.031497001648 0.22557200491
          0.6765319705 -0.021327000111 0.2277970016 0.71792501211 -0.024647999555 0.33395299315
          0.71100902557 -0.017898999155 0.32837599516 0.66532498598 -0.0051560001448 0.22725400329
          0.70613402128 -0.012199999765 0.32265600562 0.70013201237 -0.0023209999781 0.31279999018
          0.67483502626 0.01292899996 0.2960729897 0.6652110219 0.027540000156 0.2749710083
          0.65545898676 0.045524001122 0.25767400861 0.61595898867 0.051438998431 0.21673899889
          0.61031502485 0.060692999512 0.22347599268 0.60821300745 0.059064000845 0.21454299986
          0.60572898388 0.05757600069 0.2140430063 0.83223700523 -0.17075300217 0.3014959991
          0.8337470293 -0.16060499847 0.31210198998 0.82925599813 -0.17171299458 0.29128798842
          0.81829297543 -0.16808000207 0.26385098696 0.81717401743 -0.16477200389 0.24923300743
          0.80555802584 -0.15666900575 0.23285000026 0.82637798786 -0.1542160064 0.31559699774
          0.82163000107 -0.14571499825 0.31802099943 0.78479498625 -0.1476379931 0.21380600333
          0.77600699663 -0.13970699906 0.20683400333 0.81721800566 -0.13590399921 0.31822699308
          0.76737600565 -0.13057599962 0.20308999717 0.8116710186 -0.12784999609 0.31928598881
          0.76379197836 -0.12643900514 0.20225000381 0.76109302044 -0.12179499865 0.2016569972
          0.80632102489 -0.11975199729 0.32267400622 0.7556220293 -0.11437600106 0.20581400394
          0.80031400919 -0.11249499768 0.32776901126 0.74726599455 -0.10374499857 0.21236200631
          0.80711299181 -0.099202997983 0.33725699782 0.7847340107 -0.091582000256 0.33308500051
          0.74480301142 -0.089538000524 0.22151499987 0.73662602901 -0.082670003176 0.22211000323
          0.77047497034 -0.069876000285 0.33954900503 0.72780501842 -0.053173001856 0.22804300487
          0.76034402847 -0.057261001319 0.34174901247 0.76283299923 -0.043490000069 0.34267699718
          0.70775002241 -0.04107100144 0.22706000507 0.74088901281 -0.033117998391 0.33684301376
          0.69248002768 -0.023553999141 0.22504399717 0.73814302683 -0.017897000536 0.33112999797
          0.72778201103 -0.020626999438 0.33191001415 0.67603600025 -0.0026750001125 0.22631399333
          0.71999198198 -0.014190999791 0.32504999638 0.66335397959 0.01157699991 0.22351300716
          0.69709801674 0.011471999809 0.2996250093 0.65110898018 0.024737000465 0.21933600307
          0.68478602171 0.025024000555 0.28329700232 0.65953999758 0.058538001031 0.24462799728
          0.63051497936 0.04841599986 0.2161770016 0.63999700546 0.05592700094 0.24130399525
          0.62466198206 0.061406001449 0.22807499766 0.6176019907 0.064755998552 0.21623399854
          0.62331700325 0.056694000959 0.21442200243 0.62243998051 0.067221999168 0.21852700412
          0.84964197874 -0.17256499827 0.3050070107 0.8414530158 -0.17522099614 0.29640600085
          0.85232901573 -0.17918600142 0.29214200377 0.83431398869 -0.17308400571 0.27776700258
          0.84516698122 -0.17705799639 0.27389198542 0.84210300446 -0.17481599748 0.26486700773
          0.8327640295 -0.17143000662 0.25758799911 0.84325301647 -0.16647799313 0.3086720109
          0.84819102287 -0.15432199836 0.3205460012 0.80130201578 -0.15034100413 0.21710599959
          0.80981200933 -0.15518200397 0.2249879986 0.83965200186 -0.147153005 0.32130900025
          0.79508501291 -0.14571300149 0.20976400375 0.79031801224 -0.14131699502 0.20626400411
          0.8331310153 -0.13967199624 0.32313999534 0.78367900848 -0.13391600549 0.2039950043
          0.82067900896 -0.12491499633 0.32313799858 0.77550798655 -0.12470000237 0.20175799727
          0.77098602057 -0.11648400128 0.20602299273 0.81443500519 -0.11503399909 0.32724401355
          0.76163500547 -0.10114700347 0.2152660042 0.75737398863 -0.09312800318 0.22140699625
          0.75496500731 -0.084338001907 0.22663000226 0.74994397163 -0.076747998595 0.22873300314
          0.8033940196 -0.081221997738 0.34277901053 0.73959702253 -0.068553000689 0.227403
          0.80342799425 -0.06835000217 0.34765601158 0.77022498846 -0.051562998444 0.34442898631
          0.7557309866 -0.034598000348 0.33907499909 0.71173799038 -0.015946000814 0.22481000423
          0.74617797136 -0.025005999953 0.33565598726 0.70079702139 -0.019966999069 0.22405000031
          0.69512498379 -0.011366999708 0.22291600704 0.7251470089 -0.007100999821 0.31639501452
          0.6894389987 -0.0011129999766 0.22291900218 0.71489399672 0.0074399998412 0.30064800382
          0.69069498777 0.012714000419 0.22043600678 0.68804001808 0.025185000151 0.21742600203
          0.66709601879 0.041039999574 0.26306301355 0.63791698217 0.055050000548 0.2131550014
          0.63418197632 0.06516200304 0.21148100495 0.63236600161 0.067056000233 0.22523599863
          0.62836199999 0.067870996892 0.21610400081 0.87286698818 -0.18209600449 0.30538100004
          0.87213802338 -0.17495900393 0.31659498811 0.85727000237 -0.17969100177 0.30099099874
          0.86767697334 -0.18565399945 0.27444601059 0.85760700703 -0.18158300221 0.26831498742
          0.85341900587 -0.17737799883 0.25865098834 0.84558600187 -0.17297999561 0.25197800994
          0.84061902761 -0.16947700083 0.24348500371 0.8540700078 -0.16203899682 0.31674399972
          0.87322801352 -0.1628549993 0.32896900177 0.83271598816 -0.16409100592 0.23626099527
          0.82665300369 -0.15984100103 0.2283450067 0.82024401426 -0.15579399467 0.22038599849
          0.81665998697 -0.15255400538 0.21761499345 0.81194502115 -0.14854100347 0.21343000233
          0.80418497324 -0.14194999635 0.20691399276 0.79790198803 -0.1353610009 0.20361299813
          0.84734398127 -0.13264599442 0.33262500167 0.79181599617 -0.12724399567 0.20453099906
          0.78374397755 -0.12062799931 0.20530499518 0.77696400881 -0.10915900022 0.21122699976
          0.78031599522 -0.091698996723 0.22045899928 0.76784700155 -0.087682999671 0.22490000725
          0.82166302204 -0.093634001911 0.34636199474 0.76320898533 -0.079700000584 0.2290699929
          0.75714302063 -0.071538001299 0.23126199841 0.75338900089 -0.06353200227 0.23178899288
          0.7410119772 -0.052677001804 0.22911199927 0.78032398224 -0.047189999372 0.34625500441
          0.74618601799 -0.039324000478 0.22911499441 0.77260702848 -0.037696998566 0.34501698613
          0.72428697348 -0.029689000919 0.22802199423 0.76254200935 -0.027604000643 0.33966100216
          0.75445401669 -0.019874000922 0.3345220089 0.74534100294 -0.012598999776 0.32482498884
          0.72698700428 0.0099120000377 0.2979939878 0.70504099131 0.024018000811 0.28383898735
          0.68529701233 0.041381001472 0.2636950016 0.67061299086 0.051304999739 0.25086700916
          0.64562702179 0.060104999691 0.21035300195 0.64749997854 0.067171998322 0.23123000562
          0.64018899202 0.0690779984 0.21116200089 0.6407020092 0.071818001568 0.22205899656
          0.883852005 -0.19009500742 0.27894899249 0.88074398041 -0.18908800185 0.26902198792
          0.86906397343 -0.18336899579 0.26144701242 0.89078897238 -0.19084399939 0.29681301117
          0.88939297199 -0.18487800658 0.30917701125 0.88663697243 -0.19041900337 0.28954100609
          0.8579980135 -0.17452900112 0.2467020005 0.89493000507 -0.17859299481 0.31913301349
          0.88127499819 -0.17029200494 0.32473900914 0.85198301077 -0.16979600489 0.23952099681
          0.84412699938 -0.16399799287 0.23157699406 0.83253598213 -0.15524999797 0.21942999959
          0.82945102453 -0.15233799815 0.21676799655 0.82336300611 -0.14631000161 0.21311299503
          0.86467397213 -0.14797799289 0.33372101188 0.87381899357 -0.15370500088 0.33417099714
          0.81717097759 -0.13910199702 0.21218700707 0.85967302322 -0.14004799724 0.33578199148
          0.80669099092 -0.13053099811 0.20730100572 0.7981839776 -0.12163200229 0.20880700648
          0.8622969985 -0.11513599753 0.34524700046 0.85665899515 -0.10678099841 0.34630900621
          0.81247800589 -0.096900999546 0.22813999653 0.8512930274 -0.10048300028 0.34848698974
          0.78973597288 -0.089911997318 0.22357100248 0.77748197317 -0.073339998722 0.22967100143
          0.82414597273 -0.078211002052 0.35129699111 0.7702550292 -0.063583999872 0.23217099905
          0.76205801964 -0.045685999095 0.23216299713 0.80359500647 -0.056143000722 0.34955200553
          0.79558902979 -0.048429001123 0.34839099646 0.78866100311 -0.040205001831 0.34718200564
          0.78036201 -0.031376000494 0.3435100019 0.77022099495 -0.021643999964 0.33648300171
          0.72706997395 -0.008119000122 0.22408400476 0.76210302114 -0.015289000235 0.32870200276
          0.75342702866 -0.0083790002391 0.3196580112 0.71705502272 0.0041160001419 0.22098399699
          0.74087798595 0.0048750001006 0.30698999763 0.71109700203 0.013957000338 0.2198279947
          0.73341399431 0.017411999404 0.28819400072 0.74525797367 0.029647000134 0.273901999
          0.67639297247 0.044160999358 0.21125899255 0.66044700146 0.057652000338 0.20884700119
          0.66169601679 0.068953998387 0.23591400683 0.65327000618 0.066283002496 0.20823299885
          0.65481197834 0.073900997639 0.22712300718 0.64938402176 0.07407899946 0.21444299817
          0.64995098114 0.075211003423 0.21841999888 0.911033988 -0.19591000676 0.31053099036
          0.90548300743 -0.19666899741 0.30178299546 0.91093802452 -0.19937199354 0.29997000098
          0.90793198347 -0.1994599998 0.28879401088 0.90522199869 -0.18841299415 0.31382501125
          0.89705902338 -0.19110000134 0.3056229949 0.89600002766 -0.19567100704 0.27298501134
          0.8920930028 -0.19163399935 0.26419198513 0.87735402584 -0.18105199933 0.24934400618
          0.86999797821 -0.17518800497 0.24185700715 0.86038899422 -0.16703900695 0.23399099708
          0.89398401976 -0.16146099567 0.33289799094 0.85056602955 -0.15838499367 0.22583399713
          0.84482002258 -0.15293100476 0.22118799388 0.84069699049 -0.14915700257 0.2180660069
          0.88686299324 -0.14771300554 0.34038001299 0.83428502083 -0.14087599516 0.21870599687
          0.87502199411 -0.1373180002 0.34167098999 0.81610101461 -0.12711599469 0.21399800479
          0.86677998304 -0.1245810017 0.3445790112 0.81193000078 -0.11755900085 0.2153570056
          0.80881202221 -0.087465003133 0.231298998 0.84008300304 -0.084297001362 0.35745999217
          0.78664702177 -0.076321996748 0.22835899889 0.8383859992 -0.063225999475 0.36008200049
          0.82057797909 -0.058862000704 0.35450699925 0.81218898296 -0.051050998271 0.35215601325
          0.80459702015 -0.042695999146 0.34906101227 0.79711997509 -0.034862000495 0.34540998936
          0.75050699711 -0.020324999467 0.22613799572 0.78778600693 -0.02593900077 0.33923399448
          0.76578301191 -0.0068419999443 0.31902900338 0.74775898457 0.0079629998654 0.30412098765
          0.70841902494 0.025598999113 0.21663600206 0.7024409771 0.035854998976 0.21166199446
          0.68881601095 0.039616998285 0.21176299453 0.72921401262 0.038984999061 0.26618099213
          0.70565599203 0.045131999999 0.25927600265 0.69492602348 0.05527799949 0.25056600571
          0.68172097206 0.061209999025 0.20440499485 0.6810939908 0.064219996333 0.24158599973
          0.66743499041 0.064051002264 0.20585300028 0.66132199764 0.072171002626 0.20670600235
          0.66877502203 0.07426200062 0.23233799636 0.66386598349 0.077232003212 0.22361400723
          0.6600599885 0.077313996851 0.21434399486 0.65374100208 0.076154999435 0.21690100431
          0.92477601767 -0.20082099736 0.31520399451 0.93304598331 -0.2073380053 0.3115760088
          0.93167102337 -0.19905899465 0.32345300913 0.92876398563 -0.20823700726 0.30153301358
          0.91869002581 -0.20204499364 0.30681300163 0.92242699862 -0.2069350034 0.28303000331
          0.9076499939 -0.20000499487 0.27898600698 0.91730701923 -0.20278400183 0.27479198575
          0.90631002188 -0.19533500075 0.2617880106 0.92650300264 -0.19087199867 0.32601100206
          0.91836297512 -0.19366000593 0.31830400229 0.89165002108 -0.18461300433 0.24424700439
          0.91667002439 -0.18254899979 0.32491001487 0.91094398499 -0.17171700299 0.32936799526
          0.87911200523 -0.17313300073 0.23518800735 0.87240499258 -0.16664800048 0.23058199883
          0.86613100767 -0.16026799381 0.22725300491 0.85938102007 -0.15297499299 0.22430799901
          0.85173100233 -0.14371100068 0.22373299301 0.83734601736 -0.12672400475 0.22381299734
          0.88857901096 -0.13045200706 0.34996500611 0.87583601475 -0.12097299844 0.35170599818
          0.88322401047 -0.11798299849 0.35740599036 0.82478702068 -0.11239100248 0.22282099724
          0.8815780282 -0.10401900113 0.36183300614 0.8203150034 -0.10290600359 0.226165995
          0.86816298962 -0.10220900178 0.35541498661 0.86477398872 -0.089519999921 0.36098900437
          0.84699302912 -0.091072000563 0.35419800878 0.79682302475 -0.070961996913 0.23122100532
          0.851755023 -0.078349001706 0.36327201128 0.79302000999 -0.059248998761 0.23291599751
          0.78263902664 -0.054818999022 0.23208799958 0.84052598476 -0.049171000719 0.36254999042
          0.82359302044 -0.045434001833 0.354685992 0.76892399788 -0.036028001457 0.23029500246
          0.81354802847 -0.036938998848 0.3496260047 0.80442202091 -0.028473999351 0.34303200245
          0.79518502951 -0.019895000383 0.33544000983 0.7869759798 -0.012639000081 0.32909700274
          0.76539200544 0.003318999894 0.30485999584 0.73244398832 0.019169999287 0.21380700171
          0.75085800886 0.014883000404 0.29106000066 0.72757101059 0.024718999863 0.2130780071
          0.75436902046 0.022587999701 0.28073900938 0.69600600004 0.045060001314 0.20701000094
          0.68880200386 0.053539000452 0.20523700118 0.67506498098 0.070000000298 0.20331199467
          0.69466000795 0.074037000537 0.23037999868 0.67931902409 0.076044999063 0.22788800299
          0.67113798857 0.077596001327 0.20988500118 0.94910699129 -0.20986700058 0.31573298573
          0.94208300114 -0.21155999601 0.30713999271 0.94922602177 -0.21267199516 0.30431899428
          0.93958002329 -0.20493300259 0.31964600086 0.94791001081 -0.20197500288 0.32726299763
          0.93466198444 -0.21042999625 0.28892499208 0.93646800518 -0.20949199796 0.27734100819
          0.92907398939 -0.20298400521 0.27001699805 0.92136001587 -0.19628700614 0.26305499673
          0.94352900982 -0.19245700538 0.3299869895 0.91162002087 -0.18886999786 0.2534750104
          0.90078097582 -0.18003199995 0.24284400046 0.92545598745 -0.17127999663 0.33577001095
          0.88185602427 -0.16182599962 0.2288749963 0.87477999926 -0.15419399738 0.22591300309
          0.91831201315 -0.149477005 0.34601700306 0.86874502897 -0.14615899324 0.22809499502
          0.85958898067 -0.13992699981 0.22823399305 0.84024202824 -0.10377500206 0.23740699887
          0.90911602974 -0.11726400256 0.36316099763 0.89762800932 -0.11077799648 0.36562898755
          0.82959002256 -0.096323996782 0.23379400373 0.82449197769 -0.088646002114 0.23371100426
          0.87561202049 -0.088531002402 0.36504599452 0.82208502293 -0.080052003264 0.23512400687
          0.86735200882 -0.079453997314 0.36540800333 0.82069599628 -0.069848001003 0.23695999384
          0.86712497473 -0.066050000489 0.36815899611 0.80521398783 -0.064634002745 0.23412500322
          0.85376399755 -0.065136000514 0.36501601338 0.84836697578 -0.056476000696 0.36579999328
          0.79327201843 -0.046163000166 0.23263899982 0.82862901688 -0.037090998143 0.3545730114
          0.79556500912 -0.03393600136 0.23028999567 0.82062202692 -0.029720000923 0.34895598888
          0.77258902788 -0.022237999365 0.22702600062 0.81020098925 -0.021691000089 0.33873099089
          0.76489901543 -0.013857999817 0.22278000414 0.79706698656 -0.0091220000759 0.3251259923
          0.76985001564 0.011659000069 0.21717099845 0.79654097557 -0.0022519999184 0.31603100896
          0.77753698826 0.0026519999374 0.30494400859 0.75775402784 0.018667999655 0.21448999643
          0.71884101629 0.035073000938 0.21025200188 0.70844000578 0.044743999839 0.20444600284
          0.70245999098 0.051380999386 0.20163999498 0.72031497955 0.074492998421 0.23182499409
          0.69613301754 0.059532001615 0.20197699964 0.70794898272 0.064434997737 0.24086800218
          0.68967401981 0.067703001201 0.20200200379 0.68459200859 0.075588002801 0.20543900132
          0.68908798695 0.078689001501 0.22405199707 0.6846140027 0.080209001899 0.21515800059
          0.67781198025 0.079378001392 0.21793499589 0.96610802412 -0.21248799562 0.3194719851
          0.95886898041 -0.21413899958 0.31106799841 0.9658460021 -0.21519699693 0.30798399448
          0.94739502668 -0.21260899305 0.28359699249 0.94746798277 -0.20898799598 0.27191999555
          0.96618098021 -0.21488599479 0.27639698982 0.95629000664 -0.20753699541 0.32338801026
          0.96456897259 -0.20460599661 0.33113199472 0.93947899342 -0.20205999911 0.2638809979
          0.95929998159 -0.19653899968 0.33366099 0.9281039834 -0.19195899367 0.25598999858
          0.92072999477 -0.18476399779 0.25084799528 0.91222399473 -0.17592300475 0.24570000172
          0.90179401636 -0.16582399607 0.24008400738 0.8875939846 -0.14776200056 0.23284099996
          0.94357198477 -0.14878900349 0.35331198573 0.92199599743 -0.1280079931 0.3604080081
          0.86051899195 -0.11044500023 0.24122999609 0.86508899927 -0.12513799965 0.23715899885
          0.84965997934 -0.097981996834 0.24329000711 0.90129601955 -0.096436999738 0.37026700377
          0.83576500416 -0.083264999092 0.24115200341 0.83339697123 -0.071202002466 0.24028599262
          0.81783998013 -0.056542001665 0.23772899806 0.86444300413 -0.059151999652 0.36809799075
          0.80914801359 -0.048941999674 0.23514400423 0.85624301434 -0.050172999501 0.36617299914
          0.84839701653 -0.040399998426 0.36070999503 0.8355320096 -0.030309999362 0.35267800093
          0.83705002069 -0.023576999083 0.34790998697 0.82247197628 -0.014770000242 0.33372300863
          0.82575201988 -0.0048549999483 0.32453200221 0.78676897287 0.011346999556 0.29718500376
          0.7790979743 0.019602000713 0.28817400336 0.74932801723 0.030153000727 0.21128100157
          0.7617970109 0.027801999822 0.2766110003 0.7561339736 0.043336998671 0.26302999258
          0.73152297735 0.045086998492 0.20551000535 0.74230402708 0.053493000567 0.2548609972
          0.72596001625 0.052007999271 0.20242899656 0.7123849988 0.058106999844 0.20040500164
          0.7274979949 0.068098001182 0.23784400523 0.70410698652 0.065430998802 0.20026700199
          0.69878399372 0.073436997831 0.20302000642 0.70472699404 0.077436998487 0.22814700007
          0.69458198547 0.080145001411 0.21119399369 0.69930398464 0.080954000354 0.2196380049
          0.97353702784 -0.20981900394 0.32816201448 0.98338097334 -0.21442900598 0.32292100787
          0.98210799694 -0.20712900162 0.3355320096 0.97573500872 -0.21636800468 0.31445300579
          0.98208099604 -0.21775999665 0.30128398538 0.96001297235 -0.20988799632 0.26746299863
          0.96127802134 -0.21078799665 0.26896500587 0.95156401396 -0.20183899999 0.26170200109
          0.97503602505 -0.19985300303 0.33791598678 0.94182902575 -0.19262699783 0.25505900383
          0.97841197252 -0.18666400015 0.34516501427 0.93463599682 -0.18521599472 0.25155699253
          0.96187597513 -0.17969800532 0.34341600537 0.92898899317 -0.17885699868 0.2495290041
          0.91765099764 -0.16764000058 0.2459090054 0.96307700872 -0.15448200703 0.35800400376
          0.91792702675 -0.1520140022 0.24477800727 0.90418297052 -0.15112200379 0.23913599551
          0.88706898689 -0.13261599839 0.24163599312 0.92350202799 -0.097640998662 0.37539801002
          0.86572897434 -0.090130999684 0.24960200489 0.85069197416 -0.077871002257 0.24690000713
          0.90388202667 -0.084619998932 0.3728480041 0.90414202213 -0.07250200212 0.37696701288
          0.84945100546 -0.065911002457 0.24649199843 0.84009802341 -0.054251000285 0.2404910028
          0.88192498684 -0.061411000788 0.37352401018 0.86929500103 -0.056131001562 0.36873701215
          0.86533802748 -0.044463001192 0.36475500464 0.81810700893 -0.03614500165 0.23381100595
          0.85816502571 -0.026728000492 0.35313901305 0.78666001558 -0.010978000239 0.2231490016
          0.80667299032 -0.020037999377 0.22576600313 0.78040599823 -0.0026249999646 0.21989899874
          0.81380397081 -0.0011010000017 0.31932500005 0.80841201544 0.0094520002604 0.30250900984
          0.78357601166 0.031454000622 0.28023999929 0.7690410018 0.035627000034 0.27186098695
          0.74705499411 0.03962200135 0.20829899609 0.71503597498 0.072461999953 0.20133399963
          0.70636802912 0.077506996691 0.20594899356 0.70951801538 0.078933000565 0.20794700086
          0.71539902687 0.081018999219 0.22394900024 0.71174198389 0.082507997751 0.21461500227
          0.99257802963 -0.21836699545 0.3079470098 0.99593102932 -0.22129400074 0.29788199067
          0.97305297852 -0.21643799543 0.27308699489 0.98234701157 -0.2195609957 0.26882699132
          0.97453397512 -0.2128880024 0.26440000534 0.99907702208 -0.21482099593 0.32321599126
          0.99238502979 -0.2116419971 0.33182099462 0.96216201782 -0.20939800143 0.2665989995
          0.97126400471 -0.20947599411 0.26277700067 0.99849200249 -0.20982800424 0.34002101421
          0.99038100243 -0.20376899838 0.34277400374 0.95841002464 -0.19463199377 0.25995400548
          0.98624402285 -0.19498699903 0.34494000673 0.95449000597 -0.19000299275 0.25828498602
          0.94437801838 -0.18009500206 0.25164601207 0.97604298592 -0.16785499454 0.35747501254
          0.93627500534 -0.17112000287 0.25062400103 0.92439502478 -0.15432399511 0.24638600647
          0.91455698013 -0.14623999596 0.24439300597 0.9068300128 -0.1319269985 0.24989399314
          0.88781398535 -0.11700800061 0.24927900732 0.91056102514 -0.12459799647 0.25567498803
          0.90276497602 -0.10566899925 0.2600210011 0.93317401409 -0.10068699718 0.37752699852
          0.95487499237 -0.1115019992 0.3816460073 0.8796569705 -0.096937999129 0.25290000439
          0.91864198446 -0.088780999184 0.37764200568 0.91560697556 -0.068100996315 0.38184899092
          0.88010400534 -0.077707000077 0.25533398986 0.89857900143 -0.064612001181 0.377741009
          0.89879900217 -0.064494997263 0.37782999873 0.89858198166 -0.064254000783 0.37776100636
          0.89105498791 -0.056049000472 0.37531399727 0.84227198362 -0.044043000787 0.2387419939
          0.88064497709 -0.046737000346 0.36892598867 0.83102697134 -0.037843000144 0.23677499592
          0.8742120266 -0.03479700163 0.36143401265 0.85746598244 -0.017651999369 0.343306005
          0.85085201263 -0.013456000015 0.33605000377 0.78938400745 0.0004079999926 0.22059200704
          0.82361602783 0.0031439999584 0.31486299634 0.77898097038 0.010629000142 0.21766200662
          0.77787101269 0.021647000685 0.21446299553 0.8081330061 0.019291000441 0.2909539938
          0.80108302832 0.025592999533 0.28462401032 0.7572529912 0.035702999681 0.20821399987
          0.77179700136 0.033615000546 0.20822300017 0.77383697033 0.044668000191 0.2613030076
          0.74854499102 0.063542000949 0.24365499616 0.72724401951 0.068953000009 0.19857299328
          0.73399299383 0.0607400015 0.19924899936 0.73849201202 0.071759998798 0.23552300036
          0.72255301476 0.076866000891 0.20284700394 0.7307959795 0.078317001462 0.22838200629
          0.72512501478 0.081629998982 0.22009399533 1.0057990551 -0.22732299566 0.29131001234
          1.0031620264 -0.22974100709 0.27024000883 1.0127550364 -0.23260399699 0.28759801388
          0.99280399084 -0.22546200454 0.26369899511 0.99929702282 -0.2290699929 0.26081299782
          0.99326002598 -0.22301399708 0.25743201375 1.0083220005 -0.21968500316 0.31229799986
          0.98765599728 -0.21496799588 0.25951200724 1.0155320168 -0.21275399625 0.34414801002
          1.0079489946 -0.21413700283 0.33404898643 1.0167449713 -0.21854799986 0.33010300994
          0.98250800371 -0.2070389986 0.26268601418 1.0053570271 -0.20748999715 0.34643098712
          0.97698801756 -0.19940599799 0.26482599974 0.99957299232 -0.20020799339 0.34904900193
          0.97333699465 -0.18942500651 0.26573398709 0.99782198668 -0.18190799654 0.35736298561
          0.95644402504 -0.17255699635 0.25870299339 0.94544297457 -0.16315500438 0.2547250092
          0.93156397343 -0.14868199825 0.24838900566 0.97298401594 -0.13929699361 0.37149900198
          0.98802602291 -0.16469399631 0.36878100038 0.92571800947 -0.14036999643 0.24868799746
          0.95077902079 -0.093891002238 0.38881000876 0.93452399969 -0.081100001931 0.38881599903
          0.92379397154 -0.073646001518 0.38448798656 0.86680799723 -0.067396000028 0.25111800432
          0.85830700397 -0.058070998639 0.24727800488 0.90866702795 -0.059043001384 0.37951400876
          0.90214902163 -0.054428000003 0.37623399496 0.89164298773 -0.04184500128 0.36966100335
          0.82249599695 -0.019491000101 0.22911199927 0.88592100143 -0.024714000523 0.35563701391
          0.81146597862 -0.0085110003129 0.22491599619 0.79025799036 0.015681000426 0.21902799606
          0.8479269743 -0.0057310000993 0.32859000564 0.8380600214 0.0025879999157 0.32071200013
          0.82748198509 0.010254000314 0.30711400509 0.76394599676 0.042075000703 0.20331199467
          0.79689401388 0.04078400135 0.27312099934 0.75766098499 0.050829999149 0.20109799504
          0.74891400337 0.058476001024 0.19878700376 0.77105098963 0.056898999959 0.24991600215
          0.74201202393 0.066808000207 0.19697700441 0.75183898211 0.072461999953 0.23640500009
          0.73611497879 0.074721001089 0.19901899993 0.74683201313 0.07672200352 0.23246499896
          0.7400239706 0.080895997584 0.22466899455 0.73256999254 0.082273997366 0.20621199906
          0.73645502329 0.081886000931 0.21539799869 1.0317929983 -0.23727500439 0.30112600327
          1.0267859697 -0.23739600182 0.29226699471 1.0313110352 -0.23878699541 0.29038798809
          1.0227119923 -0.23702800274 0.28313601017 1.0271090269 -0.23794099689 0.28125301003
          1.0216569901 -0.23455099761 0.27372398973 1.0372890234 -0.22882600129 0.33057001233
          1.0201809406 -0.22586999834 0.31040900946 1.0370260477 -0.23646600544 0.30980199575
          1.0428160429 -0.23661500216 0.31775599718 1.018067956 -0.23205900192 0.29621499777
          1.0091660023 -0.23192000389 0.27823099494 1.0211969614 -0.23426699638 0.27308601141
          1.00613904 -0.23072299361 0.26871499419 1.0150769949 -0.23027999699 0.26502600312
          1.006502986 -0.22684200108 0.25795200467 1.0086050034 -0.22576600313 0.25714400411
          1.0079040527 -0.22531600296 0.25620400906 1.0011039972 -0.21709600091 0.25540798903
          1.0287410021 -0.21710300446 0.34691900015 1.0274859667 -0.22225500643 0.33552199602
          1.041596055 -0.22271099687 0.35194000602 1.0350600481 -0.21578599513 0.35553199053
          0.997394979 -0.20889499784 0.26239299774 1.0297379494 -0.20768199861 0.35792198777
          1.0213489532 -0.21071699262 0.35037899017 0.99513298273 -0.1999219954 0.26732701063
          1.0255490541 -0.19411200285 0.36436900496 1.015576005 -0.20304900408 0.35324400663
          1.011983037 -0.19336600602 0.35806900263 1.0086749792 -0.17886899412 0.36569300294
          0.98296099901 -0.17152799666 0.27083399892 0.97552198172 -0.16291700304 0.26776701212
          1.0032240152 -0.16839900613 0.37257501483 0.95822197199 -0.15989500284 0.25866699219
          0.99460399151 -0.16138499975 0.3742299974 0.9489480257 -0.15073899925 0.2570900023
          0.94284802675 -0.14322300255 0.25455000997 0.98841398954 -0.13821899891 0.38354501128
          0.94169902802 -0.13234299421 0.25744500756 0.93452399969 -0.12418500334 0.25996801257
          0.97311300039 -0.12011499703 0.38822799921 0.92823398113 -0.11541400105 0.26390698552
          0.96708399057 -0.1109739989 0.39136400819 0.90246301889 -0.086444996297 0.26480400562
          0.91107797623 -0.098875001073 0.26519799232 0.88298499584 -0.059622999281 0.25480899215
          0.93076300621 -0.058143999428 0.38681399822 0.87308901548 -0.048689000309 0.24829499424
          0.92297101021 -0.049770001322 0.38090801239 0.86204898357 -0.041131999344 0.24179199338
          0.90937197208 -0.044048998505 0.37356698513 0.85325199366 -0.034770999104 0.23715700209
          0.89934998751 -0.036217998713 0.36807799339 0.83652001619 -0.019596999511 0.2329069972
          0.82757902145 -0.0099280001596 0.2283270061 0.88272500038 -0.0088550001383 0.34419500828
          0.87410002947 -0.0046859998256 0.33707898855 0.81875002384 0.0050610001199 0.22152799368
          0.86131602526 -0.0042550000362 0.33099898696 0.84536999464 0.0084400000051 0.31269100308
          0.79878401756 0.022696999833 0.21750299633 0.83153098822 0.018593000248 0.30052301288
          0.78936201334 0.030766999349 0.2127880007 0.81922900677 0.027148999274 0.28620898724
          0.81413698196 0.036026000977 0.27789801359 0.78429800272 0.042853001505 0.20449699461
          0.77657097578 0.053020998836 0.19851000607 0.75709497929 0.064266003668 0.19747300446
          0.76419699192 0.056001000106 0.19899700582 0.75151401758 0.072307996452 0.19960799813
          0.76465600729 0.073893003166 0.23604400456 0.74236702919 0.077575996518 0.20195199549
          0.75673502684 0.079516999424 0.22848400474 0.75341302156 0.081647999585 0.21916900575
          0.75027900934 0.081330001354 0.20963899791 1.0556880236 -0.24794299901 0.30127200484
          1.04411304 -0.24278900027 0.29572400451 1.0510369539 -0.24639700353 0.29206201434
          1.0607930422 -0.24368399382 0.32128500938 1.0587450266 -0.24708199501 0.31096500158
          1.0459769964 -0.243780002 0.2838999927 1.0380400419 -0.23678900301 0.27714601159
          1.0599240065 -0.23838099837 0.33040699363 1.0674129725 -0.23515200615 0.34501799941
          1.045156002 -0.22865499556 0.34034800529 1.0221710205 -0.2338629961 0.272706002
          1.022529006 -0.22382900119 0.26282799244 1.0546239614 -0.22935500741 0.35851800442
          1.0095080137 -0.22446300089 0.25684699416 1.017572999 -0.21966400743 0.25856798887
          1.0532519817 -0.22071699798 0.36904901266 1.058349967 -0.22879299521 0.36642900109
          1.066174984 -0.22630600631 0.37418401241 1.0605709553 -0.21845799685 0.37684801221
          1.0464890003 -0.22247800231 0.36090698838 1.0097279549 -0.2132499963 0.25901898742
          1.0529960394 -0.21132400632 0.37322801352 1.0421949625 -0.21302999556 0.36231100559
          1.0122159719 -0.19704499841 0.26915198565 1.0453989506 -0.19724099338 0.3750500083
          1.036272049 -0.18967400491 0.37377101183 1.0016169548 -0.17894500494 0.27477601171
          1.0116339922 -0.16515900195 0.37877601385 1.0190960169 -0.16227099299 0.38640299439
          0.97001802921 -0.15382799506 0.26488998532 1.0074189901 -0.15611499548 0.38227000833
          0.96107900143 -0.14699800313 0.26412901282 1.0102130175 -0.14359100163 0.38978600502
          0.95454597473 -0.13820800185 0.26387399435 0.99991798401 -0.13345499337 0.39230599999
          0.94898700714 -0.12912400067 0.26289701462 0.94643300772 -0.11966700107 0.26634299755
          0.97828900814 -0.11726400256 0.39558801055 0.99367398024 -0.12103199959 0.39986300468
          0.94149798155 -0.11177100241 0.2696659863 0.98715001345 -0.1137830019 0.40255999565
          0.93388599157 -0.10378599912 0.27080899477 0.97474700212 -0.10785900056 0.39782598615
          0.96154302359 -0.092417001724 0.3947609961 0.91110897064 -0.077036000788 0.26807099581
          0.91990202665 -0.089354999363 0.27044698596 0.95753502846 -0.081836998463 0.39695999026
          0.95289802551 -0.072856001556 0.39873799682 0.89434701204 -0.063482001424 0.26079601049
          0.94206297398 -0.064976997674 0.39290699363 0.91603302956 -0.038263000548 0.37251499295
          0.90747302771 -0.031436998397 0.3649789989 0.89746302366 -0.021309999749 0.35493800044
          0.84439402819 -0.012706000358 0.23334799707 0.83268302679 0.0031310000923 0.22418700159
          0.86093497276 0.0082559995353 0.31325799227 0.81327801943 0.020664000884 0.216734007
          0.85231298208 0.021095000207 0.30037501454 0.83196002245 0.033663000911 0.28164699674
          0.79829901457 0.042819999158 0.20633099973 0.81513798237 0.0511379987 0.26568600535
          0.79465097189 0.058524999768 0.25204598904 0.77203500271 0.062251001596 0.19568300247
          0.76613897085 0.070009000599 0.19833399355 0.77896898985 0.071939997375 0.23878200352
          0.76219600439 0.077812999487 0.20440599322 0.77372598648 0.077384002507 0.23212599754
          0.76758497953 0.080127999187 0.22404199839 0.76355999708 0.080975003541 0.21492099762
          0.76217901707 0.077858999372 0.20445899665 1.0793639421 -0.25057798624 0.32399299741
          1.0707509518 -0.25367900729 0.3163869977 1.0790749788 -0.25538700819 0.31282299757
          1.0663909912 -0.25353699923 0.30736199021 1.0749410391 -0.25436499715 0.30385398865
          1.0639139414 -0.25190499425 0.29764398932 1.0700000525 -0.25181698799 0.29554200172
          1.0639619827 -0.24782200158 0.2874700129 1.0708880424 -0.24443900585 0.32870298624
          1.0510859489 -0.24263599515 0.28184598684 1.0551110506 -0.24034500122 0.27917200327
          1.0782079697 -0.24254900217 0.3357860148 1.0456730127 -0.23112100363 0.27426201105
          1.0366560221 -0.22238099575 0.26884400845 1.0812040567 -0.226917997 0.37562099099
          1.0798389912 -0.22198499739 0.38840800524 1.0799809694 -0.23394200206 0.35804501176
          1.0244109631 -0.21646699309 0.26245999336 1.0816229582 -0.21255899966 0.40087500215
          1.0669759512 -0.21631999314 0.38626798987 1.0210750103 -0.20697599649 0.26544201374
          1.0582419634 -0.1921029985 0.39099898934 1.0500329733 -0.17880900204 0.39321100712
          1.0449240208 -0.17225900292 0.39511400461 0.99198198318 -0.16055700183 0.27613300085
          1.0269089937 -0.15942299366 0.39454299212 1.0397559404 -0.16494299471 0.39814099669
          1.035498023 -0.15607599914 0.40207499266 0.98034501076 -0.14970399439 0.27351498604
          1.0288510323 -0.1471849978 0.40114799142 1.0320570469 -0.13229300082 0.41354998946
          0.96499401331 -0.12426500022 0.27775299549 0.95536500216 -0.11686199903 0.27522999048
          1.0042849779 -0.11678099632 0.40819400549 0.94915002584 -0.10865099728 0.2752430141
          0.9992300272 -0.10774800181 0.41024699807 0.94875401258 -0.097534000874 0.2791070044
          0.93525600433 -0.092403002083 0.2746720016 0.99210697412 -0.0864629969 0.40980198979
          0.97640001774 -0.083849996328 0.40324699879 0.96901100874 -0.074129000306 0.40382799506
          0.96362602711 -0.06680200249 0.40325701237 0.89780700207 -0.051995001733 0.25876298547
          0.91422599554 -0.066393002868 0.26690000296 0.94634598494 -0.050239000469 0.39130300283
          0.88765102625 -0.043875999749 0.25075399876 0.93678200245 -0.042307000607 0.38450101018
          0.88529801369 -0.029790999368 0.24326899648 0.9259250164 -0.033491000533 0.37337699533
          0.871547997 -0.026398999617 0.23952700198 0.91573399305 -0.026743000373 0.36163398623
          0.86673700809 -0.016860000789 0.23694300652 0.90829199553 -0.019027000293 0.35360100865
          0.86543601751 -0.0066229999065 0.23327699304 0.84669601917 -0.00056199997198 0.2288209945
          0.89158499241 -0.0055069997907 0.34095299244 0.88486301899 -0.00060199998552 0.33309000731
          0.888677001 0.0063209999353 0.32176101208 0.89027100801 0.014615999535 0.3123370111
          0.84255200624 0.029207000509 0.21063399315 0.82128399611 0.039165001363 0.20791000128
          0.8455799818 0.030711999163 0.28648900986 0.7944059968 0.051821000874 0.20194399357
          0.83539402485 0.045878000557 0.27031901479 0.78814202547 0.05940400064 0.19924899936
          0.80064702034 0.06379699707 0.24558900297 0.78068000078 0.067721001804 0.19685700536
          0.79058802128 0.073733001947 0.23590399325 0.77258402109 0.073402002454 0.20035099983
          0.78314101696 0.079254001379 0.22836899757 0.77732497454 0.08092200011 0.22000800073
          0.76224899292 0.077840000391 0.20442900062 0.77201902866 0.081293001771 0.21135799587
          1.0906460285 -0.25028699636 0.31916800141 1.0914969444 -0.24573799968 0.33192199469
          1.0700500011 -0.24043500423 0.28516900539 1.0915420055 -0.24125899374 0.34103599191
          1.0923299789 -0.23724000156 0.35153898597 1.0853459835 -0.24066899717 0.34364798665
          1.0634850264 -0.2339220047 0.28053799272 1.0937060118 -0.23412799835 0.36226299405
          1.094020009 -0.2311449945 0.36953699589 1.0881819725 -0.23337300122 0.36460500956
          1.0576850176 -0.22750900686 0.27893400192 1.0938229561 -0.22415199876 0.38466501236
          1.0937559605 -0.22901800275 0.37339898944 1.0481749773 -0.21716600657 0.27504399419
          1.0982990265 -0.22009499371 0.40491700172 1.097728014 -0.2172279954 0.40956899524
          1.0936499834 -0.2191080004 0.40656301379 1.0456869602 -0.20487999916 0.27198600769
          1.089138031 -0.21092799306 0.40955299139 1.0337680578 -0.19900099933 0.27077901363
          1.0821100473 -0.19404299557 0.41270700097 1.067860961 -0.19627100229 0.39800599217
          1.0158480406 -0.17543199658 0.27887699008 1.0733319521 -0.18413700163 0.41531899571
          1.0629099607 -0.18714100122 0.39960899949 1.0686739683 -0.17733900249 0.41963100433
          1.0536680222 -0.17220899463 0.40527901053 1.0632719994 -0.16934399307 0.4205609858
          1.0061500072 -0.16028000414 0.2825909853 1.0525939465 -0.16166299582 0.41300299764
          1.0464880466 -0.14414000511 0.41978299618 1.0450869799 -0.15135300159 0.41286700964
          0.98769801855 -0.13918800652 0.28351598978 0.98250699043 -0.11219199747 0.29274499416
          1.0130079985 -0.1143470034 0.41492199898 0.96462398767 -0.111732997 0.28379699588
          0.96116399765 -0.10339800268 0.28478598595 1.0092079639 -0.10367999971 0.4163570106
          1.0051020384 -0.093195997179 0.41606301069 0.95864498615 -0.090758003294 0.28449499607
          0.93886297941 -0.078120999038 0.2767060101 0.94108599424 -0.069530002773 0.27673599124
          0.98068499565 -0.070042997599 0.40780198574 0.98084402084 -0.055959001184 0.40649598837
          0.91707402468 -0.047481000423 0.26156899333 0.96421700716 -0.052919000387 0.3993729949
          0.95495301485 -0.044247999787 0.39223098755 0.89485198259 -0.035854000598 0.24836599827
          0.94429701567 -0.036238998175 0.38370800018 0.93583297729 -0.029090000317 0.3747420013
          0.93381202221 -0.016999000683 0.35925298929 0.92450499535 -0.012319000438 0.35123699903
          0.91135698557 -0.0067059998401 0.34059900045 0.90050601959 -0.0016499999911 0.33514600992
          0.86737602949 0.0060209999792 0.22718499601 0.85281801224 0.019446000457 0.21721699834
          0.86461699009 0.025736000389 0.29884898663 0.83474701643 0.03818000108 0.20854400098
          0.85864597559 0.030017999932 0.29161199927 0.81179201603 0.048420999199 0.203501001
          0.80397802591 0.056928001344 0.20088799298 0.82836699486 0.054264999926 0.26226198673
          0.81866502762 0.058981999755 0.25346800685 0.79737299681 0.065310001373 0.19981400669
          0.82150697708 0.065816000104 0.23959800601 0.80913001299 0.067821003497 0.23797799647
          0.79204297066 0.073429003358 0.20225200057 0.80271601677 0.073682002723 0.23058700562
          0.79368102551 0.078974999487 0.22362199426 0.78376698494 0.078555002809 0.20658899844
          0.78992599249 0.080238997936 0.21476000547 1.0991990566 -0.23591800034 0.33776399493
          1.0992430449 -0.2406630069 0.3270240128 1.0977309942 -0.24365100265 0.31662499905
          1.0932630301 -0.24161499739 0.30813801289 1.1101679802 -0.22517199814 0.35462701321
          1.1019690037 -0.23009599745 0.35825800896 1.0808500051 -0.23391599953 0.29203999043
          1.0730210543 -0.22880999744 0.285495013 1.1046290398 -0.22805899382 0.36893600225
          1.1060529947 -0.22526299953 0.37810200453 1.0980119705 -0.22918500006 0.37161898613
          1.1062710285 -0.22163499892 0.39007601142 1.0599089861 -0.21154099703 0.2799000144
          1.1092009544 -0.21401700377 0.41126298904 1.1080600023 -0.21167300642 0.41352799535
          1.1056729555 -0.21301999688 0.4128009975 1.1091860533 -0.21958899498 0.40063801408
          1.0611250401 -0.19713200629 0.27794599533 1.0979870558 -0.20686599612 0.41637000442
          1.104475975 -0.20383599401 0.42028799653 1.047878027 -0.19274500012 0.27572599053
          1.0965240002 -0.19746500254 0.42017298937 1.0397679806 -0.18657700717 0.27889698744
          1.0979759693 -0.18720799685 0.4278280139 1.0312889814 -0.17658300698 0.28290900588
          1.0849030018 -0.18084099889 0.42467799783 1.0815520287 -0.17331799865 0.4319730103
          1.0231659412 -0.1634349972 0.28742000461 1.0736459494 -0.16769500077 0.43102398515
          1.0862090588 -0.15593199432 0.45545300841 1.0102219582 -0.14693500102 0.2914159894
          1.0739940405 -0.15515300632 0.44340801239 1.0629620552 -0.15436199307 0.43052500486
          1.0705740452 -0.14149299264 0.46444499493 1.0629570484 -0.14041399956 0.44699299335
          1.0709420443 -0.14570699632 0.45399299264 1.0528470278 -0.14136099815 0.43017199636
          1.0009030104 -0.13001100719 0.29499301314 1.0081750154 -0.13864600658 0.29499301314
          1.0601919889 -0.12435399741 0.45047199726 1.0424029827 -0.12499500066 0.42638400197
          0.9974129796 -0.11027999967 0.30324798822 1.0336710215 -0.10971199721 0.42777401209
          1.0183570385 -0.10003700107 0.42341399193 1.0173879862 -0.089345000684 0.4243029952
          1.0066080093 -0.081234999001 0.41782200336 0.96244597435 -0.076067999005 0.28541100025
          0.99705797434 -0.072956003249 0.41227200627 0.9900239706 -0.064350999892 0.40931901336
          0.97376400232 -0.047658000141 0.40128698945 0.96594899893 -0.041684001684 0.39408499002
          0.90311801434 -0.030660999939 0.24625200033 0.95612102747 -0.030517000705 0.37981200218
          0.89502900839 -0.020858999342 0.24344100058 0.94349098206 -0.023362999782 0.37162300944
          0.89977502823 -0.011247999966 0.24155199528 0.91152501106 0.0027149999514 0.33101299405
          0.88044500351 0.023967999965 0.30162999034 0.8741030097 0.028485000134 0.29573300481
          0.87190800905 0.034067999572 0.28766700625 0.85980898142 0.041673000902 0.2789709866
          0.82900202274 0.044667001814 0.20605400205 0.81997102499 0.054428998381 0.20290499926
          0.84593802691 0.051862999797 0.2661460042 0.83712697029 0.058765999973 0.25877401233
          0.81651097536 0.058563001454 0.20239299536 0.81499797106 0.063753001392 0.20233899355
          0.83345401287 0.062770999968 0.24957700074 0.82186001539 0.068539999425 0.23382399976
          0.80851602554 0.070377998054 0.20644399524 0.81611502171 0.069528996944 0.22491599619
          0.81232202053 0.069987997413 0.21566300094 0.80237901211 0.074352003634 0.2200729996
          0.79865902662 0.075001001358 0.21081200242 1.0997619629 -0.23385000229 0.31635299325
          1.0945429802 -0.23351000249 0.30870500207 1.1070810556 -0.23003700376 0.33525601029
          1.109547019 -0.2278150022 0.34548300505 1.1037009954 -0.23015899956 0.32580700517
          1.081313014 -0.22612899542 0.29226499796 1.1153709888 -0.22171799839 0.37570101023
          1.1166260242 -0.21853999794 0.38591501117 1.1129809618 -0.22332200408 0.36575099826
          1.0936809778 -0.21076199412 0.30919501185 1.1172399521 -0.2138389945 0.39726901054
          1.0705189705 -0.20635899901 0.28676900268 1.1154750586 -0.20569199324 0.41047200561
          1.1136080027 -0.19824199378 0.42142900825 1.1031680107 -0.19412200153 0.42583599687
          1.1106189489 -0.19053299725 0.43003800511 1.0557539463 -0.18073000014 0.29333299398
          1.1071250439 -0.18225100636 0.43569201231 1.0458220243 -0.16917699575 0.29884600639
          1.0916149616 -0.17872799933 0.43156099319 1.1072540283 -0.17323000729 0.44679298997
          1.0994240046 -0.168046996 0.45073199272 1.037776947 -0.15882000327 0.30127900839
          1.1045060158 -0.16615399718 0.45981898904 1.0855879784 -0.14591500163 0.47265401483
          1.0273829699 -0.15075899661 0.29736799002 1.1027790308 -0.15951499343 0.47175401449
          1.0240600109 -0.1418119967 0.29914098978 1.0957520008 -0.14479899406 0.48608899117
          1.0780539513 -0.14776499569 0.46078199148 1.0184010267 -0.13307100534 0.30112299323
          1.0833179951 -0.13871699572 0.48168098927 1.0885800123 -0.13499499857 0.49003401399
          1.0752249956 -0.1413590014 0.47319298983 1.0139969587 -0.12428600341 0.30260801315
          1.0805289745 -0.12937699258 0.48604300618 1.0727909803 -0.13104900718 0.47483000159
          1.011152029 -0.10653000325 0.31088799238 1.0735590458 -0.12242899835 0.4829840064
          1.0593600273 -0.11372700334 0.4574379921 1.0457750559 -0.11706600338 0.43370598555
          1.0704189539 -0.11206699908 0.48754298687 1.0625849962 -0.11110000312 0.46947899461
          1.0533879995 -0.10981100053 0.44995200634 0.99304300547 -0.10133899748 0.30386000872
          0.98199701309 -0.09459900111 0.29847100377 1.0500739813 -0.1015169993 0.45352500677
          1.0405050516 -0.093337997794 0.4471629858 1.0347460508 -0.09367299825 0.43937399983
          1.0267330408 -0.097000002861 0.4309630096 0.98080700636 -0.084132999182 0.29885101318
          1.0273070335 -0.084365002811 0.43214100599 1.0194159746 -0.076232001185 0.42501398921
          1.0142240524 -0.063363999128 0.4188849926 0.95397597551 -0.06194299832 0.27891999483
          1.0025780201 -0.057640999556 0.41177299619 0.9921489954 -0.05061500147 0.40564501286
          0.98485797644 -0.039432998747 0.39696699381 0.91123199463 -0.024419000372 0.24461300671
          0.91997802258 -0.032543998212 0.25148299336 0.95257902145 -0.019340999424 0.36705800891
          0.94611501694 -0.0069400002249 0.34823998809 0.88711798191 0.0010839999886 0.23465399444
          0.87755602598 0.0098209995776 0.22709800303 0.86872702837 0.018361000344 0.22190399468
          0.90351098776 0.017364999279 0.31397300959 0.85567498207 0.02527499944 0.21717399359
          0.89036101103 0.029919000342 0.29967999458 0.84482502937 0.043634999543 0.21156099439
          0.88923799992 0.03636899963 0.29119899869 0.87441700697 0.049897998571 0.27157399058
          0.8360940218 0.052122000605 0.2044250071 0.85438597202 0.055314000696 0.26171499491
          0.82890802622 0.060187999159 0.20350900292 0.85777902603 0.061386998743 0.25051900744
          0.84047198296 0.065393999219 0.23900899291 0.82367300987 0.066731996834 0.21075700223
          0.82878398895 0.067144997418 0.21951499581 0.82704502344 0.065215997398 0.20926399529
          1.1101020575 -0.21912400424 0.33512800932 1.1056790352 -0.21958300471 0.32553899288
          1.0999319553 -0.22132599354 0.31706300378 1.1242589951 -0.2137710005 0.38210898638
          1.1232579947 -0.21628299356 0.37275099754 1.1201570034 -0.21682199836 0.36316099763
          1.116953969 -0.21720799804 0.35362300277 1.1134519577 -0.21714499593 0.34423598647
          1.1236330271 -0.20675800741 0.39470401406 1.0809839964 -0.2012359947 0.29633000493
          1.1221510172 -0.19914099574 0.40670499206 1.0728620291 -0.1926009953 0.28756099939
          1.1214690208 -0.1923339963 0.41924598813 1.0742299557 -0.18218499422 0.29738599062
          1.1198270321 -0.18497399986 0.43084201217 1.1179740429 -0.17730799317 0.44226199389
          1.059689045 -0.16807900369 0.3052740097 1.1179289818 -0.17717899382 0.44241899252
          1.1163740158 -0.16973100603 0.45403799415 1.1134300232 -0.16383999586 0.46751898527
          1.0492739677 -0.15200999379 0.3098089993 1.1164799929 -0.15898799896 0.47643700242
          1.1177220345 -0.15439200401 0.48627600074 1.1095130444 -0.15811599791 0.47961398959
          1.0395330191 -0.14719200134 0.30617800355 1.1014959812 -0.15222600102 0.48330500722
          1.1112400293 -0.14880999923 0.49224901199 1.0353499651 -0.13630999625 0.30562698841
          1.0981750488 -0.13477399945 0.49645999074 1.0252100229 -0.12761500478 0.30348199606
          1.0884430408 -0.11719799787 0.50161600113 1.0801700354 -0.12015800178 0.49411600828
          1.085819006 -0.1070600003 0.50320202112 1.0765670538 -0.11077299714 0.49618300796
          1.0045080185 -0.095973998308 0.31131801009 1.0783729553 -0.10233200341 0.49594399333
          1.0739719868 -0.098603002727 0.49200099707 1.0688450336 -0.1010550037 0.48913601041
          1.0639770031 -0.10090299696 0.47915101051 1.0591219664 -0.1015650034 0.47145399451
          1.0547009706 -0.10147099942 0.46244999766 1.0018880367 -0.08684899658 0.31044399738
          1.0721750259 -0.091833002865 0.48819100857 1.0613050461 -0.091035999358 0.47124901414
          1.0544439554 -0.089550003409 0.46387699246 1.0458040237 -0.092684000731 0.45583599806
          1.0488779545 -0.084043003619 0.45507100224 1.0429149866 -0.080882996321 0.44562500715
          1.0363869667 -0.080375999212 0.43889001012 0.98348599672 -0.067275002599 0.29712200165
          1.0306589603 -0.06972900033 0.43117898703 0.96785199642 -0.061376001686 0.28405401111
          0.96101397276 -0.052944999188 0.27638798952 0.95603901148 -0.041336998343 0.26969000697
          0.92682898045 -0.026255000383 0.24968799949 0.98619800806 -0.026057999581 0.38612499833
          0.91965597868 -0.018066000193 0.24484799802 0.97735100985 -0.023343000561 0.3789910078
          0.96138501167 -0.012423999608 0.36124500632 0.9047639966 0.00098699994851 0.23951399326
          0.89565700293 0.0071910000406 0.23524899781 0.94675701857 0.0074590002187 0.33387699723
          0.88576197624 0.016495000571 0.22754000127 0.9321590066 0.015130000189 0.3241519928
          0.91729098558 0.022623000666 0.31031998992 0.88190001249 0.025365000591 0.22522599995
          0.8710539937 0.032122001052 0.22269299626 0.85794097185 0.046670999378 0.21705199778
          0.88287198544 0.044911000878 0.28011101484 0.85574102402 0.048879999667 0.21604000032
          0.84766602516 0.057801000774 0.2106859982 0.86380702257 0.058488998562 0.25865200162
          0.84170097113 0.065172001719 0.21401399374 0.84674602747 0.064443998039 0.22612500191
          0.84328502417 0.063317000866 0.21324299276 0.83385300636 0.06255300343 0.20627099276
          1.1250129938 -0.21140700579 0.3723179996 1.1223909855 -0.20949800313 0.36330598593
          1.1182099581 -0.20941600204 0.3537029922 1.1136410236 -0.20962899923 0.34461298585
          1.1102149487 -0.20874799788 0.33524399996 1.1056410074 -0.20835599303 0.32675600052
          1.1265089512 -0.19940300286 0.38312900066 1.1234949827 -0.20031900704 0.37360998988
          1.1117609739 -0.19826099277 0.3462460041 1.1148769855 -0.18778300285 0.35590198636
          1.0926929712 -0.19981500506 0.31050801277 1.1022289991 -0.19923900068 0.32829400897
          1.0862770081 -0.20108699799 0.30227398872 1.1283429861 -0.19344499707 0.39963799715
          1.1285389662 -0.19598099589 0.3933070004 1.1045290232 -0.18900799751 0.3419829905
          1.0941909552 -0.18895900249 0.32679200172 1.0883539915 -0.19079899788 0.31288099289
          1.0843549967 -0.19037100673 0.30372300744 1.0795350075 -0.1905940026 0.29486599565
          1.1286350489 -0.19152900577 0.40455698967 1.1289360523 -0.18626999855 0.41593399644
          1.0838609934 -0.18027999997 0.32099398971 1.12895298 -0.17778800428 0.43520599604
          1.1289260387 -0.18169000745 0.42648801208 1.0831949711 -0.17425000668 0.32696199417
          1.094907999 -0.17407800257 0.34525001049 1.0735260248 -0.1741899997 0.30913999677
          1.0665819645 -0.17637300491 0.30111399293 1.1293740273 -0.17185199261 0.44873300195
          1.1181410551 -0.17722000182 0.44232898951 1.0776460171 -0.16540500522 0.32574900985
          1.0673010349 -0.16418799758 0.31225898862 1.1304709911 -0.15915299952 0.47402700782
          1.0732059479 -0.15706700087 0.32671201229 1.0537539721 -0.1407289952 0.31959599257
          1.128057003 -0.15449200571 0.48399099708 1.1254409552 -0.14277799428 0.49992200732
          1.1198749542 -0.14486399293 0.4978030026 1.0411039591 -0.12436100096 0.31422001123
          1.1192430258 -0.13446700573 0.50203800201 1.0336669683 -0.12541100383 0.30704200268
          1.102741003 -0.12227399647 0.50502800941 1.1207629442 -0.12561400235 0.50851500034
          1.0294059515 -0.11606000364 0.31023699045 1.1115139723 -0.11793199927 0.51256597042
          1.1003140211 -0.11246600002 0.50986397266 1.0222560167 -0.098459996283 0.3152860105
          1.0952310562 -0.10258399695 0.51175200939 1.0157239437 -0.090328998864 0.3151319921
          1.0921200514 -0.083013996482 0.50091201067 1.0818519592 -0.088933996856 0.49443098903
          1.0075000525 -0.081570997834 0.31251999736 1.0774439573 -0.073003001511 0.48695701361
          1.0699510574 -0.0696419999 0.47197800875 0.99629300833 -0.070998996496 0.305595994
          1.0594719648 -0.076871998608 0.46152499318 1.0480710268 -0.071370996535 0.44546899199
          1.0410560369 -0.065031997859 0.43751001358 0.9800080061 -0.045474000275 0.28257799149
          1.026630044 -0.056641999632 0.42355999351 1.0195729733 -0.048204001039 0.41452100873
          1.010035038 -0.042174000293 0.40585699677 0.95226502419 -0.028824999928 0.26091098785
          1.0182919502 -0.03557600081 0.40385499597 0.99952298403 -0.026278000325 0.39261099696
          0.94285899401 -0.019117999822 0.25164499879 0.93054997921 -0.013605000451 0.24639199674
          0.9194329977 -0.0016009999672 0.24246799946 0.90477800369 0.012714000419 0.23443800211
          0.89594602585 0.020415000618 0.22872799635 0.88064599037 0.037852000445 0.22393299639
          0.91533702612 0.037491999567 0.29077398777 0.89987397194 0.042277000844 0.28562700748
          0.87329399586 0.046153001487 0.22180899978 0.87262898684 0.045756001025 0.22167100012
          0.89247399569 0.048057001084 0.27838099003 0.87224298716 0.047541998327 0.22193999588
          0.8585100174 0.050409998745 0.21697700024 0.86729598045 0.05460299924 0.22195200622
          0.88706898689 0.051738999784 0.27052500844 0.87483602762 0.0599969998 0.2544940114
          0.86088097095 0.060931000859 0.22747600079 0.86608701944 0.060963001102 0.23621499538
          0.86539298296 0.057808000594 0.22541099787 0.85609799623 0.060738001019 0.21860599518
          0.87016302347 0.061002999544 0.24532599747 1.1162589788 -0.17849999666 0.36711600423
          1.1337970495 -0.17988400161 0.4029429853 1.1341990232 -0.18000799417 0.40838798881
          1.1290450096 -0.18007299304 0.39423400164 1.1239629984 -0.1785710007 0.38563498855
          1.1174809933 -0.16727599502 0.37647598982 1.1114890575 -0.17821499705 0.35825899243
          1.1366070509 -0.17152500153 0.43333598971 1.1351189613 -0.17880499363 0.41347900033
          1.1070879698 -0.16966800392 0.36100798845 1.1416289806 -0.16774199903 0.45614400506
          1.1392610073 -0.16945500672 0.44486498833 1.0922759771 -0.16053600609 0.35041901469
          1.103317976 -0.16022400558 0.36231300235 1.1409510374 -0.16066600382 0.46815699339
          1.0884790421 -0.15222999454 0.34779399633 1.1372280121 -0.15222899616 0.47940400243
          1.0791649818 -0.1440860033 0.34259399772 1.0675719976 -0.13990999758 0.33550700545
          1.1358280182 -0.14378599823 0.49030300975 1.1341710091 -0.13594800234 0.50064301491
          1.0654380322 -0.12708599865 0.34009000659 1.1296379566 -0.12928299606 0.50673997402
          1.1258430481 -0.1209589988 0.51274901628 1.0446009636 -0.10427299887 0.3254930079
          1.1224550009 -0.11314900219 0.52027100325 1.0355319977 -0.10330399871 0.3186160028
          1.1191170216 -0.10552000254 0.52768599987 1.1132149696 -0.1083739996 0.52447801828
          1.1062699556 -0.11027800292 0.5164039731 1.0332330465 -0.092967003584 0.31995999813
          1.1081579924 -0.10013899952 0.52707999945 1.1136829853 -0.097498998046 0.53017199039
          1.1016960144 -0.1016620025 0.5188279748 1.022562027 -0.0829090029 0.31594899297
          1.1085499525 -0.092253997922 0.52750402689 1.0986020565 -0.087613999844 0.51080197096
          1.0248039961 -0.072421997786 0.31473100185 1.0100929737 -0.067640997469 0.30945500731
          1.0733530521 -0.070309996605 0.47845199704 0.99860799313 -0.057257998735 0.30158299208
          1.0521850586 -0.059526000172 0.44544199109 1.0451469421 -0.054324999452 0.43674099445
          1.0392190218 -0.05062700063 0.42858299613 1.0305490494 -0.043855000287 0.41781398654
          0.97023200989 -0.033387001604 0.27248299122 0.96836298704 -0.025110000744 0.26536598802
          0.99861502647 -0.008945999667 0.37331101298 0.989988029 -0.0020999999251 0.36318001151
          0.96519899368 0.0042260000482 0.34526601434 0.95618700981 0.0094590000808 0.33393898606
          0.94401800632 0.018077999353 0.31918299198 0.90415799618 0.026486000046 0.22749400139
          0.93982601166 0.028498999774 0.30209898949 0.89649701118 0.035374000669 0.22561000288
          0.89018899202 0.04396000132 0.22477200627 0.92085802555 0.045729000121 0.28258898854
          0.88450300694 0.051651000977 0.22766800225 0.91070497036 0.052864000201 0.27091899514
          0.89690697193 0.053762000054 0.26629701257 0.89113199711 0.056754998863 0.25779399276
          0.87590301037 0.056990999728 0.2318380028 0.88331997395 0.059507001191 0.23969900608
          0.88914197683 0.060251001269 0.24821400642 1.142580986 -0.16702400148 0.42205798626
          1.1406840086 -0.16829100251 0.41179201007 1.1356259584 -0.16710799932 0.40307700634
          1.1294850111 -0.16417600214 0.39528599381 1.1233279705 -0.16526199877 0.38664099574
          1.1125910282 -0.15538400412 0.37069299817 1.1458640099 -0.16208399832 0.44255501032
          1.1493530273 -0.16194100678 0.45260098577 1.1435070038 -0.16374899447 0.4325979948
          1.1489009857 -0.15647800267 0.46403101087 1.101812005 -0.13921099901 0.3649289906
          1.146312952 -0.14644800127 0.47746199369 1.0945550203 -0.13843999803 0.35682100058
          1.0873110294 -0.14121900499 0.34886100888 1.1435420513 -0.13152900338 0.50019299984
          1.0843069553 -0.12998099625 0.35098600388 1.1386890411 -0.12299899757 0.50719702244
          1.0720000267 -0.11338400096 0.34634900093 1.1342550516 -0.11512300372 0.51208901405
          1.1304719448 -0.10735899955 0.518189013 1.0461989641 -0.089311003685 0.32764399052
          1.1260299683 -0.099466003478 0.52342098951 1.1204169989 -0.090277001262 0.52324301004
          1.0349570513 -0.078975997865 0.32076400518 1.1118030548 -0.083329997957 0.51517301798
          1.1130059958 -0.073856003582 0.50425899029 1.0947159529 -0.066675998271 0.48748099804
          1.0855760574 -0.066552996635 0.48425999284 1.0101759434 -0.051329001784 0.30140700936
          1.0728969574 -0.05795700103 0.46890100837 1.0601069927 -0.051371999085 0.44826099277
          1.0514730215 -0.046574000269 0.43446099758 1.0465970039 -0.043202999979 0.4251730144
          1.0270359516 -0.030998000875 0.40273100138 0.9631549716 -0.017973000184 0.2559889853
          1.010997057 -0.017824999988 0.38862401247 0.95469498634 -0.010354000144 0.2482649982
          0.94493502378 -0.00081400002819 0.2435940057 0.93367397785 0.0099510001019 0.23920999467
          0.97480398417 0.0081230001524 0.34512099624 0.96738499403 0.012474999763 0.33197200298
          0.91933602095 0.024647999555 0.22853399813 0.95083099604 0.023262999952 0.3092019856
          0.9117590189 0.032648999244 0.22515200078 0.90507698059 0.041184000671 0.22535599768
          0.93321698904 0.036816999316 0.29311600327 0.90074902773 0.049111999571 0.22949099541
          0.89420497417 0.05544000119 0.23545899987 0.90637499094 0.056827001274 0.26254600286
          0.90127497911 0.059282999486 0.25396800041 0.89713799953 0.060299001634 0.24490299821
          1.1479719877 -0.15336799622 0.43134999275 1.1454529762 -0.15324799716 0.42151400447
          1.1382609606 -0.151158005 0.41259101033 1.1242120266 -0.14802600443 0.38723099232
          1.1541249752 -0.15118999779 0.45031398535 1.1561529636 -0.14902199805 0.46190199256
          1.1572680473 -0.13808399439 0.43924701214 1.1191990376 -0.14165900648 0.37911498547
          1.1535630226 -0.1401630044 0.47428700328 1.1140749454 -0.1317590028 0.37558698654
          1.15041399 -0.12544199824 0.49715200067 1.1018190384 -0.1248729974 0.36394000053
          1.0953730345 -0.12252999842 0.35787901282 1.0855449438 -0.11812999845 0.3522849977
          1.0809479952 -0.1073840037 0.3500649929 1.1414400339 -0.10910899937 0.50847899914
          1.1377079487 -0.10134399682 0.51497101784 1.1331859827 -0.093229003251 0.51916497946
          1.0469290018 -0.074453003705 0.32576799393 1.1262480021 -0.085854999721 0.51938301325
          1.1250319481 -0.073366001248 0.51025497913 1.03886199 -0.065214000642 0.31808701158
          1.0230439901 -0.058212000877 0.30804800987 1.0874589682 -0.057464998215 0.47169500589
          1.0739010572 -0.047111000866 0.45080000162 0.9989849925 -0.035872001201 0.28460898995
          1.0728620291 -0.030012000352 0.43063899875 1.0472749472 -0.033194001764 0.41304600239
          1.0362819433 -0.026233000681 0.40008699894 0.98341202736 -0.021290000528 0.26910299063
          1.0282629728 -0.019356999546 0.39217799902 0.97281599045 -0.0092230001464 0.25626701117
          1.0181839466 -0.013412999921 0.38381001353 0.96158498526 -0.0035929998849 0.24603800476
          0.99764698744 0.0050920001231 0.35303398967 0.95278298855 0.0052379998378 0.24121899903
          0.94066900015 0.018378000706 0.23724700511 0.98429501057 0.018376000226 0.3287909925
          0.96752697229 0.020622000098 0.31517100334 0.92839699984 0.030372999609 0.22933299839
          0.96048402786 0.027414999902 0.30385699868 0.95122301579 0.034678000957 0.29574999213
          0.92084801197 0.038718000054 0.22683799267 0.94027501345 0.043161001056 0.28835299611
          0.91270202398 0.045517999679 0.2278060019 0.93334400654 0.048833001405 0.28297701478
          0.90429997444 0.05951000005 0.24131399393 0.92840200663 0.05316599831 0.27551099658
          0.92077702284 0.057682000101 0.26745700836 0.91494202614 0.061372999102 0.25928199291
          0.91119098663 0.062419999391 0.25003600121 1.1603850126 -0.13905100524 0.44903299212
          1.1589260101 -0.14229600132 0.45930200815 1.154047966 -0.13598300517 0.42988801003
          1.1470659971 -0.13915599883 0.42176300287 1.1392509937 -0.13910800219 0.41292101145
          1.1579300165 -0.13273699582 0.4651120007 1.1317449808 -0.12908500433 0.39571499825
          1.1266399622 -0.12984000146 0.38735699654 1.1125179529 -0.11926099658 0.37255600095
          1.1558029652 -0.11702299863 0.48517200351 1.1073180437 -0.11243599653 0.36404600739
          1.0981780291 -0.10963699967 0.35745099187 1.1502170563 -0.10920599848 0.49727401137
          1.1451489925 -0.095955997705 0.50681197643 1.1417130232 -0.084881998599 0.51134198904
          1.0544760227 -0.065503001213 0.32552701235 1.0821379423 -0.092964999378 0.34618198872
          1.04223001 -0.052850998938 0.3118070066 1.1128380299 -0.057130999863 0.48540601134
          1.0441989899 -0.035647001117 0.29745298624 1.10196805 -0.056605000049 0.47805899382
          1.0949449539 -0.051555998623 0.46640300751 1.0082420111 -0.022482000291 0.27933698893
          1.0463180542 -0.017303999513 0.3959569931 0.998709023 -0.020755000412 0.27366501093
          0.98448801041 -0.0026980000548 0.25689598918 1.0421750546 -0.008879000321 0.38568300009
          1.0243990421 -0.0059540001675 0.37645000219 0.97365397215 0.0034590000287 0.24881200492
          1.0207680464 0.0043420000002 0.36072999239 0.97041499615 0.015096000396 0.24390000105
          0.9468730092 0.028785999864 0.23728300631 0.99611800909 0.013616000302 0.3397589922
          0.98091799021 0.030834000558 0.3061439991 0.93908399343 0.035925000906 0.2337089926
          0.93049097061 0.043660998344 0.23128600419 0.95165097713 0.044380001724 0.28628900647
          0.92293298244 0.049911998212 0.23400400579 0.94471997023 0.049784999341 0.27875000238
          0.94027000666 0.052783999592 0.27029201388 0.93157297373 0.056083001196 0.26294699311
          0.92239898443 0.057038001716 0.24493099749 0.92689698935 0.057665001601 0.25435701013
          1.1621379852 -0.12955099344 0.44858700037 1.1602449417 -0.13188399374 0.43841800094
          1.1537749767 -0.11756400019 0.41952300072 1.1485799551 -0.1149969995 0.41305300593
          1.1350070238 -0.11801499873 0.39563700557 1.1594239473 -0.11890300363 0.46138098836
          1.127918005 -0.11469200253 0.38780900836 1.1586420536 -0.1123149991 0.4757399857
          1.1309139729 -0.10224500299 0.38578799367 1.1561340094 -0.10199999809 0.48693200946
          1.1024839878 -0.096850000322 0.35582798719 1.0945830345 -0.088031999767 0.34916999936
          1.0859550238 -0.082324996591 0.34196400642 1.0770449638 -0.074523001909 0.33535900712
          1.1410499811 -0.070946998894 0.50719100237 1.1356270313 -0.06905400008 0.50669699907
          1.1092989445 -0.050273999572 0.47535100579 1.0989259481 -0.044796999544 0.46102499962
          1.0382720232 -0.023725999519 0.2889469862 1.0864579678 -0.035080999136 0.44417101145
          1.0635340214 -0.022010000423 0.40968599916 0.9971370101 -0.0091099999845 0.26355901361
          1.0354189873 0.0063640000299 0.36940398812 1.0129790306 0.014402000234 0.34644201398
          1.0011509657 0.019910000265 0.33281001449 0.95663797855 0.033222001046 0.23999999464
          0.99203699827 0.026288000867 0.32096499205 0.97483098507 0.036223001778 0.29754701257
          0.94986099005 0.04138199985 0.23927800357 0.96807402372 0.042181000113 0.2902289927
          0.9387819767 0.046927001327 0.23769000173 0.9624800086 0.04811700061 0.2821649909
          0.95612299442 0.0503519997 0.27423799038 0.95137298107 0.051520999521 0.26520898938
          0.94254100323 0.053013999015 0.25750699639 0.93636101484 0.053762000054 0.24989299476
          0.94633299112 0.049851000309 0.24542300403 0.93056100607 0.052763998508 0.2413969934
          1.1658149958 -0.11913599819 0.43700501323 1.1626609564 -0.12450099736 0.4483500123
          1.1610859632 -0.1192149967 0.428162992 1.1620930433 -0.10836900026 0.45676699281
          1.1384090185 -0.10771200061 0.39418500662 1.1613509655 -0.10114599764 0.47379401326
          1.1153440475 -0.090937003493 0.36176300049 1.1588939428 -0.090842999518 0.4858970046
          1.1542099714 -0.08227699995 0.49545699358 1.1055890322 -0.074764996767 0.3520359993
          1.1514019966 -0.074924997985 0.50100797415 1.0907510519 -0.072704002261 0.34073698521
          1.083310008 -0.067106001079 0.33309599757 1.1452410221 -0.066708996892 0.50229901075
          1.0739580393 -0.058005001396 0.32602700591 1.1387720108 -0.054460998625 0.48898398876
          1.0629630089 -0.048390001059 0.31743898988 1.1245789528 -0.050370000303 0.48059800267
          1.1166299582 -0.044070001692 0.4727230072 1.1121770144 -0.041669998318 0.46455600858
          1.1053880453 -0.039154998958 0.45605498552 1.092869997 -0.029177000746 0.44024699926
          1.0871239901 -0.025786999613 0.43191900849 1.0774389505 -0.020669000223 0.41605898738
          1.026425004 -0.0081740003079 0.27541100979 1.070381999 -0.016749000177 0.40516200662
          1.0595680475 -0.0092820003629 0.39154100418 1.0072029829 -0.0046100001782 0.26401901245
          1.0509389639 -0.0029740000609 0.3825930059 0.99887698889 0.0068419999443 0.25700199604
          1.0427999496 0.0071829999797 0.37279599905 0.98831397295 0.014712999575 0.24951699376
          1.0292149782 0.010700999759 0.35829699039 0.98451900482 0.025132000446 0.24714900553
          1.0083199739 0.026302000508 0.33004298806 0.97359800339 0.030899999663 0.24506400526
          0.9998729825 0.03228700161 0.31919899583 0.9667840004 0.038725998253 0.24363200366
          0.99021100998 0.038759998977 0.30310699344 0.98216599226 0.043829999864 0.29384100437
          0.95440900326 0.043549999595 0.24180300534 0.97577100992 0.04776699841 0.28737801313
          0.97038900852 0.050648000091 0.2789439857 0.96635198593 0.05151199922 0.26982700825
          0.96229499578 0.052407000214 0.26072201133 0.95857602358 0.051922999322 0.26223900914
          0.96032100916 0.050179000944 0.25056099892 0.95383900404 0.051766999066 0.25335198641
          1.1686450243 -0.1099639982 0.4362539947 1.1675269604 -0.10635200143 0.4409840107
          1.1658569574 -0.11070899665 0.42656499147 1.1544690132 -0.10415899754 0.41038298607
          1.1443769932 -0.098911002278 0.39322501421 1.1653039455 -0.090584002435 0.47118499875
          1.1245490313 -0.085360996425 0.36930501461 1.1643509865 -0.084202997386 0.4800170064
          1.1211830378 -0.070106998086 0.36057600379 1.1614379883 -0.076927997172 0.48710298538
          1.157022953 -0.06818599999 0.49272298813 1.087059021 -0.056602999568 0.3322930038
          1.1020189524 -0.067147001624 0.34746399522 1.0805720091 -0.050361000001 0.32599699497
          1.0688860416 -0.039910998195 0.31642299891 1.1350649595 -0.039817001671 0.46516400576
          1.1136840582 -0.035792000592 0.45087900758 1.0491290092 -0.025092000142 0.29376500845
          1.102298975 -0.025930000469 0.43591600657 1.0964319706 -0.022576000541 0.42815700173
          1.0900620222 -0.018113000318 0.42026099563 1.084782958 -0.014733999968 0.41318100691
          1.077162981 -0.01061000023 0.40245500207 1.0685130358 -0.0049149999395 0.39162299037
          1.0584139824 0.0031999999192 0.37993499637 1.0249220133 0.00800300017 0.26633200049
          1.0497349501 0.010770999826 0.37302601337 1.0433139801 0.015875000507 0.36593899131
          1.0376759768 0.018479000777 0.35690000653 1.0001430511 0.019763000309 0.25234600902
          1.0253219604 0.026587000117 0.34151801467 1.0195239782 0.031890999526 0.33207899332
          0.9977030158 0.042663000524 0.25525799394 1.0061670542 0.039887998253 0.3174110055
          0.98090302944 0.045338001102 0.25146099925 1.0009380579 0.042860999703 0.30915701389
          0.98937499523 0.050363000482 0.29321399331 0.96556299925 0.048810001463 0.24829800427
          0.97275197506 0.052168000489 0.25255200267 0.98379099369 0.053001999855 0.28436100483
          0.97984600067 0.053729001433 0.27519801259 0.97580999136 0.054591998458 0.26608198881
          0.97252202034 0.054333999753 0.2565869987 1.1696189642 -0.10244400054 0.43617498875
          1.1735340357 -0.089542001486 0.42416799068 1.1654280424 -0.099234998226 0.41663500667
          1.1733490229 -0.082248002291 0.44134798646 1.160523057 -0.096093997359 0.40793099999
          1.1555409431 -0.09381300211 0.39929398894 1.1503310204 -0.088863000274 0.39062100649
          1.1733249426 -0.077964998782 0.45061001182 1.1382780075 -0.077281996608 0.37631100416
          1.1724300385 -0.076509997249 0.47176599503 1.1675269604 -0.070439003408 0.48243799806
          1.1150029898 -0.064104996622 0.35293400288 1.1061500311 -0.055133998394 0.34416401386
          1.1557979584 -0.054076001048 0.48406499624 1.0903999805 -0.045506998897 0.32830101252
          1.1493389606 -0.048211999238 0.48056599498 1.144315958 -0.04464200139 0.47538599372
          1.0871640444 -0.038809001446 0.32186299562 1.0729570389 -0.031143000349 0.31204000115
          1.1235779524 -0.031709998846 0.44636198878 1.0564030409 -0.017656000331 0.29114800692
          1.1131540537 -0.022463999689 0.43282800913 1.1046379805 -0.017875000834 0.42431399226
          1.0508179665 -0.013840000145 0.28453600407 1.0988789797 -0.013496999629 0.41732001305
          1.0355019569 -0.00050899997586 0.27353298664 1.0920089483 -0.0080920001492 0.41030800343
          1.0839480162 -0.0014420000371 0.39873600006 1.0735390186 0.0031630001031 0.38503399491
          1.0669690371 0.0093740001321 0.37526699901 1.0593219995 0.014097999781 0.36991399527
          1.0536160469 0.017588999122 0.3615860045 1.0176639557 0.030392000452 0.25843900442
          1.0109139681 0.038029000163 0.2569899857 1.0197809935 0.050613000989 0.3122600019
          0.99264198542 0.050714999437 0.25861001015 1.0075960159 0.050136998296 0.30682998896
          1.0010349751 0.054772999138 0.29897099733 0.9767190218 0.054046999663 0.25482401252
          0.98413801193 0.05756900087 0.2590470016 0.99592202902 0.057261001319 0.29042199254
          0.99218398333 0.057789999992 0.28110700846 0.98419797421 0.059273999184 0.26287800074
          1.1740339994 -0.08589400351 0.43460598588 1.1731719971 -0.086727999151 0.41357699037
          1.1670960188 -0.088688999414 0.40564799309 1.1629949808 -0.085326999426 0.39599400759
          1.1618030071 -0.074390999973 0.38788899779 1.1286590099 -0.058768000454 0.35900101066
          1.1482800245 -0.066495999694 0.3749319911 1.1783280373 -0.057854998857 0.46663698554
          1.1211320162 -0.05654399842 0.35086598992 1.1605789661 -0.046959999949 0.47632598877
          1.1517009735 -0.038727000356 0.46969100833 1.0886019468 -0.021345000714 0.3086130023
          1.1464209557 -0.037052001804 0.46081599593 1.1377700567 -0.031741000712 0.4458720088
          1.1365280151 -0.02448900044 0.43334499002 1.0719809532 -0.016266999766 0.29646998644
          1.0569599867 -0.0066660000011 0.28267800808 1.099017024 -0.0027520000003 0.40520098805
          1.0478719473 0.0026569999754 0.27402698994 1.0926560163 0.0021389999893 0.39871698618
          1.0379799604 0.010858999565 0.26965600252 1.0832209587 0.0099980002269 0.38059800863
          1.0944639444 0.011665999889 0.38743600249 1.0765180588 0.021361000836 0.36282500625
          1.0401459932 0.020791999996 0.26833799481 1.0694999695 0.017820000648 0.36521300673
          1.0634130239 0.020036000758 0.3577260077 1.0659919977 0.025281000882 0.34563699365
          1.0422730446 0.035686001182 0.32696199417 1.0020519495 0.054634999484 0.26621600986
          1.0152690411 0.055892001837 0.30398899317 1.0095180273 0.059326000512 0.29574200511
          1.006207943 0.059099998325 0.28625699878 1.000377059 0.058400999755 0.288639009
          1.0041769743 0.057408999652 0.27565300465 0.99565500021 0.05825600028 0.27974700928
          0.99173098803 0.058743000031 0.27056100965 0.98749101162 0.058979999274 0.26149100065
          1.1794799566 -0.079622998834 0.42274200916 1.17286098 -0.079728998244 0.40422800183
          1.1684600115 -0.078768000007 0.3948020041 1.1790699959 -0.069619998336 0.44391098619
          1.1796940565 -0.065768003464 0.45609900355 1.172778964 -0.049887001514 0.469058007
          1.1340069771 -0.041262999177 0.34470298886 1.1664550304 -0.041636999696 0.46907499433
          1.1140370369 -0.027143999934 0.32742899656 1.1610970497 -0.036511998624 0.46553900838
          1.156406045 -0.033971000463 0.45648300648 1.1457289457 -0.028094999492 0.44082099199
          1.132784009 -0.016163000837 0.42263999581 1.1158169508 -0.0070639997721 0.40767401457
          1.0671230555 0.0041510001756 0.28263300657 1.0720959902 -0.0061079999432 0.28995499015
          1.1018400192 0.0056409998797 0.396510005 1.0537259579 0.010656000115 0.27370500565
          1.0728379488 0.023165000603 0.35399699211 1.046257019 0.033656999469 0.26886600256
          1.0285890102 0.036309000105 0.26168599725 1.0219769478 0.044488999993 0.26160100102
          1.0092730522 0.048154000193 0.26262500882 1.0187449455 0.05256799981 0.26925900578
          1.0446310043 0.049035001546 0.31540200114 1.0294209719 0.057066999376 0.30897900462
          1.015427947 0.058058001101 0.28230598569 1.0255980492 0.060237001628 0.29984900355
          1.0208040476 0.0599969998 0.29102399945 1.1820249557 -0.071836002171 0.41134101152
          1.1857459545 -0.070479996502 0.42065799236 1.1856060028 -0.06636299938 0.43184500933
          1.1875269413 -0.059331998229 0.40907400846 1.173339963 -0.068723998964 0.39341500401
          1.1649440527 -0.063013002276 0.38236999512 1.1858049631 -0.058756999671 0.44442600012
          1.1483470201 -0.051869999617 0.36230799556 1.1839729548 -0.051587998867 0.45920300484
          1.1851830482 -0.055357001722 0.45438200235 1.1410919428 -0.04553899914 0.35368001461
          1.1789489985 -0.042748000473 0.46074301004 1.1708589792 -0.036561001092 0.46090298891
          1.1655089855 -0.031053999439 0.45318898559 1.1591559649 -0.026675000787 0.44494500756
          1.1042779684 -0.019146999344 0.3140630126 1.0925910473 -0.0088640004396 0.29951098561
          1.0862380266 -0.00059700000565 0.2912209928 1.1220990419 -0.0011309999973 0.40248200297
          1.1100679636 0.010703999549 0.39282101393 1.0715110302 0.021135000512 0.27969101071
          1.1022289991 0.018680000678 0.38423100114 1.0563060045 0.038444999605 0.27206099033
          1.090667963 0.024070000276 0.36833301187 1.0852639675 0.026983000338 0.35990899801
          1.0814599991 0.028188999742 0.35060799122 1.0761460066 0.030736999586 0.34211400151
          1.0679630041 0.037870999426 0.3301999867 1.0386300087 0.041894000024 0.26520401239
          1.0545829535 0.046356998384 0.31850999594 1.0301879644 0.048436999321 0.2654980123
          1.0288330317 0.055709000677 0.2768509984 1.0377759933 0.061854999512 0.30583900213
          1.0347230434 0.061243999749 0.29622501135 1.0340319872 0.058180000633 0.2848289907
          1.1907240152 -0.056990001351 0.42991700768 1.1792500019 -0.057769998908 0.39158898592
          1.1846450567 -0.058265000582 0.4012260139 1.1904519796 -0.052700001746 0.43833899498
          1.1755570173 -0.044819001108 0.38296499848 1.1613930464 -0.047171000391 0.36913299561
          1.1870510578 -0.046588998288 0.45115500689 1.1499919891 -0.040249999613 0.35537600517
          1.1830329895 -0.036309998482 0.44813299179 1.1336580515 -0.031026000157 0.3377789855
          1.1749659777 -0.029278999195 0.44746598601 1.1243430376 -0.021666999906 0.32602500916
          1.1682690382 -0.023122999817 0.44167500734 1.1634589434 -0.019574999809 0.43579900265
          1.1121959686 -0.013248999603 0.31190899014 1.1575169563 -0.015232999809 0.42566800117
          1.1019150019 -0.0048170001246 0.30213901401 1.1573640108 -0.0058450000361 0.41348001361
          1.1431449652 -0.00076700001955 0.40715000033 1.0886260271 0.01929499954 0.28429698944
          1.1078829765 0.0247019995 0.38163799047 1.0968550444 0.032051000744 0.36624398828
          1.0927439928 0.033027000725 0.35716500878 1.0492370129 0.047035999596 0.27125799656
          1.0621680021 0.052528001368 0.31581699848 1.0469690561 0.054976001382 0.27990600467
          1.0387439728 0.052058000118 0.27230200171 1.054363966 0.059406001121 0.30961900949
          1.0456980467 0.061554998159 0.29291701317 1.0464990139 0.066054001451 0.30246698856
          1.1938029528 -0.05063400045 0.41796898842 1.196187973 -0.046473998576 0.43124398589
          1.1963939667 -0.048021998256 0.42847201228 1.1874489784 -0.050172999501 0.39952000976
          1.1827290058 -0.048285000026 0.39074999094 1.1910640001 -0.03849799931 0.43447598815
          1.1899130344 -0.04193900153 0.44238299131 1.1645749807 -0.036873999983 0.36497399211
          1.1829760075 -0.030773999169 0.43441298604 1.1539410353 -0.03106799908 0.34952899814
          1.1437519789 -0.024482000619 0.33849099278 1.1756930351 -0.024398999289 0.43601599336
          1.1288260221 -0.0134060001 0.31874999404 1.175317049 -0.019562000409 0.42898198962
          1.1671409607 -0.012672999874 0.42172399163 1.1209490299 -0.0073170000687 0.30960598588
          1.1122390032 0.00086099997861 0.30290898681 1.1030750275 0.010230000131 0.29537698627
          1.1372380257 0.015675999224 0.39136001468 1.1331119537 0.027991000563 0.3821400106
          1.0825890303 0.027939999476 0.28183200955 1.1168669462 0.02950200066 0.37933298945
          1.0748330355 0.037190001458 0.28086701035 1.1123059988 0.035420000553 0.36664000154
          1.1010210514 0.037877000868 0.35401800275 1.0956109762 0.040270999074 0.34464401007
          1.0979470015 0.048305999488 0.33483099937 1.0558149815 0.049522001296 0.2764840126
          1.0689589977 0.058984998614 0.31115099788 1.0587790012 0.059500001371 0.28905698657
          1.0627199411 0.064165003598 0.30645498633 1.0598009825 0.063354998827 0.29677298665
          1.1969380379 -0.04502300173 0.42842799425 1.1946560144 -0.043235000223 0.41863799095
          1.1893479824 -0.040860999376 0.40206098557 1.1846289635 -0.036008998752 0.39043301344
          1.1913909912 -0.037176001817 0.43121001124 1.1931899786 -0.032156001776 0.4199090004
          1.1812449694 -0.028426000848 0.38152900338 1.1711570024 -0.028489999473 0.36731299758
          1.1872589588 -0.023982999846 0.41963800788 1.1586780548 -0.020595999435 0.34773901105
          1.1791360378 -0.013329000212 0.41748899221 1.1523449421 -0.016651999205 0.34030601382
          1.1722300053 -0.006742999889 0.41400200129 1.1380310059 0.0029190001078 0.31957900524
          1.161749959 0.001973999897 0.40657699108 1.1203160286 0.017033999786 0.3054009974
          1.1594799757 0.015030000359 0.39613100886 1.0973680019 0.023770999163 0.28883001208
          1.099971056 0.035695001483 0.2903150022 1.1335140467 0.037682998925 0.37265700102
          1.0864249468 0.041540000588 0.28677800298 1.112498045 0.0408950001 0.35577398539
          1.10402596 0.045522999018 0.34172400832 1.0932309628 0.056680999696 0.29228499532
          1.0859559774 0.057695999742 0.31944099069 1.0794329643 0.060015000403 0.28991499543
          1.0784549713 0.062983997166 0.31067699194 1.0680179596 0.06301099807 0.29372599721
          1.0735520124 0.065810002387 0.30198600888 1.1907989979 -0.030457999557 0.41016900539
          1.1891299486 -0.024538999423 0.39985498786 1.1864249706 -0.021750999615 0.39081200957
          1.1911150217 -0.017914999276 0.41070100665 1.1837110519 -0.020431999117 0.3811840117
          1.1829570532 -0.010231000371 0.37149700522 1.1677780151 -0.013497999869 0.3557099998
          1.1850780249 -0.0090439999476 0.40940999985 1.1630619764 -0.01022899989 0.34700000286
          1.162891984 0.0017030000454 0.3365240097 1.1775690317 -0.00026900001103 0.40701198578
          1.1710590124 0.0094280000776 0.40086901188 1.1566159725 0.032754998654 0.38458800316
          1.1288720369 0.041774000973 0.36461800337 1.1100440025 0.04155800119 0.29617899656
          1.0971670151 0.047053001821 0.29096600413 1.1220459938 0.044590998441 0.35526099801
          1.111191988 0.051624000072 0.33929800987 1.104976058 0.056086000055 0.33178400993
          1.0979119539 0.061503998935 0.32423499227 1.0920690298 0.065059997141 0.31600099802
          1.0871670246 0.067220002413 0.30732300878 1.0862309933 0.063839003444 0.29645401239
          1.1904759407 -0.014884999953 0.40040099621 1.1876070499 -0.013562000357 0.39082700014
          1.1862180233 -0.0092909997329 0.38043698668 1.1788729429 -0.0058209998533 0.36305999756
          1.1890300512 -0.00361600006 0.40141400695 1.1885000467 -0.00093699997524 0.3915899992
          1.1720180511 0.00018600000476 0.35222700238 1.1821639538 0.0064880000427 0.39557498693
          1.155591011 0.0086850002408 0.32801899314 1.1780400276 0.01050900016 0.39626398683
          1.1752109528 0.013914999552 0.39590099454 1.1667220592 0.022700000554 0.3918710053
          1.1567510366 0.037679001689 0.32521599531 1.1487449408 0.038881998509 0.37760201097
          1.1350380182 0.041545998305 0.31192800403 1.1100809574 0.053716998547 0.29563200474
          1.1337159872 0.050631001592 0.35606899858 1.1180850267 0.057960998267 0.33818399906
          1.111446023 0.063715003431 0.32963201404 1.094933033 0.066352002323 0.30397599936
          1.1043440104 0.069103002548 0.32198899984 1.1006389856 0.069470003247 0.31270501018
          1.1003030539 0.06820999831 0.30908000469 1.1866430044 0.0015040000435 0.38129401207
          1.1832389832 0.0043080002069 0.37222799659 1.1842739582 0.011904000305 0.38283398747
          1.1786539555 0.0098350001499 0.36234301329 1.1727509499 0.016679000109 0.3449279964
          1.176838994 0.018217999488 0.38638401031 1.177538991 0.02063699998 0.38060998917
          1.1652569771 0.01580600068 0.33681899309 1.1592999697 0.0252700001 0.32850199938
          1.1715619564 0.029780000448 0.37977701426 1.1402640343 0.036577001214 0.31544101238
          1.1668159962 0.034214999527 0.38067400455 1.1622600555 0.034745000303 0.38260099292
          1.1645499468 0.036988999695 0.38048300147 1.1562680006 0.044787999243 0.37449601293
          1.1287120581 0.049885001034 0.30787199736 1.1435619593 0.053509000689 0.358972013
          1.1200740337 0.058352001011 0.30268099904 1.1306339502 0.062522001565 0.34325399995
          1.10432899 0.061530999839 0.29984200001 1.1139409542 0.064668998122 0.30768498778
          1.1244809628 0.066549003124 0.33515501022 1.1197190285 0.068501003087 0.32640698552
          1.1161040068 0.068732000887 0.31707701087 1.1082500219 0.069686003029 0.32039999962
          1.1031130552 0.06921300292 0.31165999174 1.1823869944 0.013965000398 0.37297299504
          1.1790510416 0.014918000437 0.36357098818 1.1761519909 0.016216000542 0.35400798917
          1.1779329777 0.022677000612 0.37535300851 1.1772550344 0.025735000148 0.3650059998
          1.1760079861 0.027744999155 0.35500499606 1.1745350361 0.024341000244 0.34432598948
          1.1696100235 0.030141999945 0.33569398522 1.1665129662 0.029306000099 0.33320000768
          1.1733670235 0.034933999181 0.36672401428 1.1613550186 0.033723000437 0.32868099213
          1.1680380106 0.043118000031 0.36919799447 1.1497579813 0.046147000045 0.32334399223
          1.1593630314 0.051683999598 0.36253100634 1.1387820244 0.053893998265 0.320024997
          1.1538419724 0.055355999619 0.35480999947 1.1462739706 0.060844000429 0.34672600031
          1.1268080473 0.059900999069 0.31209099293 1.1327869892 0.061007000506 0.32058399916
          1.1412819624 0.063808999956 0.33885100484 1.139103055 0.063181996346 0.32879599929
          1.1286569834 0.06641600281 0.33341100812 1.1250120401 0.067124001682 0.32412201166
          1.1200640202 0.066799998283 0.31531301141 1.1744500399 0.030697999522 0.34474700689
          1.1728880405 0.038105998188 0.35669198632 1.1694459915 0.038975000381 0.3473289907
          1.1653339863 0.039312999696 0.33821201324 1.1613390446 0.040027998388 0.32931900024
          1.1678760052 0.04637600109 0.35927700996 1.1636739969 0.046643000096 0.35019400716
          1.1563019753 0.047993000597 0.33164700866 1.1574610472 0.054646000266 0.35178700089
          1.1509130001 0.055964998901 0.33437100053 1.145105958 0.054962001741 0.32587701082
          1.1443580389 0.063013002276 0.33752399683
        </DataArray>
      </Points>
      <Verts>
        <DataArray type="Int64" Name="connectivity" format="ascii" RangeMin="1e+299" RangeMax="-1e+299">
        </DataArray>
        <DataArray type="Int64" Name="offsets" format="ascii" RangeMin="1e+299" RangeMax="-1e+299">
        </DataArray>
      </Verts>
      <Lines>
        <DataArray type="Int64" Name="connectivity" format="ascii" RangeMin="1e+299" RangeMax="-1e+299">
        </DataArray>
        <DataArray type="Int64" Name="offsets" format="ascii" RangeMin="1e+299" RangeMax="-1e+299">
        </DataArray>
      </Lines>
      <Strips>
        <DataArray type="Int64" Name="connectivity" format="ascii" RangeMin="1e+299" RangeMax="-1e+299">
        </DataArray>
        <DataArray type="Int64" Name="offsets" format="ascii" RangeMin="1e+299" RangeMax="-1e+299">
        </DataArray>
      </Strips>
      <Polys>
        <DataArray type="Int64" Name="connectivity" format="ascii" RangeMin="0" RangeMax="6668">
          0 1 2 3 4 0
          3 0 2 3 5 6
          3 6 4 7 8 9
          10 2 1 10 1 7
          10 7 9 2 10 11
          2 11 12 2 12 3
          5 3 12 8 13 9
          10 9 13 14 15 16
          16 17 14 18 16 15
          18 15 19 20 17 16
          20 16 18 21 22 23
          24 18 19 24 19 21
          24 21 23 24 20 18
          25 26 27 28 23 22
          28 22 27 28 27 26
          23 28 29 23 29 24
          25 30 31 32 25 31
          26 25 32 33 26 32
          28 26 33 34 28 33
          35 29 28 35 28 34
          30 36 37 38 31 30
          38 30 37 32 31 38
          39 32 38 33 32 39
          40 33 39 33 40 41
          33 41 42 33 42 34
          34 42 35 36 43 44
          36 44 37 37 44 4
          45 38 37 4 45 37
          6 45 4 39 38 45
          46 39 45 39 46 47
          39 47 40 40 47 41
          44 43 1 44 1 0
          0 4 44 45 6 5
          45 48 46 48 45 5
          46 48 47 43 49 50
          43 50 8 43 8 7
          7 1 43 48 5 12
          11 48 12 51 50 49
          51 49 52 50 51 53
          13 50 53 8 50 13
          54 10 13 53 54 13
          55 54 53 54 48 11
          54 11 10 51 52 56
          57 51 56 51 57 55
          51 55 53 58 59 15
          58 15 14 58 14 17
          58 17 60 61 59 62
          61 15 59 19 15 61
          60 17 20 63 60 20
          63 64 60 62 65 61
          61 65 22 61 22 21
          21 19 61 24 63 20
          66 63 24 67 64 63
          67 63 66 68 25 27
          65 68 27 62 68 65
          27 22 65 24 29 69
          24 69 66 66 69 67
          70 30 25 70 25 71
          71 25 68 29 35 72
          29 72 69 73 42 41
          72 35 42 72 42 73
          74 43 36 74 36 30
          47 73 41 75 43 74
          48 76 47 47 76 73
          75 49 43 77 76 48
          78 52 49 77 48 54
          79 77 54 56 52 78
          80 56 78 55 81 79
          55 79 54 80 82 83
          56 80 83 84 57 56
          83 84 56 84 81 55
          84 55 57 58 85 86
          59 58 86 85 58 60
          85 60 87 59 86 88
          62 59 88 87 60 64
          87 64 89 64 67 90
          89 64 90 88 68 62
          90 67 69 90 69 91
          72 92 69 69 92 91
          93 30 70 93 70 71
          93 94 74 93 74 30
          72 73 95 94 75 74
          96 73 76 95 73 96
          75 97 49 96 76 77
          98 96 77 97 99 78
          97 78 49 100 77 79
          100 98 77 101 80 78
          101 78 99 102 79 81
          100 79 102 82 80 101
          103 82 101 104 81 84
          105 104 84 102 81 104
          106 103 107 103 106 108
          82 103 108 109 82 108
          83 82 109 83 109 110
          83 110 84 84 110 105
          111 106 107 108 106 111
          112 108 111 108 112 113
          108 113 109 109 113 110
          85 114 115 85 115 86
          114 85 87 114 87 116
          87 117 116 88 86 115
          88 115 118 89 117 87
          89 119 117 120 119 89
          120 89 90 118 68 88
          121 68 118 122 90 91
          123 120 90 123 90 122
          121 71 68 124 71 121
          91 92 125 91 125 122
          122 125 123 126 93 71
          126 71 124 72 127 92
          128 94 129 94 93 129
          129 93 126 95 130 72
          72 130 127 128 131 75
          128 75 94 96 132 95
          95 132 130 133 97 131
          97 75 131 132 96 98
          133 134 99 133 99 97
          135 98 100 136 137 138
          101 99 134 101 134 136
          101 136 138 102 135 100
          139 138 137 139 137 140
          101 138 139 103 101 139
          141 104 105 104 135 102
          142 143 139 139 140 142
          107 103 139 144 105 110
          141 105 144 145 139 143
          145 143 146 147 139 145
          147 107 139 111 107 147
          148 113 112 144 110 113
          144 113 148 149 145 146
          147 145 149 150 147 149
          147 150 151 111 147 151
          148 112 111 151 148 111
          152 148 151 153 149 146
          153 146 154 150 149 153
          155 150 153 150 155 152
          150 152 151 156 153 154
          156 154 157 153 156 158
          153 158 155 157 159 156
          156 159 158 160 115 114
          116 161 160 114 116 160
          161 116 117 162 118 115
          162 115 160 161 117 163
          163 117 119 163 119 164
          121 118 162 119 120 164
          124 121 165 120 123 166
          164 120 166 167 125 92
          166 123 125 166 125 167
          166 167 168 169 92 127
          92 169 167 167 169 168
          170 128 129 129 171 170
          171 129 126 172 127 130
          172 169 127 173 131 128
          174 130 132 172 130 174
          175 174 132 176 134 133
          177 98 135 175 98 177
          175 132 98 178 137 136
          178 136 176 176 136 134
          177 135 179 178 180 181
          140 137 178 181 140 178
          179 135 104 141 179 104
          182 143 142 182 142 181
          182 181 180 142 140 181
          183 141 144 143 182 184
          146 143 184 183 144 148
          146 184 185 183 148 186
          146 185 187 154 146 187
          188 152 155 188 186 148
          188 148 152 157 154 187
          189 155 158 190 159 157
          190 157 187 189 158 159
          189 159 190 191 192 193
          193 194 191 195 193 192
          195 192 196 194 193 195
          197 194 195 198 194 197
          199 195 196 199 196 200
          197 195 199 199 200 201
          202 197 199 198 197 202
          203 199 201 203 201 204
          202 199 203 204 205 203
          202 203 205 160 161 206
          206 162 160 207 162 206
          206 161 208 163 209 208
          161 163 208 209 163 164
          207 121 162 165 121 207
          210 124 165 211 126 124
          211 124 210 166 168 212
          211 171 126 212 168 169
          173 128 213 128 170 213
          214 169 172 215 131 173
          216 172 174 217 172 216
          172 217 214 215 133 131
          218 133 215 219 174 175
          216 174 219 218 176 133
          220 175 177 175 220 219
          220 177 179 221 179 141
          182 180 222 221 141 183
          223 221 183 182 222 224
          184 182 224 183 225 223
          224 226 185 185 184 224
          225 183 186 187 185 226
          227 187 226 155 189 188
          188 189 186 228 227 229
          227 228 230 190 227 230
          187 227 190 190 230 231
          190 231 189 232 228 229
          228 232 233 228 233 234
          228 234 230 230 234 231
          235 232 229 235 229 236
          237 233 232 237 232 235
          236 238 235 235 238 237
          239 240 241 241 242 243
          241 243 239 242 244 243
          245 246 247 241 240 245
          241 245 247 248 242 241
          249 244 242 249 242 248
          250 192 191 250 191 247
          250 247 246 247 194 241
          191 194 247 251 248 241
          194 251 241 252 249 248
          252 248 251 196 192 250
          253 196 250 198 251 194
          254 252 251 255 196 253
          200 196 255 256 251 198
          256 254 251 257 201 200
          255 257 200 258 201 257
          202 256 198 259 256 202
          204 201 258 258 260 205
          204 258 205 202 205 261
          261 262 259 202 261 259
          263 205 260 261 205 263
          264 261 263 262 261 264
          265 262 264 266 262 265
          264 267 268 264 268 265
          265 268 266 263 267 264
          269 270 207 206 269 207
          206 208 269 209 164 271
          270 165 207 272 165 270
          271 164 273 274 210 165
          274 165 272 164 166 273
          275 211 210 275 210 276
          276 210 274 273 166 212
          277 213 170 277 170 171
          211 275 277 171 211 277
          212 169 278 213 279 173
          280 214 281 169 214 280
          278 169 280 278 280 282
          283 215 173 283 173 279
          284 217 216 217 284 285
          285 281 214 285 214 217
          280 281 286 280 286 282
          283 218 215 287 218 283
          288 219 289 219 288 216
          284 216 288 287 176 218
          290 176 287 289 220 291
          220 289 219 292 178 176
          292 176 293 293 176 290
          294 220 179 291 220 294
          295 180 178 295 178 292
          296 179 221 294 179 296
          180 295 222 297 221 223
          296 221 297 298 224 222
          299 226 224 299 224 298
          226 299 300 225 186 301
          227 226 300 301 186 189
          227 300 302 229 227 302
          301 189 231 229 302 303
          231 234 304 236 229 303
          233 237 305 304 233 305
          234 233 304 306 238 236
          306 236 303 305 237 238
          305 238 306 307 308 309
          309 310 307 311 309 308
          311 308 312 311 310 309
          313 314 315 316 311 312
          316 312 313 316 313 315
          317 311 316 318 319 239
          320 315 314 320 314 318
          320 318 239 315 320 321
          315 321 316 316 321 317
          319 322 323 319 323 239
          239 323 240 239 243 320
          324 321 320 324 320 243
          324 243 244 322 246 245
          322 245 323 245 240 323
          244 249 325 324 244 325
          250 246 322 325 249 252
          252 254 326 253 327 257
          253 257 255 256 328 254
          329 328 259 259 328 256
          257 327 330 258 257 330
          331 329 259 258 330 332
          260 258 332 262 331 259
          266 331 262 333 331 266
          334 260 332 263 260 334
          266 335 333 268 335 266
          336 263 334 336 334 337
          263 336 338 267 263 338
          267 338 339 267 339 335
          267 335 268 340 336 337
          336 340 341 336 341 342
          336 342 338 338 342 339
          269 343 344 270 269 344
          208 345 343 269 208 343
          209 346 345 208 209 345
          346 209 271 270 344 347
          272 270 347 272 347 348
          272 348 274 274 348 349
          274 349 276 273 212 350
          276 349 275 212 278 351
          350 212 351 213 352 279
          353 352 213 277 353 213
          278 282 354 351 278 354
          355 284 356 284 355 357
          285 284 357 285 357 358
          281 285 358 281 358 359
          286 281 359 354 282 286
          354 286 359 360 287 283
          361 288 289 362 288 361
          288 362 356 356 284 288
          360 290 287 363 290 360
          364 289 291 361 289 364
          365 291 294 364 291 365
          365 294 296 365 296 297
          365 297 366 295 298 222
          366 297 223 366 223 367
          299 298 368 225 369 367
          225 367 223 299 368 370
          300 299 370 225 301 369
          300 370 371 302 300 371
          372 302 371 373 302 372
          303 302 373 231 304 374
          375 303 373 374 304 305
          374 305 376 377 375 373
          377 373 378 375 377 306
          303 375 306 306 376 305
          379 377 378 379 378 380
          306 377 379 381 306 379
          381 376 306 382 308 307
          382 307 380 383 379 380
          307 383 380 310 383 307
          379 383 381 312 308 382
          384 312 382 313 312 384
          310 311 385 383 310 385
          383 385 381 384 386 313
          313 386 314 311 317 387
          385 311 387 388 319 318
          388 318 386 318 314 386
          387 317 321 387 321 389
          390 322 319 390 319 388
          389 321 324 324 325 391
          390 250 322 392 250 390
          325 252 393 391 325 393
          250 392 394 253 250 394
          393 252 326 253 394 395
          253 395 396 327 253 396
          326 254 328 326 328 397
          398 327 396 328 329 399
          397 328 399 330 327 398
          330 398 400 329 331 399
          401 332 330 400 401 330
          399 331 402 332 401 403
          331 333 404 402 331 404
          403 405 334 403 334 332
          405 337 334 339 406 333
          335 339 333 406 339 342
          407 340 337 407 342 341
          407 341 340 343 408 409
          343 409 344 345 410 408
          343 345 408 345 346 410
          347 344 409 347 409 411
          410 346 412 273 413 412
          273 412 346 273 346 271
          414 348 347 414 347 411
          413 273 350 415 349 348
          415 348 414 275 416 277
          349 416 275 277 417 353
          416 417 277 351 354 418
          419 283 279 420 355 356
          355 420 421 357 355 421
          357 421 422 358 357 422
          358 422 423 359 358 423
          418 354 359 418 359 423
          419 360 283 424 362 361
          420 356 362 425 361 364
          363 293 290 426 364 365
          425 364 426 426 365 427
          427 365 366 427 366 428
          429 298 295 366 367 430
          366 430 428 298 429 368
          369 431 430 367 369 430
          432 370 368 431 369 301
          371 370 432 371 432 433
          431 301 434 372 371 433
          434 301 231 373 372 435
          434 231 374 434 374 436
          437 373 435 374 376 436
          378 373 437 437 438 382
          437 382 378 378 382 380
          376 381 439 436 376 439
          438 440 382 382 440 384
          439 381 385 439 385 441
          442 386 440 386 384 440
          385 387 441 442 443 388
          388 386 442 441 387 389
          443 390 388 391 389 324
          444 390 443 445 392 390
          445 390 444 391 393 446
          392 445 395 394 392 395
          393 326 447 446 393 447
          396 395 448 326 397 449
          448 398 396 450 398 448
          397 399 451 449 397 451
          398 450 400 400 452 401
          451 399 402 453 403 401
          452 453 401 403 453 405
          333 406 454 404 333 454
          337 405 455 406 342 456
          454 406 456 455 457 407
          455 407 337 458 407 457
          342 407 458 456 342 458
          458 457 459 460 411 409
          461 460 409 408 461 409
          461 410 462 408 410 461
          463 462 412 412 462 410
          413 463 412 411 460 464
          414 411 464 350 465 463
          350 463 413 414 466 415
          466 414 464 465 350 467
          468 349 415 468 415 466
          350 351 467 349 469 416
          349 468 469 351 418 470
          467 351 470 352 471 472
          352 472 419 352 419 279
          473 471 352 353 473 352
          353 417 473 421 420 474
          475 422 421 474 475 421
          476 475 474 422 475 477
          423 422 477 470 418 423
          470 423 477 419 472 478
          419 478 360 479 424 361
          362 424 480 480 481 420
          480 420 362 474 420 481
          474 481 482 474 482 476
          478 483 363 360 478 363
          479 361 425 484 292 293
          484 293 485 483 293 363
          485 293 483 486 295 292
          486 292 484 425 426 427
          425 427 487 295 486 488
          429 295 488 487 427 428
          428 430 489 489 430 431
          429 432 368 490 432 429
          491 431 492 432 490 433
          492 434 493 492 431 434
          435 372 433 493 436 494
          493 434 436 495 437 435
          495 438 437 436 439 496
          494 436 496 497 440 438
          439 441 498 442 440 497
          499 442 497 441 500 498
          501 443 442 501 442 499
          441 389 502 500 441 502
          503 443 501 502 391 504
          502 389 391 505 444 503
          444 443 503 444 505 445
          391 446 506 504 391 506
          395 445 507 446 447 508
          506 446 508 395 507 509
          447 326 510 508 447 510
          448 395 509 510 326 449
          510 449 511 449 451 512
          511 449 512 513 400 450
          512 451 514 515 452 400
          513 515 400 451 402 514
          515 516 453 515 453 452
          514 402 404 453 517 405
          455 405 517 454 456 518
          404 454 518 519 457 455
          456 458 520 518 456 520
          519 521 459 519 459 457
          522 458 459 521 522 459
          520 458 522 460 461 523
          461 462 524 461 524 523
          463 524 462 464 460 525
          460 523 525 526 524 463
          465 526 463 464 525 466
          467 527 526 467 526 465
          468 466 528 527 467 529
          469 468 530 528 530 468
          467 470 531 529 467 531
          416 532 417 533 532 416
          469 533 416 469 530 533
          531 470 477 531 477 534
          535 478 472 471 535 472
          536 480 424 537 536 424
          480 536 538 481 480 538
          481 538 539 482 481 539
          539 475 476 539 476 482
          477 475 539 477 539 540
          477 540 534 478 541 542
          478 542 483 541 478 535
          543 479 425 544 479 543
          544 537 424 544 424 479
          484 485 545 542 545 485
          483 542 485 543 425 546
          546 425 487 546 487 547
          548 488 486 547 487 428
          547 428 549 550 429 488
          550 488 548 549 428 489
          549 489 551 489 431 491
          551 489 491 550 490 429
          433 490 552 553 492 493
          554 433 552 553 493 555
          554 435 433 555 493 494
          495 435 554 555 494 556
          556 494 557 494 496 558
          494 558 557 559 438 495
          439 560 558 496 439 558
          497 438 559 560 439 498
          561 499 497 560 498 500
          501 499 561 503 501 561
          504 562 502 562 504 563
          445 505 564 504 506 565
          563 504 565 507 445 564
          565 508 566 506 508 565
          509 507 567 510 566 508
          568 566 510 448 509 567
          511 568 510 569 568 511
          570 450 448 511 512 569
          513 450 570 512 514 571
          569 512 571 513 572 515
          571 514 573 516 515 572
          516 572 574 514 404 575
          573 514 575 574 576 516
          576 453 516 575 404 577
          576 517 453 578 455 517
          577 404 518 579 577 518
          578 519 455 518 520 580
          518 580 579 581 519 578
          521 519 581 580 520 522
          580 522 582 581 583 584
          581 584 521 521 584 582
          521 582 522 583 585 584
          584 585 582 525 523 586
          523 524 587 523 587 586
          526 587 524 466 525 588
          588 525 586 589 587 526
          527 589 526 528 466 588
          529 590 589 529 589 527
          591 530 528 590 529 531
          533 592 532 530 591 592
          533 530 592 531 534 593
          535 471 594 473 594 471
          595 594 473 417 595 473
          595 532 596 417 532 595
          596 532 592 539 538 597
          540 539 597 593 534 540
          593 540 597 535 598 541
          535 594 598 599 544 543
          599 537 544 600 537 599
          601 484 545 601 545 602
          542 603 602 545 542 602
          604 603 542 541 604 542
          604 541 598 605 546 606
          605 599 543 605 543 546
          607 486 484 607 484 601
          608 606 547 606 546 547
          607 548 486 609 608 549
          549 608 547 548 607 550
          551 610 609 551 609 549
          551 491 610 552 490 550
          492 611 610 492 610 491
          553 611 492 612 554 552
          613 553 555 612 614 554
          614 495 554 555 556 615
          555 615 613 557 616 615
          556 557 615 616 557 558
          616 558 617 558 560 618
          617 558 618 619 497 620
          497 559 620 618 560 621
          497 619 561 560 500 622
          621 560 622 622 500 502
          622 502 623 502 562 624
          623 502 624 625 505 503
          562 563 626 562 626 624
          564 505 625 565 626 563
          564 625 627 507 564 627
          567 507 627 628 567 627
          566 568 629 630 629 568
          630 568 569 570 448 567
          631 513 570 632 630 569
          632 569 571 572 513 631
          573 632 571 633 572 631
          574 572 633 573 575 634
          632 573 634 633 635 576
          633 576 574 575 577 636
          634 575 636 635 637 576
          637 517 576 636 577 638
          637 578 517 638 577 579
          638 579 639 639 579 580
          639 580 640 581 578 641
          580 582 642 640 580 642
          641 643 581 583 581 643
          642 582 644 645 585 583
          645 583 643 645 643 646
          644 582 585 644 585 645
          586 647 588 586 587 648
          586 648 647 589 648 587
          649 528 588 589 650 648
          650 589 590 528 649 651
          590 531 652 592 591 653
          528 651 653 528 653 591
          531 593 654 652 531 654
          595 596 655 656 655 596
          656 596 592 656 592 653
          654 593 597 654 597 657
          598 594 658 659 658 594
          595 660 659 594 595 659
          655 661 660 595 655 660
          661 655 656 662 661 656
          663 537 600 664 536 537
          663 664 537 664 665 538
          664 538 536 597 538 665
          597 665 666 597 666 657
          603 604 667 668 667 604
          668 604 598 658 669 668
          598 658 668 659 670 669
          658 659 669 660 606 670
          659 660 670 660 661 605
          660 605 606 599 605 661
          599 661 662 599 662 671
          671 663 600 671 600 599
          672 607 601 602 673 601
          673 603 674 602 603 673
          603 667 674 668 669 675
          676 668 675 669 670 608
          669 608 675 606 608 670
          607 672 677 550 607 677
          678 676 609 609 676 675
          609 675 608 679 678 610
          610 678 609 610 680 679
          550 681 682 552 550 682
          680 611 683 680 610 611
          682 612 552 683 553 684
          683 611 553 685 612 682
          684 613 686 684 553 613
          685 614 612 686 613 687
          685 688 614 613 615 687
          688 495 614 615 616 689
          615 689 687 559 495 688
          690 559 688 617 691 689
          616 617 689 620 559 690
          691 617 618 618 621 692
          621 622 693 692 621 693
          694 503 561 694 561 619
          693 622 623 693 623 695
          694 625 503 623 624 696
          623 696 695 626 696 624
          626 565 697 566 697 565
          698 697 566 566 629 698
          567 628 699 629 630 700
          629 700 698 570 567 699
          701 700 630 702 631 570
          703 701 630 703 630 632
          631 702 704 631 704 705
          633 631 705 706 632 634
          705 707 635 705 635 633
          636 706 634 707 708 635
          708 637 635 636 638 709
          710 709 638 639 710 638
          637 711 578 640 712 710
          639 640 710 641 578 711
          641 711 713 712 640 642
          714 641 713 643 641 714
          715 644 716 642 644 715
          714 717 718 714 718 646
          714 646 643 716 645 646
          718 716 646 719 716 718
          716 644 645 717 719 718
          588 647 720 588 720 649
          648 721 720 648 720 647
          648 650 721 651 649 722
          649 720 722 652 723 650
          652 650 590 653 651 724
          723 652 654 653 725 656
          654 657 726 656 727 662
          728 727 656 728 656 725
          665 664 729 666 665 729
          726 657 666 726 666 730
          726 730 731 662 727 671
          663 671 727 663 727 728
          732 663 728 664 663 732
          729 664 732 666 729 733
          666 733 734 730 666 734
          730 734 735 730 735 731
          673 736 672 673 672 601
          673 674 737 673 737 736
          674 667 738 674 738 737
          667 668 739 667 739 738
          676 739 668 677 672 740
          737 738 679 738 739 678
          738 678 679 678 739 676
          741 550 677 741 677 740
          741 681 550 742 682 681
          683 743 680 744 682 742
          684 745 743 684 743 683
          744 685 682 684 686 745
          688 685 744 686 687 746
          746 687 689 747 690 748
          690 688 748 689 691 749
          746 689 749 620 690 747
          749 691 692 619 620 747
          692 691 618 750 751 693
          693 751 692 695 750 693
          752 625 694 753 695 696
          754 753 626 626 753 696
          755 754 697 697 754 626
          756 627 625 757 755 698
          698 755 697 627 756 628
          758 757 700 700 757 698
          701 758 700 702 570 699
          759 702 699 704 702 759
          704 759 760 632 761 703
          705 704 760 705 760 762
          706 761 632 707 705 762
          707 763 708 709 764 706
          709 706 636 710 765 709
          766 711 708 708 711 637
          710 712 765 713 711 766
          713 766 767 712 642 768
          765 712 768 767 769 713
          770 714 713 769 770 713
          771 715 716 768 642 715
          772 714 770 772 717 714
          773 716 719 771 716 773
          774 719 717 774 717 772
          773 719 774 775 651 722
          720 721 775 722 720 775
          650 776 721 776 650 723
          651 775 724 723 654 777
          725 653 724 725 724 778
          654 726 777 725 778 779
          728 725 779 726 731 780
          777 726 780 779 732 728
          732 779 781 729 732 781
          733 729 781 782 733 781
          783 733 782 734 733 783
          784 735 734 783 784 734
          780 731 735 780 735 784
          785 740 672 672 786 785
          736 786 672 786 736 737
          786 737 787 679 787 737
          788 741 740 788 740 789
          789 740 785 786 787 790
          790 787 679 788 681 741
          791 681 788 792 790 680
          680 790 679 791 742 681
          793 742 791 743 794 792
          680 743 792 744 742 793
          795 744 793 794 743 745
          794 745 796 797 744 795
          745 686 798 796 745 798
          798 686 799 797 688 744
          686 746 799 797 748 688
          748 797 800 747 748 800
          801 619 747 801 694 619
          802 694 801 753 750 695
          752 694 802 803 625 752
          755 804 754 625 803 756
          755 757 804 805 628 756
          806 804 757 805 699 628
          757 758 806 758 701 807
          806 758 807 808 759 699
          808 699 805 701 703 809
          807 701 809 760 759 808
          810 809 703 761 810 703
          810 761 811 706 811 761
          812 707 762 764 811 706
          812 763 707 709 813 764
          814 763 812 708 763 814
          815 813 709 765 815 709
          814 766 708 765 816 815
          767 766 814 767 814 817
          765 768 818 816 765 818
          817 819 767 819 820 767
          767 820 769 770 769 820
          818 768 715 818 715 771
          819 821 820 821 822 772
          821 772 820 820 772 770
          823 774 772 823 772 822
          823 773 774 721 824 825
          721 825 775 721 776 824
          724 775 826 724 826 827
          826 775 825 777 776 723
          724 827 828 778 724 828
          829 778 828 779 778 829
          777 780 830 781 779 829
          781 829 831 831 782 781
          832 782 831 830 780 784
          830 784 833 834 782 832
          782 834 835 783 782 835
          835 836 784 835 784 783
          784 836 833 837 788 789
          789 838 837 838 789 785
          838 785 786 838 786 839
          790 839 786 837 791 788
          840 791 837 838 839 841
          841 839 790 841 790 792
          842 793 840 840 793 791
          843 841 794 794 841 792
          844 795 842 842 795 793
          796 845 843 794 796 843
          795 844 846 797 795 846
          796 798 845 799 746 749
          799 749 847 800 797 848
          800 848 849 747 800 849
          749 692 850 801 747 849
          751 851 850 751 850 692
          851 751 750 852 802 801
          851 750 753 851 753 853
          852 752 802 854 752 852
          753 855 853 752 854 803
          753 754 855 754 804 856
          808 805 857 858 760 808
          760 858 859 762 760 859
          811 860 810 859 861 812
          859 812 762 764 860 811
          862 860 764 813 862 764
          863 812 861 814 812 863
          815 864 813 864 815 865
          865 815 816 817 814 863
          817 863 866 816 818 867
          866 868 819 866 819 817
          867 818 771 868 869 819
          819 869 821 822 821 869
          771 773 870 871 822 869
          822 871 872 823 822 872
          823 872 873 773 823 873
          870 773 873 874 825 824
          824 776 875 876 827 826
          874 826 825 876 826 874
          875 776 877 877 776 777
          827 876 828 877 777 878
          829 828 879 777 830 878
          880 831 829 880 829 879
          880 832 831 881 832 880
          830 833 882 878 830 882
          881 883 834 881 834 832
          835 834 884 836 835 884
          882 833 836 882 836 884
          885 840 886 887 886 840
          837 887 840 888 887 838
          838 887 837 841 888 838
          842 840 885 889 888 841
          889 841 843 890 889 845
          845 889 843 846 844 891
          798 892 890 845 798 890
          798 799 893 798 893 892
          799 847 893 894 848 797
          895 847 896 847 749 897
          847 897 896 898 849 848
          850 897 749 899 801 849
          899 849 898 900 897 851
          851 897 850 899 852 801
          851 901 900 902 903 904
          902 852 899 904 852 902
          853 905 901 851 853 901
          906 854 904 906 904 903
          854 852 904 905 853 855
          854 906 907 803 854 907
          855 754 856 803 907 908
          756 803 908 805 756 908
          806 909 910 804 806 910
          857 805 911 912 857 911
          913 909 807 807 909 806
          914 808 857 914 857 912
          809 913 807 915 913 809
          858 808 914 810 916 915
          810 915 809 917 916 810
          860 917 810 861 859 858
          917 860 862 813 918 862
          919 863 861 864 918 813
          919 920 863 865 921 864
          922 863 920 866 863 922
          867 923 921 867 921 865
          867 865 816 922 924 866
          868 866 924 923 867 771
          923 771 925 926 868 924
          926 869 868 771 870 927
          925 771 927 872 871 928
          872 928 929 873 872 929
          927 870 873 927 873 929
          874 824 875 874 930 931
          874 931 876 930 875 932
          874 875 930 877 933 932
          877 932 875 828 876 931
          828 931 934 933 877 935
          878 935 877 828 934 936
          879 828 936 936 937 880
          936 880 879 881 880 937
          878 882 938 939 878 938
          940 883 881 937 940 881
          941 834 883 942 834 941
          884 834 942 938 882 884
          938 884 942 938 942 943
          940 944 941 940 941 883
          942 941 944 942 944 945
          942 945 943 886 946 885
          886 887 947 886 947 946
          888 947 887 948 842 885
          948 885 949 950 949 885
          946 950 885 946 947 951
          950 946 951 951 947 888
          951 888 889 948 844 842
          890 951 889 952 890 892
          893 953 952 892 893 952
          846 891 894 797 846 894
          893 847 895 893 895 953
          848 894 954 897 955 896
          954 898 848 956 899 898
          897 900 955 957 899 956
          901 958 900 959 903 902
          957 902 899 959 902 957
          901 905 958 903 959 960
          906 903 960 855 856 958
          855 958 905 907 906 960
          908 907 961 804 910 856
          908 962 805 911 962 963
          911 805 962 963 912 911
          909 913 964 914 912 858
          913 915 965 964 913 965
          916 965 915 862 966 917
          918 966 862 967 918 864
          920 919 968 967 864 969
          969 864 921 969 921 970
          922 920 968 971 970 921
          923 971 921 972 922 968
          972 924 922 925 973 971
          923 925 971 925 927 974
          973 925 974 928 871 975
          928 975 974 929 928 974
          974 927 929 976 931 930
          930 932 977 933 977 932
          978 934 931 935 979 977
          935 977 933 934 978 980
          936 934 980 939 979 935
          939 935 878 936 980 937
          939 938 981 979 939 981
          982 940 937 938 943 983
          981 938 983 940 982 984
          944 940 984 944 984 985
          945 944 985 983 943 945
          983 945 985 949 986 948
          949 950 987 949 987 986
          951 987 950 988 844 948
          988 948 989 990 989 948
          986 990 948 986 987 991
          990 986 991 991 987 951
          991 951 890 844 988 992
          891 844 992 993 991 890
          993 890 952 994 891 992
          995 993 953 953 993 952
          894 891 994 953 895 995
          954 894 994 895 896 996
          896 955 996 997 898 954
          997 956 898 998 900 999
          998 955 900 1000 957 956
          900 958 999 1001 959 957
          1001 957 1000 960 959 1001
          856 999 958 961 907 960
          1002 908 961 856 910 1003
          1002 962 908 963 962 1002
          1004 963 1002 910 909 1003
          912 963 1004 964 1003 909
          1005 1003 964 858 912 1006
          965 1005 964 1007 858 1006
          1008 965 916 1009 858 1007
          917 1010 1008 917 1008 916
          861 858 1009 966 1010 917
          861 1009 1011 1011 919 861
          1012 1013 969 970 1012 969
          1013 1012 1014 971 1015 1014
          971 1014 1012 971 1012 970
          972 968 1016 971 973 1017
          1015 971 1017 972 1018 924
          973 974 1019 973 1019 1017
          1020 926 924 1020 924 1018
          926 1020 1021 869 926 1021
          871 869 1021 1019 975 1022
          974 975 1019 1021 1023 871
          975 871 1023 975 1023 1024
          975 1024 1022 977 976 930
          976 1025 1026 976 1026 978
          976 978 931 977 1027 1025
          976 977 1025 1027 977 979
          980 978 1028 1028 978 1026
          1029 1027 979 981 1030 1029
          981 1029 979 1031 982 937
          981 983 1032 1030 981 1032
          984 982 1033 985 984 1033
          1034 985 1033 1032 983 985
          1032 985 1034 1032 1034 1035
          1033 1036 1034 1034 1036 1035
          989 1037 988 989 990 1038
          989 1038 1037 991 1038 990
          992 988 1037 992 1037 1039
          993 1040 1038 993 1038 991
          1041 994 992 1041 992 1039
          1040 993 995 1042 994 1041
          995 895 996 994 1042 1043
          954 994 1043 1044 996 955
          1044 955 1045 997 954 1043
          955 998 1045 1046 956 997
          1046 1000 956 998 999 1047
          1000 1046 1048 1001 1000 1048
          1049 960 1048 1048 960 1001
          999 856 1050 999 1050 1047
          960 1049 961 856 1051 1050
          856 1003 1051 1003 1052 1051
          1053 1004 1002 1004 1053 1054
          912 1004 1054 1003 1005 1055
          1052 1003 1055 912 1054 1006
          1056 1007 1006 965 1008 1057
          1005 965 1057 1007 1056 1058
          1009 1007 1058 1010 1057 1008
          1009 1058 1059 966 1060 1010
          1009 1059 1011 967 1060 966
          918 967 966 1011 1061 919
          968 919 1061 969 1062 967
          1062 969 1013 1063 968 1061
          1064 1013 1014 1062 1013 1064
          1064 1014 1015 1064 1015 1065
          1063 1066 1016 1063 1016 968
          1015 1017 1067 1065 1015 1067
          1066 1068 1016 1068 1069 1016
          1016 1069 972 1067 1019 1070
          1067 1017 1019 1071 1018 972
          1071 972 1069 1020 1018 1071
          1019 1022 1070 1071 1072 1020
          1021 1020 1072 1021 1072 1073
          1074 1023 1021 1074 1021 1073
          1023 1074 1075 1024 1023 1075
          1070 1022 1024 1070 1024 1075
          1076 1026 1025 1025 1027 1076
          1077 980 1028 1077 1028 1078
          1076 1028 1026 1078 1028 1076
          1076 1027 1079 1029 1080 1079
          1029 1079 1027 980 1077 937
          1080 1029 1030 1080 1030 1081
          1082 1031 937 1030 1032 1083
          1081 1030 1083 1033 982 1031
          1084 1033 1031 1032 1035 1085
          1032 1085 1083 1085 1084 1086
          1036 1084 1085 1033 1084 1036
          1036 1085 1035 1087 1039 1037
          1037 1038 1040 1037 1040 1088
          1037 1088 1087 1089 1041 1039
          1089 1039 1090 1090 1039 1087
          1091 1088 1040 1092 1088 1091
          1091 1040 995 1042 1041 1089
          1091 996 1092 996 1091 995
          1093 997 1043 1045 998 1094
          1046 997 1093 1095 1046 1093
          1094 998 1047 1048 1046 1095
          1049 1048 1095 1096 1047 1050
          1050 1051 1097 1098 1002 961
          1098 961 1049 1097 1051 1099
          1053 1002 1098 1099 1051 1052
          1099 1052 1055 1054 1100 1006
          1055 1005 1101 1056 1006 1100
          1102 1101 1057 1057 1101 1005
          1058 1056 1103 1010 1104 1102
          1010 1102 1057 1059 1058 1103
          1105 1104 1010 1060 1105 1010
          967 1105 1060 1106 1062 1064
          1065 1106 1064 1061 1107 1066
          1061 1066 1063 1067 1108 1106
          1067 1106 1065 1109 1066 1107
          1066 1109 1068 1110 1067 1070
          1108 1067 1110 1109 1111 1068
          1068 1111 1069 1071 1069 1111
          1071 1111 1112 1113 1072 1071
          1113 1071 1112 1073 1072 1113
          1114 1073 1113 1115 1075 1074
          1073 1115 1074 1116 1115 1073
          1070 1075 1115 1073 1114 1116
          1076 1117 1078 1079 1118 1117
          1076 1079 1117 1118 1079 1080
          1081 1119 1080 1120 1119 1081
          1120 1081 1083 1121 1084 1031
          1086 1122 1120 1085 1086 1120
          1085 1120 1083 1122 1086 1084
          1122 1084 1121 1088 1123 1087
          1124 1089 1090 1124 1090 1125
          1126 1125 1090 1087 1126 1090
          1123 1126 1087 1092 1127 1126
          1092 1126 1123 1092 1123 1088
          1128 1042 1089 1128 1089 1124
          1092 996 1129 1127 1092 1129
          1128 1043 1042 1130 1043 1128
          1129 996 1044 1129 1044 1131
          1132 1043 1130 1044 1045 1131
          1093 1043 1132 1131 1045 1094
          1047 1133 1094 1133 1047 1096
          1049 1095 1134 1135 1050 1097
          1096 1050 1135 1098 1049 1134
          1135 1097 1136 1097 1099 1136
          1099 1137 1136 1053 1098 1138
          1138 1100 1054 1054 1053 1138
          1099 1055 1139 1101 1140 1139
          1055 1101 1139 1141 1056 1100
          1101 1102 1142 1140 1101 1142
          1103 1056 1141 1142 1102 1104
          1142 1104 1143 1104 1105 1144
          1143 1104 1144 1011 1059 1145
          1145 1061 1011 967 1146 1105
          1061 1145 1147 1062 1146 967
          1106 1148 1062 1107 1061 1147
          1107 1147 1149 1108 1150 1148
          1108 1148 1106 1151 1107 1149
          1151 1149 1152 1109 1107 1151
          1110 1153 1150 1108 1110 1150
          1154 1151 1152 1151 1154 1155
          1109 1151 1155 1156 1109 1155
          1111 1109 1156 1110 1070 1157
          1153 1110 1157 1155 1154 1158
          1156 1155 1158 1156 1158 1159
          1112 1111 1156 1160 1115 1116
          1157 1115 1160 1157 1070 1115
          1112 1156 1159 1112 1159 1161
          1113 1112 1161 1113 1161 1162
          1113 1162 1163 1114 1113 1164
          1164 1113 1163 1114 1164 1165
          1116 1114 1165 1160 1116 1165
          1166 1077 1078 1166 1078 1167
          1117 1168 1167 1078 1117 1167
          1117 1118 1168 1118 1080 1169
          1077 1166 1082 937 1077 1082
          1169 1080 1119 1170 1031 1082
          1119 1120 1171 1031 1170 1172
          1173 1031 1172 1121 1031 1173
          1120 1122 1173 1120 1173 1172
          1120 1172 1171 1121 1173 1122
          1174 1124 1125 1174 1125 1175
          1125 1126 1176 1125 1176 1177
          1125 1177 1175 1127 1176 1126
          1128 1124 1178 1178 1124 1174
          1179 1177 1176 1179 1176 1127
          1179 1127 1129 1180 1130 1128
          1131 1179 1129 1093 1132 1181
          1182 1093 1181 1131 1094 1183
          1095 1093 1182 1183 1094 1133
          1184 1095 1182 1134 1095 1184
          1185 1098 1134 1186 1135 1136
          1138 1098 1185 1187 1138 1185
          1188 1100 1138 1188 1138 1187
          1137 1099 1139 1137 1139 1189
          1100 1188 1190 1139 1140 1191
          1189 1139 1191 1190 1141 1100
          1140 1142 1191 1141 1190 1192
          1103 1141 1192 1143 1191 1142
          1059 1103 1192 1193 1059 1192
          1145 1059 1193 1145 1193 1194
          1105 1195 1144 1195 1105 1196
          1146 1196 1105 1194 1147 1145
          1146 1062 1197 1197 1062 1148
          1197 1148 1198 1198 1148 1150
          1198 1150 1153 1154 1152 1199
          1153 1157 1200 1199 1201 1154
          1158 1154 1201 1160 1202 1200
          1157 1160 1200 1158 1201 1203
          1159 1158 1203 1204 1159 1203
          1161 1159 1204 1205 1161 1204
          1206 1161 1205 1162 1161 1206
          1207 1164 1163 1208 1164 1207
          1202 1160 1165 1202 1165 1164
          1207 1163 1162 1207 1162 1206
          1207 1206 1205 1168 1118 1209
          1209 1118 1169 1169 1119 1210
          1211 1170 1082 1119 1171 1212
          1210 1119 1212 1170 1211 1213
          1172 1170 1213 1212 1171 1172
          1212 1172 1213 1214 1174 1175
          1180 1128 1178 1180 1178 1215
          1214 1178 1174 1215 1178 1214
          1177 1179 1216 1179 1131 1217
          1216 1179 1217 1218 1132 1130
          1217 1131 1219 1181 1132 1218
          1219 1131 1183 1220 1182 1181
          1184 1182 1220 1186 1136 1221
          1185 1134 1222 1221 1136 1137
          1221 1137 1223 1224 1185 1222
          1223 1137 1225 1224 1187 1185
          1225 1137 1226 1188 1187 1224
          1226 1137 1189 1188 1224 1227
          1190 1188 1227 1189 1191 1228
          1226 1189 1228 1229 1190 1227
          1190 1229 1192 1191 1143 1230
          1228 1191 1230 1231 1193 1192
          1144 1230 1143 1193 1231 1232
          1194 1193 1232 1195 1230 1144
          1194 1232 1233 1233 1147 1194
          1234 1196 1146 1197 1234 1146
          1235 1197 1198 1152 1149 1236
          1237 1235 1198 1237 1198 1153
          1199 1236 1238 1199 1152 1236
          1200 1239 1237 1200 1237 1153
          1238 1240 1199 1241 1201 1199
          1240 1241 1199 1200 1202 1242
          1200 1242 1239 1201 1241 1243
          1203 1201 1243 1203 1243 1244
          1203 1244 1245 1204 1203 1245
          1204 1245 1246 1205 1204 1246
          1247 1205 1246 1207 1205 1247
          1247 1248 1208 1207 1247 1208
          1208 1248 1242 1208 1242 1202
          1208 1202 1164 1249 1168 1250
          1250 1168 1209 1249 1167 1168
          1082 1166 1251 1251 1211 1082
          1252 1211 1251 1210 1212 1253
          1211 1252 1254 1213 1211 1254
          1253 1212 1213 1253 1213 1254
          1175 1255 1214 1177 1255 1175
          1256 1257 1215 1214 1256 1215
          1255 1256 1214 1216 1258 1256
          1216 1256 1255 1216 1255 1177
          1258 1216 1217 1180 1218 1130
          1259 1181 1218 1219 1183 1260
          1261 1181 1259 1220 1181 1261
          1260 1183 1133 1220 1261 1262
          1184 1220 1262 1133 1096 1263
          1264 1134 1184 1264 1184 1262
          1263 1096 1265 1265 1096 1135
          1265 1135 1186 1222 1134 1264
          1221 1223 1266 1267 1224 1222
          1223 1225 1268 1266 1223 1268
          1225 1226 1269 1225 1269 1268
          1224 1267 1270 1226 1271 1269
          1227 1224 1270 1226 1228 1272
          1271 1226 1272 1229 1227 1270
          1272 1228 1273 1192 1229 1274
          1228 1230 1273 1275 1231 1274
          1274 1231 1192 1273 1230 1276
          1232 1231 1275 1277 1276 1230
          1195 1277 1230 1232 1275 1233
          1196 1278 1277 1196 1277 1195
          1234 1278 1196 1147 1233 1279
          1280 1234 1197 1147 1279 1281
          1149 1147 1281 1280 1197 1282
          1282 1197 1235 1149 1281 1283
          1236 1149 1283 1235 1237 1284
          1282 1235 1284 1236 1283 1285
          1238 1236 1285 1237 1239 1286
          1284 1237 1286 1287 1240 1238
          1287 1238 1285 1287 1241 1240
          1286 1239 1242 1286 1242 1288
          1289 1241 1287 1243 1241 1289
          1243 1289 1290 1244 1243 1290
          1244 1290 1291 1245 1244 1291
          1246 1245 1291 1246 1291 1247
          1292 1249 1250 1292 1250 1293
          1293 1250 1209 1293 1209 1294
          1292 1167 1249 1294 1209 1169
          1169 1210 1295 1296 1252 1251
          1295 1210 1253 1297 1295 1253
          1297 1298 1295 1252 1296 1299
          1254 1252 1299 1299 1300 1297
          1299 1297 1253 1299 1253 1254
          1297 1300 1298 1301 1215 1257
          1301 1257 1302 1256 1303 1302
          1257 1256 1302 1303 1256 1258
          1303 1258 1304 1305 1180 1301
          1301 1180 1215 1258 1217 1306
          1304 1258 1306 1305 1218 1180
          1306 1217 1219 1306 1219 1307
          1305 1259 1218 1308 1259 1305
          1219 1260 1309 1307 1219 1309
          1308 1261 1259 1310 1261 1308
          1309 1260 1311 1261 1310 1312
          1260 1133 1313 1311 1260 1313
          1262 1261 1312 1313 1133 1263
          1264 1262 1312 1222 1264 1314
          1186 1221 1315 1265 1186 1315
          1315 1266 1316 1315 1221 1266
          1267 1222 1314 1317 1267 1314
          1266 1268 1316 1318 1267 1317
          1316 1268 1269 1267 1318 1270
          1270 1319 1229 1320 1272 1273
          1321 1274 1229 1322 1275 1274
          1322 1274 1321 1276 1320 1273
          1323 1320 1276 1277 1323 1276
          1233 1275 1324 1234 1325 1278
          1324 1279 1233 1234 1280 1325
          1325 1280 1326 1282 1326 1280
          1283 1281 1327 1284 1328 1326
          1284 1326 1282 1327 1329 1283
          1329 1285 1283 1284 1286 1330
          1328 1284 1330 1287 1285 1329
          1331 1288 1242 1330 1288 1331
          1330 1286 1288 1332 1289 1287
          1289 1332 1333 1289 1333 1334
          1290 1289 1334 1290 1334 1335
          1291 1290 1335 1291 1335 1336
          1291 1336 1337 1247 1291 1337
          1247 1337 1248 1331 1242 1248
          1338 1292 1293 1338 1293 1339
          1339 1293 1294 1339 1294 1340
          1166 1167 1341 1338 1167 1292
          1341 1167 1338 1340 1294 1169
          1340 1169 1342 1342 1169 1295
          1295 1343 1342 1344 1296 1251
          1345 1343 1295 1345 1295 1298
          1296 1344 1346 1299 1296 1346
          1299 1346 1347 1300 1299 1347
          1345 1298 1300 1345 1300 1347
          1302 1348 1301 1302 1303 1349
          1302 1349 1348 1304 1349 1303
          1350 1351 1301 1348 1350 1301
          1348 1349 1352 1353 1348 1352
          1350 1348 1353 1352 1349 1304
          1352 1304 1306 1354 1305 1301
          1307 1355 1353 1352 1307 1353
          1307 1352 1306 1354 1308 1305
          1356 1308 1354 1355 1307 1309
          1356 1310 1308 1357 1310 1356
          1312 1310 1357 1264 1358 1314
          1265 1315 1359 1360 1265 1359
          1359 1315 1316 1361 1317 1362
          1362 1317 1314 1317 1361 1318
          1269 1271 1316 1319 1270 1318
          1272 1363 1271 1272 1320 1363
          1321 1229 1319 1364 1275 1365
          1365 1275 1322 1277 1366 1323
          1324 1275 1364 1367 1366 1277
          1278 1367 1277 1324 1364 1368
          1325 1367 1278 1368 1279 1324
          1326 1369 1325 1281 1279 1368
          1370 1369 1326 1328 1371 1370
          1328 1370 1326 1330 1371 1328
          1372 1371 1330 1329 1373 1287
          1331 1374 1372 1330 1331 1372
          1332 1287 1373 1375 1334 1333
          1376 1337 1336 1377 1376 1336
          1337 1376 1378 1248 1337 1378
          1374 1331 1248 1374 1248 1378
          1375 1379 1334 1335 1334 1379
          1336 1335 1377 1380 1381 1339
          1339 1382 1380 1381 1338 1339
          1383 1382 1339 1383 1339 1340
          1381 1341 1338 1383 1340 1342
          1251 1166 1384 1343 1385 1342
          1384 1344 1251 1386 1344 1384
          1387 1385 1343 1388 1385 1387
          1387 1343 1345 1344 1386 1389
          1346 1344 1389 1346 1389 1388
          1346 1388 1387 1346 1387 1347
          1347 1387 1345 1390 1301 1351
          1390 1351 1391 1351 1350 1392
          1351 1392 1391 1353 1392 1350
          1390 1354 1301 1393 1354 1390
          1391 1392 1394 1355 1395 1394
          1355 1394 1392 1355 1392 1353
          1393 1356 1354 1355 1309 1396
          1395 1355 1396 1396 1309 1311
          1396 1311 1397 1398 1312 1357
          1399 1313 1263 1312 1398 1358
          1264 1312 1358 1263 1265 1360
          1263 1360 1400 1314 1358 1401
          1360 1359 1400 1362 1314 1401
          1316 1402 1400 1359 1316 1400
          1318 1361 1403 1316 1271 1402
          1319 1318 1404 1271 1363 1405
          1406 1319 1404 1321 1319 1406
          1363 1320 1407 1405 1363 1407
          1322 1321 1406 1365 1322 1406
          1320 1323 1408 1407 1320 1408
          1409 1364 1365 1410 1408 1323
          1366 1410 1323 1367 1411 1410
          1367 1410 1366 1364 1409 1412
          1368 1364 1412 1411 1367 1413
          1413 1367 1325 1413 1325 1369
          1368 1412 1414 1281 1368 1414
          1415 1369 1370 1281 1414 1327
          1415 1370 1416 1416 1370 1371
          1329 1327 1417 1418 1329 1417
          1418 1373 1329 1372 1374 1419
          1373 1418 1420 1332 1373 1420
          1333 1332 1420 1375 1333 1420
          1421 1377 1335 1421 1422 1376
          1377 1421 1376 1376 1422 1419
          1378 1376 1419 1419 1374 1378
          1423 1381 1380 1423 1380 1424
          1424 1380 1382 1424 1382 1425
          1381 1423 1341 1382 1383 1425
          1426 1425 1383 1342 1426 1383
          1385 1426 1342 1427 1386 1384
          1385 1388 1428 1386 1427 1429
          1389 1386 1429 1428 1388 1389
          1428 1389 1429 1430 1393 1431
          1432 1431 1393 1390 1432 1393
          1391 1432 1390 1433 1432 1394
          1394 1432 1391 1395 1433 1394
          1434 1356 1430 1430 1356 1393
          1435 1433 1395 1435 1395 1396
          1436 1357 1434 1434 1357 1356
          1397 1435 1396 1357 1436 1398
          1397 1311 1437 1399 1437 1311
          1399 1311 1313 1398 1438 1358
          1263 1437 1399 1400 1439 1437
          1263 1400 1437 1440 1362 1401
          1400 1402 1439 1440 1361 1362
          1403 1361 1440 1441 1318 1403
          1402 1271 1442 1404 1318 1441
          1443 1404 1441 1405 1444 1442
          1271 1405 1442 1445 1406 1404
          1445 1404 1443 1405 1407 1446
          1444 1405 1446 1447 1365 1406
          1447 1406 1445 1407 1408 1448
          1446 1407 1448 1365 1447 1449
          1409 1365 1449 1408 1410 1450
          1448 1408 1450 1450 1410 1411
          1450 1411 1451 1409 1449 1452
          1412 1409 1452 1453 1451 1411
          1413 1453 1411 1369 1453 1413
          1414 1412 1452 1327 1414 1452
          1327 1452 1454 1454 1455 1327
          1455 1417 1327 1456 1416 1371
          1456 1371 1372 1457 1418 1417
          1457 1417 1455 1458 1456 1419
          1419 1456 1372 1459 1418 1457
          1420 1418 1459 1460 1420 1459
          1461 1421 1335 1462 1421 1461
          1421 1462 1458 1422 1421 1458
          1422 1458 1419 1460 1375 1420
          1375 1460 1463 1379 1375 1463
          1379 1463 1461 1335 1379 1461
          1423 1424 1464 1464 1424 1425
          1425 1426 1465 1384 1166 1466
          1467 1465 1426 1385 1467 1426
          1466 1427 1384 1468 1427 1466
          1469 1467 1470 1470 1467 1385
          1470 1385 1428 1471 1427 1468
          1427 1471 1469 1427 1469 1470
          1427 1470 1429 1429 1470 1428
          1472 1430 1431 1432 1473 1472
          1431 1432 1472 1473 1432 1433
          1434 1430 1474 1474 1430 1472
          1433 1435 1475 1473 1433 1475
          1435 1397 1476 1475 1435 1476
          1476 1397 1437 1476 1437 1477
          1438 1398 1436 1477 1437 1439
          1478 1358 1438 1401 1358 1478
          1479 1440 1401 1479 1401 1478
          1439 1402 1480 1481 1403 1440
          1480 1402 1442 1441 1403 1481
          1481 1443 1441 1482 1443 1481
          1482 1483 1445 1445 1443 1482
          1444 1446 1484 1485 1444 1484
          1447 1445 1483 1446 1448 1486
          1484 1446 1486 1449 1447 1483
          1449 1483 1487 1448 1450 1488
          1486 1448 1488 1449 1487 1489
          1488 1450 1451 1488 1451 1490
          1452 1449 1489 1451 1453 1490
          1490 1453 1491 1491 1453 1369
          1492 1491 1369 1415 1492 1369
          1452 1489 1493 1454 1452 1493
          1416 1494 1492 1416 1492 1415
          1493 1495 1455 1493 1455 1454
          1494 1416 1496 1456 1496 1416
          1495 1457 1455 1456 1458 1496
          1497 1460 1459 1461 1498 1462
          1463 1460 1499 1463 1499 1498
          1463 1498 1461 1500 1501 1502
          1502 1503 1500 1504 1423 1464
          1504 1464 1502 1504 1502 1501
          1505 1503 1502 1505 1502 1464
          1505 1464 1425 1341 1423 1504
          1506 1341 1504 1166 1341 1506
          1505 1425 1465 1465 1467 1507
          1508 1468 1466 1507 1467 1469
          1509 1471 1468 1509 1468 1508
          1469 1471 1509 1472 1473 1510
          1472 1511 1474 1510 1511 1472
          1510 1473 1512 1511 1510 1512
          1512 1473 1475 1476 1513 1512
          1476 1512 1475 1513 1476 1477
          1513 1477 1514 1514 1477 1515
          1515 1477 1439 1478 1438 1516
          1517 1478 1516 1515 1439 1518
          1519 1478 1517 1518 1439 1520
          1519 1521 1479 1479 1478 1519
          1520 1480 1522 1520 1439 1480
          1521 1440 1479 1522 1480 1523
          1521 1481 1440 1524 1481 1521
          1523 1480 1442 1523 1442 1525
          1526 1482 1481 1442 1444 1525
          1527 1483 1482 1444 1485 1528
          1525 1444 1528 1485 1484 1529
          1528 1485 1529 1484 1486 1529
          1483 1527 1487 1486 1488 1530
          1529 1486 1530 1490 1531 1488
          1491 1531 1490 1493 1489 1532
          1493 1532 1533 1495 1493 1533
          1496 1534 1494 1535 1457 1495
          1536 1534 1458 1458 1534 1496
          1537 1457 1535 1459 1457 1537
          1459 1537 1538 1497 1459 1538
          1498 1539 1536 1498 1536 1462
          1462 1536 1458 1460 1497 1540
          1499 1460 1540 1539 1498 1499
          1539 1499 1540 1541 1501 1500
          1541 1500 1542 1542 1500 1503
          1504 1501 1541 1543 1504 1541
          1503 1505 1544 1542 1503 1544
          1545 1506 1543 1506 1504 1543
          1506 1545 1546 1166 1506 1546
          1166 1546 1547 1466 1166 1547
          1465 1507 1548 1505 1465 1548
          1549 1466 1547 1549 1508 1466
          1550 1508 1549 1507 1469 1551
          1548 1507 1551 1552 1509 1508
          1552 1508 1550 1551 1469 1509
          1551 1509 1552 1553 1434 1474
          1553 1474 1554 1511 1555 1554
          1474 1511 1554 1555 1511 1512
          1436 1434 1556 1556 1434 1553
          1513 1557 1512 1558 1436 1559
          1514 1560 1557 1513 1514 1557
          1558 1438 1436 1560 1514 1515
          1560 1515 1561 1516 1438 1558
          1562 1516 1558 1561 1515 1518
          1563 1517 1516 1563 1516 1562
          1517 1563 1564 1519 1517 1564
          1522 1523 1565 1565 1523 1525
          1526 1481 1524 1482 1526 1527
          1525 1528 1566 1527 1526 1567
          1528 1529 1568 1566 1528 1568
          1569 1527 1567 1568 1529 1570
          1527 1569 1571 1487 1527 1571
          1529 1530 1572 1570 1529 1572
          1487 1571 1573 1489 1487 1573
          1530 1488 1572 1572 1488 1574
          1574 1488 1531 1489 1573 1532
          1531 1491 1575 1576 1575 1491
          1492 1576 1491 1494 1577 1576
          1494 1576 1492 1578 1577 1494
          1534 1578 1494 1579 1495 1533
          1579 1535 1495 1536 1580 1578
          1534 1536 1578 1581 1537 1535
          1581 1535 1579 1537 1581 1538
          1580 1539 1582 1580 1536 1539
          1583 1497 1538 1497 1583 1582
          1540 1497 1582 1582 1539 1540
          1584 1585 1586 1584 1542 1587
          1586 1542 1584 1541 1542 1586
          1588 1543 1586 1588 1586 1585
          1543 1541 1586 1587 1542 1589
          1544 1589 1542 1543 1588 1590
          1545 1543 1590 1589 1544 1591
          1545 1590 1592 1546 1545 1592
          1544 1505 1593 1591 1544 1593
          1546 1592 1594 1547 1546 1594
          1505 1548 1595 1593 1505 1595
          1596 1549 1547 1596 1547 1594
          1549 1596 1597 1598 1549 1597
          1550 1549 1598 1548 1551 1598
          1548 1598 1597 1548 1597 1595
          1550 1598 1552 1552 1598 1551
          1599 1553 1554 1599 1554 1600
          1554 1555 1601 1554 1601 1600
          1599 1556 1553 1602 1556 1599
          1603 1601 1555 1603 1555 1512
          1603 1512 1557 1556 1559 1436
          1604 1603 1557 1604 1557 1560
          1561 1604 1560 1605 1564 1563
          1518 1520 1606 1607 1519 1564
          1607 1564 1605 1606 1520 1522
          1521 1519 1607 1522 1565 1608
          1606 1522 1608 1607 1524 1521
          1609 1524 1607 1608 1565 1610
          1565 1525 1611 1610 1565 1611
          1612 1526 1524 1612 1524 1609
          1611 1525 1613 1525 1566 1614
          1613 1525 1614 1567 1526 1612
          1566 1568 1614 1615 1569 1567
          1614 1568 1570 1569 1615 1571
          1570 1572 1616 1574 1616 1572
          1532 1573 1617 1616 1574 1618
          1575 1618 1574 1575 1574 1531
          1575 1576 1618 1619 1618 1576
          1577 1619 1576 1532 1617 1620
          1533 1532 1620 1578 1619 1577
          1620 1621 1579 1620 1579 1533
          1578 1580 1622 1581 1579 1621
          1623 1580 1582 1622 1580 1623
          1624 1538 1581 1538 1624 1625
          1583 1538 1625 1583 1625 1626
          1582 1583 1626 1623 1582 1626
          1627 1628 1629 1629 1630 1627
          1631 1629 1628 1631 1630 1629
          1632 1630 1631 1632 1631 1585
          1584 1632 1585 1632 1584 1587
          1632 1587 1633 1588 1631 1634
          1588 1585 1631 1635 1633 1587
          1589 1635 1587 1590 1588 1634
          1635 1589 1636 1591 1636 1589
          1592 1590 1634 1592 1634 1637
          1591 1593 1638 1636 1591 1638
          1594 1592 1637 1594 1637 1639
          1593 1595 1640 1593 1640 1638
          1639 1641 1594 1642 1596 1594
          1642 1594 1641 1596 1642 1640
          1596 1640 1597 1597 1640 1595
          1600 1643 1599 1601 1643 1600
          1644 1645 1602 1599 1644 1602
          1643 1644 1599 1603 1646 1644
          1603 1644 1643 1603 1643 1601
          1602 1559 1556 1647 1559 1602
          1603 1604 1648 1646 1603 1648
          1649 1558 1559 1604 1561 1650
          1604 1650 1648 1649 1562 1558
          1651 1562 1649 1518 1652 1650
          1518 1650 1561 1562 1651 1653
          1563 1562 1653 1653 1605 1563
          1518 1606 1652 1654 1609 1607
          1608 1610 1655 1610 1611 1656
          1655 1610 1656 1657 1612 1609
          1611 1613 1656 1658 1612 1657
          1659 1613 1614 1656 1613 1659
          1658 1567 1612 1659 1614 1660
          1658 1615 1567 1614 1570 1661
          1660 1614 1661 1571 1615 1662
          1661 1570 1663 1571 1662 1664
          1573 1571 1664 1570 1616 1663
          1573 1664 1665 1663 1616 1666
          1617 1573 1665 1618 1666 1616
          1618 1667 1666 1618 1619 1668
          1667 1618 1668 1669 1668 1619
          1578 1669 1619 1621 1620 1670
          1622 1669 1578 1621 1670 1671
          1581 1621 1671 1672 1581 1671
          1623 1673 1622 1674 1624 1581
          1674 1581 1672 1624 1674 1675
          1625 1624 1675 1625 1675 1676
          1626 1625 1676 1673 1623 1626
          1673 1626 1676 1677 1678 1679
          1680 1677 1679 1680 1679 1628
          1680 1628 1627 1680 1627 1630
          1680 1630 1681 1682 1679 1678
          1682 1628 1679 1631 1628 1682
          1683 1630 1632 1681 1630 1683
          1683 1632 1633 1684 1631 1682
          1634 1631 1684 1633 1635 1685
          1683 1633 1685 1686 1685 1635
          1636 1686 1635 1637 1634 1684
          1637 1684 1687 1638 1686 1636
          1688 1686 1638 1689 1637 1687
          1639 1637 1689 1690 1688 1640
          1640 1688 1638 1687 1691 1689
          1692 1641 1639 1692 1639 1689
          1692 1689 1691 1641 1692 1690
          1641 1690 1642 1642 1690 1640
          1645 1644 1693 1645 1693 1694
          1645 1694 1695 1646 1693 1644
          1649 1559 1647 1645 1647 1602
          1694 1693 1696 1648 1696 1693
          1648 1693 1646 1696 1648 1650
          1696 1650 1652 1654 1607 1605
          1606 1608 1697 1608 1655 1698
          1608 1698 1697 1657 1609 1654
          1656 1699 1698 1655 1656 1698
          1700 1658 1657 1699 1656 1659
          1699 1659 1701 1659 1660 1702
          1701 1659 1702 1658 1703 1662
          1615 1658 1662 1660 1661 1704
          1702 1660 1704 1661 1663 1704
          1665 1664 1705 1665 1705 1706
          1617 1665 1706 1667 1707 1666
          1617 1706 1708 1617 1708 1709
          1620 1617 1709 1620 1709 1670
          1669 1622 1710 1711 1671 1670
          1622 1673 1712 1710 1622 1712
          1713 1672 1671 1713 1671 1711
          1672 1713 1714 1674 1672 1714
          1674 1714 1715 1675 1674 1715
          1675 1715 1716 1676 1675 1716
          1712 1673 1676 1712 1676 1716
          1717 1718 1719 1719 1720 1717
          1721 1719 1718 1721 1718 1722
          1721 1720 1719 1720 1721 1678
          1677 1720 1678 1677 1680 1723
          1677 1723 1720 1681 1723 1680
          1721 1722 1724 1725 1721 1724
          1725 1678 1721 1682 1678 1725
          1683 1723 1681 1725 1724 1726
          1725 1726 1684 1684 1682 1725
          1685 1723 1683 1727 1723 1685
          1686 1727 1685 1687 1684 1728
          1729 1687 1728 1729 1728 1730
          1690 1731 1688 1730 1732 1729
          1733 1691 1687 1733 1687 1729
          1733 1729 1732 1691 1733 1734
          1692 1691 1734 1731 1690 1692
          1731 1692 1734 1735 1645 1695
          1736 1649 1647 1735 1647 1645
          1736 1647 1735 1696 1737 1694
          1696 1652 1737 1738 1651 1649
          1653 1651 1738 1739 1652 1606
          1606 1697 1739 1697 1698 1740
          1698 1699 1741 1740 1698 1741
          1657 1654 1700 1703 1658 1700
          1699 1701 1741 1741 1701 1702
          1662 1703 1742 1702 1704 1743
          1662 1742 1744 1664 1662 1744
          1704 1663 1745 1704 1745 1743
          1707 1745 1663 1707 1663 1666
          1707 1667 1746 1708 1706 1747
          1748 1746 1667 1668 1748 1667
          1747 1709 1708 1669 1748 1668
          1749 1711 1670 1750 1711 1749
          1751 1710 1752 1752 1710 1712
          1753 1711 1750 1711 1753 1754
          1713 1711 1754 1713 1754 1755
          1714 1713 1755 1714 1755 1756
          1715 1714 1756 1715 1756 1751
          1715 1751 1752 1715 1752 1716
          1716 1752 1712 1757 1758 1759
          1760 1757 1759 1760 1759 1718
          1760 1718 1717 1760 1717 1720
          1760 1720 1761 1762 1722 1759
          1762 1759 1758 1722 1718 1759
          1761 1720 1763 1763 1720 1723
          1722 1762 1764 1724 1722 1764
          1764 1765 1726 1764 1726 1724
          1727 1766 1723 1767 1766 1727
          1684 1726 1765 1768 1767 1727
          1768 1727 1686 1728 1684 1765
          1688 1769 1768 1688 1768 1686
          1730 1728 1770 1688 1731 1771
          1688 1771 1772 1688 1772 1769
          1773 1732 1730 1773 1730 1770
          1732 1773 1774 1733 1732 1774
          1733 1774 1772 1733 1772 1771
          1733 1771 1734 1734 1771 1731
          1695 1775 1735 1694 1775 1695
          1776 1777 1736 1735 1776 1736
          1775 1776 1735 1737 1778 1776
          1737 1776 1775 1737 1775 1694
          1738 1649 1779 1779 1649 1736
          1737 1652 1780 1778 1737 1780
          1781 1653 1738 1652 1739 1780
          1653 1781 1782 1605 1653 1782
          1654 1605 1782 1739 1697 1783
          1697 1740 1783 1740 1741 1784
          1785 1786 1700 1700 1654 1785
          1786 1703 1700 1741 1702 1787
          1742 1703 1786 1788 1742 1786
          1743 1787 1702 1742 1788 1789
          1744 1742 1789 1745 1790 1743
          1744 1789 1791 1664 1744 1791
          1745 1707 1790 1705 1664 1791
          1792 1705 1791 1793 1790 1707
          1794 1706 1792 1706 1705 1792
          1746 1793 1707 1706 1794 1747
          1747 1795 1709 1669 1796 1748
          1797 1670 1709 1795 1797 1709
          1710 1798 1796 1710 1796 1669
          1797 1799 1749 1797 1749 1670
          1750 1749 1799 1710 1751 1800
          1798 1710 1800 1801 1753 1750
          1801 1750 1799 1753 1801 1802
          1754 1753 1802 1754 1802 1803
          1755 1754 1803 1755 1803 1804
          1756 1755 1804 1800 1751 1756
          1800 1756 1804 1805 1806 1807
          1808 1805 1807 1808 1807 1758
          1808 1758 1757 1757 1760 1809
          1757 1809 1808 1761 1809 1760
          1762 1807 1806 1762 1758 1807
          1763 1810 1809 1763 1809 1761
          1766 1810 1763 1766 1763 1723
          1765 1764 1811 1812 1765 1811
          1728 1765 1812 1769 1813 1768
          1814 1728 1812 1770 1728 1814
          1815 1813 1772 1772 1813 1769
          1814 1816 1770 1817 1773 1770
          1816 1817 1770 1773 1817 1815
          1773 1815 1774 1774 1815 1772
          1779 1736 1777 1776 1818 1777
          1818 1776 1778 1819 1738 1779
          1778 1780 1820 1781 1738 1819
          1820 1780 1821 1821 1780 1739
          1821 1739 1822 1654 1782 1823
          1822 1739 1783 1822 1783 1824
          1783 1740 1825 1824 1783 1825
          1785 1654 1826 1825 1740 1784
          1827 1786 1785 1827 1785 1826
          1828 1741 1787 1784 1741 1828
          1828 1787 1829 1786 1830 1831
          1788 1786 1831 1787 1743 1790
          1829 1787 1790 1788 1831 1832
          1789 1788 1832 1789 1832 1833
          1791 1789 1833 1791 1833 1792
          1746 1834 1793 1747 1794 1835
          1748 1836 1834 1748 1834 1746
          1747 1835 1837 1795 1747 1837
          1836 1748 1796 1838 1795 1837
          1838 1797 1795 1797 1838 1839
          1799 1797 1839 1798 1800 1840
          1799 1839 1841 1801 1799 1841
          1801 1841 1802 1803 1802 1842
          1803 1842 1840 1804 1803 1840
          1840 1800 1804 1843 1844 1845
          1846 1843 1845 1846 1845 1806
          1846 1806 1805 1808 1847 1846
          1805 1808 1846 1847 1808 1809
          1762 1845 1844 1762 1844 1848
          1762 1806 1845 1810 1847 1809
          1764 1762 1848 1764 1848 1811
          1810 1766 1767 1768 1849 1767
          1813 1849 1768 1850 1849 1813
          1851 1812 1852 1814 1812 1851
          1815 1853 1850 1813 1815 1850
          1816 1814 1851 1853 1817 1854
          1853 1815 1817 1854 1817 1816
          1854 1816 1855 1856 1779 1777
          1856 1777 1857 1777 1818 1857
          1818 1778 1858 1856 1859 1819
          1856 1819 1779 1858 1778 1820
          1781 1819 1859 1820 1821 1860
          1860 1821 1861 1862 1782 1781
          1861 1821 1822 1861 1822 1863
          1782 1862 1823 1863 1822 1864
          1864 1822 1824 1826 1654 1823
          1824 1825 1864 1864 1825 1865
          1825 1784 1866 1865 1825 1866
          1866 1784 1867 1786 1827 1868
          1867 1784 1828 1868 1830 1786
          1867 1828 1829 1831 1830 1869
          1831 1869 1832 1792 1833 1870
          1790 1793 1871 1872 1790 1871
          1871 1793 1834 1835 1794 1792
          1873 1792 1870 1835 1792 1873
          1874 1871 1834 1874 1834 1836
          1837 1835 1873 1837 1873 1875
          1836 1796 1876 1874 1836 1876
          1875 1877 1838 1875 1838 1837
          1796 1798 1878 1876 1796 1878
          1879 1839 1838 1877 1879 1838
          1798 1840 1880 1798 1880 1878
          1839 1879 1841 1802 1841 1881
          1802 1881 1882 1842 1802 1882
          1842 1882 1880 1842 1880 1840
          1883 1884 1885 1885 1886 1883
          1884 1887 1885 1885 1887 1844
          1885 1844 1843 1843 1846 1888
          1886 1843 1888 1885 1843 1886
          1846 1847 1889 1846 1889 1888
          1848 1844 1887 1890 1889 1847
          1890 1847 1810 1767 1890 1810
          1849 1890 1767 1812 1811 1891
          1852 1812 1891 1892 1849 1850
          1853 1892 1850 1816 1851 1893
          1894 1816 1893 1895 1896 1897
          1895 1897 1892 1895 1892 1854
          1854 1892 1853 1895 1894 1896
          1855 1894 1895 1816 1894 1855
          1855 1895 1854 1818 1898 1857
          1898 1818 1858 1898 1858 1899
          1858 1820 1900 1899 1858 1900
          1820 1860 1901 1900 1820 1901
          1901 1860 1861 1901 1861 1902
          1902 1861 1863 1902 1863 1903
          1903 1863 1864 1864 1865 1904
          1905 1827 1826 1905 1826 1906
          1865 1866 1907 1904 1865 1907
          1827 1905 1868 1908 1867 1909
          1866 1867 1908 1867 1829 1909
          1909 1829 1910 1829 1790 1911
          1910 1829 1911 1911 1790 1872
          1870 1833 1832 1912 1872 1871
          1874 1913 1912 1874 1912 1871
          1873 1914 1875 1874 1876 1915
          1913 1874 1915 1877 1875 1914
          1877 1914 1916 1876 1878 1917
          1876 1917 1915 1916 1918 1879
          1877 1916 1879 1880 1919 1917
          1878 1880 1917 1879 1918 1920
          1841 1879 1920 1841 1920 1921
          1881 1841 1921 1881 1921 1919
          1882 1881 1919 1919 1880 1882
          1922 1923 1924 1925 1922 1924
          1925 1924 1884 1925 1884 1883
          1925 1883 1886 1923 1887 1924
          1887 1884 1924 1926 1886 1888
          1925 1886 1926 1926 1888 1889
          1848 1887 1927 1928 1848 1927
          1811 1848 1928 1891 1811 1928
          1929 1930 1849 1929 1849 1892
          1931 1932 1933 1931 1933 1930
          1931 1930 1896 1896 1930 1929
          1896 1929 1897 1897 1929 1892
          1931 1894 1932 1894 1931 1896
          1934 1856 1857 1934 1857 1935
          1857 1898 1935 1856 1934 1859
          1899 1900 1936 1937 1781 1859
          1900 1901 1938 1936 1900 1938
          1938 1901 1902 1938 1902 1939
          1939 1902 1903 1823 1862 1940
          1903 1864 1941 1906 1823 1940
          1941 1864 1942 1826 1823 1906
          1942 1864 1904 1942 1904 1943
          1904 1907 1944 1943 1904 1944
          1907 1866 1945 1944 1907 1945
          1945 1866 1908 1945 1908 1946
          1830 1868 1947 1908 1909 1946
          1869 1830 1948 1832 1869 1949
          1870 1832 1949 1872 1912 1950
          1870 1949 1951 1873 1870 1951
          1950 1912 1952 1952 1912 1913
          1873 1951 1953 1914 1873 1953
          1913 1915 1954 1913 1954 1952
          1914 1953 1955 1916 1914 1955
          1917 1956 1954 1915 1917 1954
          1916 1955 1957 1916 1957 1918
          1958 1918 1957 1917 1919 1956
          1920 1918 1958 1920 1958 1959
          1920 1959 1960 1921 1920 1960
          1921 1960 1961 1921 1961 1919
          1962 1963 1964 1965 1962 1964
          1965 1964 1923 1965 1923 1922
          1922 1925 1966 1922 1966 1965
          1963 1967 1964 1964 1967 1887
          1887 1923 1964 1926 1968 1966
          1926 1966 1925 1927 1887 1967
          1969 1968 1926 1969 1926 1889
          1969 1889 1890 1890 1970 1969
          1890 1849 1971 1970 1890 1971
          1891 1928 1972 1849 1930 1971
          1972 1973 1852 1972 1852 1891
          1974 1971 1930 1975 1852 1973
          1851 1852 1975 1976 1977 1893
          1976 1893 1975 1975 1893 1851
          1978 1979 1980 1978 1980 1974
          1978 1974 1932 1932 1974 1933
          1933 1974 1930 1977 1981 1893
          1978 1981 1979 1894 1981 1978
          1893 1981 1894 1894 1978 1932
          1982 1934 1935 1935 1898 1983
          1935 1983 1984 1899 1983 1898
          1937 1859 1985 1859 1934 1985
          1985 1934 1982 1984 1983 1986
          1936 1986 1983 1936 1983 1899
          1986 1938 1987 1936 1938 1986
          1781 1937 1862 1939 1988 1987
          1938 1939 1987 1903 1941 1989
          1939 1903 1989 1990 1941 1942
          1989 1941 1990 1905 1906 1991
          1943 1944 1992 1905 1991 1993
          1944 1945 1994 1992 1944 1994
          1905 1993 1995 1868 1905 1995
          1994 1945 1946 1995 1947 1868
          1996 1946 1909 1830 1947 1948
          1996 1909 1910 1869 1948 1997
          1869 1997 1998 1949 1869 1998
          1911 1872 1999 1999 1872 1950
          1949 1998 2000 1951 1949 2000
          1952 2001 1950 1951 2000 2002
          1953 1951 2002 1952 1954 2001
          1953 2002 2003 1953 2003 1955
          1955 2003 1957 2003 2004 1957
          1957 2004 1958 1960 2004 2005
          1960 2005 1956 1960 1956 1961
          1961 1956 1919 1958 2004 1959
          1960 1959 2004 2006 2007 2008
          2008 2009 2006 2010 2011 1963
          2007 2010 1963 2007 1963 2008
          2008 1963 1962 1962 1965 2012
          2009 1962 2012 2008 1962 2009
          2012 1965 1966 2012 1966 2013
          2011 1967 1963 1968 2013 1966
          1927 1967 2014 2015 1968 1969
          1970 2015 1969 1972 1927 2014
          1928 1927 1972 1971 2015 1970
          1971 1974 2016 1975 1973 1976
          1974 2017 2016 1976 2018 2019
          1977 1976 2019 1979 2020 2017
          1980 1979 2017 1980 2017 1974
          2018 2021 2019 2022 1981 1977
          2022 1977 2019 2022 2019 2021
          2020 1979 1981 2020 1981 2022
          1982 1935 2023 2023 1935 1984
          2023 1984 2024 1937 1985 2025
          1985 1982 2025 2026 2024 1984
          1986 2026 1984 1986 1987 2026
          1862 1937 2027 1988 1939 2028
          2029 1940 1862 1939 1989 2028
          2028 1989 1990 2028 1990 2030
          1990 1942 2030 1942 1943 2031
          1942 2031 2030 1943 1992 2031
          1995 1993 2032 1995 2032 2033
          1947 1995 2033 1948 1947 2033
          1948 2033 1997 1910 1911 2034
          1997 2035 1998 2034 1911 1999
          1998 2035 2036 1999 1950 2037
          2000 1998 2036 2038 2036 2035
          1950 2001 2039 2037 1950 2039
          2002 2000 2036 2040 2036 2038
          2002 2036 2040 2001 1954 2041
          2039 2001 2041 2002 2040 2042
          2002 2042 2003 2003 2042 2004
          2043 2004 2042 2005 2004 2043
          2043 2041 1956 2005 2043 1956
          2041 1954 1956 2044 2045 2046
          2047 2044 2046 2047 2046 2007
          2047 2007 2006 2047 2006 2009
          2047 2009 2048 2045 2011 2046
          2046 2011 2010 2010 2007 2046
          2049 2048 2009 2012 2049 2009
          2013 2049 2012 2050 1967 2011
          1968 2049 2013 2014 1967 2050
          2051 2014 2050 1972 2014 2051
          2016 2015 1971 1972 2052 1973
          2052 2053 1973 2053 1976 1973
          2017 2054 2016 2053 2055 1976
          2018 1976 2055 2054 2056 2057
          2017 2020 2056 2017 2056 2054
          2058 2021 2018 2058 2018 2055
          2021 2058 2057 2021 2057 2056
          2021 2056 2022 2022 2056 2020
          2029 1862 2027 1987 1988 2059
          2059 1988 2028 1940 2060 1906
          1993 1991 2061 1992 1994 2062
          1993 2061 2063 2032 1993 2063
          1994 1946 1996 2062 1994 1996
          2032 2063 2064 2033 2032 2064
          1997 2033 2064 1996 1910 2065
          1997 2064 2066 1910 2034 2067
          2065 1910 2067 1997 2066 2068
          1997 2068 2035 2034 1999 2069
          2035 2068 2070 1999 2037 2071
          2069 1999 2071 2035 2070 2072
          2038 2035 2072 2037 2039 2073
          2071 2037 2073 2038 2072 2074
          2038 2074 2040 2043 2074 2075
          2076 2043 2075 2041 2043 2076
          2039 2041 2076 2039 2076 2073
          2040 2074 2042 2043 2042 2074
          2077 2078 2079 2080 2077 2079
          2080 2079 2045 2080 2045 2044
          2044 2047 2081 2044 2081 2082
          2044 2082 2080 2048 2081 2047
          2078 2083 2079 2079 2083 2011
          2011 2045 2079 2084 2082 2081
          2084 2081 2048 2084 2048 2049
          2050 2011 2083 2085 2084 2049
          1968 2085 2049 2050 2086 2051
          2087 2085 2015 2015 2085 1968
          2016 2087 2015 2088 2087 2016
          2089 1972 2051 2052 1972 2089
          2052 2089 2090 2091 2088 2016
          2090 2092 2052 2092 2053 2052
          2054 2091 2016 2092 2093 2053
          2094 2053 2093 2053 2094 2095
          2055 2053 2095 2096 2095 2094
          2097 2095 2096 2097 2096 2054
          2097 2054 2057 2058 2055 2095
          2058 2095 2097 2058 2097 2057
          2098 2099 1982 2100 2098 1982
          2100 1982 2023 2100 2023 2024
          2100 2024 2101 2102 1937 2025
          2102 2025 2099 2099 2025 1982
          2101 2024 2026 2103 2101 2026
          2102 2027 1937 2026 1987 2104
          2026 2104 2103 2104 1987 2059
          1906 2060 2105 2105 1991 1906
          2106 2030 2031 2031 1992 2107
          2107 1992 2062 2064 2063 2108
          2109 1996 2065 2064 2108 2066
          2110 2109 2065 2110 2065 2067
          2068 2066 2111 2067 2034 2112
          2067 2112 2110 2034 2069 2113
          2112 2034 2113 2069 2071 2114
          2113 2069 2114 2070 2115 2116
          2070 2116 2072 2117 2118 2119
          2071 2073 2118 2071 2118 2117
          2071 2117 2114 2072 2116 2074
          2075 2074 2116 2075 2119 2118
          2075 2118 2076 2076 2118 2073
          2120 2121 2078 2120 2078 2077
          2077 2080 2122 2077 2122 2120
          2082 2122 2080 2121 2123 2083
          2083 2078 2121 2084 2124 2122
          2084 2122 2082 2050 2123 2125
          2050 2083 2123 2085 2124 2084
          2050 2125 2086 2051 2086 2126
          2051 2126 2089 2089 2127 2090
          2128 2090 2127 2090 2128 2092
          2129 2091 2130 2130 2091 2054
          2092 2128 2131 2132 2093 2092
          2132 2092 2131 2093 2132 2133
          2094 2093 2133 2094 2133 2129
          2094 2129 2130 2094 2130 2096
          2096 2130 2054 2102 2099 2134
          2060 1940 2135 2135 1940 2029
          2059 2028 2136 2136 2028 2030
          2136 2030 2106 2106 2031 2107
          1991 2105 2061 2062 1996 2137
          2137 1996 2138 1996 2109 2138
          2066 2108 2139 2109 2110 2140
          2138 2109 2140 2066 2139 2111
          2140 2110 2112 2140 2112 2141
          2068 2111 2142 2112 2113 2143
          2141 2112 2143 2068 2142 2144
          2068 2144 2145 2068 2145 2070
          2146 2145 2144 2113 2114 2147
          2113 2147 2143 2070 2145 2115
          2145 2146 2148 2145 2148 2115
          2115 2148 2119 2115 2119 2116
          2119 2148 2147 2119 2147 2117
          2117 2147 2114 2116 2119 2075
          2149 2150 2151 2149 2151 2121
          2120 2152 2149 2121 2120 2149
          2152 2120 2122 2150 2123 2151
          2123 2121 2151 2124 2152 2122
          2085 2153 2124 2086 2125 2154
          2085 2087 2153 2155 2086 2154
          2126 2086 2155 2153 2087 2156
          2087 2088 2156 2157 2126 2155
          2089 2126 2157 2157 2158 2127
          2157 2127 2089 2088 2091 2159
          2088 2159 2156 2158 2160 2127
          2161 2128 2127 2160 2161 2127
          2162 2159 2163 2163 2159 2091
          2163 2091 2129 2164 2128 2161
          2128 2164 2165 2131 2128 2165
          2131 2165 2162 2132 2131 2162
          2132 2162 2163 2132 2163 2133
          2133 2163 2129 2166 2099 2098
          2100 2167 2166 2098 2100 2166
          2167 2100 2101 2168 2102 2134
          2166 2134 2099 2169 2101 2103
          2170 2027 2102 2169 2104 2171
          2169 2103 2104 2170 2029 2027
          2104 2059 2171 2029 2170 2135
          2171 2059 2172 2172 2059 2136
          2105 2060 2173 2136 2106 2174
          2175 2105 2173 2174 2106 2107
          2105 2175 2061 2063 2061 2176
          2137 2138 2177 2063 2176 2139
          2108 2063 2139 2138 2140 2178
          2138 2178 2177 2141 2179 2178
          2140 2141 2178 2179 2141 2143
          2180 2144 2142 2180 2146 2144
          2181 2146 2180 2182 2147 2183
          2143 2147 2182 2183 2148 2146
          2183 2146 2181 2183 2147 2148
          2184 2185 2186 2186 2187 2184
          2185 2188 2186 2186 2188 2150
          2150 2149 2189 2187 2150 2189
          2186 2150 2187 2149 2152 2190
          2149 2190 2189 2123 2150 2188
          2124 2191 2190 2124 2190 2152
          2123 2192 2125 2193 2191 2124
          2153 2193 2124 2154 2125 2192
          2156 2193 2153 2194 2193 2156
          2195 2155 2196 2157 2155 2195
          2195 2197 2157 2158 2157 2197
          2159 2198 2194 2156 2159 2194
          2197 2199 2160 2197 2160 2158
          2161 2160 2199 2159 2162 2198
          2200 2164 2161 2200 2161 2199
          2164 2200 2201 2165 2164 2201
          2165 2201 2202 2165 2202 2162
          2203 2166 2204 2166 2167 2204
          2168 2134 2203 2203 2134 2166
          2170 2102 2168 2171 2172 2205
          2206 2060 2135 2172 2136 2174
          2205 2172 2174 2060 2206 2207
          2173 2060 2207 2207 2175 2173
          2174 2107 2208 2061 2175 2209
          2107 2062 2210 2062 2137 2210
          2210 2137 2177 2177 2178 2211
          2211 2178 2179 2142 2111 2212
          2179 2143 2182 2179 2182 2213
          2214 2180 2142 2214 2142 2212
          2180 2214 2215 2216 2180 2215
          2181 2180 2216 2216 2215 2213
          2216 2213 2183 2183 2213 2182
          2181 2216 2183 2217 2218 2219
          2220 2219 2218 2220 2218 2185
          2220 2185 2184 2220 2184 2187
          2220 2187 2221 2218 2217 2123
          2188 2218 2123 2188 2185 2218
          2222 2221 2187 2189 2222 2187
          2190 2222 2189 2191 2222 2190
          2154 2192 2223 2155 2154 2223
          2194 2224 2191 2194 2191 2193
          2196 2155 2223 2195 2196 2225
          2225 2226 2195 2197 2195 2226
          2198 2227 2194 2228 2227 2198
          2229 2197 2226 2229 2199 2197
          2230 2228 2202 2202 2228 2198
          2202 2198 2162 2231 2199 2229
          2199 2231 2232 2200 2199 2232
          2200 2232 2230 2200 2230 2201
          2201 2230 2202 2233 2203 2204
          2233 2204 2234 2167 2235 2234
          2204 2167 2234 2235 2167 2101
          2235 2101 2236 2168 2203 2233
          2237 2101 2169 2236 2101 2237
          2238 2169 2171 2237 2169 2238
          2238 2171 2239 2171 2205 2239
          2239 2205 2240 2205 2174 2240
          2207 2206 2241 2240 2174 2242
          2175 2207 2241 2242 2174 2208
          2209 2175 2241 2208 2107 2210
          2061 2209 2176 2210 2177 2243
          2139 2176 2111 2243 2177 2211
          2211 2179 2244 2243 2211 2244
          2245 2213 2246 2244 2179 2213
          2244 2213 2245 2214 2212 2246
          2215 2214 2246 2246 2213 2215
          2247 2248 2217 2219 2249 2247
          2217 2219 2247 2219 2220 2250
          2219 2250 2251 2219 2251 2249
          2221 2250 2220 2123 2217 2248
          2251 2250 2252 2222 2252 2250
          2222 2250 2221 2191 2252 2222
          2248 2253 2192 2192 2123 2248
          2223 2253 2254 2223 2192 2253
          2223 2254 2255 2196 2223 2255
          2256 2224 2227 2227 2224 2194
          2196 2255 2225 2226 2225 2257
          2258 2227 2228 2259 2226 2257
          2229 2226 2259 2260 2258 2230
          2230 2258 2228 2259 2261 2229
          2262 2231 2229 2262 2229 2261
          2231 2262 2260 2231 2260 2232
          2232 2260 2230 2263 2264 2233
          2263 2233 2234 2234 2235 2265
          2263 2234 2265 2265 2235 2236
          2264 2168 2233 2266 2236 2237
          2170 2168 2264 2266 2237 2238
          2266 2238 2239 2267 2206 2135
          2239 2240 2268 2206 2267 2269
          2268 2240 2270 2206 2269 2241
          2270 2240 2242 2270 2242 2271
          2242 2208 2271 2208 2210 2272
          2176 2209 2273 2210 2243 2272
          2272 2243 2274 2111 2176 2273
          2274 2243 2275 2243 2244 2276
          2275 2243 2276 2111 2277 2212
          2278 2212 2277 2246 2212 2278
          2246 2278 2245 2276 2244 2245
          2279 2280 2248 2247 2281 2279
          2248 2247 2279 2247 2249 2282
          2247 2282 2281 2251 2282 2249
          2248 2280 2283 2252 2284 2282
          2252 2282 2251 2253 2283 2285
          2283 2253 2248 2191 2284 2252
          2286 2284 2191 2253 2285 2287
          2224 2286 2191 2288 2286 2224
          2287 2289 2253 2253 2289 2254
          2256 2288 2224 2290 2254 2289
          2255 2254 2290 2290 2291 2255
          2225 2255 2291 2292 2256 2227
          2291 2293 2225 2257 2225 2293
          2294 2292 2258 2258 2292 2227
          2295 2257 2293 2257 2295 2296
          2259 2257 2296 2259 2296 2297
          2260 2297 2294 2260 2294 2258
          2259 2297 2261 2262 2261 2297
          2262 2297 2260 2298 2263 2299
          2299 2263 2265 2300 2264 2298
          2298 2264 2263 2265 2236 2301
          2301 2236 2302 2303 2264 2300
          2236 2266 2304 2302 2236 2304
          2264 2303 2305 2170 2264 2305
          2304 2266 2306 2307 2170 2305
          2306 2266 2239 2135 2170 2307
          2307 2267 2135 2306 2239 2268
          2308 2270 2309 2268 2270 2308
          2309 2270 2271 2208 2272 2310
          2271 2208 2310 2310 2272 2311
          2273 2209 2312 2272 2274 2313
          2311 2272 2313 2313 2274 2275
          2111 2273 2314 2275 2276 2315
          2314 2277 2111 2277 2314 2316
          2278 2277 2316 2278 2316 2315
          2278 2315 2276 2278 2276 2245
          2317 2318 2319 2319 2279 2320
          2319 2320 2317 2318 2321 2319
          2280 2279 2319 2320 2279 2322
          2279 2281 2322 2282 2322 2281
          2283 2319 2321 2283 2280 2319
          2284 2322 2282 2323 2321 2324
          2323 2324 2325 2285 2321 2323
          2285 2283 2321 2326 2284 2286
          2323 2325 2327 2287 2323 2327
          2287 2285 2323 2288 2326 2286
          2289 2287 2327 2289 2327 2328
          2329 2288 2256 2330 2289 2328
          2290 2289 2330 2330 2331 2291
          2290 2330 2291 2332 2329 2256
          2332 2256 2292 2291 2331 2333
          2333 2334 2291 2293 2291 2334
          2294 2332 2292 2333 2335 2334
          2336 2293 2334 2336 2334 2335
          2293 2336 2337 2295 2293 2337
          2295 2337 2338 2296 2295 2338
          2296 2338 2339 2297 2296 2339
          2297 2339 2294 2340 2341 2298
          2340 2298 2299 2265 2342 2340
          2299 2265 2340 2342 2265 2301
          2341 2343 2300 2341 2300 2298
          2344 2301 2302 2345 2303 2300
          2345 2300 2343 2344 2302 2304
          2303 2345 2346 2305 2303 2346
          2304 2306 2347 2346 2307 2305
          2347 2306 2348 2306 2268 2308
          2348 2306 2308 2269 2267 2349
          2241 2269 2350 2309 2271 2351
          2241 2350 2352 2209 2241 2352
          2271 2310 2353 2351 2271 2353
          2209 2352 2312 2310 2311 2354
          2311 2313 2355 2354 2311 2355
          2355 2313 2275 2355 2275 2356
          2273 2357 2314 2358 2314 2357
          2316 2314 2358 2316 2358 2315
          2356 2275 2315 2359 2360 2318
          2318 2361 2359 2362 2361 2318
          2317 2362 2318 2317 2320 2363
          2317 2363 2362 2321 2318 2360
          2321 2360 2364 2322 2365 2363
          2322 2363 2320 2324 2321 2364
          2366 2365 2322 2284 2366 2322
          2367 2368 2324 2324 2368 2325
          2326 2366 2284 2369 2325 2368
          2327 2325 2369 2326 2288 2370
          2328 2327 2369 2288 2329 2371
          2370 2288 2371 2330 2328 2372
          2330 2372 2373 2331 2330 2373
          2329 2332 2374 2329 2374 2371
          2331 2373 2375 2331 2375 2376
          2333 2331 2376 2374 2339 2377
          2339 2374 2332 2339 2332 2294
          2376 2375 2378 2333 2376 2378
          2333 2378 2379 2380 2335 2333
          2380 2333 2379 2335 2380 2381
          2336 2335 2381 2336 2381 2382
          2337 2336 2382 2337 2382 2377
          2337 2377 2338 2339 2338 2377
          2383 2384 2340 2340 2342 2383
          2384 2385 2341 2384 2341 2340
          2342 2301 2386 2387 2343 2341
          2387 2341 2385 2386 2301 2344
          2343 2387 2388 2345 2343 2388
          2344 2304 2389 2346 2345 2388
          2304 2347 2390 2389 2304 2390
          2307 2346 2391 2267 2307 2391
          2347 2348 2392 2393 2267 2391
          2348 2308 2394 2392 2348 2394
          2267 2393 2349 2394 2308 2309
          2269 2349 2350 2353 2310 2395
          2396 2310 2354 2395 2310 2396
          2396 2354 2355 2273 2312 2397
          2398 2356 2399 2355 2356 2398
          2400 2357 2273 2400 2273 2397
          2357 2400 2401 2358 2357 2401
          2358 2401 2399 2315 2358 2399
          2399 2356 2315 2402 2403 2404
          2404 2359 2405 2404 2405 2402
          2406 2405 2359 2406 2359 2361
          2360 2404 2403 2359 2404 2360
          2407 2361 2362 2406 2361 2407
          2407 2362 2363 2364 2360 2408
          2365 2409 2363 2408 2410 2367
          2408 2367 2364 2364 2367 2324
          2411 2409 2365 2411 2365 2366
          2410 2368 2367 2326 2411 2366
          2369 2368 2412 2369 2412 2372
          2372 2412 2413 2372 2328 2369
          2371 2414 2370 2415 2414 2371
          2416 2413 2417 2372 2413 2416
          2418 2372 2416 2373 2372 2418
          2419 2415 2374 2374 2415 2371
          2420 2416 2417 2420 2417 2421
          2418 2416 2420 2422 2418 2420
          2418 2422 2423 2373 2418 2423
          2375 2373 2423 2424 2419 2377
          2377 2419 2374 2421 2425 2420
          2420 2425 2422 2426 2423 2422
          2423 2426 2427 2375 2423 2427
          2428 2375 2427 2378 2375 2428
          2429 2379 2378 2428 2429 2378
          2430 2429 2428 2379 2429 2431
          2380 2379 2431 2380 2431 2432
          2381 2380 2432 2381 2432 2424
          2381 2424 2382 2382 2424 2377
          2428 2427 2430 2433 2434 2384
          2433 2384 2383 2383 2342 2435
          2433 2383 2435 2435 2342 2436
          2437 2385 2434 2434 2385 2384
          2436 2342 2386 2436 2386 2438
          2387 2385 2437 2439 2387 2437
          2438 2386 2344 2438 2344 2440
          2388 2387 2439 2388 2439 2441
          2440 2344 2389 2390 2347 2442
          2442 2347 2392 2443 2393 2391
          2392 2394 2444 2349 2393 2445
          2446 2394 2309 2444 2394 2446
          2350 2349 2445 2309 2351 2446
          2446 2351 2353 2353 2395 2446
          2312 2352 2447 2312 2447 2448
          2396 2355 2398 2312 2448 2449
          2312 2449 2397 2450 2449 2448
          2401 2449 2450 2451 2401 2450
          2399 2401 2451 2399 2451 2398
          2397 2449 2400 2401 2400 2449
          2452 2453 2454 2454 2455 2456
          2454 2456 2452 2455 2457 2456
          2403 2454 2453 2403 2453 2458
          2455 2454 2403 2402 2455 2403
          2402 2405 2459 2457 2402 2459
          2455 2402 2457 2405 2406 2460
          2405 2460 2459 2458 2453 2461
          2360 2403 2458 2462 2460 2407
          2407 2460 2406 2363 2462 2407
          2408 2458 2461 2408 2461 2463
          2408 2360 2458 2409 2464 2462
          2409 2462 2363 2410 2463 2465
          2408 2463 2410 2465 2466 2467
          2368 2410 2465 2468 2409 2411
          2326 2468 2411 2412 2465 2467
          2412 2368 2465 2370 2468 2326
          2414 2468 2370 2413 2467 2469
          2413 2412 2467 2417 2469 2470
          2417 2413 2469 2417 2470 2471
          2417 2471 2472 2421 2417 2472
          2473 2432 2474 2432 2473 2419
          2432 2419 2424 2475 2476 2477
          2476 2471 2477 2472 2471 2476
          2478 2429 2430 2429 2478 2474
          2431 2429 2474 2431 2474 2432
          2479 2475 2480 2476 2475 2479
          2481 2422 2425 2422 2481 2482
          2483 2422 2482 2426 2422 2483
          2484 2426 2483 2427 2426 2484
          2485 2430 2427 2484 2485 2427
          2478 2430 2485 2486 2480 2487
          2486 2487 2488 2479 2480 2486
          2489 2479 2486 2476 2479 2489
          2472 2476 2489 2421 2472 2490
          2425 2421 2490 2482 2491 2492
          2482 2492 2483 2484 2483 2492
          2488 2493 2486 2489 2486 2493
          2489 2493 2494 2489 2494 2495
          2496 2489 2495 2472 2489 2496
          2497 2472 2496 2490 2472 2497
          2498 2425 2490 2481 2425 2498
          2481 2498 2499 2482 2481 2499
          2482 2499 2500 2482 2500 2491
          2494 2501 2495 2496 2495 2501
          2496 2501 2502 2496 2502 2503
          2497 2496 2503 2504 2497 2503
          2490 2497 2504 2490 2504 2505
          2498 2490 2505 2498 2506 2499
          2502 2507 2503 2504 2503 2507
          2508 2509 2510 2510 2509 2433
          2435 2511 2433 2433 2511 2510
          2509 2512 2434 2434 2433 2509
          2436 2513 2435 2435 2513 2511
          2436 2514 2513 2512 2515 2437
          2512 2437 2434 2516 2514 2436
          2516 2436 2438 2517 2439 2437
          2517 2437 2515 2516 2438 2440
          2439 2517 2441 2440 2389 2518
          2519 2389 2390 2518 2389 2519
          2388 2441 2520 2346 2388 2520
          2390 2442 2519 2521 2391 2520
          2520 2391 2346 2391 2521 2443
          2442 2392 2522 2392 2444 2523
          2522 2392 2523 2445 2393 2443
          2444 2446 2524 2523 2444 2524
          2350 2445 2525 2352 2350 2525
          2446 2395 2526 2526 2395 2527
          2527 2395 2396 2447 2528 2448
          2396 2398 2529 2396 2529 2527
          2450 2448 2528 2451 2529 2398
          2530 2531 2532 2532 2453 2533
          2532 2533 2530 2534 2533 2453
          2534 2453 2452 2452 2456 2535
          2452 2535 2534 2457 2535 2456
          2461 2532 2531 2461 2531 2536
          2453 2532 2461 2459 2537 2535
          2457 2459 2535 2537 2459 2460
          2536 2538 2463 2461 2536 2463
          2537 2460 2539 2539 2460 2462
          2464 2539 2462 2538 2540 2466
          2463 2538 2466 2465 2463 2466
          2541 2464 2409 2468 2541 2409
          2467 2466 2542 2543 2541 2468
          2542 2544 2470 2469 2542 2470
          2467 2542 2469 2414 2543 2468
          2545 2543 2414 2546 2470 2544
          2471 2470 2546 2415 2545 2414
          2547 2545 2415 2546 2548 2549
          2473 2547 2415 2473 2415 2419
          2549 2548 2550 2549 2550 2551
          2477 2546 2549 2471 2546 2477
          2473 2474 2552 2553 2551 2554
          2553 2554 2555 2549 2551 2553
          2475 2549 2553 2475 2477 2549
          2552 2478 2556 2478 2552 2474
          2557 2553 2555 2475 2553 2557
          2487 2475 2557 2480 2475 2487
          2558 2485 2484 2556 2478 2485
          2556 2485 2558 2559 2488 2487
          2557 2559 2487 2560 2484 2492
          2561 2560 2492 2558 2484 2560
          2559 2493 2488 2559 2494 2493
          2562 2494 2559 2500 2563 2491
          2491 2563 2564 2491 2564 2492
          2492 2564 2561 2562 2501 2494
          2562 2502 2501 2565 2502 2562
          2498 2505 2566 2506 2498 2566
          2506 2567 2499 2500 2499 2567
          2568 2500 2567 2568 2563 2500
          2565 2569 2507 2565 2507 2502
          2570 2507 2569 2504 2507 2570
          2571 2504 2570 2571 2572 2505
          2504 2571 2505 2566 2505 2572
          2573 2566 2572 2506 2566 2573
          2567 2506 2574 2506 2573 2575
          2574 2506 2575 2576 2574 2575
          2574 2576 2577 2574 2577 2567
          2576 2575 2578 2579 2576 2578
          2579 2580 2581 2579 2581 2576
          2580 2579 2582 2508 2580 2582
          2583 2580 2508 2584 2582 2585
          2508 2582 2584 2510 2586 2508
          2508 2586 2583 2587 2585 2588
          2584 2585 2587 2509 2584 2587
          2509 2508 2584 2586 2510 2511
          2511 2589 2590 2511 2590 2586
          2589 2591 2590 2512 2587 2588
          2512 2588 2592 2509 2587 2512
          2589 2511 2513 2593 2591 2589
          2593 2589 2513 2593 2513 2514
          2515 2592 2594 2512 2592 2515
          2514 2516 2595 2593 2514 2595
          2517 2515 2594 2517 2594 2596
          2595 2516 2440 2595 2440 2597
          2598 2517 2596 2441 2517 2598
          2597 2440 2518 2441 2598 2599
          2520 2441 2599 2518 2519 2600
          2600 2519 2442 2443 2521 2601
          2600 2442 2522 2443 2601 2602
          2522 2523 2603 2603 2523 2524
          2604 2524 2446 2605 2352 2525
          2604 2446 2526 2352 2605 2606
          2447 2352 2606 2526 2527 2607
          2604 2526 2607 2447 2606 2608
          2609 2528 2447 2609 2447 2608
          2610 2528 2609 2607 2527 2529
          2607 2529 2611 2610 2450 2528
          2450 2610 2612 2451 2450 2612
          2611 2529 2451 2611 2451 2612
          2613 2614 2615 2615 2616 2613
          2617 2618 2619 2614 2617 2619
          2614 2619 2615 2615 2619 2531
          2615 2531 2530 2530 2533 2620
          2616 2530 2620 2615 2530 2616
          2534 2621 2620 2533 2534 2620
          2621 2534 2535 2621 2535 2622
          2536 2619 2618 2536 2531 2619
          2535 2537 2623 2535 2623 2622
          2624 2625 2540 2538 2618 2624
          2538 2624 2540 2536 2618 2538
          2626 2623 2537 2626 2537 2539
          2626 2539 2464 2627 2626 2464
          2628 2625 2629 2540 2625 2628
          2542 2540 2628 2466 2540 2542
          2541 2627 2464 2630 2627 2541
          2542 2628 2629 2544 2631 2632
          2629 2631 2544 2542 2629 2544
          2543 2630 2541 2632 2633 2544
          2548 2546 2633 2546 2544 2633
          2548 2633 2634 2550 2634 2635
          2550 2635 2636 2548 2634 2550
          2473 2637 2547 2638 2636 2639
          2638 2639 2640 2550 2636 2638
          2554 2550 2638 2551 2550 2554
          2552 2641 2637 2552 2637 2473
          2640 2642 2638 2642 2555 2554
          2638 2642 2554 2556 2643 2641
          2556 2641 2552 2555 2642 2644
          2555 2644 2557 2558 2645 2643
          2556 2558 2643 2557 2644 2646
          2557 2646 2559 2647 2560 2561
          2645 2558 2560 2645 2560 2647
          2646 2648 2562 2559 2646 2562
          2649 2564 2563 2647 2561 2564
          2647 2564 2649 2648 2565 2562
          2563 2568 2650 2649 2563 2650
          2651 2568 2567 2650 2568 2651
          2650 2651 2652 2653 2569 2565
          2570 2569 2653 2654 2570 2653
          2655 2570 2654 2656 2570 2655
          2571 2570 2656 2572 2571 2656
          2657 2572 2656 2573 2572 2657
          2575 2573 2657 2577 2658 2651
          2567 2577 2651 2658 2652 2651
          2659 2655 2654 2659 2654 2660
          2656 2655 2659 2661 2656 2659
          2657 2656 2661 2662 2657 2661
          2657 2662 2578 2575 2657 2578
          2581 2577 2576 2658 2577 2581
          2663 2658 2581 2664 2665 2666
          2667 2659 2660 2667 2660 2664
          2667 2664 2666 2661 2659 2667
          2668 2661 2667 2662 2661 2668
          2669 2662 2668 2578 2662 2669
          2579 2578 2669 2670 2663 2581
          2580 2670 2581 2665 2671 2666
          2667 2666 2671 2668 2667 2672
          2668 2672 2673 2669 2668 2673
          2674 2669 2673 2674 2579 2669
          2582 2579 2674 2583 2670 2580
          2675 2670 2583 2676 2673 2672
          2674 2673 2676 2585 2674 2676
          2585 2582 2674 2586 2677 2678
          2586 2678 2675 2586 2675 2583
          2677 2679 2678 2680 2676 2681
          2680 2681 2682 2588 2676 2680
          2585 2676 2588 2677 2586 2590
          2683 2679 2677 2683 2677 2590
          2683 2590 2591 2680 2682 2684
          2685 2680 2684 2588 2680 2685
          2592 2588 2685 2591 2593 2686
          2683 2591 2686 2685 2684 2687
          2685 2687 2594 2594 2592 2685
          2593 2595 2688 2686 2593 2688
          2596 2594 2687 2688 2595 2597
          2689 2598 2596 2597 2518 2690
          2598 2689 2691 2599 2598 2691
          2518 2600 2690 2520 2599 2692
          2521 2520 2692 2521 2692 2601
          2600 2522 2693 2693 2522 2603
          2443 2602 2694 2603 2524 2695
          2445 2443 2694 2695 2524 2604
          2445 2694 2525 2695 2604 2696
          2606 2605 2697 2604 2607 2698
          2604 2698 2696 2606 2697 2699
          2606 2699 2608 2700 2701 2702
          2701 2700 2698 2701 2698 2607
          2608 2699 2609 2699 2703 2609
          2609 2703 2610 2704 2610 2703
          2612 2610 2704 2612 2704 2702
          2612 2702 2611 2611 2702 2701
          2611 2701 2607 2705 2706 2707
          2708 2705 2707 2708 2707 2614
          2708 2614 2613 2708 2613 2616
          2709 2710 2711 2706 2709 2711
          2706 2711 2707 2707 2711 2618
          2707 2618 2617 2617 2614 2707
          2712 2616 2620 2708 2616 2712
          2621 2713 2712 2620 2621 2712
          2713 2621 2622 2710 2624 2711
          2711 2624 2618 2714 2713 2622
          2623 2714 2622 2715 2625 2710
          2710 2625 2624 2716 2714 2623
          2716 2623 2626 2715 2717 2625
          2627 2716 2626 2718 2629 2719
          2719 2629 2717 2629 2625 2717
          2630 2716 2627 2720 2716 2630
          2718 2721 2722 2718 2722 2631
          2631 2629 2718 2723 2720 2630
          2632 2722 2721 2632 2631 2722
          2543 2723 2630 2724 2633 2725
          2633 2632 2725 2634 2724 2726
          2633 2724 2634 2635 2726 2727
          2634 2726 2635 2727 2728 2635
          2635 2728 2639 2635 2639 2636
          2637 2729 2547 2730 2639 2728
          2640 2639 2730 2637 2641 2729
          2730 2731 2642 2730 2642 2640
          2732 2644 2642 2732 2642 2731
          2733 2646 2644 2733 2644 2732
          2648 2646 2733 2647 2649 2734
          2648 2735 2565 2650 2736 2734
          2649 2650 2734 2653 2565 2735
          2653 2735 2737 2650 2652 2738
          2736 2650 2738 2653 2737 2654
          2652 2658 2739 2738 2652 2739
          2660 2654 2740 2658 2663 2741
          2739 2658 2741 2664 2742 2665
          2660 2740 2743 2742 2660 2743
          2664 2660 2742 2663 2670 2744
          2741 2663 2744 2745 2665 2742
          2746 2665 2745 2671 2665 2746
          2667 2671 2672 2672 2671 2746
          2744 2670 2675 2747 2744 2675
          2747 2748 2744 2681 2746 2745
          2681 2745 2749 2672 2746 2681
          2676 2672 2681 2747 2675 2678
          2750 2748 2747 2750 2747 2678
          2750 2678 2679 2749 2751 2752
          2749 2752 2681 2681 2752 2682
          2679 2683 2753 2750 2679 2753
          2754 2752 2751 2754 2751 2755
          2752 2754 2756 2682 2752 2756
          2684 2682 2756 2683 2686 2757
          2753 2683 2757 2755 2758 2754
          2756 2754 2758 2756 2758 2687
          2684 2756 2687 2757 2686 2688
          2687 2758 2759 2687 2759 2760
          2596 2687 2760 2597 2761 2688
          2760 2762 2689 2760 2689 2596
          2690 2761 2597 2689 2762 2763
          2690 2600 2764 2765 2599 2691
          2689 2765 2691 2763 2765 2689
          2692 2599 2765 2764 2600 2766
          2692 2765 2767 2601 2692 2767
          2600 2693 2768 2766 2600 2768
          2601 2767 2602 2693 2603 2769
          2768 2693 2769 2694 2602 2770
          2603 2695 2771 2603 2771 2769
          2695 2772 2771 2694 2770 2773
          2525 2694 2773 2695 2696 2772
          2525 2773 2774 2605 2525 2774
          2775 2605 2774 2697 2605 2775
          2776 2698 2777 2696 2698 2776
          2697 2775 2703 2697 2703 2699
          2704 2777 2700 2702 2704 2700
          2777 2698 2700 2778 2706 2705
          2778 2705 2779 2705 2708 2780
          2705 2780 2779 2781 2782 2710
          2781 2710 2709 2778 2709 2706
          2781 2709 2778 2780 2708 2712
          2712 2713 2783 2782 2715 2710
          2714 2783 2713 2784 2719 2715
          2715 2719 2717 2785 2718 2786
          2786 2718 2719 2721 2785 2725
          2718 2785 2721 2632 2721 2725
          2787 2723 2543 2788 2726 2789
          2789 2726 2724 2724 2725 2789
          2545 2787 2543 2788 2790 2726
          2727 2726 2790 2547 2787 2545
          2791 2787 2547 2790 2792 2727
          2727 2792 2728 2547 2729 2791
          2793 2730 2728 2792 2793 2728
          2729 2641 2794 2795 2730 2793
          2730 2795 2796 2731 2730 2796
          2643 2797 2794 2643 2794 2641
          2732 2731 2796 2732 2796 2733
          2643 2645 2797 2733 2798 2648
          2645 2647 2799 2648 2798 2735
          2734 2800 2799 2647 2734 2799
          2800 2734 2736 2737 2735 2801
          2736 2738 2802 2737 2801 2803
          2654 2737 2803 2738 2739 2804
          2802 2738 2804 2654 2803 2805
          2740 2654 2805 2739 2741 2806
          2804 2739 2806 2740 2805 2743
          2741 2744 2806 2742 2743 2745
          2806 2744 2807 2807 2744 2748
          2749 2745 2808 2808 2745 2743
          2748 2750 2809 2749 2808 2810
          2751 2749 2810 2755 2751 2810
          2755 2810 2811 2750 2753 2757
          2811 2812 2813 2811 2813 2758
          2811 2758 2755 2812 2814 2813
          2814 2759 2813 2813 2759 2758
          2688 2761 2815 2757 2688 2815
          2814 2816 2759 2759 2816 2760
          2762 2760 2816 2761 2690 2817
          2815 2761 2817 2818 2763 2762
          2816 2818 2762 2690 2764 2817
          2819 2763 2818 2819 2765 2763
          2817 2764 2820 2765 2819 2821
          2820 2766 2822 2820 2764 2766
          2767 2765 2821 2766 2768 2823
          2822 2766 2823 2767 2821 2824
          2602 2767 2824 2768 2769 2825
          2768 2825 2823 2602 2824 2826
          2770 2602 2826 2771 2827 2825
          2771 2825 2769 2770 2826 2828
          2771 2772 2827 2773 2770 2828
          2773 2828 2829 2774 2773 2829
          2772 2696 2776 2774 2829 2830
          2774 2830 2775 2777 2831 2832
          2777 2832 2776 2775 2830 2703
          2704 2703 2830 2704 2830 2831
          2777 2704 2831 2779 2833 2778
          2780 2833 2779 2834 2835 2782
          2781 2836 2834 2782 2781 2834
          2833 2836 2781 2778 2833 2781
          2712 2783 2833 2780 2712 2833
          2837 2715 2835 2835 2715 2782
          2838 2783 2714 2837 2784 2715
          2716 2839 2838 2716 2838 2714
          2784 2840 2786 2784 2786 2719
          2839 2716 2720 2785 2789 2725
          2788 2789 2841 2788 2841 2842
          2788 2842 2843 2788 2843 2790
          2723 2787 2844 2787 2791 2844
          2790 2843 2845 2790 2845 2846
          2792 2790 2846 2729 2847 2791
          2848 2792 2846 2848 2793 2792
          2729 2794 2847 2849 2795 2793
          2849 2793 2848 2795 2849 2850
          2796 2795 2850 2850 2733 2796
          2733 2850 2851 2797 2645 2852
          2853 2798 2733 2853 2733 2851
          2799 2854 2852 2799 2852 2645
          2798 2853 2855 2798 2855 2735
          2854 2799 2800 2855 2856 2735
          2800 2736 2857 2735 2856 2858
          2801 2735 2858 2857 2736 2802
          2801 2858 2803 2859 2803 2858
          2860 2803 2859 2805 2803 2860
          2743 2805 2860 2743 2860 2861
          2861 2808 2743 2862 2808 2861
          2809 2807 2748 2810 2808 2862
          2863 2811 2810 2863 2810 2862
          2750 2757 2809 2864 2865 2866
          2812 2811 2863 2864 2812 2863
          2866 2812 2864 2865 2867 2866
          2867 2868 2814 2867 2814 2866
          2866 2814 2812 2869 2814 2868
          2869 2816 2814 2870 2816 2869
          2815 2817 2871 2870 2818 2816
          2872 2818 2870 2871 2817 2873
          2872 2819 2818 2874 2819 2872
          2817 2820 2875 2873 2817 2875
          2819 2874 2876 2821 2819 2876
          2875 2820 2822 2875 2822 2877
          2821 2876 2878 2822 2823 2879
          2877 2822 2879 2824 2821 2878
          2824 2878 2880 2879 2823 2825
          2881 2824 2880 2826 2824 2881
          2825 2827 2882 2828 2826 2883
          2884 2826 2881 2883 2826 2884
          2772 2885 2882 2827 2772 2882
          2828 2883 2886 2887 2886 2883
          2884 2887 2883 2829 2828 2886
          2887 2888 2829 2886 2887 2829
          2889 2888 2887 2890 2889 2887
          2889 2890 2776 2776 2890 2885
          2776 2885 2772 2831 2830 2829
          2831 2829 2888 2832 2831 2888
          2832 2888 2889 2832 2889 2776
          2834 2891 2892 2835 2834 2892
          2836 2893 2891 2834 2836 2891
          2833 2894 2893 2836 2833 2893
          2833 2783 2895 2833 2895 2894
          2896 2840 2837 2897 2896 2837
          2897 2837 2835 2838 2895 2783
          2840 2784 2837 2786 2840 2898
          2789 2898 2899 2785 2898 2789
          2785 2786 2898 2720 2900 2839
          2841 2901 2902 2899 2901 2841
          2841 2789 2899 2903 2900 2720
          2903 2720 2723 2842 2902 2904
          2841 2902 2842 2844 2903 2723
          2843 2904 2905 2842 2904 2843
          2843 2905 2906 2791 2907 2844
          2843 2906 2908 2845 2843 2908
          2791 2847 2907 2909 2908 2910
          2909 2845 2908 2846 2845 2909
          2911 2907 2847 2910 2912 2909
          2913 2846 2909 2913 2909 2912
          2846 2913 2914 2848 2846 2914
          2848 2914 2915 2849 2848 2915
          2794 2911 2847 2916 2911 2794
          2850 2849 2915 2797 2852 2916
          2797 2916 2794 2851 2850 2917
          2918 2851 2917 2918 2853 2851
          2919 2853 2918 2919 2855 2853
          2857 2854 2800 2855 2919 2920
          2856 2855 2920 2856 2920 2921
          2858 2856 2921 2922 2857 2802
          2921 2859 2858 2923 2859 2921
          2802 2804 2922 2859 2923 2924
          2860 2859 2924 2925 2861 2860
          2925 2860 2924 2925 2862 2861
          2807 2809 2806 2926 2863 2862
          2927 2865 2864 2926 2864 2863
          2927 2864 2926 2809 2757 2928
          2929 2867 2865 2929 2865 2927
          2929 2868 2867 2930 2868 2929
          2757 2815 2928 2931 2870 2869
          2815 2871 2932 2928 2815 2932
          2933 2870 2931 2933 2872 2870
          2932 2871 2873 2873 2934 2932
          2935 2872 2933 2935 2874 2872
          2873 2875 2936 2934 2873 2936
          2874 2937 2876 2875 2877 2938
          2936 2875 2938 2937 2939 2878
          2876 2937 2878 2940 2938 2877
          2879 2940 2877 2878 2939 2880
          2825 2941 2940 2825 2940 2879
          2881 2880 2942 2882 2943 2941
          2825 2882 2941 2944 2884 2881
          2942 2944 2881 2945 2944 2943
          2882 2885 2945 2882 2945 2943
          2944 2890 2887 2944 2887 2884
          2944 2945 2885 2944 2885 2890
          2946 2947 2897 2948 2946 2897
          2948 2897 2835 2892 2949 2948
          2835 2892 2948 2891 2950 2949
          2892 2891 2949 2893 2951 2950
          2891 2893 2950 2893 2894 2952
          2893 2952 2951 2895 2952 2894
          2947 2953 2840 2947 2840 2896
          2947 2896 2897 2838 2954 2895
          2895 2954 2952 2953 2898 2840
          2839 2954 2838 2955 2954 2839
          2900 2956 2955 2900 2955 2839
          2957 2902 2901 2958 2956 2900
          2958 2900 2903 2957 2959 2904
          2957 2904 2902 2844 2958 2903
          2960 2905 2959 2905 2904 2959
          2906 2905 2960 2961 2906 2960
          2907 2962 2844 2963 2962 2907
          2908 2961 2964 2908 2906 2961
          2965 2908 2964 2965 2964 2966
          2967 2908 2965 2910 2908 2967
          2968 2965 2966 2965 2968 2969
          2965 2969 2967 2970 2912 2910
          2970 2910 2967 2970 2967 2969
          2912 2970 2971 2913 2912 2971
          2913 2971 2972 2914 2913 2972
          2914 2972 2973 2915 2914 2973
          2917 2850 2915 2917 2915 2973
          2852 2974 2916 2975 2918 2917
          2976 2918 2975 2976 2919 2918
          2854 2977 2974 2852 2854 2974
          2976 2978 2919 2854 2857 2977
          2978 2920 2919 2977 2857 2979
          2857 2922 2980 2979 2857 2980
          2804 2980 2922 2804 2981 2980
          2981 2804 2806 2982 2862 2925
          2983 2862 2982 2806 2809 2984
          2862 2983 2926 2927 2985 2986
          2927 2986 2929 2930 2929 2986
          2987 2868 2930 2987 2930 2986
          2987 2986 2985 2868 2987 2988
          2869 2868 2988 2988 2931 2869
          2932 2934 2928 2989 2933 2931
          2989 2931 2988 2990 2935 2933
          2990 2933 2989 2935 2990 2991
          2874 2935 2991 2934 2936 2992
          2874 2991 2937 2936 2938 2993
          2992 2936 2993 2994 2940 2995
          2940 2994 2993 2938 2940 2993
          2939 2996 2880 2995 2941 2997
          2995 2940 2941 2942 2880 2996
          2943 2942 2996 2997 2943 2996
          2941 2943 2997 2943 2944 2942
          2948 2998 2999 2948 2999 2946
          2949 3000 2998 2948 2949 2998
          2949 2950 3001 2949 3001 3000
          2950 2951 3001 2953 2947 3002
          2946 2999 2947 3001 2951 3003
          2954 3003 2951 2954 2951 2952
          2953 3004 2898 3005 3003 2954
          3005 2954 2955 3004 2901 2899
          3004 2899 2898 3004 2957 2901
          3006 3005 2955 2956 3006 2955
          3004 3007 2957 2958 3006 2956
          3007 3008 2959 3007 2959 2957
          2962 2958 2844 2960 3008 3009
          2960 2959 3008 2960 3009 2961
          2963 3010 2962 3011 3012 2964
          3009 3011 2964 2964 2961 3009
          2966 2964 3012 2966 3012 3013
          2907 2911 3014 2963 2907 3014
          2966 3013 3015 3016 2966 3015
          2968 2966 3016 3017 2970 2969
          2970 3017 2971 3018 2973 2972
          2911 2916 3019 2911 3019 3014
          3016 3015 3020 3016 3020 3021
          3022 2968 3016 3022 3016 3021
          3022 3017 2969 3022 2969 2968
          3018 3023 2973 2917 2973 3023
          2974 3019 2916 3024 3019 2974
          3025 2975 2917 2974 3026 3024
          3025 2976 2975 2974 2977 3027
          3026 2974 3027 3027 2977 3028
          3028 2977 2979 2920 2978 2921
          2981 2806 2984 3029 2983 2982
          2926 2983 3029 2984 2809 3030
          3029 2927 2926 2985 2927 3031
          2809 2928 3032 3033 2985 3031
          2985 3033 3034 2987 2985 3034
          2987 3034 3035 2988 2987 3035
          3032 2928 2934 3032 2934 3036
          3035 2989 2988 2989 3035 3037
          2990 2989 3037 2991 2990 3037
          2991 3037 3038 2934 2992 3039
          3036 2934 3039 2991 3038 3040
          2991 3040 2937 3041 2992 2993
          3040 3042 2939 2937 3040 2939
          3043 2994 2995 2994 3043 3041
          2993 2994 3041 3042 2996 2939
          2996 3042 3044 2997 2996 3044
          3044 3045 2995 2997 3044 2995
          3043 2995 3045 2947 3046 3002
          2999 3047 3046 2947 2999 3046
          2998 3047 2999 2998 3000 3047
          3048 3000 3001 3001 3003 3048
          3049 3004 2953 3050 3049 2953
          3048 3003 3051 3051 3003 3005
          3049 3052 3004 3053 3051 3005
          3006 3054 3053 3006 3053 3005
          3055 3007 3004 3006 2958 3056
          3054 3006 3056 2958 2962 3057
          2958 3057 3056 3009 3008 3011
          3010 3057 2962 3058 3010 2963
          3012 3059 3060 3011 3059 3012
          3061 3058 2963 3060 3062 3013
          3060 3013 3012 3014 3061 2963
          3063 3061 3014 3064 3013 3062
          3064 3062 3065 3015 3013 3064
          2971 3017 3066 3018 2971 3066
          2972 2971 3018 3014 3019 3063
          3067 3064 3065 3067 3065 3068
          3064 3067 3069 3020 3064 3069
          3015 3064 3020 3070 3020 3069
          3021 3020 3070 3071 3022 3021
          3070 3071 3021 3022 3071 3017
          3019 3024 3063 3068 3072 3067
          3069 3067 3072 3069 3072 3073
          3070 3069 3073 3074 2917 3023
          3074 3025 2917 3075 2976 3025
          3075 2978 2976 3076 2978 3075
          3076 3077 2978 3078 2921 2978
          3077 3078 2978 3079 3028 2979
          3079 2979 2980 2921 3078 3080
          2923 2921 3080 2981 3081 3079
          2981 3079 2980 2923 3080 3082
          2924 2923 3082 2924 3082 3083
          2925 2924 3083 3083 2982 2925
          2981 2984 3084 2982 3083 3029
          3084 2984 3085 2984 3030 3085
          3086 2927 3029 3087 2927 3086
          3030 2809 3032 2927 3087 3088
          3031 2927 3088 3089 3031 3088
          3031 3089 3090 3033 3031 3090
          3033 3090 3034 3037 3035 3091
          3092 3040 3038 3092 3038 3037
          3093 2992 3041 3039 2992 3093
          3040 3092 3094 3040 3094 3042
          3043 3095 3096 3041 3043 3096
          3044 3042 3094 3044 3094 3097
          3045 3044 3097 3095 3043 3045
          3095 3045 3097 2953 3002 3050
          3047 3098 3099 3046 3047 3099
          3047 3100 3098 3047 3000 3101
          3047 3101 3100 3048 3101 3000
          3051 3101 3048 3102 3055 3052
          3004 3052 3055 3054 3103 3053
          3104 3105 3007 3104 3007 3055
          3056 3103 3054 3106 3103 3056
          3105 3107 3008 3008 3007 3105
          3057 3108 3106 3056 3057 3106
          3011 3107 3059 3011 3008 3107
          3057 3010 3108 3109 3110 3059
          3058 3108 3010 3060 3110 3111
          3060 3059 3110 3112 3062 3060
          3112 3060 3111 3062 3112 3113
          3065 3062 3113 3065 3113 3114
          3068 3065 3114 3017 3071 3115
          3066 3017 3115 3066 3115 3116
          3018 3066 3116 3018 3116 3117
          3023 3018 3117 3024 3118 3063
          3114 3119 3120 3114 3120 3072
          3114 3072 3068 3073 3072 3120
          3073 3071 3070 3117 3074 3023
          3024 3026 3121 3118 3024 3121
          3119 3122 3120 3073 3120 3122
          3123 3025 3074 3123 3075 3025
          3026 3027 3124 3121 3026 3124
          3125 3075 3123 3125 3076 3075
          3076 3125 3077 3027 3028 3126
          3124 3027 3126 3077 3080 3078
          3028 3079 3126 3126 3079 3081
          3081 2981 3127 3083 3082 3128
          3129 3127 2981 3084 3129 2981
          3128 3130 3029 3029 3083 3128
          3129 3084 3085 3130 3131 3086
          3130 3086 3029 3131 3132 3087
          3131 3087 3086 3030 3032 3133
          3132 3134 3087 3134 3088 3087
          3135 3089 3088 3135 3088 3134
          3089 3135 3136 3090 3089 3136
          3090 3136 3137 3034 3090 3137
          3034 3137 3138 3035 3034 3138
          3032 3036 3139 3133 3032 3139
          3035 3138 3091 3139 3036 3140
          3141 3037 3091 3036 3039 3142
          3140 3036 3142 3143 3092 3037
          3143 3037 3141 3144 3093 3041
          3142 3039 3093 3142 3093 3144
          3145 3094 3092 3096 3095 3146
          3146 3144 3041 3146 3041 3096
          3145 3097 3094 3097 3145 3147
          3097 3147 3095 3002 3148 3050
          3046 3099 3148 3002 3046 3148
          3098 3149 3099 3098 3100 3150
          3098 3150 3149 3101 3150 3100
          3151 3102 3152 3153 3152 3102
          3153 3102 3052 3153 3052 3049
          3101 3154 3150 3055 3102 3151
          3155 3154 3051 3051 3154 3101
          3053 3155 3051 3156 3104 3055
          3055 3151 3156 3103 3157 3155
          3103 3155 3053 3105 3158 3159
          3106 3157 3103 3160 3157 3106
          3107 3105 3159 3107 3159 3161
          3106 3108 3160 3109 3161 3162
          3107 3161 3109 3059 3107 3109
          3160 3108 3163 3109 3162 3111
          3110 3109 3111 3058 3164 3163
          3058 3163 3108 3164 3058 3061
          3112 3111 3165 3061 3063 3166
          3166 3063 3118 3114 3113 3167
          3119 3114 3167 3119 3167 3168
          3169 3071 3073 3169 3170 3071
          3071 3170 3115 3116 3115 3171
          3117 3116 3171 3172 3074 3117
          3172 3117 3171 3173 3119 3168
          3173 3168 3174 3119 3173 3122
          3073 3122 3175 3073 3175 3169
          3172 3176 3074 3176 3177 3074
          3074 3177 3123 3174 3178 3173
          3122 3173 3178 3122 3178 3179
          3175 3122 3179 3177 3180 3125
          3177 3125 3123 3181 3077 3125
          3180 3181 3125 3124 3126 3182
          3080 3077 3181 3182 3126 3183
          3080 3181 3184 3081 3183 3126
          3080 3184 3185 3082 3080 3185
          3127 3183 3081 3082 3185 3128
          3186 3127 3129 3187 3130 3128
          3085 3186 3129 3130 3188 3131
          3188 3189 3131 3085 3030 3190
          3191 3085 3190 3189 3192 3132
          3132 3131 3189 3190 3030 3133
          3192 3193 3132 3193 3194 3132
          3132 3194 3134 3195 3135 3134
          3195 3134 3194 3135 3195 3136
          3133 3139 3196 3197 3133 3196
          3091 3138 3198 3199 3196 3139
          3140 3199 3139 3200 3141 3091
          3200 3091 3198 3142 3199 3140
          3201 3199 3142 3144 3201 3142
          3202 3201 3144 3143 3145 3092
          3203 3145 3143 3147 3204 3205
          3095 3147 3205 3095 3205 3206
          3146 3095 3206 3146 3206 3202
          3146 3202 3144 3204 3147 3145
          3204 3145 3203 3152 3153 3207
          3050 3207 3153 3050 3153 3049
          3099 3208 3148 3149 3209 3208
          3099 3149 3208 3209 3149 3150
          3210 3156 3151 3210 3151 3152
          3207 3210 3152 3209 3150 3211
          3211 3150 3154 3212 3211 3154
          3155 3212 3154 3158 3105 3104
          3156 3158 3104 3157 3213 3212
          3157 3212 3155 3214 3215 3159
          3214 3159 3158 3160 3213 3157
          3216 3213 3160 3215 3217 3161
          3161 3159 3215 3218 3219 3217
          3217 3219 3162 3162 3161 3217
          3163 3216 3160 3220 3111 3162
          3219 3220 3162 3164 3221 3163
          3111 3220 3222 3165 3111 3222
          3223 3221 3164 3223 3164 3061
          3166 3223 3061 3112 3165 3224
          3113 3112 3224 3225 3166 3118
          3113 3224 3226 3167 3113 3226
          3167 3226 3227 3168 3167 3227
          3115 3170 3228 3171 3115 3228
          3118 3121 3229 3225 3118 3229
          3168 3227 3230 3174 3168 3230
          3231 3169 3175 3170 3169 3231
          3170 3231 3232 3228 3170 3232
          3172 3171 3233 3233 3234 3172
          3172 3234 3176 3177 3176 3234
          3121 3124 3235 3229 3121 3235
          3230 3178 3174 3179 3178 3230
          3236 3179 3230 3175 3179 3237
          3175 3237 3238 3175 3238 3231
          3234 3239 3177 3180 3177 3239
          3182 3235 3124 3236 3240 3179
          3237 3179 3240 3237 3240 3241
          3237 3241 3238 3239 3242 3181
          3239 3181 3180 3182 3183 3243
          3184 3181 3242 3184 3242 3244
          3243 3183 3245 3185 3184 3244
          3185 3244 3246 3247 3245 3183
          3127 3247 3183 3128 3185 3246
          3128 3246 3248 3248 3187 3128
          3127 3186 3247 3187 3249 3130
          3250 3247 3186 3085 3250 3186
          3249 3251 3188 3188 3130 3249
          3191 3252 3250 3191 3250 3085
          3253 3251 3254 3189 3188 3251
          3252 3191 3190 3192 3189 3255
          3189 3251 3255 3255 3251 3253
          3133 3256 3190 3257 3193 3192
          3257 3192 3255 3193 3257 3258
          3194 3193 3258 3197 3259 3256
          3197 3256 3133 3195 3194 3258
          3195 3258 3260 3136 3195 3260
          3137 3136 3260 3137 3260 3261
          3138 3137 3261 3197 3196 3262
          3259 3197 3262 3138 3261 3263
          3198 3138 3263 3262 3196 3199
          3264 3200 3198 3264 3198 3263
          3265 3200 3264 3199 3201 3266
          3265 3141 3200 3267 3141 3265
          3201 3202 3268 3266 3201 3268
          3267 3143 3141 3143 3267 3269
          3203 3143 3269 3269 3270 3204
          3203 3269 3204 3204 3270 3271
          3205 3204 3271 3205 3271 3268
          3206 3205 3268 3268 3202 3206
          3207 3050 3272 3050 3273 3272
          3050 3148 3273 3148 3274 3273
          3208 3275 3274 3148 3208 3274
          3208 3209 3276 3208 3276 3275
          3277 3278 3156 3156 3210 3277
          3279 3210 3207 3211 3280 3276
          3211 3276 3209 3214 3158 3278
          3278 3158 3156 3280 3211 3281
          3212 3281 3211 3282 3281 3212
          3213 3282 3212 3283 3284 3215
          3215 3214 3283 3216 3282 3213
          3285 3282 3216 3218 3286 3287
          3284 3286 3218 3217 3284 3218
          3217 3215 3284 3216 3288 3285
          3289 3219 3218 3289 3218 3287
          3216 3290 3288 3163 3290 3216
          3289 3291 3220 3289 3220 3219
          3290 3163 3221 3222 3220 3291
          3292 3290 3221 3292 3221 3223
          3291 3293 3222 3293 3165 3222
          3294 3292 3223 3294 3223 3166
          3165 3293 3295 3224 3165 3295
          3296 3294 3166 3296 3166 3225
          3224 3295 3297 3226 3224 3297
          3225 3298 3296 3299 3227 3226
          3225 3229 3300 3298 3225 3300
          3301 3227 3299 3230 3227 3301
          3232 3231 3302 3303 3232 3302
          3228 3232 3303 3171 3228 3303
          3304 3171 3303 3233 3171 3304
          3229 3235 3305 3300 3229 3305
          3230 3301 3236 3238 3306 3231
          3231 3306 3302 3304 3303 3307
          3233 3304 3308 3233 3308 3309
          3234 3233 3309 3239 3234 3309
          3235 3182 3305 3310 3240 3236
          3241 3240 3310 3311 3241 3310
          3312 3241 3311 3312 3313 3238
          3241 3312 3238 3238 3313 3306
          3309 3308 3314 3309 3314 3242
          3239 3309 3242 3315 3305 3182
          3243 3315 3182 3311 3316 3312
          3313 3312 3316 3242 3314 3317
          3244 3242 3317 3244 3317 3318
          3246 3244 3318 3246 3318 3319
          3248 3246 3319 3248 3319 3320
          3321 3245 3247 3187 3248 3320
          3249 3320 3322 3249 3187 3320
          3247 3250 3323 3324 3247 3323
          3322 3325 3254 3251 3322 3254
          3251 3249 3322 3323 3250 3252
          3323 3252 3326 3327 3325 3328
          3327 3328 3329 3253 3325 3327
          3253 3254 3325 3252 3190 3330
          3326 3252 3330 3329 3331 3327
          3332 3253 3327 3332 3327 3331
          3332 3255 3253 3190 3256 3333
          3330 3190 3333 3334 3257 3255
          3334 3255 3332 3257 3334 3335
          3258 3257 3335 3336 3333 3256
          3259 3336 3256 3260 3258 3335
          3261 3260 3337 3262 3336 3259
          3338 3336 3262 3263 3261 3337
          3338 3262 3199 3264 3339 3265
          3340 3338 3266 3266 3338 3199
          3265 3339 3341 3265 3341 3267
          3342 3267 3341 3266 3268 3343
          3340 3266 3343 3269 3267 3342
          3269 3342 3344 3270 3269 3344
          3270 3344 3343 3270 3343 3271
          3268 3271 3343 3345 3346 3272
          3272 3347 3345 3272 3273 3347
          3273 3348 3349 3273 3349 3347
          3273 3350 3348 3346 3279 3207
          3346 3207 3272 3273 3274 3350
          3274 3275 3351 3274 3351 3350
          3276 3351 3275 3277 3352 3278
          3279 3277 3210 3280 3351 3276
          3353 3283 3354 3352 3354 3283
          3352 3283 3214 3352 3214 3278
          3355 3284 3353 3353 3284 3283
          3356 3281 3282 3357 3358 3359
          3359 3358 3355 3355 3358 3286
          3286 3284 3355 3285 3356 3282
          3360 3356 3285 3358 3357 3361
          3287 3358 3361 3287 3286 3358
          3288 3360 3285 3287 3361 3289
          3290 3362 3360 3288 3290 3360
          3289 3363 3291 3364 3362 3290
          3363 3365 3291 3292 3364 3290
          3365 3366 3293 3365 3293 3291
          3367 3364 3292 3367 3292 3294
          3368 3295 3293 3366 3368 3293
          3296 3369 3367 3296 3367 3294
          3295 3368 3370 3297 3295 3370
          3371 3369 3296 3298 3371 3296
          3299 3226 3297 3299 3297 3370
          3300 3371 3298 3372 3371 3300
          3372 3300 3373 3305 3373 3300
          3236 3301 3374 3375 3302 3306
          3303 3302 3375 3308 3304 3307
          3374 3310 3236 3374 3311 3310
          3376 3311 3374 3307 3303 3375
          3376 3377 3316 3376 3316 3311
          3378 3316 3377 3313 3316 3378
          3378 3379 3306 3313 3378 3306
          3380 3306 3379 3375 3306 3380
          3307 3375 3380 3381 3307 3380
          3308 3307 3381 3382 3308 3381
          3308 3382 3317 3314 3308 3317
          3243 3383 3315 3378 3377 3384
          3379 3378 3384 3379 3384 3385
          3380 3379 3385 3386 3380 3385
          3380 3386 3387 3382 3381 3388
          3317 3382 3388 3318 3317 3388
          3245 3383 3243 3389 3388 3390
          3318 3388 3389 3319 3318 3389
          3389 3390 3391 3392 3389 3391
          3319 3389 3392 3320 3319 3392
          3393 3394 3395 3393 3395 3396
          3397 3394 3393 3390 3394 3397
          3398 3390 3397 3391 3390 3398
          3392 3391 3398 3322 3320 3392
          3321 3247 3324 3399 3393 3396
          3397 3393 3399 3398 3397 3399
          3392 3398 3325 3325 3322 3392
          3399 3396 3400 3399 3400 3401
          3399 3401 3402 3398 3399 3402
          3328 3398 3402 3328 3325 3398
          3403 3324 3323 3326 3403 3323
          3401 3404 3402 3405 3329 3328
          3402 3405 3328 3404 3405 3402
          3330 3403 3326 3405 3331 3329
          3331 3405 3406 3332 3331 3406
          3334 3332 3406 3407 3334 3406
          3335 3334 3407 3330 3333 3408
          3336 3408 3333 3337 3260 3335
          3263 3337 3409 3336 3338 3410
          3264 3263 3409 3264 3409 3411
          3412 3264 3411 3413 3410 3338
          3412 3339 3264 3339 3412 3414
          3341 3339 3414 3415 3413 3340
          3340 3413 3338 3341 3414 3416
          3341 3416 3342 3415 3342 3416
          3344 3342 3415 3344 3415 3343
          3343 3415 3340 3417 3418 3346
          3417 3346 3345 3347 3419 3417
          3345 3347 3417 3347 3420 3419
          3349 3421 3420 3347 3349 3420
          3349 3422 3421 3349 3348 3423
          3349 3423 3424 3349 3424 3422
          3350 3423 3348 3418 3425 3277
          3418 3277 3279 3418 3279 3346
          3424 3423 3426 3427 3426 3350
          3350 3426 3423 3351 3427 3350
          3352 3277 3425 3428 3427 3351
          3280 3428 3351 3429 3430 3431
          3431 3432 3433 3431 3433 3429
          3432 3353 3434 3432 3434 3433
          3354 3434 3353 3281 3435 3280
          3280 3435 3428 3436 3359 3430
          3359 3431 3430 3432 3431 3359
          3355 3432 3359 3355 3353 3432
          3356 3435 3281 3357 3436 3437
          3359 3436 3357 3438 3357 3437
          3361 3357 3438 3439 3361 3438
          3289 3361 3439 3362 3440 3360
          3439 3441 3363 3439 3363 3289
          3441 3442 3363 3442 3365 3363
          3442 3443 3365 3443 3366 3365
          3444 3364 3367 3445 3366 3443
          3445 3368 3366 3369 3446 3444
          3369 3444 3367 3370 3368 3447
          3371 3446 3369 3372 3446 3371
          3447 3299 3370 3299 3447 3448
          3301 3299 3448 3301 3448 3374
          3376 3374 3448 3373 3305 3449
          3315 3449 3305 3377 3376 3450
          3384 3377 3450 3451 3384 3450
          3452 3380 3387 3381 3380 3452
          3388 3381 3452 3245 3453 3383
          3454 3384 3451 3384 3454 3455
          3385 3384 3455 3386 3385 3455
          3386 3456 3387 3394 3387 3456
          3452 3387 3394 3390 3452 3394
          3390 3388 3452 3321 3453 3245
          3455 3454 3457 3455 3457 3458
          3386 3455 3458 3456 3386 3458
          3459 3458 3457 3459 3457 3460
          3456 3458 3459 3395 3456 3459
          3395 3394 3456 3324 3461 3321
          3462 3396 3395 3459 3462 3395
          3460 3462 3459 3324 3463 3461
          3464 3400 3396 3464 3396 3462
          3400 3464 3465 3401 3400 3465
          3324 3403 3466 3463 3324 3466
          3401 3465 3404 3404 3465 3405
          3467 3405 3465 3406 3405 3467
          3403 3330 3468 3466 3403 3468
          3468 3330 3469 3335 3407 3470
          3337 3335 3470 3408 3469 3330
          3409 3337 3470 3410 3471 3408
          3410 3408 3336 3411 3472 3412
          3473 3412 3472 3474 3475 3471
          3410 3413 3474 3410 3474 3471
          3414 3412 3473 3475 3416 3414
          3475 3414 3473 3474 3415 3416
          3475 3474 3416 3415 3474 3413
          3417 3476 3477 3418 3417 3477
          3419 3478 3476 3417 3419 3476
          3420 3479 3478 3419 3420 3478
          3420 3421 3479 3421 3422 3480
          3424 3480 3422 3481 3425 3418
          3482 3480 3426 3426 3480 3424
          3427 3482 3426 3429 3433 3483
          3429 3483 3484 3433 3434 3483
          3485 3483 3434 3485 3434 3354
          3354 3352 3485 3352 3425 3485
          3486 3482 3427 3428 3486 3427
          3484 3430 3429 3435 3486 3428
          3487 3488 3489 3487 3489 3490
          3491 3488 3487 3436 3491 3487
          3436 3430 3491 3492 3486 3435
          3492 3435 3356 3487 3490 3493
          3437 3487 3493 3437 3436 3487
          3360 3492 3356 3437 3493 3494
          3437 3494 3438 3495 3360 3440
          3496 3438 3494 3439 3438 3496
          3362 3495 3440 3497 3495 3362
          3496 3441 3439 3364 3497 3362
          3498 3497 3364 3499 3442 3441
          3444 3498 3364 3500 3443 3442
          3500 3442 3499 3445 3443 3500
          3501 3368 3445 3446 3502 3444
          3447 3368 3501 3446 3372 3503
          3447 3504 3448 3503 3372 3373
          3503 3373 3505 3448 3504 3376
          3376 3504 3506 3507 3505 3373
          3449 3507 3373 3376 3506 3450
          3383 3507 3449 3383 3449 3315
          3450 3506 3451 3451 3508 3454
          3508 3509 3457 3454 3508 3457
          3453 3321 3510 3457 3509 3460
          3321 3461 3510 3460 3509 3511
          3460 3511 3462 3512 3510 3461
          3463 3512 3461 3462 3511 3464
          3465 3464 3511 3465 3511 3467
          3466 3512 3463 3513 3512 3466
          3468 3513 3466 3407 3406 3467
          3407 3467 3514 3407 3514 3515
          3470 3407 3515 3516 3468 3469
          3517 3516 3518 3518 3516 3469
          3518 3469 3408 3411 3409 3472
          3518 3471 3519 3517 3518 3519
          3471 3518 3408 3473 3472 3520
          3475 3473 3520 3475 3520 3519
          3471 3475 3519 3425 3481 3521
          3425 3521 3522 3523 3521 3481
          3523 3481 3418 3477 3524 3523
          3418 3477 3523 3476 3525 3524
          3477 3476 3524 3478 3526 3525
          3476 3478 3525 3478 3479 3526
          3479 3421 3527 3528 3483 3529
          3483 3530 3529 3522 3530 3425
          3482 3527 3480 3480 3527 3421
          3531 3430 3532 3532 3430 3528
          3528 3430 3484 3484 3483 3528
          3483 3485 3530 3485 3425 3530
          3533 3534 3489 3535 3533 3489
          3535 3489 3488 3535 3491 3531
          3488 3491 3535 3491 3430 3531
          3536 3490 3489 3536 3489 3534
          3490 3536 3537 3493 3490 3537
          3495 3492 3360 3537 3538 3494
          3537 3494 3493 3539 3496 3494
          3538 3539 3494 3540 3496 3539
          3540 3441 3496 3541 3499 3441
          3541 3441 3540 3444 3542 3498
          3499 3541 3543 3500 3499 3543
          3502 3542 3444 3544 3445 3500
          3544 3500 3543 3544 3501 3445
          3446 3545 3502 3501 3504 3447
          3545 3446 3546 3503 3546 3446
          3547 3546 3503 3505 3547 3503
          3548 3506 3504 3383 3549 3507
          3506 3548 3508 3506 3508 3451
          3453 3550 3549 3453 3549 3383
          3551 3550 3453 3510 3551 3453
          3552 3551 3510 3509 3553 3511
          3554 3552 3510 3554 3510 3512
          3467 3511 3555 3556 3554 3512
          3556 3512 3513 3467 3557 3514
          3558 3514 3557 3515 3514 3558
          3559 3556 3513 3559 3513 3468
          3470 3515 3560 3470 3560 3561
          3562 3559 3468 3562 3468 3516
          3409 3470 3561 3409 3561 3563
          3564 3409 3563 3565 3564 3563
          3566 3564 3565 3567 3566 3565
          3568 3566 3567 3562 3569 3568
          3567 3562 3568 3569 3562 3516
          3569 3516 3517 3409 3564 3472
          3472 3564 3566 3520 3472 3566
          3520 3566 3568 3519 3520 3568
          3519 3568 3569 3519 3569 3517
          3570 3571 3530 3530 3522 3570
          3522 3521 3570 3524 3572 3523
          3525 3573 3572 3524 3525 3572
          3526 3574 3573 3525 3526 3573
          3526 3479 3527 3526 3527 3574
          3575 3532 3528 3529 3576 3575
          3528 3529 3575 3529 3571 3576
          3529 3530 3571 3527 3577 3574
          3577 3527 3482 3578 3579 3533
          3578 3533 3535 3531 3580 3578
          3535 3531 3578 3580 3531 3532
          3581 3577 3482 3486 3581 3482
          3582 3534 3533 3582 3533 3579
          3486 3583 3581 3534 3582 3584
          3536 3534 3584 3585 3583 3486
          3585 3486 3492 3536 3584 3586
          3537 3536 3586 3587 3585 3492
          3587 3492 3495 3537 3586 3588
          3538 3537 3588 3588 3539 3538
          3589 3539 3588 3495 3497 3590
          3587 3495 3590 3589 3540 3539
          3591 3540 3589 3497 3498 3592
          3590 3497 3592 3591 3541 3540
          3593 3541 3591 3542 3592 3498
          3594 3501 3544 3504 3501 3594
          3595 3545 3546 3596 3504 3594
          3547 3597 3595 3547 3595 3546
          3598 3597 3547 3505 3598 3547
          3599 3504 3596 3599 3548 3504
          3600 3548 3599 3507 3549 3598
          3507 3598 3505 3548 3600 3601
          3548 3601 3508 3601 3602 3508
          3550 3603 3549 3509 3508 3602
          3553 3509 3602 3550 3551 3604
          3603 3550 3604 3551 3552 3605
          3604 3551 3605 3555 3511 3553
          3553 3606 3555 3552 3554 3607
          3552 3607 3605 3467 3555 3606
          3606 3557 3467 3608 3607 3554
          3608 3554 3556 3560 3515 3558
          3560 3558 3609 3608 3610 3611
          3610 3608 3556 3610 3556 3559
          3561 3560 3609 3609 3612 3561
          3613 3561 3612 3563 3561 3613
          3611 3565 3563 3613 3611 3563
          3610 3567 3565 3611 3610 3565
          3567 3610 3559 3567 3559 3562
          3614 3615 3570 3614 3572 3616
          3615 3571 3570 3570 3521 3614
          3521 3523 3614 3523 3572 3614
          3572 3573 3617 3616 3572 3617
          3573 3574 3617 3617 3574 3618
          3619 3580 3620 3620 3580 3532
          3575 3576 3620 3532 3575 3620
          3618 3574 3577 3621 3579 3578
          3619 3621 3578 3578 3580 3619
          3579 3621 3622 3582 3579 3622
          3582 3622 3623 3584 3582 3623
          3584 3623 3624 3586 3584 3624
          3625 3588 3586 3625 3626 3589
          3588 3625 3589 3590 3627 3587
          3626 3591 3589 3593 3591 3626
          3592 3627 3590 3542 3628 3592
          3541 3593 3629 3543 3541 3629
          3630 3628 3542 3502 3630 3542
          3631 3544 3543 3631 3543 3629
          3502 3632 3630 3633 3544 3631
          3633 3594 3544 3502 3545 3634
          3632 3502 3634 3594 3633 3635
          3634 3545 3595 3634 3595 3636
          3635 3637 3596 3594 3635 3596
          3636 3595 3597 3596 3637 3599
          3597 3598 3638 3599 3637 3639
          3599 3639 3600 3640 3638 3598
          3549 3640 3598 3600 3639 3601
          3549 3603 3641 3640 3549 3641
          3642 3641 3603 3604 3642 3603
          3643 3642 3604 3553 3644 3606
          3605 3643 3604 3645 3643 3605
          3606 3646 3557 3647 3557 3646
          3558 3557 3647 3648 3558 3647
          3607 3645 3605 3648 3649 3558
          3558 3649 3609 3645 3607 3608
          3650 3651 3609 3609 3651 3612
          3652 3613 3612 3651 3652 3612
          3652 3645 3611 3652 3611 3613
          3611 3645 3608 3571 3615 3653
          3654 3615 3614 3614 3655 3654
          3614 3656 3655 3616 3657 3656
          3614 3616 3656 3658 3616 3617
          3657 3616 3658 3617 3618 3659
          3617 3659 3658 3660 3659 3577
          3577 3659 3618 3661 3621 3619
          3662 3621 3661 3581 3663 3660
          3581 3660 3577 3621 3662 3664
          3622 3621 3664 3583 3663 3581
          3622 3664 3665 3623 3622 3665
          3585 3663 3583 3623 3665 3666
          3624 3623 3666 3587 3667 3585
          3666 3586 3624 3666 3625 3586
          3668 3625 3666 3627 3667 3587
          3669 3667 3627 3625 3668 3670
          3625 3670 3626 3670 3671 3626
          3626 3671 3593 3672 3669 3627
          3672 3627 3592 3671 3673 3593
          3628 3674 3672 3628 3672 3592
          3629 3593 3673 3629 3673 3675
          3676 3631 3629 3676 3629 3675
          3677 3628 3630 3632 3677 3630
          3634 3677 3632 3678 3635 3633
          3679 3677 3634 3636 3679 3634
          3635 3678 3637 3680 3679 3597
          3597 3679 3636 3638 3681 3680
          3638 3680 3597 3682 3639 3637
          3638 3640 3683 3681 3638 3683
          3682 3601 3639 3684 3601 3682
          3684 3602 3601 3602 3684 3685
          3641 3683 3640 3686 3683 3641
          3602 3685 3553 3685 3644 3553
          3642 3686 3641 3643 3686 3642
          3606 3687 3646 3688 3646 3687
          3647 3646 3688 3643 3645 3689
          3648 3647 3688 3648 3688 3649
          3689 3652 3690 3689 3645 3652
          3609 3649 3650 3690 3651 3650
          3690 3650 3691 3690 3652 3651
          3692 3655 3693 3620 3576 3694
          3653 3576 3571 3615 3695 3653
          3695 3615 3654 3654 3655 3692
          3655 3656 3696 3693 3655 3696
          3657 3697 3696 3656 3657 3696
          3697 3657 3698 3698 3657 3658
          3698 3658 3659 3698 3659 3660
          3699 3661 3619 3699 3619 3700
          3700 3619 3620 3699 3662 3661
          3701 3662 3699 3663 3702 3660
          3662 3701 3703 3664 3662 3703
          3664 3703 3665 3704 3665 3703
          3705 3665 3704 3666 3665 3705
          3669 3663 3585 3667 3669 3585
          3705 3706 3668 3666 3705 3668
          3706 3670 3668 3670 3706 3707
          3670 3707 3708 3670 3708 3671
          3671 3708 3673 3673 3708 3675
          3708 3709 3675 3628 3710 3674
          3675 3709 3676 3709 3711 3676
          3676 3711 3631 3677 3710 3628
          3631 3711 3712 3631 3712 3633
          3633 3712 3678 3680 3713 3679
          3714 3637 3678 3681 3715 3713
          3681 3713 3680 3637 3714 3682
          3683 3715 3681 3686 3715 3683
          3682 3714 3684 3685 3716 3644
          3644 3716 3606 3643 3717 3686
          3718 3717 3643 3716 3687 3606
          3688 3687 3719 3688 3719 3720
          3718 3690 3691 3718 3643 3689
          3718 3689 3690 3649 3688 3720
          3650 3649 3720 3650 3720 3691
          3576 3653 3721 3722 3695 3654
          3654 3692 3722 3693 3696 3723
          3721 3694 3576 3696 3697 3724
          3723 3696 3724 3724 3697 3698
          3725 3726 3700 3725 3700 3620
          3725 3620 3694 3727 3699 3700
          3727 3700 3726 3699 3727 3728
          3701 3699 3728 3729 3701 3728
          3703 3701 3729 3663 3730 3702
          3703 3729 3704 3704 3731 3732
          3704 3732 3705 3730 3663 3669
          3706 3705 3732 3706 3732 3733
          3707 3706 3733 3734 3730 3669
          3672 3734 3669 3708 3735 3709
          3709 3735 3711 3679 3736 3710
          3679 3710 3677 3737 3678 3712
          3738 3678 3737 3713 3736 3679
          3678 3738 3714 3715 3736 3713
          3684 3714 3739 3684 3739 3740
          3685 3684 3740 3685 3740 3741
          3685 3741 3716 3742 3686 3717
          3741 3743 3716 3716 3743 3687
          3717 3718 3744 3742 3717 3744
          3687 3743 3745 3687 3745 3719
          3746 3719 3745 3720 3719 3746
          3747 3720 3746 3744 3691 3747
          3748 3744 3747 3744 3718 3691
          3691 3720 3747 3722 3692 3749
          3653 3750 3721 3750 3653 3695
          3692 3693 3751 3749 3692 3751
          3693 3723 3751 3752 3725 3694
          3752 3694 3721 3724 3753 3723
          3754 3726 3755 3755 3726 3725
          3756 3753 3698 3698 3753 3724
          3660 3756 3698 3726 3754 3757
          3727 3726 3757 3702 3756 3660
          3727 3757 3758 3728 3727 3758
          3728 3758 3759 3729 3728 3759
          3729 3759 3731 3704 3729 3731
          3760 3732 3731 3732 3760 3733
          3761 3707 3733 3761 3708 3707
          3672 3762 3734 3674 3762 3672
          3763 3762 3674 3710 3763 3674
          3764 3711 3735 3711 3764 3712
          3737 3712 3764 3765 3763 3710
          3736 3765 3710 3736 3766 3765
          3737 3767 3738 3768 3738 3767
          3769 3766 3736 3738 3768 3714
          3715 3769 3736 3770 3769 3715
          3714 3768 3739 3770 3715 3686
          3770 3771 3772 3771 3770 3686
          3741 3773 3743 3774 3743 3773
          3772 3748 3775 3771 3742 3748
          3772 3771 3748 3742 3771 3686
          3774 3745 3743 3776 3746 3745
          3774 3776 3745 3775 3747 3746
          3776 3775 3746 3775 3748 3747
          3748 3742 3744 3752 3721 3777
          3721 3750 3777 3722 3778 3750
          3695 3722 3750 3749 3779 3778
          3722 3749 3778 3779 3749 3780
          3781 3782 3725 3752 3781 3725
          3780 3749 3751 3751 3723 3783
          3751 3783 3780 3782 3784 3755
          3782 3755 3725 3753 3783 3723
          3785 3754 3755 3785 3755 3784
          3754 3785 3786 3757 3754 3786
          3757 3786 3787 3758 3757 3787
          3758 3787 3788 3759 3758 3788
          3759 3788 3731 3731 3788 3760
          3760 3789 3733 3730 3790 3791
          3733 3789 3761 3734 3790 3730
          3761 3792 3708 3762 3790 3734
          3792 3735 3708 3793 3763 3765
          3794 3793 3765 3794 3765 3766
          3795 3768 3767 3766 3769 3796
          3794 3766 3796 3797 3768 3795
          3769 3770 3798 3796 3769 3798
          3739 3768 3797 3797 3799 3739
          3739 3799 3740 3798 3770 3800
          3741 3740 3799 3741 3799 3801
          3741 3801 3802 3773 3741 3802
          3803 3773 3802 3776 3803 3804
          3800 3805 3776 3804 3800 3776
          3800 3770 3772 3800 3772 3805
          3774 3773 3803 3776 3774 3803
          3775 3776 3805 3775 3805 3772
          3777 3750 3806 3750 3807 3806
          3750 3778 3808 3750 3808 3807
          3781 3752 3777 3778 3779 3809
          3808 3778 3809 3809 3779 3780
          3809 3780 3810 3811 3812 3782
          3811 3782 3781 3810 3780 3783
          3813 3784 3782 3813 3782 3812
          3814 3783 3753 3784 3813 3815
          3785 3784 3815 3785 3815 3816
          3786 3785 3816 3786 3816 3817
          3787 3786 3817 3787 3817 3818
          3787 3818 3788 3791 3702 3730
          3818 3819 3788 3819 3760 3788
          3789 3760 3819 3792 3761 3789
          3762 3820 3790 3821 3735 3792
          3822 3820 3762 3763 3822 3762
          3821 3764 3735 3823 3764 3821
          3793 3822 3763 3823 3737 3764
          3767 3737 3823 3824 3822 3793
          3767 3823 3825 3826 3824 3793
          3826 3793 3794 3795 3767 3825
          3795 3825 3827 3828 3826 3794
          3828 3794 3796 3795 3827 3797
          3827 3829 3797 3830 3831 3832
          3828 3833 3830 3832 3828 3830
          3833 3828 3796 3833 3796 3798
          3797 3829 3799 3834 3801 3799
          3834 3799 3829 3831 3802 3801
          3834 3831 3801 3830 3803 3802
          3831 3830 3802 3833 3804 3803
          3830 3833 3803 3804 3833 3798
          3804 3798 3800 3777 3835 3781
          3777 3806 3836 3806 3807 3837
          3808 3838 3837 3807 3808 3837
          3839 3840 3811 3839 3811 3781
          3841 3808 3809 3838 3808 3841
          3841 3809 3810 3841 3810 3842
          3843 3812 3811 3843 3811 3840
          3842 3810 3783 3812 3843 3844
          3813 3812 3844 3813 3844 3845
          3815 3813 3845 3756 3814 3753
          3815 3845 3846 3816 3815 3846
          3702 3847 3756 3816 3846 3848
          3817 3816 3848 3702 3849 3847
          3848 3818 3817 3850 3818 3848
          3702 3791 3849 3818 3850 3819
          3791 3790 3851 3820 3851 3790
          3822 3852 3820 3821 3853 3823
          3824 3854 3822 3824 3855 3856
          3855 3824 3826 3827 3825 3857
          3827 3857 3858 3827 3858 3829
          3856 3859 3860 3855 3832 3859
          3856 3855 3859 3832 3855 3826
          3832 3826 3828 3834 3829 3860
          3831 3834 3860 3831 3860 3859
          3832 3831 3859 3861 3835 3777
          3862 3861 3777 3777 3836 3862
          3836 3806 3863 3863 3806 3837
          3863 3837 3864 3865 3866 3839
          3865 3839 3835 3835 3839 3781
          3837 3838 3867 3864 3837 3867
          3866 3868 3839 3839 3868 3840
          3842 3838 3841 3867 3838 3842
          3843 3868 3869 3843 3840 3868
          3844 3843 3869 3844 3869 3870
          3814 3871 3842 3814 3842 3783
          3872 3845 3844 3870 3872 3844
          3847 3871 3814 3756 3847 3814
          3845 3872 3873 3846 3845 3873
          3874 3848 3846 3848 3874 3850
          3875 3789 3819 3875 3819 3850
          3851 3849 3791 3876 3792 3789
          3876 3789 3875 3820 3877 3851
          3878 3792 3876 3852 3877 3820
          3821 3792 3878 3879 3852 3822
          3823 3853 3880 3854 3879 3822
          3881 3879 3854 3825 3823 3880
          3882 3825 3880 3883 3881 3854
          3882 3857 3825 3857 3882 3884
          3858 3857 3884 3885 3858 3884
          3886 3885 3883 3886 3883 3856
          3856 3883 3854 3856 3854 3824
          3829 3858 3885 3860 3829 3885
          3860 3885 3886 3860 3886 3856
          3835 3861 3887 3836 3888 3862
          3888 3836 3863 3888 3863 3889
          3890 3891 3865 3890 3865 3835
          3863 3864 3892 3889 3863 3892
          3891 3893 3865 3865 3893 3866
          3894 3864 3867 3892 3864 3894
          3895 3868 3893 3868 3866 3893
          3896 3894 3867 3842 3896 3867
          3868 3895 3869 3871 3896 3842
          3871 3847 3897 3873 3872 3898
          3874 3846 3873 3874 3873 3898
          3850 3874 3899 3900 3850 3899
          3900 3875 3850 3901 3875 3900
          3849 3851 3902 3901 3876 3875
          3903 3876 3901 3877 3902 3851
          3853 3821 3878 3904 3877 3852
          3879 3904 3852 3879 3881 3905
          3904 3879 3905 3880 3906 3907
          3880 3907 3882 3908 3882 3907
          3905 3909 3908 3881 3883 3909
          3905 3881 3909 3884 3882 3908
          3885 3884 3908 3885 3908 3909
          3883 3885 3909 3887 3861 3910
          3861 3862 3910 3862 3888 3911
          3912 3913 3890 3912 3890 3835
          3835 3887 3912 3888 3889 3914
          3911 3888 3914 3913 3891 3890
          3915 3889 3892 3914 3889 3915
          3916 3915 3892 3894 3916 3892
          3896 3916 3894 3869 3895 3917
          3916 3896 3918 3869 3917 3919
          3870 3869 3919 3871 3918 3896
          3919 3872 3870 3920 3872 3919
          3897 3918 3871 3872 3920 3898
          3849 3897 3847 3874 3898 3899
          3921 3902 3877 3876 3903 3922
          3878 3876 3922 3904 3921 3877
          3878 3922 3853 3853 3922 3923
          3853 3923 3880 3906 3880 3923
          3906 3923 3924 3906 3924 3925
          3907 3906 3925 3926 3907 3925
          3927 3907 3926 3927 3926 3928
          3927 3928 3905 3905 3928 3904
          3908 3907 3927 3908 3927 3905
          3910 3862 3929 3911 3930 3929
          3862 3911 3929 3913 3931 3932
          3912 3931 3913 3933 3911 3914
          3930 3911 3933 3934 3891 3913
          3934 3913 3932 3933 3914 3915
          3933 3915 3935 3891 3934 3936
          3893 3891 3936 3915 3916 3937
          3935 3915 3937 3893 3936 3938
          3895 3893 3938 3895 3938 3939
          3917 3895 3939 3918 3937 3916
          3917 3939 3940 3919 3917 3940
          3940 3920 3919 3898 3920 3941
          3902 3942 3943 3902 3943 3849
          3902 3921 3944 3942 3902 3944
          3921 3904 3945 3921 3945 3944
          3923 3922 3946 3947 3945 3904
          3923 3946 3948 3923 3948 3949
          3924 3923 3949 3950 3924 3949
          3925 3924 3950 3947 3951 3925
          3950 3947 3925 3951 3947 3904
          3951 3904 3928 3926 3925 3951
          3926 3951 3928 3952 3912 3953
          3954 3953 3912 3954 3912 3887
          3954 3910 3955 3887 3910 3954
          3955 3910 3956 3956 3910 3929
          3956 3929 3957 3952 3958 3931
          3931 3912 3952 3929 3930 3959
          3957 3929 3959 3932 3931 3958
          3960 3930 3933 3959 3930 3960
          3934 3932 3961 3962 3960 3933
          3935 3962 3933 3936 3934 3961
          3937 3962 3935 3938 3936 3961
          3938 3961 3963 3964 3939 3938
          3963 3964 3938 3918 3965 3937
          3939 3964 3966 3940 3939 3966
          3897 3965 3918 3966 3920 3940
          3967 3898 3941 3849 3968 3897
          3899 3898 3967 3849 3969 3968
          3900 3970 3901 3849 3943 3971
          3969 3849 3971 3901 3970 3903
          3972 3971 3943 3942 3972 3943
          3903 3970 3973 3944 3972 3942
          3974 3972 3944 3922 3903 3973
          3922 3973 3975 3976 3974 3945
          3945 3974 3944 3946 3922 3975
          3946 3975 3977 3946 3977 3978
          3948 3946 3978 3979 3948 3978
          3949 3948 3979 3976 3950 3949
          3979 3976 3949 3950 3976 3945
          3950 3945 3947 3980 3955 3956
          3980 3956 3981 3982 3983 3984
          3984 3983 3952 3952 3953 3984
          3956 3957 3985 3981 3956 3985
          3986 3958 3983 3986 3983 3987
          3958 3952 3983 3988 3957 3959
          3985 3957 3988 3958 3986 3989
          3932 3958 3989 3990 3959 3960
          3988 3959 3990 3932 3989 3991
          3961 3932 3991 3960 3962 3992
          3990 3960 3992 3961 3991 3993
          3992 3962 3937 3961 3993 3994
          3963 3961 3994 3937 3965 3995
          3992 3937 3995 3994 3964 3963
          3994 3966 3964 3966 3941 3920
          3969 3996 3968 3971 3997 3969
          3998 3997 3971 3972 3998 3971
          3999 3998 3972 3972 3974 4000
          3999 3972 4000 3975 3973 4001
          3975 4001 4002 3975 4002 4003
          3977 3975 4003 4004 3977 4003
          4005 3977 4004 4000 3979 4005
          4004 4000 4005 4000 3974 3976
          4000 3976 3979 3978 3977 4005
          3979 3978 4005 4006 3953 4007
          3953 3954 4008 3953 4008 4007
          3954 3955 4009 3954 4009 4008
          3955 3980 4010 3955 4010 4009
          3982 4011 4012 4006 4011 3982
          3984 4006 3982 3984 3953 4006
          3980 3981 4013 4010 3980 4013
          4013 3981 4014 3982 4012 3987
          3983 3982 3987 4014 3981 3985
          3986 3987 3989 4014 3985 3988
          4014 3988 4015 4016 4015 3988
          3990 4016 3988 3992 4016 3990
          3993 3991 4017 4018 3994 3993
          4017 4018 3993 3966 3994 4018
          3897 3968 4019 3996 4019 3968
          3997 3996 3969 4020 3900 3899
          4020 3899 3967 4021 3970 3900
          4021 3900 4020 3998 4022 3997
          4023 3970 4021 3998 3999 4024
          3970 4023 3973 4001 3973 4023
          4001 4023 4002 4024 4004 4025
          4024 3999 4000 4024 4000 4004
          4003 4002 4025 4004 4003 4025
          4007 4008 4026 4008 4009 4027
          4008 4027 4026 4028 4029 4030
          4030 4029 4011 4030 4006 4007
          4011 4006 4030 4009 4010 4031
          4027 4009 4031 4032 4012 4029
          4032 4029 4033 4012 4011 4029
          4034 4010 4013 4031 4010 4034
          4034 4013 4014 4012 4032 4035
          3987 4012 4035 3987 4035 3989
          4036 4014 4015 4015 4016 4037
          3995 4037 4016 3992 3995 4016
          4038 3966 4018 3966 4038 4039
          3897 4040 3965 4039 3941 3966
          3967 3941 4039 4041 4040 4019
          4019 4040 3897 4042 4041 4019
          4042 4019 3996 4043 4042 3996
          4043 3996 3997 4022 4043 3997
          4044 4022 3998 4023 4045 4002
          4024 4044 3998 4025 4002 4046
          4025 4046 4044 4025 4044 4024
          4047 4007 4048 4007 4049 4048
          4007 4026 4049 4026 4027 4050
          4028 4051 4052 4047 4051 4028
          4030 4047 4028 4030 4007 4047
          4027 4031 4053 4027 4053 4050
          4028 4052 4033 4029 4028 4033
          4031 4034 4054 4031 4054 4053
          4032 4033 4055 4036 4054 4034
          4036 4034 4014 4035 4032 4055
          3989 4035 4056 4015 4057 4036
          4058 3989 4056 3991 3989 4058
          4037 4057 4015 4058 4059 3991
          3991 4059 4017 4017 4060 4018
          4060 4038 4018 3965 4061 3995
          4040 4062 4061 4040 4061 3965
          4040 4041 4063 4062 4040 4063
          4063 4041 4042 4064 4020 3967
          4065 4020 4064 4042 4043 4066
          4020 4065 4021 4067 4066 4043
          4067 4043 4022 4023 4021 4068
          4023 4068 4045 4067 4044 4069
          4044 4067 4022 4002 4045 4070
          4046 4002 4070 4046 4070 4069
          4044 4046 4069 4071 4048 4072
          4048 4073 4072 4048 4049 4073
          4049 4026 4074 4075 4076 4071
          4071 4076 4051 4071 4047 4048
          4051 4047 4071 4026 4050 4077
          4074 4026 4077 4077 4050 4078
          4079 4052 4076 4079 4076 4080
          4052 4051 4076 4078 4050 4053
          4078 4053 4081 4052 4079 4055
          4033 4052 4055 4082 4081 4053
          4054 4082 4053 4036 4082 4054
          4036 4057 4083 4084 4083 4057
          4037 4084 4057 4017 4059 4060
          4085 3995 4061 4062 4086 4061
          4064 3967 4039 4063 4086 4062
          4087 4086 4063 4042 4087 4063
          4066 4087 4042 4088 4089 4066
          4021 4065 4090 4021 4090 4068
          4091 4089 4088 4088 4066 4067
          4070 4045 4091 4070 4091 4088
          4070 4088 4069 4069 4088 4067
          4092 4072 4093 4072 4073 4093
          4073 4049 4094 4075 4095 4096
          4092 4095 4075 4071 4092 4075
          4071 4072 4092 4049 4074 4097
          4094 4049 4097 4097 4074 4098
          4080 4096 4099 4075 4096 4080
          4076 4075 4080 4098 4074 4077
          4098 4077 4078 4098 4078 4081
          4079 4080 4099 4079 4099 4100
          4055 4079 4100 4081 4082 4101
          4101 4082 4102 4102 4082 4036
          4103 4055 4100 4035 4055 4103
          4083 4102 4036 4056 4035 4103
          4083 4104 4102 4105 4058 4056
          4104 4083 4084 4058 4105 4106
          4059 4058 4106 3995 4084 4037
          4106 4060 4059 4084 3995 4085
          4107 4038 4060 4038 4107 4039
          4061 4108 4085 4086 4108 4061
          4109 4108 4086 4110 4064 4039
          4111 4064 4110 4087 4109 4086
          4064 4111 4112 4113 4087 4066
          4065 4064 4112 4065 4112 4114
          4115 4113 4089 4089 4113 4066
          4090 4065 4114 4068 4090 4116
          4068 4116 4117 4118 4068 4117
          4115 4091 4118 4117 4115 4118
          4091 4115 4089 4068 4118 4045
          4091 4045 4118 4093 4073 4119
          4120 4121 4122 4123 4121 4120
          4095 4123 4120 4095 4092 4123
          4073 4094 4124 4119 4073 4124
          4124 4094 4097 4124 4097 4125
          4120 4122 4126 4096 4120 4126
          4096 4095 4120 4127 4125 4097
          4127 4097 4098 4099 4126 4128
          4099 4096 4126 4127 4098 4081
          4127 4081 4101 4129 4099 4128
          4100 4099 4129 4130 4101 4102
          4130 4102 4131 4103 4129 4132
          4103 4100 4129 4131 4102 4133
          4134 4056 4103 4132 4134 4103
          4135 4133 4102 4104 4135 4102
          4134 4105 4056 4084 4136 4135
          4084 4135 4104 4134 4137 4105
          4137 4106 4105 4136 4084 4138
          4106 4137 4139 4140 4138 4084
          4085 4140 4084 4139 4060 4106
          4141 4060 4139 4085 4142 4140
          4143 4060 4141 4143 4107 4060
          4085 4108 4144 4142 4085 4144
          4107 4143 4145 4039 4107 4145
          4145 4110 4039 4146 4110 4145
          4110 4146 4147 4111 4110 4147
          4112 4111 4147 4112 4147 4148
          4087 4113 4149 4150 4114 4112
          4150 4112 4148 4114 4150 4151
          4090 4114 4151 4152 4090 4151
          4116 4090 4152 4149 4117 4116
          4152 4149 4116 4149 4113 4115
          4149 4115 4117 4153 4093 4154
          4155 4156 4157 4157 4156 4121
          4157 4123 4153 4121 4123 4157
          4123 4092 4153 4092 4093 4153
          4093 4119 4158 4154 4093 4158
          4158 4119 4124 4158 4124 4159
          4160 4122 4156 4160 4156 4161
          4122 4121 4156 4124 4125 4162
          4159 4124 4162 4126 4122 4160
          4125 4127 4163 4162 4125 4163
          4126 4160 4164 4128 4126 4164
          4163 4127 4101 4130 4163 4101
          4128 4164 4165 4129 4128 4165
          4129 4165 4166 4132 4129 4166
          4166 4134 4132 4166 4167 4134
          4136 4133 4135 4167 4168 4137
          4167 4137 4134 4169 4139 4137
          4168 4169 4137 4140 4170 4138
          4171 4139 4169 4171 4141 4139
          4172 4170 4140 4142 4172 4140
          4173 4143 4141 4173 4141 4171
          4144 4172 4142 4174 4172 4144
          4143 4173 4175 4143 4175 4145
          4176 4174 4144 4145 4175 4146
          4177 4176 4109 4109 4176 4144
          4109 4144 4108 4178 4177 4179
          4179 4177 4109 4179 4109 4087
          4180 4148 4147 4148 4180 4181
          4150 4148 4181 4182 4150 4181
          4151 4150 4182 4178 4151 4182
          4152 4151 4178 4152 4178 4149
          4149 4178 4179 4149 4179 4087
          4183 4184 4185 4184 4154 4186
          4184 4186 4185 4155 4187 4188
          4189 4187 4155 4157 4189 4155
          4189 4153 4183 4157 4153 4189
          4183 4153 4184 4153 4154 4184
          4154 4158 4190 4154 4190 4186
          4191 4188 4192 4155 4188 4191
          4161 4155 4191 4156 4155 4161
          4158 4159 4193 4190 4158 4193
          4193 4159 4194 4160 4191 4192
          4160 4161 4191 4194 4159 4162
          4194 4162 4195 4162 4163 4195
          4164 4160 4192 4164 4192 4196
          4165 4164 4196 4196 4166 4165
          4131 4133 4197 4198 4199 4167
          4198 4167 4166 4136 4200 4133
          4201 4168 4167 4199 4201 4167
          4136 4138 4202 4200 4136 4202
          4203 4168 4201 4203 4169 4168
          4170 4202 4138 4204 4171 4169
          4204 4169 4203 4205 4173 4171
          4205 4171 4204 4175 4173 4205
          4206 4174 4176 4207 4146 4175
          4208 4206 4177 4177 4206 4176
          4209 4147 4146 4209 4146 4207
          4147 4209 4210 4180 4147 4210
          4211 4180 4210 4181 4180 4211
          4212 4181 4211 4208 4178 4212
          4178 4208 4177 4182 4181 4212
          4178 4182 4212 4213 4189 4214
          4189 4183 4215 4189 4215 4214
          4183 4185 4216 4183 4216 4215
          4217 4218 4219 4213 4218 4217
          4187 4213 4217 4187 4189 4213
          4185 4186 4220 4216 4185 4220
          4219 4221 4217 4217 4221 4188
          4188 4187 4217 4222 4186 4190
          4220 4186 4222 4222 4190 4223
          4224 4188 4221 4192 4188 4224
          4223 4190 4193 4223 4193 4194
          4223 4194 4225 4225 4194 4195
          4226 4192 4224 4196 4192 4226
          4227 4195 4163 4163 4130 4228
          4227 4163 4228 4228 4130 4229
          4130 4131 4230 4229 4130 4230
          4231 4166 4196 4230 4131 4197
          4231 4198 4166 4199 4198 4232
          4233 4197 4133 4200 4233 4133
          4232 4201 4199 4234 4201 4232
          4202 4235 4233 4202 4233 4200
          4234 4203 4201 4202 4170 4235
          4236 4204 4203 4170 4172 4237
          4235 4170 4237 4236 4205 4204
          4172 4174 4238 4172 4238 4237
          4236 4175 4205 4239 4238 4206
          4206 4238 4174 4240 4207 4175
          4240 4175 4236 4207 4240 4241
          4209 4207 4241 4242 4209 4241
          4210 4209 4242 4243 4210 4242
          4244 4243 4239 4244 4239 4208
          4208 4239 4206 4211 4210 4243
          4212 4211 4243 4212 4243 4244
          4212 4244 4208 4245 4214 4246
          4214 4215 4247 4214 4247 4246
          4215 4248 4247 4249 4250 4251
          4252 4250 4249 4218 4252 4249
          4252 4213 4245 4218 4213 4252
          4213 4214 4245 4215 4216 4248
          4216 4220 4253 4216 4253 4248
          4219 4249 4251 4219 4251 4224
          4219 4218 4249 4220 4222 4254
          4220 4254 4253 4224 4221 4219
          4255 4254 4222 4255 4222 4223
          4255 4223 4225 4195 4256 4225
          4226 4224 4257 4227 4258 4256
          4227 4256 4195 4226 4257 4259
          4259 4260 4196 4259 4196 4226
          4261 4258 4227 4261 4227 4228
          4196 4260 4262 4229 4263 4261
          4229 4261 4228 4262 4231 4196
          4230 4263 4229 4264 4263 4230
          4197 4264 4230 4265 4198 4231
          4265 4231 4266 4198 4265 4232
          4197 4233 4267 4268 4267 4233
          4235 4268 4233 4269 4203 4234
          4270 4268 4235 4269 4236 4203
          4271 4236 4269 4237 4270 4235
          4272 4236 4271 4273 4270 4238
          4238 4270 4237 4236 4272 4274
          4240 4236 4274 4275 4240 4274
          4241 4240 4275 4276 4241 4275
          4242 4241 4276 4277 4242 4276
          4273 4239 4277 4239 4273 4238
          4243 4242 4277 4239 4243 4277
          4278 4279 4280 4279 4245 4281
          4279 4281 4280 4245 4282 4281
          4245 4246 4283 4245 4283 4282
          4246 4247 4284 4246 4284 4283
          4279 4278 4285 4250 4279 4285
          4279 4252 4245 4250 4252 4279
          4247 4248 4286 4284 4247 4286
          4286 4248 4287 4251 4285 4288
          4251 4250 4285 4287 4248 4253
          4287 4253 4289 4224 4251 4288
          4224 4288 4290 4291 4253 4254
          4289 4253 4291 4254 4255 4292
          4291 4254 4292 4293 4292 4255
          4225 4293 4255 4257 4224 4290
          4256 4294 4293 4256 4293 4225
          4258 4294 4256 4259 4257 4260
          4258 4295 4294 4258 4261 4295
          4263 4295 4261 4262 4296 4231
          4296 4266 4231 4297 4264 4197
          4267 4297 4197 4234 4232 4265
          4298 4269 4234 4299 4269 4298
          4300 4268 4270 4269 4299 4301
          4271 4269 4301 4302 4300 4270
          4301 4303 4271 4271 4303 4272
          4304 4272 4303 4274 4272 4304
          4305 4274 4304 4275 4274 4305
          4276 4275 4305 4306 4276 4307
          4306 4307 4302 4306 4302 4273
          4273 4302 4270 4277 4276 4306
          4277 4306 4273 4308 4309 4310
          4280 4311 4310 4280 4310 4309
          4280 4281 4312 4280 4312 4311
          4281 4282 4313 4281 4313 4312
          4282 4283 4314 4282 4314 4313
          4309 4308 4315 4278 4309 4315
          4278 4280 4309 4283 4284 4316
          4314 4283 4316 4316 4284 4286
          4288 4278 4315 4285 4278 4288
          4317 4286 4287 4317 4287 4289
          4317 4289 4291 4290 4288 4318
          4257 4290 4319 4260 4257 4319
          4295 4320 4294 4319 4321 4260
          4295 4322 4320 4262 4260 4321
          4262 4321 4323 4295 4263 4324
          4322 4295 4324 4323 4296 4262
          4325 4324 4263 4264 4325 4263
          4296 4326 4266 4297 4325 4264
          4327 4265 4266 4326 4327 4266
          4327 4234 4265 4328 4234 4327
          4297 4267 4329 4328 4298 4234
          4330 4298 4328 4267 4268 4331
          4329 4267 4331 4298 4330 4332
          4299 4298 4332 4268 4300 4333
          4268 4333 4331 4301 4299 4332
          4303 4301 4334 4304 4303 4334
          4333 4335 4336 4335 4333 4300
          4335 4300 4302 4276 4305 4336
          4307 4276 4336 4307 4336 4335
          4307 4335 4302 4310 4337 4338
          4310 4338 4339 4340 4337 4310
          4311 4340 4310 4312 4341 4340
          4311 4312 4340 4312 4313 4341
          4313 4314 4342 4313 4342 4341
          4343 4344 4339 4339 4344 4308
          4308 4310 4339 4314 4316 4345
          4314 4345 4342 4315 4308 4344
          4316 4286 4346 4346 4286 4347
          4318 4315 4344 4288 4315 4318
          4347 4286 4317 4317 4348 4347
          4349 4348 4317 4349 4317 4291
          4292 4349 4291 4292 4350 4349
          4292 4293 4350 4290 4351 4352
          4319 4290 4352 4353 4350 4293
          4294 4353 4293 4320 4354 4353
          4320 4353 4294 4319 4352 4355
          4321 4319 4355 4321 4355 4356
          4322 4354 4320 4357 4323 4321
          4356 4357 4321 4357 4296 4323
          4324 4325 4358 4296 4357 4359
          4326 4296 4359 4359 4327 4326
          4360 4327 4359 4360 4328 4327
          4361 4328 4360 4328 4361 4362
          4330 4328 4362 4363 4329 4331
          4332 4330 4362 4332 4362 4364
          4301 4332 4364 4365 4366 4367
          4365 4367 4363 4365 4363 4333
          4333 4363 4331 4334 4301 4364
          4304 4334 4368 4304 4368 4366
          4304 4366 4305 4336 4305 4366
          4336 4366 4365 4336 4365 4333
          4369 4340 4370 4340 4371 4370
          4338 4372 4373 4338 4373 4374
          4369 4372 4338 4337 4369 4338
          4337 4340 4369 4341 4371 4340
          4343 4374 4375 4338 4374 4343
          4339 4338 4343 4341 4342 4376
          4371 4341 4376 4376 4342 4345
          4376 4345 4377 4378 4344 4343
          4378 4343 4375 4346 4377 4345
          4346 4345 4316 4346 4347 4379
          4318 4344 4378 4380 4379 4347
          4348 4380 4347 4318 4378 4351
          4349 4381 4380 4349 4380 4348
          4381 4349 4382 4290 4318 4351
          4382 4349 4350 4382 4350 4383
          4383 4350 4384 4352 4351 4385
          4350 4353 4384 4352 4385 4386
          4387 4384 4353 4354 4387 4353
          4388 4352 4386 4355 4352 4388
          4389 4356 4355 4388 4389 4355
          4322 4390 4387 4322 4387 4354
          4389 4357 4356 4391 4357 4389
          4392 4390 4322 4324 4392 4322
          4358 4392 4324 4359 4357 4391
          4393 4358 4325 4359 4391 4394
          4360 4359 4394 4393 4325 4297
          4360 4394 4395 4360 4395 4361
          4396 4393 4297 4396 4297 4329
          4362 4361 4395 4362 4395 4397
          4396 4398 4399 4398 4396 4329
          4398 4329 4363 4364 4362 4397
          4368 4400 4401 4368 4401 4399
          4368 4399 4366 4367 4366 4399
          4367 4399 4398 4367 4398 4363
          4364 4400 4334 4368 4334 4400
          4373 4402 4403 4373 4403 4404
          4405 4402 4373 4372 4405 4373
          4372 4369 4405 4369 4370 4405
          4370 4371 4406 4406 4371 4407
          4373 4404 4375 4374 4373 4375
          4371 4376 4408 4371 4408 4407
          4376 4409 4408 4376 4377 4409
          4409 4377 4410 4378 4375 4411
          4410 4377 4346 4412 4410 4346
          4413 4412 4346 4413 4346 4379
          4378 4411 4414 4351 4378 4414
          4415 4379 4380 4381 4415 4380
          4382 4416 4415 4382 4415 4381
          4383 4416 4382 4351 4414 4417
          4418 4351 4417 4385 4351 4418
          4384 4419 4383 4418 4386 4385
          4384 4387 4420 4419 4384 4420
          4386 4418 4421 4388 4386 4421
          4420 4387 4390 4422 4388 4421
          4422 4389 4388 4423 4389 4422
          4423 4391 4389 4392 4424 4390
          4424 4392 4358 4391 4423 4425
          4358 4393 4426 4394 4391 4425
          4394 4425 4395 4427 4428 4429
          4393 4396 4428 4393 4428 4427
          4397 4395 4430 4397 4430 4431
          4364 4397 4431 4432 4364 4431
          4401 4429 4399 4399 4429 4428
          4399 4428 4396 4400 4364 4432
          4401 4400 4432 4403 4433 4434
          4435 4433 4403 4402 4435 4403
          4402 4405 4435 4435 4405 4436
          4405 4370 4436 4406 4407 4437
          4434 4438 4403 4403 4438 4404
          4407 4408 4439 4407 4439 4437
          4440 4404 4438 4375 4404 4440
          4441 4439 4408 4441 4408 4409
          4411 4440 4442 4411 4375 4440
          4441 4409 4410 4441 4410 4443
          4444 4443 4410 4412 4444 4410
          4411 4442 4445 4413 4446 4444
          4413 4444 4412 4413 4379 4446
          4414 4411 4445 4379 4415 4446
          4446 4415 4416 4446 4416 4447
          4416 4383 4448 4447 4416 4448
          4418 4417 4449 4450 4448 4383
          4419 4450 4383 4420 4450 4419
          4451 4421 4418 4449 4451 4418
          4390 4452 4420 4453 4422 4421
          4453 4421 4451 4452 4390 4454
          4455 4423 4422 4455 4422 4453
          4424 4454 4390 4456 4424 4358
          4457 4425 4423 4457 4423 4455
          4425 4457 4458 4426 4456 4358
          4425 4458 4395 4458 4459 4395
          4460 4426 4393 4395 4459 4430
          4461 4460 4429 4429 4460 4427
          4427 4460 4393 4432 4431 4462
          4432 4462 4461 4432 4461 4401
          4401 4461 4429 4463 4464 4465
          4465 4464 4433 4465 4435 4466
          4433 4435 4465 4466 4435 4467
          4467 4436 4468 4435 4436 4467
          4436 4370 4468 4370 4406 4469
          4468 4370 4469 4469 4406 4470
          4434 4433 4464 4470 4406 4437
          4471 4470 4437 4471 4437 4439
          4471 4439 4472 4439 4441 4473
          4472 4439 4473 4473 4441 4443
          4443 4444 4474 4473 4443 4474
          4446 4474 4444 4414 4445 4475
          4446 4476 4474 4414 4475 4477
          4447 4476 4446 4448 4476 4447
          4477 4478 4417 4477 4417 4414
          4479 4476 4448 4480 4449 4417
          4478 4480 4417 4450 4479 4448
          4449 4480 4481 4450 4420 4482
          4483 4449 4481 4483 4451 4449
          4484 4482 4420 4452 4484 4420
          4485 4453 4451 4485 4451 4483
          4454 4486 4484 4454 4484 4452
          4487 4455 4453 4487 4453 4485
          4454 4424 4488 4486 4454 4488
          4457 4455 4487 4424 4456 4489
          4488 4424 4489 4426 4460 4490
          4426 4490 4456 4430 4459 4491
          4430 4491 4492 4431 4430 4492
          4431 4492 4493 4462 4431 4493
          4462 4493 4490 4462 4490 4461
          4461 4490 4460 4494 4495 4496
          4495 4466 4497 4495 4497 4496
          4466 4467 4498 4466 4498 4497
          4467 4499 4498 4463 4494 4500
          4463 4500 4501 4495 4494 4463
          4465 4495 4463 4465 4466 4495
          4467 4468 4499 4499 4468 4469
          4463 4501 4502 4464 4463 4502
          4469 4470 4503 4503 4470 4504
          4434 4502 4505 4434 4464 4502
          4470 4471 4506 4504 4470 4506
          4505 4438 4434 4506 4471 4507
          4507 4471 4472 4438 4505 4508
          4440 4438 4508 4472 4473 4509
          4442 4440 4508 4510 4509 4473
          4474 4510 4473 4442 4508 4511
          4445 4442 4511 4511 4475 4445
          4512 4510 4474 4476 4512 4474
          4478 4513 4480 4450 4514 4479
          4515 4481 4480 4513 4515 4480
          4482 4516 4514 4482 4514 4450
          4517 4483 4481 4517 4481 4515
          4482 4484 4516 4518 4485 4483
          4518 4483 4517 4519 4516 4484
          4486 4519 4484 4520 4487 4485
          4520 4485 4518 4487 4520 4457
          4488 4519 4486 4521 4519 4488
          4489 4521 4488 4459 4458 4457
          4522 4523 4524 4489 4456 4523
          4489 4523 4522 4459 4525 4491
          4526 4491 4525 4492 4491 4526
          4527 4492 4526 4493 4492 4527
          4493 4527 4524 4493 4524 4490
          4490 4524 4523 4490 4523 4456
          4528 4529 4530 4531 4528 4530
          4496 4528 4531 4532 4528 4496
          4497 4532 4496 4497 4498 4533
          4497 4533 4532 4500 4530 4534
          4531 4530 4500 4494 4531 4500
          4494 4496 4531 4498 4499 4533
          4499 4535 4533 4499 4469 4536
          4499 4536 4535 4500 4534 4537
          4501 4500 4537 4503 4538 4469
          4469 4538 4536 4503 4539 4538
          4540 4501 4537 4502 4501 4540
          4541 4539 4503 4541 4503 4504
          4505 4502 4540 4504 4506 4542
          4541 4504 4542 4543 4542 4506
          4507 4543 4506 4508 4505 4540
          4509 4543 4507 4544 4543 4509
          4509 4507 4472 4508 4540 4511
          4510 4545 4544 4510 4544 4509
          4546 4545 4510 4475 4511 4547
          4512 4546 4510 4547 4548 4475
          4475 4548 4477 4477 4549 4478
          4479 4550 4476 4551 4550 4479
          4552 4513 4478 4549 4552 4478
          4514 4551 4479 4553 4513 4552
          4553 4515 4513 4554 4517 4515
          4554 4515 4553 4555 4518 4517
          4555 4517 4554 4518 4555 4520
          4516 4519 4556 4519 4521 4557
          4556 4519 4557 4558 4557 4521
          4522 4558 4521 4489 4522 4521
          4457 4559 4459 4459 4559 4560
          4459 4560 4525 4527 4558 4524
          4524 4558 4522 4561 4562 4563
          4564 4563 4562 4564 4562 4529
          4529 4528 4564 4528 4565 4564
          4528 4532 4565 4565 4532 4533
          4565 4533 4566 4533 4567 4566
          4562 4561 4568 4569 4562 4568
          4569 4529 4562 4530 4529 4569
          4533 4535 4567 4535 4536 4570
          4535 4570 4567 4536 4571 4570
          4569 4568 4572 4534 4569 4572
          4534 4530 4569 4536 4538 4573
          4536 4573 4571 4574 4534 4572
          4537 4534 4574 4575 4573 4538
          4575 4538 4539 4540 4537 4574
          4539 4541 4576 4575 4539 4576
          4541 4542 4577 4576 4541 4577
          4542 4543 4577 4540 4574 4578
          4543 4544 4579 4577 4543 4579
          4511 4540 4578 4545 4579 4544
          4545 4580 4579 4581 4547 4511
          4578 4581 4511 4547 4581 4582
          4512 4550 4546 4582 4583 4548
          4582 4548 4547 4476 4550 4512
          4584 4477 4548 4583 4584 4548
          4477 4584 4585 4549 4477 4585
          4585 4552 4549 4514 4586 4551
          4587 4553 4552 4516 4588 4586
          4516 4586 4514 4554 4553 4587
          4520 4555 4589 4556 4590 4588
          4556 4588 4516 4520 4589 4457
          4457 4589 4559 4556 4557 4591
          4590 4556 4591 4525 4560 4592
          4557 4558 4593 4557 4593 4591
          4526 4525 4592 4526 4592 4594
          4526 4594 4593 4526 4593 4527
          4527 4593 4558 4595 4596 4597
          4598 4596 4595 4563 4598 4595
          4563 4564 4599 4563 4599 4598
          4564 4600 4599 4564 4565 4600
          4595 4597 4601 4561 4595 4601
          4561 4563 4595 4567 4602 4603
          4567 4603 4604 4602 4605 4603
          4606 4568 4561 4601 4606 4561
          4567 4570 4602 4607 4605 4602
          4607 4602 4570 4607 4570 4571
          4568 4606 4572 4607 4571 4573
          4607 4573 4608 4573 4575 4609
          4608 4573 4609 4575 4576 4610
          4609 4575 4610 4576 4577 4611
          4610 4576 4611 4578 4574 4612
          4577 4579 4611 4580 4613 4579
          4613 4580 4545 4614 4615 4581
          4614 4581 4578 4616 4613 4546
          4546 4613 4545 4582 4581 4615
          4582 4615 4617 4550 4616 4546
          4618 4583 4582 4617 4618 4582
          4619 4583 4618 4619 4584 4583
          4584 4619 4620 4584 4620 4585
          4551 4621 4550 4620 4587 4585
          4585 4587 4552 4622 4586 4588
          4622 4588 4590 4622 4590 4623
          4559 4589 4624 4590 4591 4625
          4623 4590 4625 4594 4592 4626
          4626 4625 4593 4594 4626 4593
          4625 4591 4593 4627 4628 4629
          4628 4630 4629 4631 4627 4632
          4628 4627 4631 4596 4628 4631
          4628 4598 4630 4596 4598 4628
          4600 4633 4599 4600 4565 4633
          4565 4566 4633 4634 4597 4631
          4597 4596 4631 4567 4604 4566
          4597 4634 4601 4604 4603 4635
          4636 4635 4603 4636 4603 4605
          4636 4605 4607 4607 4637 4636
          4572 4606 4638 4637 4608 4639
          4607 4608 4637 4638 4574 4572
          4609 4639 4608 4612 4574 4638
          4609 4610 4640 4639 4609 4640
          4579 4641 4611 4578 4612 4642
          4642 4614 4578 4615 4614 4643
          4644 4617 4615 4643 4644 4615
          4645 4617 4644 4645 4618 4617
          4646 4619 4618 4646 4618 4645
          4647 4620 4619 4647 4619 4646
          4648 4587 4620 4648 4620 4647
          4586 4621 4551 4649 4554 4587
          4649 4587 4648 4554 4649 4555
          4622 4650 4586 4555 4649 4651
          4589 4555 4651 4652 4624 4589
          4652 4589 4651 4559 4624 4653
          4654 4623 4625 4559 4653 4560
          4592 4560 4653 4592 4653 4655
          4592 4655 4656 4626 4592 4656
          4626 4656 4654 4626 4654 4625
          4657 4658 4659 4658 4629 4660
          4658 4660 4659 4629 4630 4660
          4632 4657 4661 4658 4657 4632
          4627 4658 4632 4627 4629 4658
          4598 4662 4630 4598 4599 4662
          4599 4633 4663 4599 4663 4662
          4631 4632 4661 4633 4566 4664
          4566 4665 4664 4634 4661 4666
          4634 4631 4661 4566 4604 4665
          4604 4635 4667 4665 4604 4667
          4667 4635 4668 4601 4634 4666
          4635 4636 4669 4668 4635 4669
          4606 4601 4666 4670 4669 4636
          4637 4670 4636 4638 4606 4666
          4639 4671 4670 4637 4639 4670
          4672 4671 4639 4638 4666 4673
          4640 4672 4639 4674 4672 4640
          4610 4675 4674 4640 4610 4674
          4610 4611 4675 4612 4638 4673
          4675 4611 4641 4612 4673 4676
          4642 4612 4676 4677 4641 4579
          4677 4579 4613 4614 4642 4678
          4613 4679 4677 4680 4643 4614
          4678 4680 4614 4613 4616 4681
          4679 4613 4681 4682 4643 4680
          4682 4644 4643 4683 4681 4616
          4550 4683 4616 4684 4645 4644
          4684 4644 4682 4685 4646 4645
          4685 4645 4684 4550 4621 4686
          4683 4550 4686 4687 4647 4646
          4687 4646 4685 4688 4648 4647
          4688 4647 4687 4648 4688 4649
          4586 4689 4621 4689 4586 4650
          4690 4650 4622 4652 4651 4691
          4622 4623 4692 4690 4622 4692
          4624 4652 4691 4624 4691 4653
          4655 4653 4693 4694 4655 4693
          4623 4654 4694 4623 4694 4692
          4656 4655 4694 4656 4694 4654
          4695 4696 4697 4695 4697 4698
          4659 4696 4695 4699 4696 4659
          4660 4699 4659 4700 4699 4660
          4630 4700 4660 4630 4701 4700
          4702 4698 4703 4695 4698 4702
          4657 4695 4702 4657 4659 4695
          4630 4662 4701 4662 4663 4701
          4661 4657 4702 4633 4664 4704
          4664 4705 4704 4706 4661 4702
          4664 4665 4705 4665 4707 4708
          4665 4708 4709 4665 4709 4705
          4707 4710 4708 4666 4706 4711
          4666 4661 4706 4707 4665 4667
          4712 4710 4707 4712 4707 4667
          4712 4667 4668 4668 4669 4713
          4668 4713 4712 4714 4713 4670
          4670 4713 4669 4671 4714 4670
          4666 4711 4715 4672 4714 4671
          4716 4714 4672 4674 4716 4672
          4673 4666 4715 4717 4716 4674
          4717 4674 4675 4718 4717 4675
          4718 4675 4641 4641 4719 4718
          4720 4642 4676 4719 4641 4677
          4642 4720 4721 4678 4642 4721
          4722 4678 4721 4722 4680 4678
          4681 4683 4723 4724 4684 4682
          4724 4682 4725 4726 4685 4684
          4726 4684 4724 4727 4687 4685
          4727 4685 4726 4687 4727 4688
          4686 4621 4689 4728 4651 4649
          4651 4728 4729 4690 4730 4650
          4691 4651 4729 4692 4731 4730
          4692 4730 4690 4653 4691 4732
          4653 4732 4733 4693 4653 4733
          4693 4733 4734 4694 4693 4734
          4731 4692 4694 4731 4694 4734
          4735 4736 4737 4737 4696 4738
          4737 4738 4735 4696 4739 4738
          4737 4736 4740 4697 4696 4737
          4739 4699 4741 4696 4699 4739
          4699 4700 4741 4737 4740 4703
          4698 4737 4703 4698 4697 4737
          4701 4742 4700 4701 4663 4742
          4742 4663 4633 4633 4704 4743
          4704 4744 4743 4704 4745 4744
          4702 4703 4706 4704 4705 4746
          4745 4704 4746 4746 4705 4709
          4746 4709 4747 4748 4747 4709
          4708 4748 4709 4710 4748 4708
          4712 4748 4710 4749 4748 4712
          4713 4750 4749 4712 4713 4749
          4713 4714 4751 4750 4713 4751
          4752 4714 4716 4715 4711 4753
          4754 4752 4716 4754 4716 4717
          4717 4755 4754 4756 4673 4715
          4717 4718 4755 4673 4756 4757
          4676 4673 4757 4719 4755 4718
          4757 4758 4720 4757 4720 4676
          4759 4721 4720 4758 4759 4720
          4679 4723 4677 4760 4722 4721
          4760 4721 4759 4760 4680 4722
          4725 4682 4680 4725 4680 4760
          4723 4679 4681 4761 4724 4725
          4762 4726 4724 4762 4724 4761
          4726 4762 4763 4727 4726 4763
          4688 4727 4763 4688 4763 4649
          4650 4764 4689 4729 4728 4765
          4730 4766 4764 4730 4764 4650
          4767 4691 4729 4691 4767 4768
          4766 4730 4769 4769 4730 4731
          4769 4731 4770 4733 4732 4771
          4733 4771 4772 4734 4733 4772
          4770 4731 4734 4770 4734 4772
          4773 4735 4774 4735 4738 4775
          4735 4775 4774 4736 4773 4776
          4736 4776 4777 4735 4773 4736
          4739 4741 4778 4741 4742 4778
          4777 4779 4736 4736 4779 4740
          4741 4700 4742 4742 4633 4780
          4633 4743 4781 4633 4781 4780
          4743 4782 4781 4783 4740 4779
          4703 4740 4783 4743 4744 4784
          4782 4743 4784 4784 4744 4745
          4784 4745 4785 4706 4703 4783
          4786 4785 4745 4746 4786 4745
          4747 4786 4746 4787 4706 4783
          4748 4786 4747 4788 4786 4748
          4789 4706 4787 4711 4706 4789
          4749 4788 4748 4750 4788 4749
          4790 4788 4750 4751 4790 4750
          4791 4790 4751 4753 4711 4789
          4714 4792 4791 4751 4714 4791
          4793 4753 4789 4714 4752 4792
          4792 4752 4794 4752 4754 4795
          4794 4752 4795 4796 4715 4753
          4793 4796 4753 4755 4795 4754
          4796 4756 4715 4757 4756 4797
          4798 4758 4757 4797 4798 4757
          4677 4799 4719 4800 4758 4798
          4800 4759 4758 4723 4799 4677
          4801 4760 4759 4801 4759 4800
          4802 4725 4760 4802 4760 4801
          4803 4761 4725 4803 4725 4802
          4762 4761 4803 4683 4804 4723
          4763 4762 4805 4649 4763 4805
          4806 4804 4683 4686 4806 4683
          4689 4806 4686 4807 4649 4805
          4649 4807 4728 4728 4807 4808
          4808 4765 4728 4806 4689 4764
          4729 4765 4767 4809 4764 4766
          4768 4767 4810 4811 4768 4810
          4812 4768 4811 4812 4811 4766
          4812 4766 4769 4813 4812 4769
          4770 4813 4769 4691 4768 4732
          4771 4732 4768 4771 4768 4812
          4772 4771 4812 4772 4812 4813
          4772 4813 4770 4814 4815 4816
          4815 4774 4816 4774 4775 4817
          4774 4817 4816 4775 4818 4817
          4776 4814 4819 4776 4819 4820
          4815 4814 4776 4773 4815 4776
          4773 4774 4815 4775 4738 4818
          4738 4739 4818 4739 4778 4818
          4776 4820 4821 4777 4776 4821
          4778 4742 4822 4742 4823 4822
          4779 4777 4824 4777 4821 4824
          4742 4780 4825 4742 4825 4823
          4780 4826 4825 4779 4824 4827
          4783 4779 4827 4780 4781 4828
          4826 4780 4828 4828 4781 4782
          4828 4782 4829 4830 4782 4784
          4829 4782 4830 4830 4784 4785
          4785 4786 4831 4785 4831 4830
          4788 4831 4786 4789 4787 4832
          4789 4832 4833 4834 4790 4791
          4792 4834 4791 4835 4834 4792
          4793 4789 4833 4794 4835 4792
          4793 4833 4836 4836 4837 4796
          4836 4796 4793 4755 4838 4795
          4837 4756 4796 4838 4755 4839
          4797 4756 4837 4755 4719 4840
          4839 4755 4840 4841 4797 4837
          4841 4798 4797 4799 4840 4719
          4842 4800 4798 4842 4798 4841
          4840 4799 4843 4844 4801 4800
          4844 4800 4842 4845 4801 4844
          4799 4723 4843 4845 4802 4801
          4803 4802 4845 4843 4723 4804
          4846 4762 4803 4805 4762 4846
          4847 4805 4846 4848 4805 4847
          4848 4807 4805 4764 4849 4806
          4767 4765 4850 4810 4767 4850
          4851 4849 4764 4809 4851 4764
          4852 4851 4809 4766 4852 4809
          4810 4850 4851 4810 4851 4852
          4810 4852 4811 4811 4852 4766
          4819 4853 4854 4855 4853 4819
          4814 4855 4819 4814 4816 4855
          4855 4817 4856 4816 4817 4855
          4856 4817 4857 4857 4817 4818
          4818 4778 4858 4818 4858 4857
          4854 4859 4819 4819 4859 4820
          4822 4858 4778 4860 4821 4820
          4859 4860 4820 4822 4823 4861
          4823 4825 4862 4823 4862 4861
          4860 4863 4824 4860 4824 4821
          4864 4862 4825 4864 4825 4826
          4827 4824 4863 4827 4863 4865
          4866 4826 4828 4864 4826 4866
          4866 4828 4829 4866 4829 4867
          4783 4827 4865 4783 4865 4868
          4869 4867 4829 4830 4869 4829
          4870 4783 4868 4871 4869 4831
          4831 4869 4830 4787 4783 4870
          4872 4787 4870 4871 4831 4788
          4873 4832 4787 4872 4873 4787
          4874 4871 4788 4790 4874 4788
          4875 4874 4790 4833 4832 4873
          4833 4873 4876 4834 4875 4790
          4835 4875 4834 4877 4835 4794
          4833 4876 4878 4836 4833 4878
          4836 4878 4879 4794 4795 4880
          4877 4794 4880 4881 4837 4836
          4879 4881 4836 4838 4880 4795
          4839 4882 4838 4837 4881 4883
          4839 4840 4882 4884 4841 4837
          4884 4837 4883 4882 4840 4885
          4886 4842 4841 4886 4841 4884
          4842 4886 4844 4843 4885 4840
          4843 4887 4885 4845 4888 4803
          4804 4887 4843 4846 4803 4888
          4804 4889 4887 4890 4847 4846
          4891 4807 4848 4804 4806 4892
          4889 4804 4892 4891 4808 4807
          4808 4891 4893 4765 4808 4893
          4892 4806 4849 4893 4850 4765
          4850 4893 4894 4849 4851 4895
          4896 4849 4895 4897 4850 4894
          4895 4851 4850 4895 4850 4897
          4898 4899 4900 4899 4901 4902
          4901 4903 4902 4901 4904 4903
          4899 4898 4905 4853 4899 4905
          4853 4855 4899 4899 4855 4901
          4901 4856 4904 4855 4856 4901
          4856 4857 4904 4854 4905 4906
          4854 4853 4905 4858 4822 4907
          4858 4907 4908 4909 4859 4854
          4909 4854 4906 4822 4861 4910
          4907 4822 4910 4910 4861 4911
          4909 4912 4860 4909 4860 4859
          4913 4861 4862 4911 4861 4913
          4863 4860 4912 4863 4912 4914
          4862 4864 4915 4913 4862 4915
          4865 4863 4914 4916 4915 4864
          4866 4916 4864 4867 4916 4866
          4868 4865 4914 4868 4914 4917
          4869 4916 4867 4918 4916 4869
          4870 4868 4917 4870 4917 4872
          4869 4871 4918 4871 4919 4918
          4920 4919 4874 4874 4919 4871
          4875 4920 4874 4921 4920 4875
          4876 4873 4922 4923 4921 4875
          4923 4875 4835 4876 4922 4924
          4923 4835 4877 4924 4925 4876
          4925 4878 4876 4878 4925 4879
          4926 4881 4879 4880 4838 4927
          4926 4928 4881 4927 4838 4929
          4929 4838 4882 4928 4883 4881
          4929 4882 4930 4884 4883 4931
          4886 4884 4931 4882 4885 4932
          4930 4882 4932 4844 4886 4931
          4933 4845 4844 4933 4844 4931
          4934 4885 4887 4888 4845 4933
          4846 4888 4890 4935 4887 4889
          4936 4847 4890 4936 4848 4847
          4889 4892 4937 4937 4892 4849
          4937 4849 4896 4937 4896 4938
          4894 4893 4939 4894 4939 4940
          4897 4894 4940 4896 4895 4897
          4896 4897 4940 4896 4940 4938
          4941 4942 4943 4899 4944 4900
          4945 4944 4899 4902 4945 4899
          4902 4903 4946 4902 4946 4945
          4903 4904 4947 4903 4947 4946
          4904 4948 4947 4949 4943 4942
          4949 4942 4950 4898 4943 4949
          4898 4900 4943 4904 4857 4948
          4857 4951 4948 4905 4898 4949
          4857 4858 4952 4857 4952 4951
          4858 4908 4953 4858 4953 4952
          4908 4954 4953 4906 4905 4949
          4908 4907 4955 4954 4908 4955
          4955 4907 4956 4956 4907 4910
          4956 4910 4911 4956 4911 4957
          4909 4958 4912 4959 4957 4911
          4913 4959 4911 4914 4912 4958
          4960 4959 4913 4960 4913 4915
          4961 4960 4916 4916 4960 4915
          4961 4916 4918 4962 4961 4918
          4963 4962 4919 4919 4962 4918
          4922 4872 4964 4873 4872 4922
          4965 4963 4920 4920 4963 4919
          4921 4965 4920 4966 4965 4921
          4923 4967 4966 4923 4966 4921
          4968 4967 4923 4877 4968 4923
          4969 4925 4924 4877 4880 4970
          4971 4925 4969 4879 4925 4971
          4972 4970 4880 4971 4973 4926
          4971 4926 4879 4927 4972 4880
          4974 4928 4926 4973 4974 4926
          4929 4930 4927 4928 4974 4975
          4883 4928 4975 4931 4883 4975
          4932 4885 4934 4931 4976 4933
          4934 4887 4935 4888 4933 4977
          4890 4888 4977 4978 4890 4977
          4936 4890 4978 4979 4936 4978
          4979 4848 4936 4848 4979 4891
          4889 4937 4980 4893 4891 4981
          4980 4937 4982 4982 4937 4938
          4893 4981 4983 4939 4893 4983
          4939 4983 4982 4940 4939 4982
          4938 4940 4982 4984 4944 4985
          4944 4986 4985 4941 4987 4988
          4941 4988 4942 4989 4987 4941
          4943 4989 4941 4989 4900 4984
          4943 4900 4989 4900 4944 4984
          4944 4945 4986 4945 4946 4986
          4946 4947 4990 4946 4990 4986
          4942 4991 4992 4948 4993 4947
          4947 4993 4990 4948 4994 4993
          4942 4992 4950 4948 4951 4994
          4952 4995 4951 4951 4995 4994
          4952 4953 4996 4995 4952 4996
          4996 4953 4954 4996 4954 4997
          4998 4950 4999 4998 4949 4950
          4906 4949 4998 5000 4954 4955
          4997 4954 5000 5000 4955 4956
          5001 4906 4998 4909 4906 5001
          5002 5000 4956 4957 5002 4956
          4909 5001 4958 5003 5002 4957
          5003 4957 4959 4958 5004 4914
          4960 5003 4959 4914 5004 5005
          5006 4960 4961 4917 4914 5005
          4917 5005 5007 5008 5006 4961
          4872 4917 5007 4872 5007 4964
          4962 5008 4961 4963 5009 4962
          4922 4964 5010 4963 4965 5009
          4924 4922 5010 4965 4966 5011
          5009 4965 5011 4967 5011 4966
          4968 5012 4967 5013 5014 4969
          5013 4969 4924 4970 5012 4968
          4877 4970 4968 5014 5015 4969
          4969 5015 5016 4971 4969 5016
          5016 4973 4971 5017 4973 5016
          4927 5018 4972 4973 5017 5019
          4974 4973 5019 4930 5018 4927
          4975 4974 5019 4975 5019 5020
          5021 5018 4930 5022 4931 4975
          5022 4975 5020 4932 5023 5021
          4932 5021 4930 4931 5022 4976
          5023 4932 4934 5024 4933 4976
          5025 4933 5024 5025 4977 4933
          4935 4889 5026 5027 4889 4980
          5026 4889 5027 4891 4979 5028
          5027 4980 5029 5028 4981 4891
          5030 4981 5028 5031 5029 4980
          4982 5031 4980 4981 5030 5032
          4983 4981 5032 4983 5032 5031
          4983 5031 4982 5033 5034 5035
          5034 5036 5035 5034 5033 5037
          5038 5034 5037 5036 5034 5038
          4987 5036 5038 4989 5036 4987
          5039 5036 4989 4984 5039 4989
          4984 4985 5040 4984 5040 5039
          5038 5037 4991 4988 5038 4991
          4987 5038 4988 4986 5041 4985
          4986 5042 5041 4942 4988 4991
          4986 4990 5042 4990 4993 5043
          4990 5043 5042 4991 5044 4992
          4993 4994 5045 5043 4993 5045
          4950 4992 5044 5046 4994 4995
          5045 4994 5046 5046 4995 5047
          4999 5044 5048 4999 4950 5044
          5049 5047 4995 4996 5049 4995
          4997 5049 4996 5050 4999 5048
          4998 4999 5050 5000 5049 4997
          5001 4998 5050 5051 5000 5002
          5052 5001 5050 4958 5001 5052
          5053 5051 5002 5053 5002 5003
          5052 5004 4958 5006 5003 4960
          5054 5006 5008 4964 5007 5055
          5056 5008 4962 5056 4962 5009
          5055 5057 5010 5055 5010 4964
          5010 5058 4924 5011 4967 5012
          5058 5059 5013 5058 5013 4924
          5060 5014 5013 5059 5060 5013
          5061 5014 5060 5061 5015 5014
          5062 5012 4970 5015 5061 5063
          5015 5063 5016 5062 4970 4972
          5016 5063 5017 5062 4972 5018
          5019 5017 5064 5064 5020 5019
          5065 5020 5064 5065 5022 5020
          4976 5022 5065 4976 5065 5024
          5023 4934 5066 5066 4934 4935
          5066 4935 5067 5067 4935 5068
          5069 4978 4977 5070 4978 5069
          5068 4935 5026 4978 5070 5071
          5072 5026 5027 4979 4978 5071
          4979 5071 5073 5074 5072 5027
          5073 5028 4979 5027 5029 5075
          5074 5027 5075 5076 5028 5073
          5028 5076 5077 5030 5028 5077
          5078 5030 5077 5079 5030 5078
          5029 5031 5079 5029 5079 5078
          5029 5078 5075 5032 5030 5079
          5032 5079 5031 5080 5081 5082
          5083 5081 5080 5084 5083 5080
          5035 5083 5084 5085 5083 5035
          5036 5085 5035 5036 5086 5087
          5036 5087 5085 5086 5088 5087
          5080 5082 5089 5090 5080 5089
          5084 5080 5090 5033 5084 5090
          5033 5035 5084 5086 5039 5088
          5036 5039 5086 5039 5040 5088
          5040 5091 5088 5090 5089 5092
          5092 5033 5090 5037 5033 5092
          5040 4985 5091 4985 5041 5091
          5093 5037 5092 4991 5037 5093
          5041 5042 5094 5091 5041 5094
          5095 5042 5043 5094 5042 5095
          5095 5043 5096 5093 5044 4991
          5097 5043 5045 5096 5043 5097
          5098 5097 5045 5046 5098 5045
          5047 5098 5046 5099 5098 5047
          5099 5047 5049 5050 5048 5100
          5000 5099 5049 5101 5050 5100
          5099 5000 5051 5101 5100 5102
          5052 5050 5101 5103 5099 5051
          5103 5051 5053 5104 5101 5102
          5101 5104 5004 5052 5101 5004
          5105 5103 5053 5105 5053 5003
          5004 5104 5106 5004 5106 5005
          5006 5105 5003 5007 5005 5106
          5007 5106 5107 5108 5007 5107
          5055 5007 5108 5008 5109 5054
          5110 5055 5108 5110 5108 5107
          5008 5056 5109 5110 5057 5055
          5111 5109 5056 5009 5111 5056
          5112 5111 5009 5112 5009 5011
          5057 5113 5058 5057 5058 5010
          5012 5112 5011 5113 5114 5058
          5114 5059 5058 5112 5012 5115
          5116 5059 5114 5116 5060 5059
          5117 5061 5060 5117 5060 5116
          5115 5012 5062 5118 5063 5061
          5118 5061 5117 5119 5017 5063
          5119 5063 5118 5064 5017 5119
          5064 5120 5065 5018 5021 5121
          5065 5120 5122 5121 5021 5023
          5121 5023 5123 5024 5065 5122
          5024 5122 5124 5025 5024 5124
          5123 5023 5066 5069 4977 5025
          5125 5067 5068 5126 5125 5068
          5126 5068 5026 5072 5126 5026
          5074 5127 5072 5073 5128 5129
          5076 5073 5129 5074 5075 5130
          5074 5130 5127 5077 5076 5129
          5077 5130 5078 5078 5130 5075
          5131 5132 5133 5134 5131 5135
          5132 5131 5134 5081 5132 5134
          5081 5083 5132 5132 5083 5136
          5136 5085 5137 5083 5085 5136
          5085 5087 5138 5085 5138 5137
          5087 5139 5138 5082 5134 5140
          5134 5135 5140 5082 5081 5134
          5087 5088 5139 5139 5088 5141
          5089 5082 5140 5088 5091 5142
          5141 5088 5142 5140 5143 5089
          5092 5089 5143 5093 5092 5143
          5142 5091 5094 5142 5094 5144
          5144 5094 5095 5144 5095 5096
          5144 5096 5145 5143 5146 5093
          5093 5146 5044 5147 5145 5096
          5097 5147 5096 5148 5147 5097
          5148 5097 5098 5048 5044 5146
          5148 5098 5099 5148 5099 5149
          5102 5100 5150 5102 5150 5151
          5149 5099 5103 5104 5102 5151
          5152 5149 5103 5152 5103 5105
          5153 5152 5105 5153 5105 5006
          5106 5104 5154 5106 5154 5107
          5054 5155 5153 5054 5153 5006
          5107 5154 5156 5157 5155 5054
          5109 5157 5054 5110 5107 5156
          5110 5156 5158 5159 5157 5109
          5160 5110 5158 5057 5110 5160
          5111 5159 5109 5160 5161 5057
          5111 5112 5162 5113 5057 5161
          5113 5163 5114 5115 5164 5162
          5115 5162 5112 5163 5165 5116
          5163 5116 5114 5166 5164 5115
          5167 5117 5116 5167 5116 5165
          5062 5168 5166 5062 5166 5115
          5167 5118 5117 5169 5119 5118
          5169 5118 5167 5170 5062 5018
          5171 5064 5119 5171 5119 5169
          5064 5171 5172 5172 5120 5064
          5120 5172 5124 5173 5018 5121
          5122 5120 5124 5123 5066 5174
          5174 5066 5067 5174 5067 5175
          5175 5067 5125 5175 5125 5176
          5177 5070 5069 5125 5126 5178
          5176 5125 5178 5179 5071 5070
          5179 5070 5177 5126 5072 5180
          5178 5126 5180 5179 5073 5071
          5073 5179 5128 5181 5180 5072
          5127 5181 5072 5129 5128 5182
          5129 5182 5183 5184 5129 5183
          5184 5183 5181 5184 5181 5130
          5130 5181 5127 5129 5184 5077
          5077 5184 5130 5185 5186 5187
          5186 5133 5187 5133 5188 5187
          5188 5189 5190 5191 5185 5192
          5186 5185 5191 5131 5186 5191
          5131 5133 5186 5133 5132 5188
          5132 5136 5188 5188 5137 5189
          5136 5137 5188 5137 5138 5193
          5137 5193 5189 5191 5192 5194
          5135 5191 5194 5135 5131 5191
          5139 5195 5138 5138 5195 5193
          5135 5194 5140 5139 5141 5196
          5195 5139 5196 5197 5141 5142
          5196 5141 5197 5197 5142 5198
          5198 5142 5144 5145 5199 5144
          5146 5143 5200 5147 5199 5145
          5148 5199 5147 5048 5146 5201
          5100 5048 5201 5150 5100 5201
          5202 5203 5148 5202 5148 5149
          5149 5204 5202 5104 5151 5205
          5206 5204 5149 5206 5149 5152
          5206 5152 5153 5205 5154 5104
          5155 5207 5206 5155 5206 5153
          5157 5207 5155 5159 5208 5157
          5209 5160 5158 5210 5208 5159
          5111 5210 5159 5209 5211 5161
          5209 5161 5160 5162 5210 5111
          5212 5113 5161 5211 5212 5161
          5212 5163 5113 5213 5163 5212
          5213 5165 5163 5214 5165 5213
          5165 5214 5215 5167 5165 5215
          5216 5167 5215 5169 5167 5216
          5124 5172 5217 5124 5217 5218
          5173 5121 5219 5124 5218 5220
          5219 5121 5123 5025 5124 5220
          5025 5220 5221 5123 5174 5222
          5223 5069 5025 5223 5025 5221
          5222 5174 5175 5224 5175 5176
          5224 5176 5225 5226 5177 5069
          5226 5069 5223 5176 5178 5227
          5225 5176 5227 5178 5180 5228
          5227 5178 5228 5128 5179 5177
          5128 5177 5229 5180 5181 5230
          5180 5230 5228 5231 5182 5128
          5231 5128 5229 5182 5231 5230
          5182 5230 5183 5183 5230 5181
          5232 5233 5234 5235 5233 5232
          5185 5235 5232 5235 5187 5236
          5185 5187 5235 5236 5187 5190
          5187 5188 5190 5190 5189 5237
          5238 5190 5237 5237 5189 5239
          5240 5232 5234 5192 5232 5240
          5192 5185 5232 5239 5189 5193
          5239 5193 5241 5242 5192 5240
          5194 5192 5242 5241 5193 5195
          5241 5195 5243 5244 5194 5242
          5140 5194 5244 5245 5195 5196
          5243 5195 5245 5246 5245 5196
          5197 5246 5196 5247 5140 5244
          5143 5140 5247 5198 5248 5246
          5198 5246 5197 5248 5198 5249
          5144 5249 5198 5247 5200 5143
          5199 5249 5144 5250 5249 5199
          5250 5199 5148 5203 5250 5148
          5151 5150 5251 5204 5252 5202
          5251 5205 5151 5253 5252 5204
          5253 5204 5206 5154 5205 5254
          5154 5254 5255 5207 5256 5253
          5207 5253 5206 5156 5154 5255
          5157 5257 5207 5258 5158 5156
          5208 5257 5157 5258 5259 5158
          5209 5158 5259 5260 5211 5209
          5259 5260 5209 5258 5260 5259
          5162 5261 5210 5260 5212 5211
          5164 5261 5162 5262 5213 5212
          5214 5213 5262 5164 5166 5263
          5264 5164 5263 5263 5166 5168
          5263 5168 5265 5266 5169 5216
          5170 5265 5168 5062 5170 5168
          5169 5266 5171 5171 5267 5172
          5217 5172 5267 5170 5018 5173
          5220 5218 5268 5269 5220 5268
          5270 5219 5123 5269 5221 5220
          5270 5123 5222 5222 5175 5224
          5225 5227 5271 5271 5272 5273
          5227 5228 5272 5227 5272 5271
          5274 5229 5177 5229 5274 5275
          5231 5229 5275 5231 5275 5273
          5231 5273 5272 5231 5272 5230
          5230 5272 5228 5276 5236 5277
          5236 5278 5277 5278 5279 5277
          5278 5280 5279 5281 5282 5233
          5281 5235 5276 5233 5235 5281
          5235 5236 5276 5236 5190 5278
          5238 5283 5284 5238 5284 5190
          5190 5284 5280 5190 5280 5278
          5282 5285 5286 5234 5282 5286
          5234 5233 5282 5283 5238 5237
          5287 5284 5283 5287 5283 5237
          5287 5237 5239 5288 5234 5286
          5240 5234 5288 5287 5239 5241
          5287 5241 5289 5242 5240 5288
          5289 5241 5290 5290 5241 5243
          5244 5242 5291 5292 5290 5243
          5245 5292 5243 5246 5293 5292
          5246 5292 5245 5247 5244 5291
          5248 5293 5246 5249 5294 5248
          5295 5294 5249 5250 5295 5249
          5201 5146 5200 5296 5295 5250
          5297 5295 5296 5296 5250 5203
          5298 5296 5203 5298 5203 5202
          5299 5201 5300 5150 5201 5299
          5202 5301 5298 5299 5251 5150
          5252 5301 5202 5251 5302 5205
          5254 5205 5302 5254 5302 5303
          5253 5304 5252 5255 5254 5303
          5305 5255 5306 5156 5255 5305
          5257 5256 5207 5306 5307 5305
          5307 5308 5258 5307 5258 5305
          5305 5258 5156 5208 5309 5257
          5308 5310 5258 5311 5309 5208
          5210 5311 5208 5310 5260 5258
          5312 5260 5310 5261 5311 5210
          5312 5212 5260 5261 5164 5264
          5262 5212 5312 5313 5214 5262
          5214 5313 5314 5264 5263 5315
          5215 5214 5314 5215 5314 5216
          5315 5263 5265 5266 5216 5316
          5265 5170 5317 5171 5266 5316
          5171 5316 5267 5317 5170 5318
          5319 5217 5267 5320 5217 5319
          5318 5170 5173 5320 5218 5217
          5268 5218 5320 5173 5219 5321
          5322 5173 5321 5321 5219 5270
          5323 5221 5269 5221 5323 5324
          5223 5221 5324 5325 5326 5224
          5225 5325 5224 5226 5223 5324
          5226 5324 5327 5271 5325 5225
          5328 5325 5271 5329 5177 5226
          5329 5226 5327 5177 5329 5330
          5274 5177 5330 5275 5274 5330
          5275 5328 5273 5273 5328 5271
          5331 5332 5333 5331 5334 5332
          5334 5335 5332 5334 5336 5335
          5277 5331 5337 5279 5331 5277
          5334 5331 5279 5338 5336 5334
          5338 5334 5279 5339 5340 5341
          5281 5337 5341 5281 5341 5340
          5337 5276 5277 5281 5276 5337
          5342 5338 5279 5342 5279 5280
          5340 5339 5343 5285 5340 5343
          5340 5282 5281 5285 5282 5340
          5344 5342 5280 5284 5344 5280
          5345 5285 5343 5286 5285 5345
          5346 5344 5284 5346 5284 5287
          5347 5286 5345 5288 5286 5347
          5289 5346 5287 5242 5288 5347
          5290 5348 5289 5291 5242 5347
          5349 5348 5290 5349 5290 5292
          5293 5349 5292 5349 5293 5350
          5351 5291 5352 5351 5247 5291
          5353 5350 5293 5248 5353 5293
          5294 5353 5248 5295 5353 5294
          5200 5247 5351 5300 5200 5351
          5201 5200 5300 5298 5297 5296
          5299 5354 5251 5304 5301 5252
          5251 5354 5355 5302 5251 5355
          5302 5355 5356 5302 5356 5303
          5253 5357 5304 5256 5358 5357
          5256 5357 5253 5359 5306 5255
          5303 5359 5255 5358 5256 5257
          5358 5257 5309 5360 5307 5306
          5360 5306 5359 5360 5308 5307
          5361 5308 5360 5361 5310 5308
          5312 5310 5361 5311 5261 5362
          5362 5261 5264 5262 5312 5363
          5315 5364 5264 5315 5365 5364
          5366 5216 5314 5367 5216 5366
          5216 5367 5368 5316 5216 5368
          5317 5365 5315 5317 5315 5265
          5368 5267 5316 5267 5368 5319
          5365 5317 5318 5173 5322 5318
          5321 5369 5322 5269 5268 5370
          5323 5269 5370 5369 5321 5270
          5369 5270 5371 5270 5222 5372
          5371 5270 5372 5324 5323 5373
          5372 5222 5224 5372 5224 5326
          5372 5326 5374 5375 5324 5373
          5326 5325 5376 5374 5326 5376
          5377 5327 5324 5377 5324 5375
          5327 5377 5378 5325 5328 5379
          5325 5379 5376 5327 5378 5329
          5330 5329 5378 5330 5378 5380
          5275 5330 5380 5275 5380 5379
          5275 5379 5328 5381 5382 5383
          5382 5384 5385 5382 5385 5383
          5384 5386 5385 5387 5388 5389
          5387 5389 5390 5388 5381 5389
          5382 5381 5388 5391 5382 5388
          5384 5382 5391 5333 5384 5391
          5333 5392 5393 5333 5393 5386
          5333 5386 5384 5392 5394 5395
          5392 5395 5393 5394 5396 5397
          5394 5397 5395 5396 5398 5397
          5331 5391 5388 5331 5333 5391
          5333 5332 5392 5392 5332 5394
          5394 5335 5396 5332 5335 5394
          5399 5398 5396 5399 5396 5335
          5399 5335 5336 5400 5401 5402
          5400 5402 5403 5341 5387 5401
          5388 5387 5341 5341 5337 5388
          5337 5331 5388 5336 5338 5404
          5399 5336 5404 5400 5403 5405
          5406 5400 5405 5401 5400 5406
          5339 5401 5406 5339 5341 5401
          5404 5342 5407 5338 5342 5404
          5406 5405 5408 5409 5406 5408
          5409 5339 5406 5343 5339 5409
          5344 5407 5342 5409 5408 5410
          5410 5343 5409 5345 5343 5410
          5411 5410 5408 5347 5410 5411
          5347 5345 5410 5289 5412 5346
          5348 5413 5412 5348 5412 5289
          5347 5411 5414 5413 5348 5415
          5349 5415 5348 5347 5414 5416
          5352 5347 5416 5352 5291 5347
          5417 5415 5349 5350 5418 5417
          5350 5417 5349 5352 5416 5419
          5351 5352 5419 5353 5418 5350
          5420 5418 5353 5295 5420 5353
          5421 5420 5295 5351 5419 5422
          5297 5421 5295 5423 5421 5297
          5351 5422 5300 5300 5422 5424
          5298 5423 5297 5300 5424 5354
          5299 5300 5354 5301 5425 5426
          5301 5426 5298 5304 5425 5301
          5357 5427 5304 5428 5303 5356
          5427 5357 5429 5429 5357 5358
          5430 5303 5428 5430 5359 5303
          5429 5358 5431 5431 5358 5309
          5432 5360 5359 5433 5431 5309
          5434 5361 5360 5434 5360 5432
          5311 5433 5309 5363 5312 5361
          5363 5361 5434 5435 5433 5311
          5362 5435 5311 5362 5436 5435
          5437 5262 5363 5313 5262 5437
          5438 5313 5437 5364 5439 5436
          5364 5436 5362 5364 5362 5264
          5440 5314 5313 5440 5313 5438
          5440 5366 5314 5439 5364 5365
          5441 5366 5440 5367 5366 5441
          5439 5365 5442 5368 5367 5441
          5443 5368 5441 5319 5368 5443
          5444 5442 5365 5318 5444 5365
          5445 5319 5443 5319 5445 5446
          5320 5319 5446 5322 5447 5444
          5322 5444 5318 5320 5446 5370
          5320 5370 5268 5447 5322 5369
          5447 5369 5448 5448 5369 5371
          5371 5372 5449 5450 5371 5449
          5451 5449 5372 5374 5451 5372
          5452 5375 5373 5453 5451 5374
          5453 5374 5376 5454 5377 5375
          5454 5375 5452 5377 5454 5455
          5378 5377 5455 5378 5455 5456
          5380 5378 5456 5380 5456 5453
          5380 5453 5379 5379 5453 5376
          5457 5458 5459 5460 5390 5461
          5457 5461 5390 5458 5383 5462
          5458 5462 5459 5383 5463 5462
          5464 5465 5466 5390 5460 5464
          5389 5457 5390 5458 5457 5389
          5381 5458 5389 5381 5383 5458
          5383 5385 5463 5463 5385 5386
          5463 5386 5467 5463 5467 5468
          5469 5466 5465 5387 5464 5466
          5390 5464 5387 5467 5386 5393
          5393 5395 5468 5467 5393 5468
          5395 5397 5470 5395 5470 5471
          5395 5471 5468 5398 5470 5397
          5472 5473 5474 5472 5474 5475
          5469 5473 5472 5476 5469 5472
          5466 5469 5476 5402 5466 5476
          5401 5466 5402 5401 5387 5466
          5477 5471 5470 5477 5470 5398
          5477 5398 5399 5478 5472 5475
          5476 5472 5478 5479 5476 5478
          5402 5476 5479 5403 5402 5479
          5480 5477 5404 5404 5477 5399
          5479 5478 5481 5405 5403 5479
          5404 5407 5480 5482 5479 5481
          5482 5405 5479 5408 5405 5482
          5407 5344 5483 5346 5483 5344
          5412 5483 5346 5484 5408 5482
          5484 5482 5485 5484 5411 5408
          5414 5411 5484 5415 5486 5413
          5487 5484 5485 5487 5414 5484
          5416 5414 5487 5488 5486 5415
          5488 5415 5417 5489 5416 5487
          5490 5488 5417 5490 5417 5418
          5491 5416 5489 5419 5416 5491
          5490 5418 5420 5492 5490 5420
          5421 5492 5420 5493 5492 5421
          5494 5419 5495 5422 5419 5494
          5423 5493 5421 5496 5493 5423
          5494 5495 5497 5498 5496 5423
          5499 5494 5497 5499 5422 5494
          5424 5422 5499 5426 5498 5423
          5426 5423 5298 5500 5354 5499
          5499 5354 5424 5501 5502 5426
          5425 5501 5426 5503 5354 5500
          5304 5501 5425 5504 5354 5503
          5355 5354 5504 5505 5501 5304
          5504 5506 5355 5356 5355 5506
          5427 5505 5304 5506 5428 5356
          5430 5507 5432 5430 5432 5359
          5508 5434 5432 5508 5432 5507
          5509 5363 5434 5509 5434 5508
          5433 5435 5510 5509 5437 5363
          5510 5435 5436 5510 5436 5511
          5511 5436 5439 5441 5440 5512
          5439 5442 5513 5514 5441 5512
          5443 5441 5514 5443 5514 5515
          5445 5443 5515 5442 5444 5516
          5446 5445 5515 5516 5444 5447
          5370 5517 5518 5323 5370 5518
          5448 5371 5450 5448 5450 5519
          5518 5373 5323 5450 5449 5520
          5519 5450 5520 5521 5373 5518
          5521 5452 5373 5449 5451 5522
          5520 5449 5522 5523 5452 5521
          5452 5523 5524 5454 5452 5524
          5525 5454 5524 5455 5454 5525
          5526 5455 5525 5456 5455 5526
          5451 5453 5456 5451 5456 5526
          5451 5526 5522 5527 5528 5529
          5528 5530 5531 5528 5531 5529
          5530 5532 5533 5530 5533 5531
          5532 5534 5533 5528 5527 5535
          5460 5528 5535 5530 5528 5460
          5461 5530 5460 5532 5530 5461
          5457 5532 5461 5457 5459 5534
          5532 5457 5534 5534 5459 5536
          5534 5536 5537 5464 5535 5538
          5464 5538 5465 5460 5535 5464
          5536 5459 5462 5539 5537 5536
          5539 5536 5462 5539 5462 5463
          5463 5468 5540 5463 5540 5539
          5474 5541 5542 5543 5541 5474
          5473 5543 5474 5543 5469 5465
          5473 5469 5543 5544 5540 5468
          5471 5544 5468 5542 5545 5546
          5474 5542 5546 5475 5474 5546
          5547 5544 5471 5547 5471 5477
          5478 5475 5546 5480 5547 5477
          5478 5546 5548 5478 5548 5481
          5483 5480 5407 5549 5481 5548
          5482 5481 5549 5482 5549 5550
          5412 5551 5483 5552 5550 5553
          5482 5550 5552 5485 5482 5552
          5413 5551 5412 5552 5553 5554
          5555 5551 5413 5555 5413 5486
          5556 5552 5554 5485 5552 5556
          5489 5485 5556 5487 5485 5489
          5555 5486 5488 5489 5556 5557
          5558 5488 5490 5558 5490 5492
          5492 5493 5559 5558 5492 5559
          5495 5491 5560 5495 5419 5491
          5559 5493 5496 5561 5559 5496
          5495 5560 5562 5497 5495 5562
          5498 5561 5496 5563 5561 5498
          5499 5497 5562 5564 5563 5498
          5564 5498 5426 5562 5565 5500
          5562 5500 5499 5502 5564 5426
          5566 5500 5565 5567 5500 5566
          5503 5500 5567 5568 5504 5503
          5567 5568 5503 5505 5569 5570
          5505 5570 5501 5568 5506 5504
          5569 5505 5427 5571 5506 5568
          5571 5428 5506 5569 5427 5572
          5572 5427 5429 5573 5428 5571
          5573 5430 5428 5572 5429 5574
          5574 5429 5431 5575 5430 5573
          5575 5507 5430 5574 5431 5576
          5576 5431 5433 5507 5575 5577
          5508 5507 5577 5578 5576 5433
          5579 5509 5508 5579 5508 5577
          5510 5580 5578 5510 5578 5433
          5580 5510 5581 5581 5510 5511
          5582 5437 5509 5582 5509 5579
          5437 5582 5583 5438 5437 5583
          5438 5583 5584 5440 5438 5584
          5512 5440 5584 5512 5584 5585
          5586 5439 5513 5587 5513 5442
          5588 5515 5514 5587 5442 5516
          5589 5516 5447 5517 5370 5446
          5517 5446 5590 5589 5447 5448
          5589 5448 5591 5518 5517 5592
          5593 5591 5448 5519 5593 5448
          5594 5518 5592 5595 5593 5519
          5595 5519 5520 5594 5521 5518
          5521 5594 5596 5523 5521 5596
          5597 5523 5596 5595 5598 5599
          5598 5595 5520 5598 5520 5522
          5524 5523 5597 5525 5524 5597
          5525 5597 5599 5526 5525 5599
          5526 5599 5598 5526 5598 5522
          5600 5601 5527 5529 5531 5600
          5527 5529 5600 5533 5534 5602
          5603 5604 5605 5538 5601 5603
          5538 5603 5605 5538 5527 5601
          5535 5527 5538 5534 5537 5606
          5534 5606 5602 5607 5608 5609
          5609 5543 5604 5609 5604 5607
          5604 5543 5605 5605 5543 5465
          5465 5538 5605 5606 5537 5610
          5539 5610 5537 5611 5541 5612
          5608 5612 5541 5608 5541 5609
          5541 5543 5609 5613 5610 5539
          5540 5613 5539 5614 5615 5616
          5542 5611 5614 5542 5614 5616
          5541 5611 5542 5617 5613 5540
          5544 5617 5540 5618 5616 5615
          5545 5616 5618 5542 5616 5545
          5619 5617 5544 5619 5544 5547
          5545 5618 5620 5621 5545 5620
          5546 5545 5621 5480 5619 5547
          5548 5546 5621 5619 5480 5622
          5623 5621 5620 5624 5621 5623
          5621 5624 5548 5480 5483 5622
          5624 5623 5625 5626 5624 5625
          5548 5624 5626 5549 5548 5626
          5626 5625 5627 5550 5549 5626
          5628 5622 5483 5551 5628 5483
          5626 5627 5629 5550 5626 5629
          5553 5550 5629 5629 5630 5631
          5553 5629 5631 5554 5553 5631
          5632 5551 5555 5556 5554 5631
          5632 5555 5488 5556 5631 5557
          5632 5488 5558 5633 5632 5558
          5489 5557 5634 5491 5489 5634
          5635 5558 5559 5560 5491 5634
          5636 5635 5559 5636 5559 5561
          5637 5560 5634 5562 5560 5637
          5636 5561 5563 5637 5638 5562
          5564 5639 5563 5638 5565 5562
          5640 5639 5564 5502 5640 5564
          5501 5641 5640 5501 5640 5502
          5642 5567 5566 5565 5642 5566
          5641 5501 5570 5642 5643 5568
          5642 5568 5567 5644 5570 5569
          5643 5645 5568 5645 5646 5571
          5645 5571 5568 5647 5569 5572
          5644 5569 5647 5646 5648 5571
          5571 5648 5573 5647 5572 5574
          5649 5575 5573 5649 5573 5648
          5576 5578 5574 5650 5575 5649
          5575 5650 5577 5651 5579 5577
          5579 5651 5652 5579 5652 5653
          5579 5653 5582 5654 5580 5581
          5654 5581 5655 5583 5582 5653
          5583 5653 5584 5655 5581 5511
          5586 5511 5439 5655 5511 5586
          5514 5512 5656 5586 5513 5657
          5658 5514 5656 5514 5658 5588
          5657 5513 5587 5515 5588 5590
          5659 5587 5516 5590 5446 5515
          5516 5589 5660 5659 5516 5660
          5661 5517 5590 5517 5661 5662
          5660 5589 5663 5663 5589 5591
          5592 5517 5662 5592 5662 5664
          5592 5664 5665 5591 5593 5666
          5663 5591 5666 5592 5665 5667
          5592 5667 5594 5668 5594 5667
          5593 5595 5669 5593 5669 5666
          5596 5594 5668 5597 5596 5668
          5597 5668 5670 5599 5597 5670
          5599 5670 5669 5599 5669 5595
          5671 5601 5672 5600 5673 5672
          5601 5600 5672 5531 5674 5673
          5600 5531 5673 5531 5533 5674
          5533 5602 5674 5675 5676 5604
          5671 5675 5604 5671 5604 5603
          5671 5603 5601 5674 5602 5677
          5678 5677 5602 5606 5678 5602
          5679 5680 5681 5676 5679 5681
          5676 5681 5608 5676 5608 5607
          5676 5607 5604 5610 5678 5606
          5680 5682 5611 5680 5611 5612
          5681 5680 5612 5612 5608 5681
          5678 5610 5683 5613 5683 5610
          5684 5685 5686 5687 5684 5686
          5687 5686 5615 5687 5615 5614
          5687 5614 5682 5614 5611 5682
          5683 5613 5688 5688 5613 5617
          5689 5686 5685 5689 5685 5690
          5689 5615 5686 5618 5615 5689
          5617 5619 5691 5692 5689 5690
          5692 5618 5689 5620 5618 5692
          5693 5691 5619 5692 5694 5620
          5619 5622 5695 5693 5619 5695
          5620 5694 5696 5623 5620 5696
          5623 5696 5697 5625 5623 5697
          5698 5695 5622 5699 5697 5700
          5697 5699 5627 5625 5697 5627
          5698 5622 5628 5701 5698 5628
          5702 5699 5700 5703 5699 5702
          5627 5699 5703 5629 5627 5703
          5701 5628 5551 5629 5703 5630
          5701 5551 5632 5704 5705 5706
          5705 5702 5706 5703 5702 5705
          5707 5703 5705 5630 5703 5707
          5708 5709 5701 5708 5701 5632
          5707 5705 5710 5711 5630 5707
          5630 5711 5557 5631 5630 5557
          5712 5708 5632 5712 5632 5633
          5557 5711 5713 5634 5557 5713
          5635 5633 5558 5714 5634 5713
          5637 5634 5714 5563 5639 5636
          5715 5638 5714 5714 5638 5637
          5716 5565 5638 5717 5639 5641
          5640 5641 5639 5718 5565 5716
          5718 5719 5642 5718 5642 5565
          5570 5644 5641 5719 5643 5642
          5720 5645 5643 5721 5645 5720
          5721 5646 5645 5722 5644 5647
          5723 5646 5721 5648 5646 5723
          5724 5722 5647 5574 5724 5647
          5649 5648 5723 5649 5723 5725
          5578 5726 5724 5578 5724 5574
          5650 5649 5725 5650 5651 5577
          5726 5578 5580 5727 5653 5652
          5584 5653 5727 5585 5584 5727
          5512 5585 5728 5656 5512 5728
          5656 5728 5729 5730 5658 5656
          5730 5656 5729 5658 5730 5731
          5588 5658 5731 5732 5657 5587
          5731 5590 5588 5733 5732 5587
          5659 5733 5587 5734 5590 5731
          5590 5734 5735 5661 5590 5735
          5733 5659 5736 5660 5737 5736
          5660 5736 5659 5662 5661 5735
          5662 5735 5738 5662 5738 5664
          5665 5664 5739 5660 5740 5737
          5740 5660 5663 5665 5739 5741
          5665 5741 5667 5742 5743 5667
          5741 5742 5667 5740 5744 5743
          5742 5740 5743 5663 5666 5744
          5740 5663 5744 5668 5667 5743
          5670 5668 5743 5670 5743 5744
          5669 5670 5744 5669 5744 5666
          5672 5673 5745 5673 5674 5746
          5673 5746 5745 5671 5747 5748
          5675 5671 5748 5749 5747 5671
          5672 5749 5671 5672 5745 5749
          5746 5674 5677 5678 5750 5677
          5751 5752 5680 5753 5751 5680
          5753 5680 5679 5676 5675 5753
          5679 5676 5753 5746 5677 5754
          5677 5750 5754 5682 5752 5755
          5687 5682 5755 5752 5682 5680
          5750 5678 5756 5683 5756 5678
          5757 5685 5684 5755 5684 5687
          5756 5683 5688 5690 5685 5757
          5758 5690 5757 5691 5688 5617
          5759 5690 5758 5759 5758 5760
          5692 5690 5759 5691 5693 5761
          5694 5759 5760 5694 5760 5762
          5694 5692 5759 5763 5761 5695
          5761 5693 5695 5764 5694 5762
          5764 5762 5765 5696 5694 5764
          5697 5764 5765 5697 5765 5766
          5697 5696 5764 5767 5763 5695
          5767 5695 5698 5700 5766 5768
          5700 5768 5769 5697 5766 5700
          5770 5767 5698 5770 5698 5701
          5769 5768 5771 5772 5770 5701
          5769 5771 5773 5774 5700 5769
          5702 5700 5774 5706 5702 5774
          5709 5772 5701 5775 5772 5709
          5776 5769 5773 5776 5773 5777
          5778 5769 5776 5774 5769 5778
          5704 5774 5778 5704 5706 5774
          5708 5775 5709 5779 5775 5708
          5776 5777 5780 5778 5776 5780
          5781 5778 5780 5778 5781 5710
          5704 5778 5710 5705 5704 5710
          5782 5779 5708 5781 5780 5783
          5710 5781 5783 5784 5710 5783
          5707 5710 5785 5711 5707 5785
          5712 5782 5708 5783 5786 5787
          5784 5783 5787 5710 5784 5788
          5785 5710 5788 5713 5711 5785
          5789 5712 5633 5789 5633 5790
          5790 5633 5635 5790 5635 5636
          5791 5792 5788 5785 5788 5792
          5785 5792 5793 5713 5785 5793
          5794 5713 5793 5714 5713 5794
          5636 5795 5790 5639 5795 5636
          5794 5793 5796 5794 5796 5715
          5714 5794 5715 5717 5795 5639
          5715 5796 5797 5797 5716 5715
          5715 5716 5638 5797 5798 5716
          5798 5718 5716 5717 5641 5799
          5800 5718 5798 5800 5719 5718
          5799 5641 5644 5801 5719 5800
          5801 5643 5719 5802 5720 5643
          5802 5643 5801 5721 5720 5802
          5722 5803 5804 5644 5722 5804
          5722 5724 5726 5803 5722 5726
          5805 5725 5723 5725 5805 5650
          5650 5805 5806 5651 5650 5806
          5580 5807 5726 5652 5651 5806
          5654 5808 5807 5580 5654 5807
          5809 5808 5654 5810 5585 5727
          5811 5809 5655 5655 5809 5654
          5585 5810 5812 5728 5585 5812
          5586 5813 5811 5586 5811 5655
          5814 5729 5728 5814 5728 5812
          5729 5814 5730 5813 5586 5657
          5731 5730 5815 5732 5816 5813
          5657 5732 5813 5731 5815 5817
          5734 5731 5817 5732 5733 5818
          5816 5732 5818 5735 5734 5817
          5735 5817 5819 5738 5735 5819
          5820 5738 5819 5821 5822 5823
          5733 5823 5818 5821 5823 5733
          5821 5733 5736 5737 5821 5736
          5664 5738 5820 5739 5664 5820
          5741 5739 5822 5822 5821 5742
          5822 5742 5741 5740 5742 5821
          5740 5821 5737 5748 5747 5824
          5747 5749 5825 5747 5825 5824
          5749 5745 5826 5749 5826 5825
          5745 5746 5826 5827 5752 5751
          5827 5751 5828 5753 5829 5828
          5751 5753 5828 5675 5830 5829
          5753 5675 5829 5831 5830 5675
          5748 5831 5675 5748 5824 5831
          5826 5746 5754 5752 5827 5832
          5752 5832 5755 5754 5750 5833
          5833 5750 5756 5832 5834 5755
          5755 5834 5757 5755 5757 5684
          5833 5756 5835 5835 5756 5688
          5834 5836 5758 5757 5834 5758
          5688 5691 5837 5835 5688 5837
          5760 5758 5836 5838 5760 5836
          5837 5691 5761 5762 5760 5838
          5762 5838 5839 5761 5763 5840
          5841 5842 5765 5839 5841 5765
          5839 5765 5762 5843 5768 5842
          5842 5768 5765 5765 5768 5766
          5763 5767 5844 5840 5763 5844
          5845 5846 5847 5771 5843 5845
          5771 5845 5847 5768 5843 5771
          5844 5767 5848 5848 5767 5770
          5849 5847 5846 5849 5846 5850
          5771 5847 5849 5772 5851 5848
          5772 5848 5770 5849 5850 5852
          5773 5849 5852 5773 5771 5849
          5775 5851 5772 5853 5851 5775
          5777 5773 5852 5779 5853 5775
          5782 5853 5779 5777 5852 5854
          5855 5777 5854 5855 5780 5777
          5783 5780 5855 5855 5854 5856
          5855 5856 5857 5855 5857 5786
          5783 5855 5786 5858 5782 5712
          5858 5712 5789 5856 5859 5857
          5786 5857 5859 5786 5859 5860
          5786 5860 5861 5862 5786 5861
          5787 5786 5862 5863 5787 5862
          5784 5787 5863 5864 5784 5863
          5784 5864 5791 5788 5784 5791
          5865 5858 5789 5790 5865 5789
          5860 5866 5861 5862 5861 5866
          5863 5862 5867 5864 5863 5867
          5864 5867 5868 5791 5864 5868
          5869 5791 5868 5791 5869 5792
          5795 5865 5790 5869 5868 5870
          5792 5869 5870 5792 5870 5871
          5871 5872 5792 5792 5872 5793
          5796 5793 5872 5717 5873 5795
          5874 5796 5872 5797 5796 5874
          5875 5873 5717 5799 5876 5875
          5717 5799 5875 5877 5799 5644
          5876 5799 5877 5644 5804 5878
          5879 5721 5802 5804 5803 5880
          5804 5880 5878 5881 5723 5721
          5881 5721 5879 5726 5880 5803
          5882 5805 5723 5882 5723 5881
          5882 5806 5805 5883 5880 5726
          5807 5884 5883 5807 5883 5726
          5885 5652 5806 5885 5727 5652
          5807 5808 5886 5807 5886 5884
          5887 5727 5885 5888 5727 5887
          5809 5889 5886 5809 5886 5808
          5888 5810 5727 5890 5889 5809
          5811 5890 5809 5812 5810 5888
          5811 5891 5890 5730 5814 5892
          5813 5893 5891 5813 5891 5811
          5815 5730 5892 5893 5813 5894
          5813 5816 5894 5817 5815 5895
          5817 5895 5819 5896 5897 5898
          5816 5899 5896 5898 5816 5896
          5894 5816 5898 5899 5816 5818
          5897 5739 5820 5897 5896 5822
          5897 5822 5739 5823 5822 5896
          5823 5896 5899 5823 5899 5818
          5828 5900 5827 5828 5829 5901
          5828 5901 5900 5829 5830 5902
          5829 5902 5901 5830 5831 5903
          5830 5903 5902 5831 5824 5904
          5831 5904 5903 5824 5825 5905
          5824 5905 5904 5825 5826 5754
          5825 5754 5905 5827 5906 5832
          5907 5906 5827 5907 5827 5900
          5907 5900 5901 5902 5903 5908
          5909 5902 5908 5904 5905 5908
          5903 5904 5908 5754 5910 5911
          5905 5754 5911 5754 5912 5910
          5833 5912 5754 5913 5834 5832
          5913 5832 5914 5906 5914 5832
          5908 5905 5915 5911 5916 5915
          5905 5911 5915 5911 5910 5916
          5910 5917 5916 5912 5918 5917
          5910 5912 5917 5918 5912 5833
          5918 5833 5919 5835 5919 5833
          5834 5920 5921 5836 5834 5921
          5920 5834 5913 5915 5916 5922
          5916 5917 5922 5917 5918 5922
          5919 5837 5922 5918 5919 5922
          5837 5919 5835 5923 5838 5924
          5921 5838 5836 5924 5838 5921
          5925 5915 5922 5926 5915 5925
          5922 5927 5925 5837 5928 5927
          5922 5837 5927 5928 5837 5761
          5923 5929 5930 5839 5838 5923
          5930 5839 5923 5926 5925 5931
          5925 5927 5931 5927 5932 5931
          5927 5928 5840 5927 5840 5932
          5840 5928 5761 5933 5842 5929
          5929 5842 5930 5930 5842 5841
          5841 5839 5930 5931 5932 5934
          5933 5845 5843 5843 5842 5933
          5932 5935 5934 5935 5932 5840
          5935 5840 5844 5933 5936 5846
          5933 5846 5845 5936 5937 5938
          5936 5938 5846 5846 5938 5850
          5935 5844 5939 5939 5844 5848
          5939 5848 5851 5940 5938 5937
          5940 5850 5938 5852 5850 5940
          5851 5941 5939 5941 5851 5853
          5942 5940 5943 5942 5852 5940
          5939 5941 5944 5944 5941 5853
          5942 5943 5945 5944 5853 5782
          5946 5942 5945 5946 5852 5942
          5854 5852 5946 5947 5944 5782
          5946 5948 5856 5854 5946 5856
          5858 5949 5947 5858 5947 5782
          5856 5948 5950 5950 5951 5856
          5856 5951 5859 5860 5859 5951
          5952 5949 5858 5865 5952 5858
          5951 5953 5866 5951 5866 5860
          5862 5866 5954 5867 5862 5954
          5955 5952 5795 5795 5952 5865
          5954 5866 5953 5956 5868 5867
          5956 5867 5954 5870 5868 5956
          5957 5870 5956 5873 5955 5795
          5871 5870 5957 5958 5872 5871
          5958 5871 5957 5874 5872 5958
          5959 5873 5875 5958 5960 5874
          5874 5960 5798 5874 5798 5797
          5875 5876 5959 5961 5798 5960
          5961 5800 5798 5962 5800 5961
          5962 5801 5800 5644 5963 5877
          5964 5801 5962 5802 5801 5964
          5965 5802 5964 5963 5644 5966
          5966 5644 5878 5879 5802 5965
          5966 5878 5967 5967 5878 5880
          5968 5967 5880 5883 5968 5880
          5806 5882 5885 5883 5884 5969
          5969 5884 5970 5970 5884 5886
          5889 5970 5886 5890 5971 5889
          5972 5812 5888 5812 5972 5973
          5814 5812 5973 5974 5971 5890
          5975 5974 5890 5891 5975 5890
          5892 5814 5973 5892 5973 5976
          5974 5975 5977 5978 5979 5977
          5978 5977 5891 5891 5977 5975
          5893 5978 5891 5980 5815 5892
          5980 5892 5976 5815 5980 5981
          5982 5983 5984 5978 5985 5982
          5984 5978 5982 5979 5978 5984
          5985 5978 5893 5985 5893 5894
          5815 5981 5895 5819 5895 5981
          5819 5981 5986 5820 5819 5986
          5820 5986 5983 5897 5820 5983
          5897 5983 5982 5897 5982 5985
          5898 5897 5985 5898 5985 5894
          5901 5902 5909 5987 5906 5907
          5987 5907 5901 5901 5909 5987
          5909 5908 5915 5920 5988 5989
          5920 5989 5921 5990 5988 5920
          5913 5990 5920 5914 5990 5913
          5914 5906 5991 5990 5914 5991
          5906 5992 5991 5906 5987 5992
          5909 5993 5987 5909 5915 5993
          5994 5923 5924 5921 5995 5924
          5995 5921 5989 5987 5993 5996
          5915 5926 5996 5993 5915 5996
          5997 5929 5998 5994 5998 5929
          5994 5929 5923 5996 5926 5999
          6000 5996 5999 5999 5926 5931
          5997 6001 5933 5933 5929 5997
          5931 5934 6002 5999 5931 6002
          6001 6003 5933 6002 5934 6004
          5934 6005 6004 6006 5936 6003
          5936 5933 6003 6005 5934 5935
          6007 5937 6006 6006 5937 5936
          6008 6004 6005 5935 5939 6008
          6005 5935 6008 5940 5937 6007
          6009 5940 6007 5943 6009 6010
          5943 5940 6009 6008 5939 6011
          5945 5943 6010 5945 6010 6012
          6011 5939 6013 6013 5939 5944
          6012 6014 6015 6016 5945 6012
          6016 6012 6015 5946 5945 6016
          5947 6017 6013 5947 6013 5944
          6018 6015 6014 6018 6014 6019
          6016 6015 6018 6020 6016 6018
          6020 5946 6016 5948 5946 6020
          6021 6017 5947 5949 6021 5947
          6019 6022 6018 6020 6018 6022
          6022 6023 6020 6020 6023 5948
          5950 5948 6023 5952 6024 6021
          5952 6021 5949 6024 5952 6025
          6025 5952 5955 5953 5951 5950
          5954 5953 6026 6025 5955 6027
          6027 5955 5873 6028 5957 5956
          6028 5956 5954 5958 5957 6028
          5873 5959 6027 5958 6028 6029
          6030 5960 5958 6030 5958 6029
          6031 5960 6030 5961 5960 6031
          5964 5961 6031 5959 5876 6032
          6032 5876 5877 5964 5962 5961
          6032 5877 6033 5877 5963 6033
          5879 5965 6034 6034 5881 5879
          5881 6034 6035 5882 5881 6035
          5968 5883 5969 5882 6036 6037
          5885 5882 6037 5885 6037 6038
          5887 5885 6038 6039 5969 5970
          5888 5887 6040 5970 5889 6041
          6039 5970 6041 5888 6040 5972
          6041 5889 6042 6042 5889 5971
          5973 5972 6043 5971 5974 6044
          6042 5971 6044 6045 5976 5973
          6045 5973 6043 5976 6045 6046
          5980 5976 6046 6047 5980 6046
          5981 5980 6047 6044 6048 6049
          6048 6044 5974 6048 5974 5977
          5979 6048 5977 5981 6047 6050
          5981 6050 6049 5986 5981 6049
          5986 6049 6048 5986 6048 5983
          5984 5983 6048 5984 6048 5979
          6051 5994 5924 5995 6052 6051
          5924 5995 6051 6053 6052 5995
          5989 6053 5995 5988 6053 5989
          5988 5990 6054 6053 5988 6054
          6054 5990 5991 6054 5991 6055
          5991 5992 6055 5992 5987 6056
          5996 6056 5987 5998 6057 6058
          5997 5998 6058 5994 6059 6057
          5998 5994 6057 6059 5994 6051
          6056 5996 6000 6058 6001 5997
          6060 6001 6058 6056 6000 6061
          6061 6000 5999 6060 6003 6001
          6062 6003 6060 6061 5999 6063
          6063 5999 6002 6063 6002 6064
          6004 6064 6002 6006 6003 6062
          6065 6006 6062 6063 6064 6066
          6066 6064 6004 6065 6007 6006
          6066 6004 6008 6067 6009 6007
          6067 6007 6065 6068 6066 6008
          6068 6008 6011 6009 6067 6069
          6010 6009 6069 6012 6010 6069
          6070 6012 6069 6068 6011 6071
          6072 6014 6012 6072 6012 6070
          6017 6071 6011 6017 6011 6013
          6014 6072 6073 6019 6014 6073
          6074 6071 6017 6074 6017 6021
          6073 6022 6019 6022 6073 6075
          6075 6023 6022 6024 6074 6021
          6076 6023 6075 6023 6076 5950
          5950 6077 6078 5953 5950 6078
          6026 5953 6078 6027 6079 6025
          6078 6080 6026 6080 5954 6026
          5954 6080 6081 6028 5954 6081
          6028 6081 6082 6029 6028 6082
          6030 6029 6082 6082 6083 6030
          6083 6031 6030 6084 5964 6031
          6084 6031 6083 5963 6085 6033
          6086 5964 6084 6086 5965 5964
          6087 5963 5966 6085 5963 6087
          5965 6086 6034 6088 6087 5966
          5967 6088 5966 5968 6089 6088
          5968 6088 5967 5882 6035 6090
          6036 5882 6090 6089 5968 5969
          6036 6090 6091 6037 6036 6091
          6089 5969 6092 6038 6037 6093
          5887 6038 6093 6040 5887 6093
          6094 5969 6039 6092 5969 6094
          6039 6041 6095 6094 6039 6095
          5972 6040 6096 5972 6096 6043
          6097 6095 6041 6042 6097 6041
          6042 6044 6098 6097 6042 6098
          6046 6045 6099 6046 6099 6100
          6047 6046 6100 6047 6100 6101
          6050 6047 6101 6098 6049 6050
          6101 6098 6050 6098 6044 6049
          6057 6059 6102 6051 6103 6102
          6051 6102 6059 6051 6052 6104
          6103 6051 6104 6052 6053 6104
          6104 6053 6054 6104 6054 6105
          6054 6055 6105 6055 5992 6105
          6106 6107 6060 6058 6106 6060
          6106 6057 6108 6058 6057 6106
          6057 6102 6108 6105 5992 6109
          6109 5992 6056 6107 6062 6060
          6110 6062 6107 6109 6056 6061
          6111 6109 6061 6110 6065 6062
          6112 6065 6110 6111 6061 6113
          6114 6113 6063 6063 6113 6061
          6066 6114 6063 6115 6114 6066
          6067 6065 6112 6068 6116 6115
          6068 6115 6066 6067 6112 6117
          6069 6067 6117 6117 6070 6069
          6118 6070 6117 6071 6116 6068
          6070 6118 6119 6072 6070 6119
          6116 6071 6120 6072 6119 6121
          6072 6121 6073 6074 6120 6071
          6075 6073 6121 6075 6121 6122
          6120 6074 6123 6123 6074 6024
          6123 6024 6124 6124 6024 6025
          6077 5950 6076 6080 6078 6125
          6124 6025 6079 6080 6125 6126
          6081 6080 6126 6027 6127 6079
          6082 6081 6128 6127 6027 5959
          6083 6082 6128 6084 6083 6129
          6130 6084 6129 5959 6032 6131
          6132 6084 6130 6032 6033 6131
          6033 6085 6133 6132 6086 6084
          6086 6132 6134 6087 6135 6133
          6085 6087 6133 6034 6086 6134
          6136 6034 6134 6087 6088 6137
          6135 6087 6137 6035 6034 6136
          6137 6088 6089 6137 6089 6138
          6090 6035 6136 6091 6090 6139
          6140 6091 6139 6037 6091 6140
          6093 6037 6140 6138 6089 6141
          6141 6089 6092 6093 6140 6142
          6093 6142 6143 6040 6093 6143
          6144 6141 6092 6094 6144 6092
          6096 6040 6143 6096 6143 6145
          6146 6144 6094 6146 6094 6095
          6147 6043 6096 6147 6096 6145
          6148 6146 6097 6097 6146 6095
          6149 6043 6147 6043 6149 6150
          6045 6043 6150 6151 6045 6150
          6098 6148 6097 6151 6099 6045
          6099 6151 6152 6100 6099 6152
          6100 6152 6148 6100 6148 6101
          6101 6148 6098 6106 6153 6154
          6106 6154 6107 6102 6155 6108
          6156 6155 6102 6103 6156 6102
          6157 6156 6104 6104 6156 6103
          6104 6105 6157 6154 6158 6107
          6107 6158 6110 6157 6105 6159
          6159 6105 6160 6111 6160 6109
          6109 6160 6105 6110 6158 6112
          6111 6113 6161 6162 6112 6158
          6161 6113 6163 6164 6163 6114
          6114 6163 6113 6115 6164 6114
          6165 6112 6162 6116 6164 6115
          6117 6112 6165 6117 6165 6166
          6118 6117 6166 6167 6118 6166
          6119 6118 6167 6120 6168 6169
          6120 6169 6116 6119 6167 6121
          6123 6170 6168 6120 6123 6168
          6122 6076 6075 6076 6122 6171
          6170 6123 6124 6170 6124 6172
          6171 6077 6076 6077 6171 6173
          6078 6077 6173 6078 6173 6174
          6125 6078 6174 6126 6125 6174
          6128 6126 6174 6079 6127 6175
          6081 6126 6128 6083 6128 6129
          6176 6130 6129 6177 6127 5959
          6175 6127 6177 6177 5959 6131
          6176 6132 6130 6131 6033 6178
          6178 6033 6133 6132 6179 6180
          6134 6132 6180 6133 6135 6181
          6133 6181 6178 6134 6180 6182
          6182 6136 6134 6181 6135 6183
          6137 6183 6135 6183 6137 6184
          6184 6137 6138 6136 6185 6090
          6139 6090 6185 6186 6140 6139
          6140 6186 6142 6141 6187 6184
          6141 6184 6138 6188 6187 6141
          6188 6141 6144 6189 6145 6143
          6190 6188 6144 6190 6144 6146
          6191 6147 6145 6191 6145 6189
          6147 6191 6192 6149 6147 6192
          6193 6149 6192 6190 6148 6194
          6148 6190 6146 6150 6149 6193
          6195 6151 6150 6195 6150 6193
          6194 6152 6151 6195 6194 6151
          6194 6148 6152 6106 6108 6153
          6153 6196 6158 6153 6158 6154
          6196 6108 6197 6153 6108 6196
          6108 6155 6197 6155 6156 6198
          6199 6198 6157 6157 6198 6156
          6157 6200 6199 6157 6159 6200
          6201 6158 6196 6159 6160 6202
          6200 6159 6202 6202 6160 6111
          6202 6111 6161 6158 6203 6162
          6203 6158 6201 6202 6161 6204
          6165 6162 6205 6205 6162 6203
          6164 6206 6163 6206 6164 6116
          6166 6165 6205 6206 6116 6207
          6207 6116 6169 6207 6169 6208
          6208 6169 6209 6209 6169 6168
          6121 6167 6210 6211 6122 6121
          6211 6121 6210 6173 6171 6212
          6174 6173 6212 6213 6174 6212
          6172 6124 6079 6172 6079 6214
          6174 6213 6215 6215 6128 6174
          6214 6079 6175 6129 6128 6216
          6216 6176 6129 6177 6131 6217
          6132 6176 6179 6178 6217 6131
          6180 6179 6218 6219 6136 6182
          6136 6219 6220 6185 6136 6220
          6184 6221 6183 6185 6220 6222
          6139 6185 6222 6222 6186 6139
          6142 6186 6223 6224 6221 6184
          6187 6224 6184 6225 6143 6142
          6225 6142 6223 6226 6224 6187
          6226 6187 6188 6227 6189 6143
          6227 6143 6225 6189 6227 6228
          6191 6189 6228 6229 6191 6228
          6192 6191 6229 6230 6192 6229
          6231 6230 6232 6226 6233 6231
          6232 6226 6231 6233 6226 6188
          6233 6188 6190 6193 6192 6230
          6195 6193 6230 6195 6230 6231
          6194 6195 6231 6194 6231 6233
          6194 6233 6190 6197 6234 6235
          6197 6235 6196 6155 6236 6234
          6197 6155 6234 6155 6198 6236
          6235 6237 6196 6196 6237 6201
          6200 6238 6199 6202 6238 6200
          6201 6237 6239 6201 6239 6203
          6202 6204 6238 6163 6204 6161
          6203 6239 6205 6163 6240 6204
          6163 6206 6240 6241 6205 6239
          6240 6206 6207 6205 6241 6242
          6166 6205 6242 6208 6243 6207
          6167 6166 6242 6167 6242 6244
          6243 6208 6245 6209 6246 6245
          6208 6209 6245 6167 6244 6247
          6167 6247 6210 6248 6209 6168
          6246 6209 6248 6210 6247 6249
          6210 6249 6211 6211 6249 6122
          6248 6168 6250 6250 6168 6170
          6122 6249 6251 6171 6122 6251
          6170 6172 6250 6212 6171 6251
          6212 6251 6252 6212 6252 6253
          6253 6213 6212 6254 6213 6253
          6215 6213 6254 6255 6215 6254
          6215 6255 6256 6128 6215 6256
          6257 6128 6256 6175 6258 6214
          6257 6216 6128 6216 6257 6259
          6260 6216 6259 6261 6175 6177
          6258 6175 6261 6261 6177 6217
          6260 6176 6216 6176 6260 6262
          6262 6179 6176 6261 6217 6263
          6264 6218 6179 6264 6179 6262
          6217 6178 6265 6217 6265 6263
          6181 6265 6178 6180 6218 6266
          6182 6180 6266 6266 6219 6182
          6183 6267 6265 6183 6265 6181
          6268 6220 6219 6269 6267 6183
          6221 6269 6183 6220 6268 6270
          6222 6220 6270 6221 6271 6269
          6272 6222 6270 6186 6222 6272
          6186 6272 6273 6223 6186 6273
          6274 6271 6221 6274 6221 6224
          6275 6225 6223 6275 6223 6273
          6225 6275 6276 6227 6225 6276
          6277 6227 6276 6228 6227 6277
          6278 6228 6277 6279 6228 6278
          6280 6279 6278 6281 6279 6280
          6274 6232 6281 6280 6274 6281
          6232 6274 6224 6232 6224 6226
          6229 6228 6279 6230 6229 6279
          6230 6279 6281 6232 6230 6281
          6234 6282 6283 6234 6283 6237
          6234 6237 6235 6282 6236 6284
          6234 6236 6282 6236 6198 6284
          6198 6199 6285 6285 6238 6286
          6199 6238 6285 6238 6204 6286
          6237 6287 6239 6204 6240 6288
          6287 6289 6239 6239 6289 6241
          6288 6240 6290 6243 6290 6207
          6207 6290 6240 6242 6241 6291
          6291 6241 6289 6242 6291 6292
          6244 6242 6292 6245 6293 6294
          6243 6245 6294 6245 6246 6293
          6244 6292 6247 6295 6293 6248
          6248 6293 6246 6296 6295 6250
          6250 6295 6248 6250 6172 6296
          6297 6252 6251 6252 6297 6253
          6254 6253 6298 6172 6299 6296
          6299 6172 6214 6254 6298 6300
          6255 6254 6300 6256 6255 6300
          6256 6300 6301 6256 6301 6302
          6302 6257 6256 6303 6257 6302
          6257 6303 6304 6259 6257 6304
          6304 6260 6259 6305 6260 6304
          6260 6305 6306 6262 6260 6306
          6307 6261 6263 6308 6264 6262
          6308 6262 6306 6309 6218 6264
          6309 6264 6308 6218 6309 6310
          6266 6218 6310 6267 6311 6265
          6310 6312 6266 6312 6219 6266
          6219 6312 6313 6313 6268 6219
          6269 6314 6267 6268 6313 6315
          6270 6268 6315 6316 6314 6269
          6271 6316 6269 6317 6272 6270
          6317 6270 6315 6318 6273 6272
          6319 6316 6271 6320 6316 6319
          6319 6271 6274 6321 6275 6273
          6321 6273 6318 6275 6321 6322
          6276 6275 6322 6276 6322 6323
          6277 6276 6323 6277 6323 6324
          6278 6277 6324 6278 6324 6320
          6278 6320 6319 6278 6319 6280
          6280 6319 6274 6282 6325 6283
          6284 6326 6325 6284 6325 6282
          6284 6198 6327 6284 6327 6326
          6285 6327 6198 6325 6328 6283
          6283 6328 6237 6285 6329 6327
          6286 6330 6329 6285 6286 6329
          6286 6331 6330 6331 6286 6204
          6237 6332 6287 6328 6332 6237
          6331 6204 6333 6334 6289 6287
          6332 6334 6287 6288 6290 6333
          6204 6288 6333 6289 6334 6335
          6291 6289 6335 6243 6336 6290
          6336 6243 6294 6292 6291 6335
          6336 6294 6337 6294 6293 6337
          6247 6292 6338 6293 6339 6337
          6339 6293 6295 6247 6338 6340
          6247 6340 6249 6341 6249 6340
          6339 6295 6342 6342 6295 6296
          6251 6249 6341 6251 6341 6297
          6342 6296 6343 6298 6253 6297
          6298 6297 6344 6299 6345 6343
          6296 6299 6343 6300 6298 6344
          6300 6344 6346 6300 6346 6347
          6301 6300 6347 6348 6299 6214
          6345 6299 6348 6302 6301 6347
          6302 6347 6349 6349 6303 6302
          6348 6214 6258 6348 6258 6350
          6351 6303 6349 6303 6351 6352
          6304 6303 6352 6352 6305 6304
          6258 6261 6307 6258 6307 6350
          6353 6305 6352 6305 6353 6354
          6306 6305 6354 6265 6311 6307
          6265 6307 6263 6355 6308 6306
          6355 6306 6354 6308 6355 6356
          6309 6308 6356 6310 6309 6356
          6357 6311 6358 6267 6358 6311
          6314 6358 6267 6315 6313 6359
          6360 6314 6316 6361 6317 6315
          6361 6315 6359 6317 6361 6362
          6272 6317 6362 6362 6318 6272
          6363 6360 6316 6364 6360 6363
          6363 6316 6320 6365 6318 6362
          6318 6365 6366 6321 6318 6366
          6322 6321 6366 6322 6366 6367
          6323 6322 6367 6323 6367 6364
          6323 6364 6363 6323 6363 6324
          6324 6363 6320 6325 6368 6328
          6326 6368 6325 6327 6369 6326
          6329 6370 6369 6327 6329 6369
          6330 6371 6370 6329 6330 6370
          6330 6331 6371 6371 6331 6372
          6331 6333 6372 6333 6290 6373
          6333 6373 6374 6335 6334 6375
          6290 6336 6376 6290 6376 6373
          6335 6375 6292 6336 6337 6376
          6377 6340 6338 6377 6341 6340
          6378 6341 6377 6339 6342 6379
          6341 6378 6380 6297 6341 6380
          6297 6380 6381 6344 6297 6381
          6382 6344 6381 6379 6342 6343
          6346 6344 6382 6379 6343 6383
          6343 6345 6383 6384 6345 6348
          6383 6345 6384 6351 6349 6385
          6384 6348 6386 6386 6348 6350
          6352 6351 6385 6352 6385 6387
          6386 6350 6388 6388 6350 6307
          6389 6353 6352 6389 6352 6390
          6353 6389 6391 6354 6353 6391
          6388 6307 6392 6392 6307 6311
          6393 6355 6354 6393 6354 6391
          6355 6393 6394 6356 6355 6394
          6356 6394 6395 6310 6356 6395
          6357 6392 6311 6312 6310 6395
          6312 6395 6396 6313 6312 6396
          6396 6359 6313 6314 6360 6397
          6398 6361 6359 6361 6398 6399
          6362 6361 6399 6362 6399 6400
          6401 6362 6400 6402 6401 6400
          6403 6401 6402 6397 6404 6403
          6402 6397 6403 6360 6405 6404
          6397 6360 6404 6405 6360 6364
          6362 6401 6365 6366 6365 6401
          6366 6401 6403 6366 6403 6404
          6367 6366 6404 6367 6404 6405
          6367 6405 6364 6369 6406 6326
          6370 6407 6369 6371 6408 6407
          6370 6371 6407 6409 6328 6368
          6406 6409 6368 6326 6406 6368
          6408 6371 6372 6372 6333 6374
          6332 6410 6334 6332 6409 6410
          6409 6332 6328 6410 6375 6334
          6292 6375 6411 6373 6376 6412
          6376 6337 6412 6338 6292 6411
          6338 6411 6377 6377 6411 6413
          6337 6339 6414 6377 6413 6415
          6377 6415 6378 6416 6378 6415
          6380 6378 6416 6381 6380 6416
          6381 6416 6417 6381 6417 6382
          6382 6418 6346 6347 6346 6418
          6347 6418 6419 6349 6347 6419
          6386 6420 6421 6386 6421 6384
          6384 6421 6383 6385 6349 6419
          6422 6385 6419 6386 6423 6420
          6422 6387 6385 6387 6422 6390
          6352 6387 6390 6392 6423 6386
          6388 6392 6386 6394 6393 6391
          6394 6391 6424 6394 6424 6395
          6425 6392 6426 6357 6426 6392
          6427 6426 6357 6358 6427 6357
          6428 6427 6358 6429 6427 6428
          6428 6358 6314 6359 6396 6430
          6359 6430 6431 6402 6432 6429
          6402 6429 6397 6397 6429 6428
          6397 6428 6314 6433 6398 6359
          6433 6359 6431 6398 6433 6434
          6399 6398 6434 6399 6434 6432
          6399 6432 6400 6402 6400 6432
          6369 6435 6406 6369 6407 6435
          6406 6436 6437 6409 6406 6437
          6435 6436 6406 6435 6407 6438
          6438 6408 6439 6407 6408 6438
          6372 6440 6439 6408 6372 6439
          6440 6372 6374 6441 6410 6409
          6441 6409 6437 6440 6374 6442
          6443 6375 6410 6443 6410 6444
          6444 6410 6441 6373 6445 6442
          6374 6373 6442 6375 6443 6446
          6411 6375 6446 6445 6373 6412
          6411 6446 6447 6411 6447 6413
          6412 6337 6414 6413 6447 6415
          6416 6415 6447 6416 6447 6448
          6416 6448 6449 6339 6450 6414
          6417 6416 6449 6450 6339 6379
          6379 6383 6450 6450 6383 6451
          6451 6383 6452 6452 6383 6421
          6419 6418 6453 6452 6421 6420
          6453 6422 6419 6454 6422 6453
          6420 6423 6455 6422 6454 6456
          6390 6422 6456 6455 6423 6457
          6392 6457 6423 6456 6389 6390
          6389 6456 6458 6389 6458 6459
          6391 6389 6459 6391 6459 6460
          6424 6391 6460 6425 6457 6392
          6395 6424 6460 6395 6460 6461
          6395 6461 6462 6462 6396 6395
          6426 6463 6425 6396 6462 6464
          6465 6463 6426 6465 6426 6427
          6430 6396 6464 6465 6429 6466
          6429 6465 6427 6467 6431 6430
          6431 6467 6468 6433 6431 6468
          6469 6433 6468 6434 6433 6469
          6434 6469 6466 6434 6466 6432
          6429 6432 6466 6436 6470 6437
          6435 6438 6436 6439 6471 6472
          6438 6439 6472 6439 6440 6471
          6437 6470 6473 6437 6473 6441
          6471 6440 6474 6440 6475 6474
          6442 6475 6440 6444 6476 6443
          6441 6476 6444 6476 6441 6473
          6442 6477 6475 6442 6445 6477
          6446 6443 6476 6446 6476 6478
          6412 6479 6477 6445 6412 6477
          6446 6478 6480 6446 6480 6447
          6414 6481 6479 6412 6414 6479
          6447 6480 6448 6449 6448 6480
          6449 6480 6482 6483 6449 6482
          6450 6484 6481 6414 6450 6481
          6483 6417 6449 6417 6483 6485
          6382 6417 6485 6484 6450 6486
          6450 6451 6486 6382 6487 6488
          6418 6382 6488 6453 6418 6488
          6489 6452 6420 6455 6489 6420
          6456 6454 6490 6456 6490 6491
          6458 6456 6491 6458 6491 6492
          6459 6458 6492 6459 6492 6460
          6493 6457 6425 6463 6493 6425
          6464 6462 6494 6495 6493 6496
          6496 6493 6463 6496 6463 6465
          6497 6430 6464 6497 6464 6494
          6469 6498 6495 6469 6495 6496
          6469 6496 6466 6466 6496 6465
          6499 6467 6430 6499 6430 6497
          6467 6499 6498 6467 6498 6468
          6469 6468 6498 6436 6500 6470
          6436 6438 6500 6501 6473 6470
          6501 6470 6502 6500 6502 6470
          6500 6472 6503 6438 6472 6500
          6503 6471 6504 6472 6471 6503
          6474 6504 6471 6473 6501 6505
          6506 6473 6505 6476 6473 6506
          6475 6477 6507 6478 6476 6506
          6508 6478 6506 6505 6508 6506
          6507 6477 6509 6479 6510 6509
          6477 6479 6509 6508 6511 6480
          6508 6480 6478 6481 6512 6510
          6479 6481 6510 6480 6511 6482
          6511 6513 6482 6482 6513 6483
          6514 6483 6513 6484 6515 6512
          6481 6484 6512 6485 6483 6514
          6382 6485 6487 6516 6484 6486
          6515 6484 6516 6517 6486 6451
          6516 6486 6517 6451 6452 6517
          6518 6453 6488 6489 6517 6452
          6518 6454 6453 6519 6454 6518
          6455 6520 6489 6454 6519 6521
          6490 6454 6521 6522 6520 6455
          6457 6522 6455 6523 6490 6521
          6491 6490 6523 6491 6523 6524
          6492 6491 6524 6492 6524 6525
          6460 6492 6525 6526 6461 6460
          6526 6460 6525 6461 6526 6462
          6527 6457 6493 6494 6462 6528
          6527 6495 6529 6495 6527 6493
          6530 6497 6494 6530 6494 6528
          6497 6530 6531 6499 6497 6531
          6499 6531 6529 6499 6529 6498
          6495 6498 6529 6502 6532 6501
          6502 6500 6533 6502 6533 6532
          6500 6534 6533 6500 6503 6534
          6503 6504 6535 6503 6535 6534
          6474 6535 6504 6505 6501 6532
          6505 6532 6536 6533 6537 6536
          6532 6533 6536 6537 6533 6534
          6474 6538 6535 6474 6475 6538
          6475 6507 6539 6505 6536 6508
          6537 6540 6508 6537 6508 6536
          6509 6541 6539 6507 6509 6539
          6509 6510 6541 6511 6508 6540
          6511 6540 6513 6513 6540 6542
          6541 6510 6543 6513 6542 6514
          6544 6514 6542 6512 6515 6545
          6487 6485 6514 6487 6514 6544
          6546 6487 6544 6545 6515 6547
          6516 6547 6515 6546 6488 6487
          6548 6488 6546 6548 6518 6488
          6549 6547 6517 6489 6549 6517
          6520 6550 6549 6520 6549 6489
          6521 6519 6551 6552 6550 6520
          6552 6520 6522 6523 6521 6551
          6524 6523 6553 6524 6553 6554
          6525 6524 6554 6457 6555 6522
          6526 6525 6554 6462 6526 6556
          6557 6555 6457 6557 6457 6527
          6462 6556 6558 6528 6462 6558
          6559 6557 6529 6529 6557 6527
          6560 6530 6528 6560 6528 6558
          6530 6560 6559 6530 6559 6531
          6531 6559 6529 6534 6561 6537
          6534 6562 6561 6534 6535 6563
          6534 6563 6562 6535 6538 6563
          6538 6475 6539 6540 6537 6561
          6540 6561 6564 6564 6561 6562
          6563 6538 6565 6565 6539 6566
          6538 6539 6565 6539 6541 6567
          6542 6540 6564 6542 6564 6568
          6567 6541 6569 6541 6543 6569
          6543 6510 6570 6512 6570 6510
          6568 6571 6544 6542 6568 6544
          6512 6545 6570 6571 6546 6544
          6572 6546 6571 6572 6548 6546
          6517 6547 6516 6573 6518 6548
          6549 6550 6547 6518 6573 6519
          6523 6551 6574 6575 6550 6576
          6552 6576 6550 6553 6523 6574
          6553 6574 6577 6553 6577 6578
          6554 6553 6578 6555 6576 6552
          6522 6555 6552 6579 6526 6554
          6579 6554 6578 6556 6526 6579
          6580 6556 6579 6581 6556 6580
          6556 6581 6582 6558 6556 6582
          6558 6582 6583 6560 6558 6583
          6560 6583 6557 6560 6557 6559
          6562 6584 6564 6562 6563 6585
          6562 6585 6584 6563 6565 6586
          6563 6586 6585 6565 6566 6586
          6566 6539 6587 6567 6587 6539
          6568 6564 6584 6568 6584 6588
          6588 6584 6585 6589 6588 6585
          6585 6586 6589 6567 6590 6587
          6567 6569 6590 6569 6543 6570
          6569 6570 6590 6571 6568 6588
          6571 6588 6591 6570 6545 6592
          6571 6591 6593 6571 6593 6572
          6594 6572 6593 6547 6592 6545
          6594 6595 6548 6572 6594 6548
          6547 6596 6592 6595 6573 6548
          6519 6573 6597 6575 6598 6550
          6550 6598 6547 6551 6519 6597
          6598 6575 6599 6576 6599 6575
          6600 6577 6574 6577 6600 6601
          6578 6577 6601 6555 6599 6576
          6602 6579 6578 6602 6578 6601
          6602 6580 6579 6555 6583 6603
          6583 6555 6557 6604 6580 6602
          6580 6604 6605 6581 6580 6605
          6581 6605 6606 6581 6606 6603
          6581 6603 6582 6583 6582 6603
          6589 6586 6607 6586 6566 6608
          6586 6608 6607 6566 6587 6608
          6591 6588 6589 6607 6609 6591
          6589 6607 6591 6609 6607 6608
          6608 6587 6610 6587 6590 6610
          6610 6590 6611 6570 6611 6590
          6570 6592 6611 6609 6612 6594
          6609 6594 6593 6609 6593 6591
          6612 6609 6613 6614 6592 6615
          6611 6592 6614 6596 6615 6592
          6595 6594 6612 6616 6612 6613
          6595 6612 6616 6547 6617 6596
          6595 6616 6618 6595 6618 6619
          6620 6619 6618 6598 6617 6547
          6595 6619 6573 6597 6573 6619
          6597 6619 6620 6597 6620 6621
          6599 6622 6598 6621 6551 6597
          6551 6621 6623 6574 6551 6623
          6623 6600 6574 6622 6599 6624
          6625 6600 6623 6601 6600 6625
          6599 6626 6627 6624 6599 6627
          6626 6599 6555 6628 6601 6625
          6601 6628 6629 6602 6601 6629
          6602 6629 6630 6631 6602 6630
          6627 6632 6631 6630 6627 6631
          6627 6626 6603 6627 6603 6606
          6627 6606 6632 6603 6626 6555
          6602 6631 6604 6605 6604 6631
          6605 6631 6632 6605 6632 6606
          6608 6633 6609 6608 6610 6634
          6608 6634 6633 6610 6635 6634
          6610 6611 6635 6613 6609 6633
          6613 6633 6636 6634 6637 6636
          6633 6634 6636 6637 6634 6635
          6638 6637 6635 6638 6611 6639
          6635 6611 6638 6614 6640 6639
          6611 6614 6639 6614 6615 6641
          6614 6641 6640 6616 6613 6636
          6637 6642 6616 6636 6637 6616
          6641 6615 6643 6596 6643 6615
          6642 6644 6620 6642 6620 6618
          6642 6618 6616 6598 6645 6617
          6617 6645 6596 6620 6644 6621
          6644 6646 6621 6647 6645 6598
          6647 6598 6622 6623 6621 6646
          6623 6646 6648 6623 6648 6649
          6622 6650 6651 6647 6622 6651
          6650 6622 6624 6623 6649 6625
          6625 6649 6652 6625 6652 6653
          6654 6625 6653 6651 6655 6654
          6653 6651 6654 6650 6656 6655
          6651 6650 6655 6650 6624 6627
          6650 6627 6656 6625 6654 6628
          6629 6628 6654 6629 6654 6655
          6630 6629 6655 6630 6655 6656
          6630 6656 6627 6638 6639 6657
          6639 6640 6657 6642 6637 6638
          6642 6638 6658 6657 6659 6658
          6638 6657 6658 6640 6660 6659
          6657 6640 6659 6660 6640 6641
          6660 6641 6643 6660 6643 6661
          6596 6661 6643 6644 6642 6658
          6644 6658 6662 6659 6663 6662
          6658 6659 6662 6660 6661 6663
          6659 6660 6663 6664 6661 6596
          6664 6596 6645 6644 6662 6646
          6663 6665 6646 6663 6646 6662
          6663 6661 6665 6664 6666 6665
          6661 6664 6665 6645 6667 6666
          6664 6645 6666 6667 6645 6647
          6646 6665 6648 6649 6648 6665
          6666 6668 6649 6666 6649 6665
          6667 6653 6668 6666 6667 6668
          6653 6667 6647 6653 6647 6651
          6649 6668 6652 6653 6652 6668
        </DataArray>
        <DataArray type="Int64" Name="offsets" format="ascii" RangeMin="3" RangeMax="40014">
          3 6 9 12 15 18
          21 24 27 30 33 36
          39 42 45 48 51 54
          57 60 63 66 69 72
          75 78 81 84 87 90
          93 96 99 102 105 108
          111 114 117 120 123 126
          129 132 135 138 141 144
          147 150 153 156 159 162
          165 168 171 174 177 180
          183 186 189 192 195 198
          201 204 207 210 213 216
          219 222 225 228 231 234
          237 240 243 246 249 252
          255 258 261 264 267 270
          273 276 279 282 285 288
          291 294 297 300 303 306
          309 312 315 318 321 324
          327 330 333 336 339 342
          345 348 351 354 357 360
          363 366 369 372 375 378
          381 384 387 390 393 396
          399 402 405 408 411 414
          417 420 423 426 429 432
          435 438 441 444 447 450
          453 456 459 462 465 468
          471 474 477 480 483 486
          489 492 495 498 501 504
          507 510 513 516 519 522
          525 528 531 534 537 540
          543 546 549 552 555 558
          561 564 567 570 573 576
          579 582 585 588 591 594
          597 600 603 606 609 612
          615 618 621 624 627 630
          633 636 639 642 645 648
          651 654 657 660 663 666
          669 672 675 678 681 684
          687 690 693 696 699 702
          705 708 711 714 717 720
          723 726 729 732 735 738
          741 744 747 750 753 756
          759 762 765 768 771 774
          777 780 783 786 789 792
          795 798 801 804 807 810
          813 816 819 822 825 828
          831 834 837 840 843 846
          849 852 855 858 861 864
          867 870 873 876 879 882
          885 888 891 894 897 900
          903 906 909 912 915 918
          921 924 927 930 933 936
          939 942 945 948 951 954
          957 960 963 966 969 972
          975 978 981 984 987 990
          993 996 999 1002 1005 1008
          1011 1014 1017 1020 1023 1026
          1029 1032 1035 1038 1041 1044
          1047 1050 1053 1056 1059 1062
          1065 1068 1071 1074 1077 1080
          1083 1086 1089 1092 1095 1098
          1101 1104 1107 1110 1113 1116
          1119 1122 1125 1128 1131 1134
          1137 1140 1143 1146 1149 1152
          1155 1158 1161 1164 1167 1170
          1173 1176 1179 1182 1185 1188
          1191 1194 1197 1200 1203 1206
          1209 1212 1215 1218 1221 1224
          1227 1230 1233 1236 1239 1242
          1245 1248 1251 1254 1257 1260
          1263 1266 1269 1272 1275 1278
          1281 1284 1287 1290 1293 1296
          1299 1302 1305 1308 1311 1314
          1317 1320 1323 1326 1329 1332
          1335 1338 1341 1344 1347 1350
          1353 1356 1359 1362 1365 1368
          1371 1374 1377 1380 1383 1386
          1389 1392 1395 1398 1401 1404
          1407 1410 1413 1416 1419 1422
          1425 1428 1431 1434 1437 1440
          1443 1446 1449 1452 1455 1458
          1461 1464 1467 1470 1473 1476
          1479 1482 1485 1488 1491 1494
          1497 1500 1503 1506 1509 1512
          1515 1518 1521 1524 1527 1530
          1533 1536 1539 1542 1545 1548
          1551 1554 1557 1560 1563 1566
          1569 1572 1575 1578 1581 1584
          1587 1590 1593 1596 1599 1602
          1605 1608 1611 1614 1617 1620
          1623 1626 1629 1632 1635 1638
          1641 1644 1647 1650 1653 1656
          1659 1662 1665 1668 1671 1674
          1677 1680 1683 1686 1689 1692
          1695 1698 1701 1704 1707 1710
          1713 1716 1719 1722 1725 1728
          1731 1734 1737 1740 1743 1746
          1749 1752 1755 1758 1761 1764
          1767 1770 1773 1776 1779 1782
          1785 1788 1791 1794 1797 1800
          1803 1806 1809 1812 1815 1818
          1821 1824 1827 1830 1833 1836
          1839 1842 1845 1848 1851 1854
          1857 1860 1863 1866 1869 1872
          1875 1878 1881 1884 1887 1890
          1893 1896 1899 1902 1905 1908
          1911 1914 1917 1920 1923 1926
          1929 1932 1935 1938 1941 1944
          1947 1950 1953 1956 1959 1962
          1965 1968 1971 1974 1977 1980
          1983 1986 1989 1992 1995 1998
          2001 2004 2007 2010 2013 2016
          2019 2022 2025 2028 2031 2034
          2037 2040 2043 2046 2049 2052
          2055 2058 2061 2064 2067 2070
          2073 2076 2079 2082 2085 2088
          2091 2094 2097 2100 2103 2106
          2109 2112 2115 2118 2121 2124
          2127 2130 2133 2136 2139 2142
          2145 2148 2151 2154 2157 2160
          2163 2166 2169 2172 2175 2178
          2181 2184 2187 2190 2193 2196
          2199 2202 2205 2208 2211 2214
          2217 2220 2223 2226 2229 2232
          2235 2238 2241 2244 2247 2250
          2253 2256 2259 2262 2265 2268
          2271 2274 2277 2280 2283 2286
          2289 2292 2295 2298 2301 2304
          2307 2310 2313 2316 2319 2322
          2325 2328 2331 2334 2337 2340
          2343 2346 2349 2352 2355 2358
          2361 2364 2367 2370 2373 2376
          2379 2382 2385 2388 2391 2394
          2397 2400 2403 2406 2409 2412
          2415 2418 2421 2424 2427 2430
          2433 2436 2439 2442 2445 2448
          2451 2454 2457 2460 2463 2466
          2469 2472 2475 2478 2481 2484
          2487 2490 2493 2496 2499 2502
          2505 2508 2511 2514 2517 2520
          2523 2526 2529 2532 2535 2538
          2541 2544 2547 2550 2553 2556
          2559 2562 2565 2568 2571 2574
          2577 2580 2583 2586 2589 2592
          2595 2598 2601 2604 2607 2610
          2613 2616 2619 2622 2625 2628
          2631 2634 2637 2640 2643 2646
          2649 2652 2655 2658 2661 2664
          2667 2670 2673 2676 2679 2682
          2685 2688 2691 2694 2697 2700
          2703 2706 2709 2712 2715 2718
          2721 2724 2727 2730 2733 2736
          2739 2742 2745 2748 2751 2754
          2757 2760 2763 2766 2769 2772
          2775 2778 2781 2784 2787 2790
          2793 2796 2799 2802 2805 2808
          2811 2814 2817 2820 2823 2826
          2829 2832 2835 2838 2841 2844
          2847 2850 2853 2856 2859 2862
          2865 2868 2871 2874 2877 2880
          2883 2886 2889 2892 2895 2898
          2901 2904 2907 2910 2913 2916
          2919 2922 2925 2928 2931 2934
          2937 2940 2943 2946 2949 2952
          2955 2958 2961 2964 2967 2970
          2973 2976 2979 2982 2985 2988
          2991 2994 2997 3000 3003 3006
          3009 3012 3015 3018 3021 3024
          3027 3030 3033 3036 3039 3042
          3045 3048 3051 3054 3057 3060
          3063 3066 3069 3072 3075 3078
          3081 3084 3087 3090 3093 3096
          3099 3102 3105 3108 3111 3114
          3117 3120 3123 3126 3129 3132
          3135 3138 3141 3144 3147 3150
          3153 3156 3159 3162 3165 3168
          3171 3174 3177 3180 3183 3186
          3189 3192 3195 3198 3201 3204
          3207 3210 3213 3216 3219 3222
          3225 3228 3231 3234 3237 3240
          3243 3246 3249 3252 3255 3258
          3261 3264 3267 3270 3273 3276
          3279 3282 3285 3288 3291 3294
          3297 3300 3303 3306 3309 3312
          3315 3318 3321 3324 3327 3330
          3333 3336 3339 3342 3345 3348
          3351 3354 3357 3360 3363 3366
          3369 3372 3375 3378 3381 3384
          3387 3390 3393 3396 3399 3402
          3405 3408 3411 3414 3417 3420
          3423 3426 3429 3432 3435 3438
          3441 3444 3447 3450 3453 3456
          3459 3462 3465 3468 3471 3474
          3477 3480 3483 3486 3489 3492
          3495 3498 3501 3504 3507 3510
          3513 3516 3519 3522 3525 3528
          3531 3534 3537 3540 3543 3546
          3549 3552 3555 3558 3561 3564
          3567 3570 3573 3576 3579 3582
          3585 3588 3591 3594 3597 3600
          3603 3606 3609 3612 3615 3618
          3621 3624 3627 3630 3633 3636
          3639 3642 3645 3648 3651 3654
          3657 3660 3663 3666 3669 3672
          3675 3678 3681 3684 3687 3690
          3693 3696 3699 3702 3705 3708
          3711 3714 3717 3720 3723 3726
          3729 3732 3735 3738 3741 3744
          3747 3750 3753 3756 3759 3762
          3765 3768 3771 3774 3777 3780
          3783 3786 3789 3792 3795 3798
          3801 3804 3807 3810 3813 3816
          3819 3822 3825 3828 3831 3834
          3837 3840 3843 3846 3849 3852
          3855 3858 3861 3864 3867 3870
          3873 3876 3879 3882 3885 3888
          3891 3894 3897 3900 3903 3906
          3909 3912 3915 3918 3921 3924
          3927 3930 3933 3936 3939 3942
          3945 3948 3951 3954 3957 3960
          3963 3966 3969 3972 3975 3978
          3981 3984 3987 3990 3993 3996
          3999 4002 4005 4008 4011 4014
          4017 4020 4023 4026 4029 4032
          4035 4038 4041 4044 4047 4050
          4053 4056 4059 4062 4065 4068
          4071 4074 4077 4080 4083 4086
          4089 4092 4095 4098 4101 4104
          4107 4110 4113 4116 4119 4122
          4125 4128 4131 4134 4137 4140
          4143 4146 4149 4152 4155 4158
          4161 4164 4167 4170 4173 4176
          4179 4182 4185 4188 4191 4194
          4197 4200 4203 4206 4209 4212
          4215 4218 4221 4224 4227 4230
          4233 4236 4239 4242 4245 4248
          4251 4254 4257 4260 4263 4266
          4269 4272 4275 4278 4281 4284
          4287 4290 4293 4296 4299 4302
          4305 4308 4311 4314 4317 4320
          4323 4326 4329 4332 4335 4338
          4341 4344 4347 4350 4353 4356
          4359 4362 4365 4368 4371 4374
          4377 4380 4383 4386 4389 4392
          4395 4398 4401 4404 4407 4410
          4413 4416 4419 4422 4425 4428
          4431 4434 4437 4440 4443 4446
          4449 4452 4455 4458 4461 4464
          4467 4470 4473 4476 4479 4482
          4485 4488 4491 4494 4497 4500
          4503 4506 4509 4512 4515 4518
          4521 4524 4527 4530 4533 4536
          4539 4542 4545 4548 4551 4554
          4557 4560 4563 4566 4569 4572
          4575 4578 4581 4584 4587 4590
          4593 4596 4599 4602 4605 4608
          4611 4614 4617 4620 4623 4626
          4629 4632 4635 4638 4641 4644
          4647 4650 4653 4656 4659 4662
          4665 4668 4671 4674 4677 4680
          4683 4686 4689 4692 4695 4698
          4701 4704 4707 4710 4713 4716
          4719 4722 4725 4728 4731 4734
          4737 4740 4743 4746 4749 4752
          4755 4758 4761 4764 4767 4770
          4773 4776 4779 4782 4785 4788
          4791 4794 4797 4800 4803 4806
          4809 4812 4815 4818 4821 4824
          4827 4830 4833 4836 4839 4842
          4845 4848 4851 4854 4857 4860
          4863 4866 4869 4872 4875 4878
          4881 4884 4887 4890 4893 4896
          4899 4902 4905 4908 4911 4914
          4917 4920 4923 4926 4929 4932
          4935 4938 4941 4944 4947 4950
          4953 4956 4959 4962 4965 4968
          4971 4974 4977 4980 4983 4986
          4989 4992 4995 4998 5001 5004
          5007 5010 5013 5016 5019 5022
          5025 5028 5031 5034 5037 5040
          5043 5046 5049 5052 5055 5058
          5061 5064 5067 5070 5073 5076
          5079 5082 5085 5088 5091 5094
          5097 5100 5103 5106 5109 5112
          5115 5118 5121 5124 5127 5130
          5133 5136 5139 5142 5145 5148
          5151 5154 5157 5160 5163 5166
          5169 5172 5175 5178 5181 5184
          5187 5190 5193 5196 5199 5202
          5205 5208 5211 5214 5217 5220
          5223 5226 5229 5232 5235 5238
          5241 5244 5247 5250 5253 5256
          5259 5262 5265 5268 5271 5274
          5277 5280 5283 5286 5289 5292
          5295 5298 5301 5304 5307 5310
          5313 5316 5319 5322 5325 5328
          5331 5334 5337 5340 5343 5346
          5349 5352 5355 5358 5361 5364
          5367 5370 5373 5376 5379 5382
          5385 5388 5391 5394 5397 5400
          5403 5406 5409 5412 5415 5418
          5421 5424 5427 5430 5433 5436
          5439 5442 5445 5448 5451 5454
          5457 5460 5463 5466 5469 5472
          5475 5478 5481 5484 5487 5490
          5493 5496 5499 5502 5505 5508
          5511 5514 5517 5520 5523 5526
          5529 5532 5535 5538 5541 5544
          5547 5550 5553 5556 5559 5562
          5565 5568 5571 5574 5577 5580
          5583 5586 5589 5592 5595 5598
          5601 5604 5607 5610 5613 5616
          5619 5622 5625 5628 5631 5634
          5637 5640 5643 5646 5649 5652
          5655 5658 5661 5664 5667 5670
          5673 5676 5679 5682 5685 5688
          5691 5694 5697 5700 5703 5706
          5709 5712 5715 5718 5721 5724
          5727 5730 5733 5736 5739 5742
          5745 5748 5751 5754 5757 5760
          5763 5766 5769 5772 5775 5778
          5781 5784 5787 5790 5793 5796
          5799 5802 5805 5808 5811 5814
          5817 5820 5823 5826 5829 5832
          5835 5838 5841 5844 5847 5850
          5853 5856 5859 5862 5865 5868
          5871 5874 5877 5880 5883 5886
          5889 5892 5895 5898 5901 5904
          5907 5910 5913 5916 5919 5922
          5925 5928 5931 5934 5937 5940
          5943 5946 5949 5952 5955 5958
          5961 5964 5967 5970 5973 5976
          5979 5982 5985 5988 5991 5994
          5997 6000 6003 6006 6009 6012
          6015 6018 6021 6024 6027 6030
          6033 6036 6039 6042 6045 6048
          6051 6054 6057 6060 6063 6066
          6069 6072 6075 6078 6081 6084
          6087 6090 6093 6096 6099 6102
          6105 6108 6111 6114 6117 6120
          6123 6126 6129 6132 6135 6138
          6141 6144 6147 6150 6153 6156
          6159 6162 6165 6168 6171 6174
          6177 6180 6183 6186 6189 6192
          6195 6198 6201 6204 6207 6210
          6213 6216 6219 6222 6225 6228
          6231 6234 6237 6240 6243 6246
          6249 6252 6255 6258 6261 6264
          6267 6270 6273 6276 6279 6282
          6285 6288 6291 6294 6297 6300
          6303 6306 6309 6312 6315 6318
          6321 6324 6327 6330 6333 6336
          6339 6342 6345 6348 6351 6354
          6357 6360 6363 6366 6369 6372
          6375 6378 6381 6384 6387 6390
          6393 6396 6399 6402 6405 6408
          6411 6414 6417 6420 6423 6426
          6429 6432 6435 6438 6441 6444
          6447 6450 6453 6456 6459 6462
          6465 6468 6471 6474 6477 6480
          6483 6486 6489 6492 6495 6498
          6501 6504 6507 6510 6513 6516
          6519 6522 6525 6528 6531 6534
          6537 6540 6543 6546 6549 6552
          6555 6558 6561 6564 6567 6570
          6573 6576 6579 6582 6585 6588
          6591 6594 6597 6600 6603 6606
          6609 6612 6615 6618 6621 6624
          6627 6630 6633 6636 6639 6642
          6645 6648 6651 6654 6657 6660
          6663 6666 6669 6672 6675 6678
          6681 6684 6687 6690 6693 6696
          6699 6702 6705 6708 6711 6714
          6717 6720 6723 6726 6729 6732
          6735 6738 6741 6744 6747 6750
          6753 6756 6759 6762 6765 6768
          6771 6774 6777 6780 6783 6786
          6789 6792 6795 6798 6801 6804
          6807 6810 6813 6816 6819 6822
          6825 6828 6831 6834 6837 6840
          6843 6846 6849 6852 6855 6858
          6861 6864 6867 6870 6873 6876
          6879 6882 6885 6888 6891 6894
          6897 6900 6903 6906 6909 6912
          6915 6918 6921 6924 6927 6930
          6933 6936 6939 6942 6945 6948
          6951 6954 6957 6960 6963 6966
          6969 6972 6975 6978 6981 6984
          6987 6990 6993 6996 6999 7002
          7005 7008 7011 7014 7017 7020
          7023 7026 7029 7032 7035 7038
          7041 7044 7047 7050 7053 7056
          7059 7062 7065 7068 7071 7074
          7077 7080 7083 7086 7089 7092
          7095 7098 7101 7104 7107 7110
          7113 7116 7119 7122 7125 7128
          7131 7134 7137 7140 7143 7146
          7149 7152 7155 7158 7161 7164
          7167 7170 7173 7176 7179 7182
          7185 7188 7191 7194 7197 7200
          7203 7206 7209 7212 7215 7218
          7221 7224 7227 7230 7233 7236
          7239 7242 7245 7248 7251 7254
          7257 7260 7263 7266 7269 7272
          7275 7278 7281 7284 7287 7290
          7293 7296 7299 7302 7305 7308
          7311 7314 7317 7320 7323 7326
          7329 7332 7335 7338 7341 7344
          7347 7350 7353 7356 7359 7362
          7365 7368 7371 7374 7377 7380
          7383 7386 7389 7392 7395 7398
          7401 7404 7407 7410 7413 7416
          7419 7422 7425 7428 7431 7434
          7437 7440 7443 7446 7449 7452
          7455 7458 7461 7464 7467 7470
          7473 7476 7479 7482 7485 7488
          7491 7494 7497 7500 7503 7506
          7509 7512 7515 7518 7521 7524
          7527 7530 7533 7536 7539 7542
          7545 7548 7551 7554 7557 7560
          7563 7566 7569 7572 7575 7578
          7581 7584 7587 7590 7593 7596
          7599 7602 7605 7608 7611 7614
          7617 7620 7623 7626 7629 7632
          7635 7638 7641 7644 7647 7650
          7653 7656 7659 7662 7665 7668
          7671 7674 7677 7680 7683 7686
          7689 7692 7695 7698 7701 7704
          7707 7710 7713 7716 7719 7722
          7725 7728 7731 7734 7737 7740
          7743 7746 7749 7752 7755 7758
          7761 7764 7767 7770 7773 7776
          7779 7782 7785 7788 7791 7794
          7797 7800 7803 7806 7809 7812
          7815 7818 7821 7824 7827 7830
          7833 7836 7839 7842 7845 7848
          7851 7854 7857 7860 7863 7866
          7869 7872 7875 7878 7881 7884
          7887 7890 7893 7896 7899 7902
          7905 7908 7911 7914 7917 7920
          7923 7926 7929 7932 7935 7938
          7941 7944 7947 7950 7953 7956
          7959 7962 7965 7968 7971 7974
          7977 7980 7983 7986 7989 7992
          7995 7998 8001 8004 8007 8010
          8013 8016 8019 8022 8025 8028
          8031 8034 8037 8040 8043 8046
          8049 8052 8055 8058 8061 8064
          8067 8070 8073 8076 8079 8082
          8085 8088 8091 8094 8097 8100
          8103 8106 8109 8112 8115 8118
          8121 8124 8127 8130 8133 8136
          8139 8142 8145 8148 8151 8154
          8157 8160 8163 8166 8169 8172
          8175 8178 8181 8184 8187 8190
          8193 8196 8199 8202 8205 8208
          8211 8214 8217 8220 8223 8226
          8229 8232 8235 8238 8241 8244
          8247 8250 8253 8256 8259 8262
          8265 8268 8271 8274 8277 8280
          8283 8286 8289 8292 8295 8298
          8301 8304 8307 8310 8313 8316
          8319 8322 8325 8328 8331 8334
          8337 8340 8343 8346 8349 8352
          8355 8358 8361 8364 8367 8370
          8373 8376 8379 8382 8385 8388
          8391 8394 8397 8400 8403 8406
          8409 8412 8415 8418 8421 8424
          8427 8430 8433 8436 8439 8442
          8445 8448 8451 8454 8457 8460
          8463 8466 8469 8472 8475 8478
          8481 8484 8487 8490 8493 8496
          8499 8502 8505 8508 8511 8514
          8517 8520 8523 8526 8529 8532
          8535 8538 8541 8544 8547 8550
          8553 8556 8559 8562 8565 8568
          8571 8574 8577 8580 8583 8586
          8589 8592 8595 8598 8601 8604
          8607 8610 8613 8616 8619 8622
          8625 8628 8631 8634 8637 8640
          8643 8646 8649 8652 8655 8658
          8661 8664 8667 8670 8673 8676
          8679 8682 8685 8688 8691 8694
          8697 8700 8703 8706 8709 8712
          8715 8718 8721 8724 8727 8730
          8733 8736 8739 8742 8745 8748
          8751 8754 8757 8760 8763 8766
          8769 8772 8775 8778 8781 8784
          8787 8790 8793 8796 8799 8802
          8805 8808 8811 8814 8817 8820
          8823 8826 8829 8832 8835 8838
          8841 8844 8847 8850 8853 8856
          8859 8862 8865 8868 8871 8874
          8877 8880 8883 8886 8889 8892
          8895 8898 8901 8904 8907 8910
          8913 8916 8919 8922 8925 8928
          8931 8934 8937 8940 8943 8946
          8949 8952 8955 8958 8961 8964
          8967 8970 8973 8976 8979 8982
          8985 8988 8991 8994 8997 9000
          9003 9006 9009 9012 9015 9018
          9021 9024 9027 9030 9033 9036
          9039 9042 9045 9048 9051 9054
          9057 9060 9063 9066 9069 9072
          9075 9078 9081 9084 9087 9090
          9093 9096 9099 9102 9105 9108
          9111 9114 9117 9120 9123 9126
          9129 9132 9135 9138 9141 9144
          9147 9150 9153 9156 9159 9162
          9165 9168 9171 9174 9177 9180
          9183 9186 9189 9192 9195 9198
          9201 9204 9207 9210 9213 9216
          9219 9222 9225 9228 9231 9234
          9237 9240 9243 9246 9249 9252
          9255 9258 9261 9264 9267 9270
          9273 9276 9279 9282 9285 9288
          9291 9294 9297 9300 9303 9306
          9309 9312 9315 9318 9321 9324
          9327 9330 9333 9336 9339 9342
          9345 9348 9351 9354 9357 9360
          9363 9366 9369 9372 9375 9378
          9381 9384 9387 9390 9393 9396
          9399 9402 9405 9408 9411 9414
          9417 9420 9423 9426 9429 9432
          9435 9438 9441 9444 9447 9450
          9453 9456 9459 9462 9465 9468
          9471 9474 9477 9480 9483 9486
          9489 9492 9495 9498 9501 9504
          9507 9510 9513 9516 9519 9522
          9525 9528 9531 9534 9537 9540
          9543 9546 9549 9552 9555 9558
          9561 9564 9567 9570 9573 9576
          9579 9582 9585 9588 9591 9594
          9597 9600 9603 9606 9609 9612
          9615 9618 9621 9624 9627 9630
          9633 9636 9639 9642 9645 9648
          9651 9654 9657 9660 9663 9666
          9669 9672 9675 9678 9681 9684
          9687 9690 9693 9696 9699 9702
          9705 9708 9711 9714 9717 9720
          9723 9726 9729 9732 9735 9738
          9741 9744 9747 9750 9753 9756
          9759 9762 9765 9768 9771 9774
          9777 9780 9783 9786 9789 9792
          9795 9798 9801 9804 9807 9810
          9813 9816 9819 9822 9825 9828
          9831 9834 9837 9840 9843 9846
          9849 9852 9855 9858 9861 9864
          9867 9870 9873 9876 9879 9882
          9885 9888 9891 9894 9897 9900
          9903 9906 9909 9912 9915 9918
          9921 9924 9927 9930 9933 9936
          9939 9942 9945 9948 9951 9954
          9957 9960 9963 9966 9969 9972
          9975 9978 9981 9984 9987 9990
          9993 9996 9999 10002 10005 10008
          10011 10014 10017 10020 10023 10026
          10029 10032 10035 10038 10041 10044
          10047 10050 10053 10056 10059 10062
          10065 10068 10071 10074 10077 10080
          10083 10086 10089 10092 10095 10098
          10101 10104 10107 10110 10113 10116
          10119 10122 10125 10128 10131 10134
          10137 10140 10143 10146 10149 10152
          10155 10158 10161 10164 10167 10170
          10173 10176 10179 10182 10185 10188
          10191 10194 10197 10200 10203 10206
          10209 10212 10215 10218 10221 10224
          10227 10230 10233 10236 10239 10242
          10245 10248 10251 10254 10257 10260
          10263 10266 10269 10272 10275 10278
          10281 10284 10287 10290 10293 10296
          10299 10302 10305 10308 10311 10314
          10317 10320 10323 10326 10329 10332
          10335 10338 10341 10344 10347 10350
          10353 10356 10359 10362 10365 10368
          10371 10374 10377 10380 10383 10386
          10389 10392 10395 10398 10401 10404
          10407 10410 10413 10416 10419 10422
          10425 10428 10431 10434 10437 10440
          10443 10446 10449 10452 10455 10458
          10461 10464 10467 10470 10473 10476
          10479 10482 10485 10488 10491 10494
          10497 10500 10503 10506 10509 10512
          10515 10518 10521 10524 10527 10530
          10533 10536 10539 10542 10545 10548
          10551 10554 10557 10560 10563 10566
          10569 10572 10575 10578 10581 10584
          10587 10590 10593 10596 10599 10602
          10605 10608 10611 10614 10617 10620
          10623 10626 10629 10632 10635 10638
          10641 10644 10647 10650 10653 10656
          10659 10662 10665 10668 10671 10674
          10677 10680 10683 10686 10689 10692
          10695 10698 10701 10704 10707 10710
          10713 10716 10719 10722 10725 10728
          10731 10734 10737 10740 10743 10746
          10749 10752 10755 10758 10761 10764
          10767 10770 10773 10776 10779 10782
          10785 10788 10791 10794 10797 10800
          10803 10806 10809 10812 10815 10818
          10821 10824 10827 10830 10833 10836
          10839 10842 10845 10848 10851 10854
          10857 10860 10863 10866 10869 10872
          10875 10878 10881 10884 10887 10890
          10893 10896 10899 10902 10905 10908
          10911 10914 10917 10920 10923 10926
          10929 10932 10935 10938 10941 10944
          10947 10950 10953 10956 10959 10962
          10965 10968 10971 10974 10977 10980
          10983 10986 10989 10992 10995 10998
          11001 11004 11007 11010 11013 11016
          11019 11022 11025 11028 11031 11034
          11037 11040 11043 11046 11049 11052
          11055 11058 11061 11064 11067 11070
          11073 11076 11079 11082 11085 11088
          11091 11094 11097 11100 11103 11106
          11109 11112 11115 11118 11121 11124
          11127 11130 11133 11136 11139 11142
          11145 11148 11151 11154 11157 11160
          11163 11166 11169 11172 11175 11178
          11181 11184 11187 11190 11193 11196
          11199 11202 11205 11208 11211 11214
          11217 11220 11223 11226 11229 11232
          11235 11238 11241 11244 11247 11250
          11253 11256 11259 11262 11265 11268
          11271 11274 11277 11280 11283 11286
          11289 11292 11295 11298 11301 11304
          11307 11310 11313 11316 11319 11322
          11325 11328 11331 11334 11337 11340
          11343 11346 11349 11352 11355 11358
          11361 11364 11367 11370 11373 11376
          11379 11382 11385 11388 11391 11394
          11397 11400 11403 11406 11409 11412
          11415 11418 11421 11424 11427 11430
          11433 11436 11439 11442 11445 11448
          11451 11454 11457 11460 11463 11466
          11469 11472 11475 11478 11481 11484
          11487 11490 11493 11496 11499 11502
          11505 11508 11511 11514 11517 11520
          11523 11526 11529 11532 11535 11538
          11541 11544 11547 11550 11553 11556
          11559 11562 11565 11568 11571 11574
          11577 11580 11583 11586 11589 11592
          11595 11598 11601 11604 11607 11610
          11613 11616 11619 11622 11625 11628
          11631 11634 11637 11640 11643 11646
          11649 11652 11655 11658 11661 11664
          11667 11670 11673 11676 11679 11682
          11685 11688 11691 11694 11697 11700
          11703 11706 11709 11712 11715 11718
          11721 11724 11727 11730 11733 11736
          11739 11742 11745 11748 11751 11754
          11757 11760 11763 11766 11769 11772
          11775 11778 11781 11784 11787 11790
          11793 11796 11799 11802 11805 11808
          11811 11814 11817 11820 11823 11826
          11829 11832 11835 11838 11841 11844
          11847 11850 11853 11856 11859 11862
          11865 11868 11871 11874 11877 11880
          11883 11886 11889 11892 11895 11898
          11901 11904 11907 11910 11913 11916
          11919 11922 11925 11928 11931 11934
          11937 11940 11943 11946 11949 11952
          11955 11958 11961 11964 11967 11970
          11973 11976 11979 11982 11985 11988
          11991 11994 11997 12000 12003 12006
          12009 12012 12015 12018 12021 12024
          12027 12030 12033 12036 12039 12042
          12045 12048 12051 12054 12057 12060
          12063 12066 12069 12072 12075 12078
          12081 12084 12087 12090 12093 12096
          12099 12102 12105 12108 12111 12114
          12117 12120 12123 12126 12129 12132
          12135 12138 12141 12144 12147 12150
          12153 12156 12159 12162 12165 12168
          12171 12174 12177 12180 12183 12186
          12189 12192 12195 12198 12201 12204
          12207 12210 12213 12216 12219 12222
          12225 12228 12231 12234 12237 12240
          12243 12246 12249 12252 12255 12258
          12261 12264 12267 12270 12273 12276
          12279 12282 12285 12288 12291 12294
          12297 12300 12303 12306 12309 12312
          12315 12318 12321 12324 12327 12330
          12333 12336 12339 12342 12345 12348
          12351 12354 12357 12360 12363 12366
          12369 12372 12375 12378 12381 12384
          12387 12390 12393 12396 12399 12402
          12405 12408 12411 12414 12417 12420
          12423 12426 12429 12432 12435 12438
          12441 12444 12447 12450 12453 12456
          12459 12462 12465 12468 12471 12474
          12477 12480 12483 12486 12489 12492
          12495 12498 12501 12504 12507 12510
          12513 12516 12519 12522 12525 12528
          12531 12534 12537 12540 12543 12546
          12549 12552 12555 12558 12561 12564
          12567 12570 12573 12576 12579 12582
          12585 12588 12591 12594 12597 12600
          12603 12606 12609 12612 12615 12618
          12621 12624 12627 12630 12633 12636
          12639 12642 12645 12648 12651 12654
          12657 12660 12663 12666 12669 12672
          12675 12678 12681 12684 12687 12690
          12693 12696 12699 12702 12705 12708
          12711 12714 12717 12720 12723 12726
          12729 12732 12735 12738 12741 12744
          12747 12750 12753 12756 12759 12762
          12765 12768 12771 12774 12777 12780
          12783 12786 12789 12792 12795 12798
          12801 12804 12807 12810 12813 12816
          12819 12822 12825 12828 12831 12834
          12837 12840 12843 12846 12849 12852
          12855 12858 12861 12864 12867 12870
          12873 12876 12879 12882 12885 12888
          12891 12894 12897 12900 12903 12906
          12909 12912 12915 12918 12921 12924
          12927 12930 12933 12936 12939 12942
          12945 12948 12951 12954 12957 12960
          12963 12966 12969 12972 12975 12978
          12981 12984 12987 12990 12993 12996
          12999 13002 13005 13008 13011 13014
          13017 13020 13023 13026 13029 13032
          13035 13038 13041 13044 13047 13050
          13053 13056 13059 13062 13065 13068
          13071 13074 13077 13080 13083 13086
          13089 13092 13095 13098 13101 13104
          13107 13110 13113 13116 13119 13122
          13125 13128 13131 13134 13137 13140
          13143 13146 13149 13152 13155 13158
          13161 13164 13167 13170 13173 13176
          13179 13182 13185 13188 13191 13194
          13197 13200 13203 13206 13209 13212
          13215 13218 13221 13224 13227 13230
          13233 13236 13239 13242 13245 13248
          13251 13254 13257 13260 13263 13266
          13269 13272 13275 13278 13281 13284
          13287 13290 13293 13296 13299 13302
          13305 13308 13311 13314 13317 13320
          13323 13326 13329 13332 13335 13338
          13341 13344 13347 13350 13353 13356
          13359 13362 13365 13368 13371 13374
          13377 13380 13383 13386 13389 13392
          13395 13398 13401 13404 13407 13410
          13413 13416 13419 13422 13425 13428
          13431 13434 13437 13440 13443 13446
          13449 13452 13455 13458 13461 13464
          13467 13470 13473 13476 13479 13482
          13485 13488 13491 13494 13497 13500
          13503 13506 13509 13512 13515 13518
          13521 13524 13527 13530 13533 13536
          13539 13542 13545 13548 13551 13554
          13557 13560 13563 13566 13569 13572
          13575 13578 13581 13584 13587 13590
          13593 13596 13599 13602 13605 13608
          13611 13614 13617 13620 13623 13626
          13629 13632 13635 13638 13641 13644
          13647 13650 13653 13656 13659 13662
          13665 13668 13671 13674 13677 13680
          13683 13686 13689 13692 13695 13698
          13701 13704 13707 13710 13713 13716
          13719 13722 13725 13728 13731 13734
          13737 13740 13743 13746 13749 13752
          13755 13758 13761 13764 13767 13770
          13773 13776 13779 13782 13785 13788
          13791 13794 13797 13800 13803 13806
          13809 13812 13815 13818 13821 13824
          13827 13830 13833 13836 13839 13842
          13845 13848 13851 13854 13857 13860
          13863 13866 13869 13872 13875 13878
          13881 13884 13887 13890 13893 13896
          13899 13902 13905 13908 13911 13914
          13917 13920 13923 13926 13929 13932
          13935 13938 13941 13944 13947 13950
          13953 13956 13959 13962 13965 13968
          13971 13974 13977 13980 13983 13986
          13989 13992 13995 13998 14001 14004
          14007 14010 14013 14016 14019 14022
          14025 14028 14031 14034 14037 14040
          14043 14046 14049 14052 14055 14058
          14061 14064 14067 14070 14073 14076
          14079 14082 14085 14088 14091 14094
          14097 14100 14103 14106 14109 14112
          14115 14118 14121 14124 14127 14130
          14133 14136 14139 14142 14145 14148
          14151 14154 14157 14160 14163 14166
          14169 14172 14175 14178 14181 14184
          14187 14190 14193 14196 14199 14202
          14205 14208 14211 14214 14217 14220
          14223 14226 14229 14232 14235 14238
          14241 14244 14247 14250 14253 14256
          14259 14262 14265 14268 14271 14274
          14277 14280 14283 14286 14289 14292
          14295 14298 14301 14304 14307 14310
          14313 14316 14319 14322 14325 14328
          14331 14334 14337 14340 14343 14346
          14349 14352 14355 14358 14361 14364
          14367 14370 14373 14376 14379 14382
          14385 14388 14391 14394 14397 14400
          14403 14406 14409 14412 14415 14418
          14421 14424 14427 14430 14433 14436
          14439 14442 14445 14448 14451 14454
          14457 14460 14463 14466 14469 14472
          14475 14478 14481 14484 14487 14490
          14493 14496 14499 14502 14505 14508
          14511 14514 14517 14520 14523 14526
          14529 14532 14535 14538 14541 14544
          14547 14550 14553 14556 14559 14562
          14565 14568 14571 14574 14577 14580
          14583 14586 14589 14592 14595 14598
          14601 14604 14607 14610 14613 14616
          14619 14622 14625 14628 14631 14634
          14637 14640 14643 14646 14649 14652
          14655 14658 14661 14664 14667 14670
          14673 14676 14679 14682 14685 14688
          14691 14694 14697 14700 14703 14706
          14709 14712 14715 14718 14721 14724
          14727 14730 14733 14736 14739 14742
          14745 14748 14751 14754 14757 14760
          14763 14766 14769 14772 14775 14778
          14781 14784 14787 14790 14793 14796
          14799 14802 14805 14808 14811 14814
          14817 14820 14823 14826 14829 14832
          14835 14838 14841 14844 14847 14850
          14853 14856 14859 14862 14865 14868
          14871 14874 14877 14880 14883 14886
          14889 14892 14895 14898 14901 14904
          14907 14910 14913 14916 14919 14922
          14925 14928 14931 14934 14937 14940
          14943 14946 14949 14952 14955 14958
          14961 14964 14967 14970 14973 14976
          14979 14982 14985 14988 14991 14994
          14997 15000 15003 15006 15009 15012
          15015 15018 15021 15024 15027 15030
          15033 15036 15039 15042 15045 15048
          15051 15054 15057 15060 15063 15066
          15069 15072 15075 15078 15081 15084
          15087 15090 15093 15096 15099 15102
          15105 15108 15111 15114 15117 15120
          15123 15126 15129 15132 15135 15138
          15141 15144 15147 15150 15153 15156
          15159 15162 15165 15168 15171 15174
          15177 15180 15183 15186 15189 15192
          15195 15198 15201 15204 15207 15210
          15213 15216 15219 15222 15225 15228
          15231 15234 15237 15240 15243 15246
          15249 15252 15255 15258 15261 15264
          15267 15270 15273 15276 15279 15282
          15285 15288 15291 15294 15297 15300
          15303 15306 15309 15312 15315 15318
          15321 15324 15327 15330 15333 15336
          15339 15342 15345 15348 15351 15354
          15357 15360 15363 15366 15369 15372
          15375 15378 15381 15384 15387 15390
          15393 15396 15399 15402 15405 15408
          15411 15414 15417 15420 15423 15426
          15429 15432 15435 15438 15441 15444
          15447 15450 15453 15456 15459 15462
          15465 15468 15471 15474 15477 15480
          15483 15486 15489 15492 15495 15498
          15501 15504 15507 15510 15513 15516
          15519 15522 15525 15528 15531 15534
          15537 15540 15543 15546 15549 15552
          15555 15558 15561 15564 15567 15570
          15573 15576 15579 15582 15585 15588
          15591 15594 15597 15600 15603 15606
          15609 15612 15615 15618 15621 15624
          15627 15630 15633 15636 15639 15642
          15645 15648 15651 15654 15657 15660
          15663 15666 15669 15672 15675 15678
          15681 15684 15687 15690 15693 15696
          15699 15702 15705 15708 15711 15714
          15717 15720 15723 15726 15729 15732
          15735 15738 15741 15744 15747 15750
          15753 15756 15759 15762 15765 15768
          15771 15774 15777 15780 15783 15786
          15789 15792 15795 15798 15801 15804
          15807 15810 15813 15816 15819 15822
          15825 15828 15831 15834 15837 15840
          15843 15846 15849 15852 15855 15858
          15861 15864 15867 15870 15873 15876
          15879 15882 15885 15888 15891 15894
          15897 15900 15903 15906 15909 15912
          15915 15918 15921 15924 15927 15930
          15933 15936 15939 15942 15945 15948
          15951 15954 15957 15960 15963 15966
          15969 15972 15975 15978 15981 15984
          15987 15990 15993 15996 15999 16002
          16005 16008 16011 16014 16017 16020
          16023 16026 16029 16032 16035 16038
          16041 16044 16047 16050 16053 16056
          16059 16062 16065 16068 16071 16074
          16077 16080 16083 16086 16089 16092
          16095 16098 16101 16104 16107 16110
          16113 16116 16119 16122 16125 16128
          16131 16134 16137 16140 16143 16146
          16149 16152 16155 16158 16161 16164
          16167 16170 16173 16176 16179 16182
          16185 16188 16191 16194 16197 16200
          16203 16206 16209 16212 16215 16218
          16221 16224 16227 16230 16233 16236
          16239 16242 16245 16248 16251 16254
          16257 16260 16263 16266 16269 16272
          16275 16278 16281 16284 16287 16290
          16293 16296 16299 16302 16305 16308
          16311 16314 16317 16320 16323 16326
          16329 16332 16335 16338 16341 16344
          16347 16350 16353 16356 16359 16362
          16365 16368 16371 16374 16377 16380
          16383 16386 16389 16392 16395 16398
          16401 16404 16407 16410 16413 16416
          16419 16422 16425 16428 16431 16434
          16437 16440 16443 16446 16449 16452
          16455 16458 16461 16464 16467 16470
          16473 16476 16479 16482 16485 16488
          16491 16494 16497 16500 16503 16506
          16509 16512 16515 16518 16521 16524
          16527 16530 16533 16536 16539 16542
          16545 16548 16551 16554 16557 16560
          16563 16566 16569 16572 16575 16578
          16581 16584 16587 16590 16593 16596
          16599 16602 16605 16608 16611 16614
          16617 16620 16623 16626 16629 16632
          16635 16638 16641 16644 16647 16650
          16653 16656 16659 16662 16665 16668
          16671 16674 16677 16680 16683 16686
          16689 16692 16695 16698 16701 16704
          16707 16710 16713 16716 16719 16722
          16725 16728 16731 16734 16737 16740
          16743 16746 16749 16752 16755 16758
          16761 16764 16767 16770 16773 16776
          16779 16782 16785 16788 16791 16794
          16797 16800 16803 16806 16809 16812
          16815 16818 16821 16824 16827 16830
          16833 16836 16839 16842 16845 16848
          16851 16854 16857 16860 16863 16866
          16869 16872 16875 16878 16881 16884
          16887 16890 16893 16896 16899 16902
          16905 16908 16911 16914 16917 16920
          16923 16926 16929 16932 16935 16938
          16941 16944 16947 16950 16953 16956
          16959 16962 16965 16968 16971 16974
          16977 16980 16983 16986 16989 16992
          16995 16998 17001 17004 17007 17010
          17013 17016 17019 17022 17025 17028
          17031 17034 17037 17040 17043 17046
          17049 17052 17055 17058 17061 17064
          17067 17070 17073 17076 17079 17082
          17085 17088 17091 17094 17097 17100
          17103 17106 17109 17112 17115 17118
          17121 17124 17127 17130 17133 17136
          17139 17142 17145 17148 17151 17154
          17157 17160 17163 17166 17169 17172
          17175 17178 17181 17184 17187 17190
          17193 17196 17199 17202 17205 17208
          17211 17214 17217 17220 17223 17226
          17229 17232 17235 17238 17241 17244
          17247 17250 17253 17256 17259 17262
          17265 17268 17271 17274 17277 17280
          17283 17286 17289 17292 17295 17298
          17301 17304 17307 17310 17313 17316
          17319 17322 17325 17328 17331 17334
          17337 17340 17343 17346 17349 17352
          17355 17358 17361 17364 17367 17370
          17373 17376 17379 17382 17385 17388
          17391 17394 17397 17400 17403 17406
          17409 17412 17415 17418 17421 17424
          17427 17430 17433 17436 17439 17442
          17445 17448 17451 17454 17457 17460
          17463 17466 17469 17472 17475 17478
          17481 17484 17487 17490 17493 17496
          17499 17502 17505 17508 17511 17514
          17517 17520 17523 17526 17529 17532
          17535 17538 17541 17544 17547 17550
          17553 17556 17559 17562 17565 17568
          17571 17574 17577 17580 17583 17586
          17589 17592 17595 17598 17601 17604
          17607 17610 17613 17616 17619 17622
          17625 17628 17631 17634 17637 17640
          17643 17646 17649 17652 17655 17658
          17661 17664 17667 17670 17673 17676
          17679 17682 17685 17688 17691 17694
          17697 17700 17703 17706 17709 17712
          17715 17718 17721 17724 17727 17730
          17733 17736 17739 17742 17745 17748
          17751 17754 17757 17760 17763 17766
          17769 17772 17775 17778 17781 17784
          17787 17790 17793 17796 17799 17802
          17805 17808 17811 17814 17817 17820
          17823 17826 17829 17832 17835 17838
          17841 17844 17847 17850 17853 17856
          17859 17862 17865 17868 17871 17874
          17877 17880 17883 17886 17889 17892
          17895 17898 17901 17904 17907 17910
          17913 17916 17919 17922 17925 17928
          17931 17934 17937 17940 17943 17946
          17949 17952 17955 17958 17961 17964
          17967 17970 17973 17976 17979 17982
          17985 17988 17991 17994 17997 18000
          18003 18006 18009 18012 18015 18018
          18021 18024 18027 18030 18033 18036
          18039 18042 18045 18048 18051 18054
          18057 18060 18063 18066 18069 18072
          18075 18078 18081 18084 18087 18090
          18093 18096 18099 18102 18105 18108
          18111 18114 18117 18120 18123 18126
          18129 18132 18135 18138 18141 18144
          18147 18150 18153 18156 18159 18162
          18165 18168 18171 18174 18177 18180
          18183 18186 18189 18192 18195 18198
          18201 18204 18207 18210 18213 18216
          18219 18222 18225 18228 18231 18234
          18237 18240 18243 18246 18249 18252
          18255 18258 18261 18264 18267 18270
          18273 18276 18279 18282 18285 18288
          18291 18294 18297 18300 18303 18306
          18309 18312 18315 18318 18321 18324
          18327 18330 18333 18336 18339 18342
          18345 18348 18351 18354 18357 18360
          18363 18366 18369 18372 18375 18378
          18381 18384 18387 18390 18393 18396
          18399 18402 18405 18408 18411 18414
          18417 18420 18423 18426 18429 18432
          18435 18438 18441 18444 18447 18450
          18453 18456 18459 18462 18465 18468
          18471 18474 18477 18480 18483 18486
          18489 18492 18495 18498 18501 18504
          18507 18510 18513 18516 18519 18522
          18525 18528 18531 18534 18537 18540
          18543 18546 18549 18552 18555 18558
          18561 18564 18567 18570 18573 18576
          18579 18582 18585 18588 18591 18594
          18597 18600 18603 18606 18609 18612
          18615 18618 18621 18624 18627 18630
          18633 18636 18639 18642 18645 18648
          18651 18654 18657 18660 18663 18666
          18669 18672 18675 18678 18681 18684
          18687 18690 18693 18696 18699 18702
          18705 18708 18711 18714 18717 18720
          18723 18726 18729 18732 18735 18738
          18741 18744 18747 18750 18753 18756
          18759 18762 18765 18768 18771 18774
          18777 18780 18783 18786 18789 18792
          18795 18798 18801 18804 18807 18810
          18813 18816 18819 18822 18825 18828
          18831 18834 18837 18840 18843 18846
          18849 18852 18855 18858 18861 18864
          18867 18870 18873 18876 18879 18882
          18885 18888 18891 18894 18897 18900
          18903 18906 18909 18912 18915 18918
          18921 18924 18927 18930 18933 18936
          18939 18942 18945 18948 18951 18954
          18957 18960 18963 18966 18969 18972
          18975 18978 18981 18984 18987 18990
          18993 18996 18999 19002 19005 19008
          19011 19014 19017 19020 19023 19026
          19029 19032 19035 19038 19041 19044
          19047 19050 19053 19056 19059 19062
          19065 19068 19071 19074 19077 19080
          19083 19086 19089 19092 19095 19098
          19101 19104 19107 19110 19113 19116
          19119 19122 19125 19128 19131 19134
          19137 19140 19143 19146 19149 19152
          19155 19158 19161 19164 19167 19170
          19173 19176 19179 19182 19185 19188
          19191 19194 19197 19200 19203 19206
          19209 19212 19215 19218 19221 19224
          19227 19230 19233 19236 19239 19242
          19245 19248 19251 19254 19257 19260
          19263 19266 19269 19272 19275 19278
          19281 19284 19287 19290 19293 19296
          19299 19302 19305 19308 19311 19314
          19317 19320 19323 19326 19329 19332
          19335 19338 19341 19344 19347 19350
          19353 19356 19359 19362 19365 19368
          19371 19374 19377 19380 19383 19386
          19389 19392 19395 19398 19401 19404
          19407 19410 19413 19416 19419 19422
          19425 19428 19431 19434 19437 19440
          19443 19446 19449 19452 19455 19458
          19461 19464 19467 19470 19473 19476
          19479 19482 19485 19488 19491 19494
          19497 19500 19503 19506 19509 19512
          19515 19518 19521 19524 19527 19530
          19533 19536 19539 19542 19545 19548
          19551 19554 19557 19560 19563 19566
          19569 19572 19575 19578 19581 19584
          19587 19590 19593 19596 19599 19602
          19605 19608 19611 19614 19617 19620
          19623 19626 19629 19632 19635 19638
          19641 19644 19647 19650 19653 19656
          19659 19662 19665 19668 19671 19674
          19677 19680 19683 19686 19689 19692
          19695 19698 19701 19704 19707 19710
          19713 19716 19719 19722 19725 19728
          19731 19734 19737 19740 19743 19746
          19749 19752 19755 19758 19761 19764
          19767 19770 19773 19776 19779 19782
          19785 19788 19791 19794 19797 19800
          19803 19806 19809 19812 19815 19818
          19821 19824 19827 19830 19833 19836
          19839 19842 19845 19848 19851 19854
          19857 19860 19863 19866 19869 19872
          19875 19878 19881 19884 19887 19890
          19893 19896 19899 19902 19905 19908
          19911 19914 19917 19920 19923 19926
          19929 19932 19935 19938 19941 19944
          19947 19950 19953 19956 19959 19962
          19965 19968 19971 19974 19977 19980
          19983 19986 19989 19992 19995 19998
          20001 20004 20007 20010 20013 20016
          20019 20022 20025 20028 20031 20034
          20037 20040 20043 20046 20049 20052
          20055 20058 20061 20064 20067 20070
          20073 20076 20079 20082 20085 20088
          20091 20094 20097 20100 20103 20106
          20109 20112 20115 20118 20121 20124
          20127 20130 20133 20136 20139 20142
          20145 20148 20151 20154 20157 20160
          20163 20166 20169 20172 20175 20178
          20181 20184 20187 20190 20193 20196
          20199 20202 20205 20208 20211 20214
          20217 20220 20223 20226 20229 20232
          20235 20238 20241 20244 20247 20250
          20253 20256 20259 20262 20265 20268
          20271 20274 20277 20280 20283 20286
          20289 20292 20295 20298 20301 20304
          20307 20310 20313 20316 20319 20322
          20325 20328 20331 20334 20337 20340
          20343 20346 20349 20352 20355 20358
          20361 20364 20367 20370 20373 20376
          20379 20382 20385 20388 20391 20394
          20397 20400 20403 20406 20409 20412
          20415 20418 20421 20424 20427 20430
          20433 20436 20439 20442 20445 20448
          20451 20454 20457 20460 20463 20466
          20469 20472 20475 20478 20481 20484
          20487 20490 20493 20496 20499 20502
          20505 20508 20511 20514 20517 20520
          20523 20526 20529 20532 20535 20538
          20541 20544 20547 20550 20553 20556
          20559 20562 20565 20568 20571 20574
          20577 20580 20583 20586 20589 20592
          20595 20598 20601 20604 20607 20610
          20613 20616 20619 20622 20625 20628
          20631 20634 20637 20640 20643 20646
          20649 20652 20655 20658 20661 20664
          20667 20670 20673 20676 20679 20682
          20685 20688 20691 20694 20697 20700
          20703 20706 20709 20712 20715 20718
          20721 20724 20727 20730 20733 20736
          20739 20742 20745 20748 20751 20754
          20757 20760 20763 20766 20769 20772
          20775 20778 20781 20784 20787 20790
          20793 20796 20799 20802 20805 20808
          20811 20814 20817 20820 20823 20826
          20829 20832 20835 20838 20841 20844
          20847 20850 20853 20856 20859 20862
          20865 20868 20871 20874 20877 20880
          20883 20886 20889 20892 20895 20898
          20901 20904 20907 20910 20913 20916
          20919 20922 20925 20928 20931 20934
          20937 20940 20943 20946 20949 20952
          20955 20958 20961 20964 20967 20970
          20973 20976 20979 20982 20985 20988
          20991 20994 20997 21000 21003 21006
          21009 21012 21015 21018 21021 21024
          21027 21030 21033 21036 21039 21042
          21045 21048 21051 21054 21057 21060
          21063 21066 21069 21072 21075 21078
          21081 21084 21087 21090 21093 21096
          21099 21102 21105 21108 21111 21114
          21117 21120 21123 21126 21129 21132
          21135 21138 21141 21144 21147 21150
          21153 21156 21159 21162 21165 21168
          21171 21174 21177 21180 21183 21186
          21189 21192 21195 21198 21201 21204
          21207 21210 21213 21216 21219 21222
          21225 21228 21231 21234 21237 21240
          21243 21246 21249 21252 21255 21258
          21261 21264 21267 21270 21273 21276
          21279 21282 21285 21288 21291 21294
          21297 21300 21303 21306 21309 21312
          21315 21318 21321 21324 21327 21330
          21333 21336 21339 21342 21345 21348
          21351 21354 21357 21360 21363 21366
          21369 21372 21375 21378 21381 21384
          21387 21390 21393 21396 21399 21402
          21405 21408 21411 21414 21417 21420
          21423 21426 21429 21432 21435 21438
          21441 21444 21447 21450 21453 21456
          21459 21462 21465 21468 21471 21474
          21477 21480 21483 21486 21489 21492
          21495 21498 21501 21504 21507 21510
          21513 21516 21519 21522 21525 21528
          21531 21534 21537 21540 21543 21546
          21549 21552 21555 21558 21561 21564
          21567 21570 21573 21576 21579 21582
          21585 21588 21591 21594 21597 21600
          21603 21606 21609 21612 21615 21618
          21621 21624 21627 21630 21633 21636
          21639 21642 21645 21648 21651 21654
          21657 21660 21663 21666 21669 21672
          21675 21678 21681 21684 21687 21690
          21693 21696 21699 21702 21705 21708
          21711 21714 21717 21720 21723 21726
          21729 21732 21735 21738 21741 21744
          21747 21750 21753 21756 21759 21762
          21765 21768 21771 21774 21777 21780
          21783 21786 21789 21792 21795 21798
          21801 21804 21807 21810 21813 21816
          21819 21822 21825 21828 21831 21834
          21837 21840 21843 21846 21849 21852
          21855 21858 21861 21864 21867 21870
          21873 21876 21879 21882 21885 21888
          21891 21894 21897 21900 21903 21906
          21909 21912 21915 21918 21921 21924
          21927 21930 21933 21936 21939 21942
          21945 21948 21951 21954 21957 21960
          21963 21966 21969 21972 21975 21978
          21981 21984 21987 21990 21993 21996
          21999 22002 22005 22008 22011 22014
          22017 22020 22023 22026 22029 22032
          22035 22038 22041 22044 22047 22050
          22053 22056 22059 22062 22065 22068
          22071 22074 22077 22080 22083 22086
          22089 22092 22095 22098 22101 22104
          22107 22110 22113 22116 22119 22122
          22125 22128 22131 22134 22137 22140
          22143 22146 22149 22152 22155 22158
          22161 22164 22167 22170 22173 22176
          22179 22182 22185 22188 22191 22194
          22197 22200 22203 22206 22209 22212
          22215 22218 22221 22224 22227 22230
          22233 22236 22239 22242 22245 22248
          22251 22254 22257 22260 22263 22266
          22269 22272 22275 22278 22281 22284
          22287 22290 22293 22296 22299 22302
          22305 22308 22311 22314 22317 22320
          22323 22326 22329 22332 22335 22338
          22341 22344 22347 22350 22353 22356
          22359 22362 22365 22368 22371 22374
          22377 22380 22383 22386 22389 22392
          22395 22398 22401 22404 22407 22410
          22413 22416 22419 22422 22425 22428
          22431 22434 22437 22440 22443 22446
          22449 22452 22455 22458 22461 22464
          22467 22470 22473 22476 22479 22482
          22485 22488 22491 22494 22497 22500
          22503 22506 22509 22512 22515 22518
          22521 22524 22527 22530 22533 22536
          22539 22542 22545 22548 22551 22554
          22557 22560 22563 22566 22569 22572
          22575 22578 22581 22584 22587 22590
          22593 22596 22599 22602 22605 22608
          22611 22614 22617 22620 22623 22626
          22629 22632 22635 22638 22641 22644
          22647 22650 22653 22656 22659 22662
          22665 22668 22671 22674 22677 22680
          22683 22686 22689 22692 22695 22698
          22701 22704 22707 22710 22713 22716
          22719 22722 22725 22728 22731 22734
          22737 22740 22743 22746 22749 22752
          22755 22758 22761 22764 22767 22770
          22773 22776 22779 22782 22785 22788
          22791 22794 22797 22800 22803 22806
          22809 22812 22815 22818 22821 22824
          22827 22830 22833 22836 22839 22842
          22845 22848 22851 22854 22857 22860
          22863 22866 22869 22872 22875 22878
          22881 22884 22887 22890 22893 22896
          22899 22902 22905 22908 22911 22914
          22917 22920 22923 22926 22929 22932
          22935 22938 22941 22944 22947 22950
          22953 22956 22959 22962 22965 22968
          22971 22974 22977 22980 22983 22986
          22989 22992 22995 22998 23001 23004
          23007 23010 23013 23016 23019 23022
          23025 23028 23031 23034 23037 23040
          23043 23046 23049 23052 23055 23058
          23061 23064 23067 23070 23073 23076
          23079 23082 23085 23088 23091 23094
          23097 23100 23103 23106 23109 23112
          23115 23118 23121 23124 23127 23130
          23133 23136 23139 23142 23145 23148
          23151 23154 23157 23160 23163 23166
          23169 23172 23175 23178 23181 23184
          23187 23190 23193 23196 23199 23202
          23205 23208 23211 23214 23217 23220
          23223 23226 23229 23232 23235 23238
          23241 23244 23247 23250 23253 23256
          23259 23262 23265 23268 23271 23274
          23277 23280 23283 23286 23289 23292
          23295 23298 23301 23304 23307 23310
          23313 23316 23319 23322 23325 23328
          23331 23334 23337 23340 23343 23346
          23349 23352 23355 23358 23361 23364
          23367 23370 23373 23376 23379 23382
          23385 23388 23391 23394 23397 23400
          23403 23406 23409 23412 23415 23418
          23421 23424 23427 23430 23433 23436
          23439 23442 23445 23448 23451 23454
          23457 23460 23463 23466 23469 23472
          23475 23478 23481 23484 23487 23490
          23493 23496 23499 23502 23505 23508
          23511 23514 23517 23520 23523 23526
          23529 23532 23535 23538 23541 23544
          23547 23550 23553 23556 23559 23562
          23565 23568 23571 23574 23577 23580
          23583 23586 23589 23592 23595 23598
          23601 23604 23607 23610 23613 23616
          23619 23622 23625 23628 23631 23634
          23637 23640 23643 23646 23649 23652
          23655 23658 23661 23664 23667 23670
          23673 23676 23679 23682 23685 23688
          23691 23694 23697 23700 23703 23706
          23709 23712 23715 23718 23721 23724
          23727 23730 23733 23736 23739 23742
          23745 23748 23751 23754 23757 23760
          23763 23766 23769 23772 23775 23778
          23781 23784 23787 23790 23793 23796
          23799 23802 23805 23808 23811 23814
          23817 23820 23823 23826 23829 23832
          23835 23838 23841 23844 23847 23850
          23853 23856 23859 23862 23865 23868
          23871 23874 23877 23880 23883 23886
          23889 23892 23895 23898 23901 23904
          23907 23910 23913 23916 23919 23922
          23925 23928 23931 23934 23937 23940
          23943 23946 23949 23952 23955 23958
          23961 23964 23967 23970 23973 23976
          23979 23982 23985 23988 23991 23994
          23997 24000 24003 24006 24009 24012
          24015 24018 24021 24024 24027 24030
          24033 24036 24039 24042 24045 24048
          24051 24054 24057 24060 24063 24066
          24069 24072 24075 24078 24081 24084
          24087 24090 24093 24096 24099 24102
          24105 24108 24111 24114 24117 24120
          24123 24126 24129 24132 24135 24138
          24141 24144 24147 24150 24153 24156
          24159 24162 24165 24168 24171 24174
          24177 24180 24183 24186 24189 24192
          24195 24198 24201 24204 24207 24210
          24213 24216 24219 24222 24225 24228
          24231 24234 24237 24240 24243 24246
          24249 24252 24255 24258 24261 24264
          24267 24270 24273 24276 24279 24282
          24285 24288 24291 24294 24297 24300
          24303 24306 24309 24312 24315 24318
          24321 24324 24327 24330 24333 24336
          24339 24342 24345 24348 24351 24354
          24357 24360 24363 24366 24369 24372
          24375 24378 24381 24384 24387 24390
          24393 24396 24399 24402 24405 24408
          24411 24414 24417 24420 24423 24426
          24429 24432 24435 24438 24441 24444
          24447 24450 24453 24456 24459 24462
          24465 24468 24471 24474 24477 24480
          24483 24486 24489 24492 24495 24498
          24501 24504 24507 24510 24513 24516
          24519 24522 24525 24528 24531 24534
          24537 24540 24543 24546 24549 24552
          24555 24558 24561 24564 24567 24570
          24573 24576 24579 24582 24585 24588
          24591 24594 24597 24600 24603 24606
          24609 24612 24615 24618 24621 24624
          24627 24630 24633 24636 24639 24642
          24645 24648 24651 24654 24657 24660
          24663 24666 24669 24672 24675 24678
          24681 24684 24687 24690 24693 24696
          24699 24702 24705 24708 24711 24714
          24717 24720 24723 24726 24729 24732
          24735 24738 24741 24744 24747 24750
          24753 24756 24759 24762 24765 24768
          24771 24774 24777 24780 24783 24786
          24789 24792 24795 24798 24801 24804
          24807 24810 24813 24816 24819 24822
          24825 24828 24831 24834 24837 24840
          24843 24846 24849 24852 24855 24858
          24861 24864 24867 24870 24873 24876
          24879 24882 24885 24888 24891 24894
          24897 24900 24903 24906 24909 24912
          24915 24918 24921 24924 24927 24930
          24933 24936 24939 24942 24945 24948
          24951 24954 24957 24960 24963 24966
          24969 24972 24975 24978 24981 24984
          24987 24990 24993 24996 24999 25002
          25005 25008 25011 25014 25017 25020
          25023 25026 25029 25032 25035 25038
          25041 25044 25047 25050 25053 25056
          25059 25062 25065 25068 25071 25074
          25077 25080 25083 25086 25089 25092
          25095 25098 25101 25104 25107 25110
          25113 25116 25119 25122 25125 25128
          25131 25134 25137 25140 25143 25146
          25149 25152 25155 25158 25161 25164
          25167 25170 25173 25176 25179 25182
          25185 25188 25191 25194 25197 25200
          25203 25206 25209 25212 25215 25218
          25221 25224 25227 25230 25233 25236
          25239 25242 25245 25248 25251 25254
          25257 25260 25263 25266 25269 25272
          25275 25278 25281 25284 25287 25290
          25293 25296 25299 25302 25305 25308
          25311 25314 25317 25320 25323 25326
          25329 25332 25335 25338 25341 25344
          25347 25350 25353 25356 25359 25362
          25365 25368 25371 25374 25377 25380
          25383 25386 25389 25392 25395 25398
          25401 25404 25407 25410 25413 25416
          25419 25422 25425 25428 25431 25434
          25437 25440 25443 25446 25449 25452
          25455 25458 25461 25464 25467 25470
          25473 25476 25479 25482 25485 25488
          25491 25494 25497 25500 25503 25506
          25509 25512 25515 25518 25521 25524
          25527 25530 25533 25536 25539 25542
          25545 25548 25551 25554 25557 25560
          25563 25566 25569 25572 25575 25578
          25581 25584 25587 25590 25593 25596
          25599 25602 25605 25608 25611 25614
          25617 25620 25623 25626 25629 25632
          25635 25638 25641 25644 25647 25650
          25653 25656 25659 25662 25665 25668
          25671 25674 25677 25680 25683 25686
          25689 25692 25695 25698 25701 25704
          25707 25710 25713 25716 25719 25722
          25725 25728 25731 25734 25737 25740
          25743 25746 25749 25752 25755 25758
          25761 25764 25767 25770 25773 25776
          25779 25782 25785 25788 25791 25794
          25797 25800 25803 25806 25809 25812
          25815 25818 25821 25824 25827 25830
          25833 25836 25839 25842 25845 25848
          25851 25854 25857 25860 25863 25866
          25869 25872 25875 25878 25881 25884
          25887 25890 25893 25896 25899 25902
          25905 25908 25911 25914 25917 25920
          25923 25926 25929 25932 25935 25938
          25941 25944 25947 25950 25953 25956
          25959 25962 25965 25968 25971 25974
          25977 25980 25983 25986 25989 25992
          25995 25998 26001 26004 26007 26010
          26013 26016 26019 26022 26025 26028
          26031 26034 26037 26040 26043 26046
          26049 26052 26055 26058 26061 26064
          26067 26070 26073 26076 26079 26082
          26085 26088 26091 26094 26097 26100
          26103 26106 26109 26112 26115 26118
          26121 26124 26127 26130 26133 26136
          26139 26142 26145 26148 26151 26154
          26157 26160 26163 26166 26169 26172
          26175 26178 26181 26184 26187 26190
          26193 26196 26199 26202 26205 26208
          26211 26214 26217 26220 26223 26226
          26229 26232 26235 26238 26241 26244
          26247 26250 26253 26256 26259 26262
          26265 26268 26271 26274 26277 26280
          26283 26286 26289 26292 26295 26298
          26301 26304 26307 26310 26313 26316
          26319 26322 26325 26328 26331 26334
          26337 26340 26343 26346 26349 26352
          26355 26358 26361 26364 26367 26370
          26373 26376 26379 26382 26385 26388
          26391 26394 26397 26400 26403 26406
          26409 26412 26415 26418 26421 26424
          26427 26430 26433 26436 26439 26442
          26445 26448 26451 26454 26457 26460
          26463 26466 26469 26472 26475 26478
          26481 26484 26487 26490 26493 26496
          26499 26502 26505 26508 26511 26514
          26517 26520 26523 26526 26529 26532
          26535 26538 26541 26544 26547 26550
          26553 26556 26559 26562 26565 26568
          26571 26574 26577 26580 26583 26586
          26589 26592 26595 26598 26601 26604
          26607 26610 26613 26616 26619 26622
          26625 26628 26631 26634 26637 26640
          26643 26646 26649 26652 26655 26658
          26661 26664 26667 26670 26673 26676
          26679 26682 26685 26688 26691 26694
          26697 26700 26703 26706 26709 26712
          26715 26718 26721 26724 26727 26730
          26733 26736 26739 26742 26745 26748
          26751 26754 26757 26760 26763 26766
          26769 26772 26775 26778 26781 26784
          26787 26790 26793 26796 26799 26802
          26805 26808 26811 26814 26817 26820
          26823 26826 26829 26832 26835 26838
          26841 26844 26847 26850 26853 26856
          26859 26862 26865 26868 26871 26874
          26877 26880 26883 26886 26889 26892
          26895 26898 26901 26904 26907 26910
          26913 26916 26919 26922 26925 26928
          26931 26934 26937 26940 26943 26946
          26949 26952 26955 26958 26961 26964
          26967 26970 26973 26976 26979 26982
          26985 26988 26991 26994 26997 27000
          27003 27006 27009 27012 27015 27018
          27021 27024 27027 27030 27033 27036
          27039 27042 27045 27048 27051 27054
          27057 27060 27063 27066 27069 27072
          27075 27078 27081 27084 27087 27090
          27093 27096 27099 27102 27105 27108
          27111 27114 27117 27120 27123 27126
          27129 27132 27135 27138 27141 27144
          27147 27150 27153 27156 27159 27162
          27165 27168 27171 27174 27177 27180
          27183 27186 27189 27192 27195 27198
          27201 27204 27207 27210 27213 27216
          27219 27222 27225 27228 27231 27234
          27237 27240 27243 27246 27249 27252
          27255 27258 27261 27264 27267 27270
          27273 27276 27279 27282 27285 27288
          27291 27294 27297 27300 27303 27306
          27309 27312 27315 27318 27321 27324
          27327 27330 27333 27336 27339 27342
          27345 27348 27351 27354 27357 27360
          27363 27366 27369 27372 27375 27378
          27381 27384 27387 27390 27393 27396
          27399 27402 27405 27408 27411 27414
          27417 27420 27423 27426 27429 27432
          27435 27438 27441 27444 27447 27450
          27453 27456 27459 27462 27465 27468
          27471 27474 27477 27480 27483 27486
          27489 27492 27495 27498 27501 27504
          27507 27510 27513 27516 27519 27522
          27525 27528 27531 27534 27537 27540
          27543 27546 27549 27552 27555 27558
          27561 27564 27567 27570 27573 27576
          27579 27582 27585 27588 27591 27594
          27597 27600 27603 27606 27609 27612
          27615 27618 27621 27624 27627 27630
          27633 27636 27639 27642 27645 27648
          27651 27654 27657 27660 27663 27666
          27669 27672 27675 27678 27681 27684
          27687 27690 27693 27696 27699 27702
          27705 27708 27711 27714 27717 27720
          27723 27726 27729 27732 27735 27738
          27741 27744 27747 27750 27753 27756
          27759 27762 27765 27768 27771 27774
          27777 27780 27783 27786 27789 27792
          27795 27798 27801 27804 27807 27810
          27813 27816 27819 27822 27825 27828
          27831 27834 27837 27840 27843 27846
          27849 27852 27855 27858 27861 27864
          27867 27870 27873 27876 27879 27882
          27885 27888 27891 27894 27897 27900
          27903 27906 27909 27912 27915 27918
          27921 27924 27927 27930 27933 27936
          27939 27942 27945 27948 27951 27954
          27957 27960 27963 27966 27969 27972
          27975 27978 27981 27984 27987 27990
          27993 27996 27999 28002 28005 28008
          28011 28014 28017 28020 28023 28026
          28029 28032 28035 28038 28041 28044
          28047 28050 28053 28056 28059 28062
          28065 28068 28071 28074 28077 28080
          28083 28086 28089 28092 28095 28098
          28101 28104 28107 28110 28113 28116
          28119 28122 28125 28128 28131 28134
          28137 28140 28143 28146 28149 28152
          28155 28158 28161 28164 28167 28170
          28173 28176 28179 28182 28185 28188
          28191 28194 28197 28200 28203 28206
          28209 28212 28215 28218 28221 28224
          28227 28230 28233 28236 28239 28242
          28245 28248 28251 28254 28257 28260
          28263 28266 28269 28272 28275 28278
          28281 28284 28287 28290 28293 28296
          28299 28302 28305 28308 28311 28314
          28317 28320 28323 28326 28329 28332
          28335 28338 28341 28344 28347 28350
          28353 28356 28359 28362 28365 28368
          28371 28374 28377 28380 28383 28386
          28389 28392 28395 28398 28401 28404
          28407 28410 28413 28416 28419 28422
          28425 28428 28431 28434 28437 28440
          28443 28446 28449 28452 28455 28458
          28461 28464 28467 28470 28473 28476
          28479 28482 28485 28488 28491 28494
          28497 28500 28503 28506 28509 28512
          28515 28518 28521 28524 28527 28530
          28533 28536 28539 28542 28545 28548
          28551 28554 28557 28560 28563 28566
          28569 28572 28575 28578 28581 28584
          28587 28590 28593 28596 28599 28602
          28605 28608 28611 28614 28617 28620
          28623 28626 28629 28632 28635 28638
          28641 28644 28647 28650 28653 28656
          28659 28662 28665 28668 28671 28674
          28677 28680 28683 28686 28689 28692
          28695 28698 28701 28704 28707 28710
          28713 28716 28719 28722 28725 28728
          28731 28734 28737 28740 28743 28746
          28749 28752 28755 28758 28761 28764
          28767 28770 28773 28776 28779 28782
          28785 28788 28791 28794 28797 28800
          28803 28806 28809 28812 28815 28818
          28821 28824 28827 28830 28833 28836
          28839 28842 28845 28848 28851 28854
          28857 28860 28863 28866 28869 28872
          28875 28878 28881 28884 28887 28890
          28893 28896 28899 28902 28905 28908
          28911 28914 28917 28920 28923 28926
          28929 28932 28935 28938 28941 28944
          28947 28950 28953 28956 28959 28962
          28965 28968 28971 28974 28977 28980
          28983 28986 28989 28992 28995 28998
          29001 29004 29007 29010 29013 29016
          29019 29022 29025 29028 29031 29034
          29037 29040 29043 29046 29049 29052
          29055 29058 29061 29064 29067 29070
          29073 29076 29079 29082 29085 29088
          29091 29094 29097 29100 29103 29106
          29109 29112 29115 29118 29121 29124
          29127 29130 29133 29136 29139 29142
          29145 29148 29151 29154 29157 29160
          29163 29166 29169 29172 29175 29178
          29181 29184 29187 29190 29193 29196
          29199 29202 29205 29208 29211 29214
          29217 29220 29223 29226 29229 29232
          29235 29238 29241 29244 29247 29250
          29253 29256 29259 29262 29265 29268
          29271 29274 29277 29280 29283 29286
          29289 29292 29295 29298 29301 29304
          29307 29310 29313 29316 29319 29322
          29325 29328 29331 29334 29337 29340
          29343 29346 29349 29352 29355 29358
          29361 29364 29367 29370 29373 29376
          29379 29382 29385 29388 29391 29394
          29397 29400 29403 29406 29409 29412
          29415 29418 29421 29424 29427 29430
          29433 29436 29439 29442 29445 29448
          29451 29454 29457 29460 29463 29466
          29469 29472 29475 29478 29481 29484
          29487 29490 29493 29496 29499 29502
          29505 29508 29511 29514 29517 29520
          29523 29526 29529 29532 29535 29538
          29541 29544 29547 29550 29553 29556
          29559 29562 29565 29568 29571 29574
          29577 29580 29583 29586 29589 29592
          29595 29598 29601 29604 29607 29610
          29613 29616 29619 29622 29625 29628
          29631 29634 29637 29640 29643 29646
          29649 29652 29655 29658 29661 29664
          29667 29670 29673 29676 29679 29682
          29685 29688 29691 29694 29697 29700
          29703 29706 29709 29712 29715 29718
          29721 29724 29727 29730 29733 29736
          29739 29742 29745 29748 29751 29754
          29757 29760 29763 29766 29769 29772
          29775 29778 29781 29784 29787 29790
          29793 29796 29799 29802 29805 29808
          29811 29814 29817 29820 29823 29826
          29829 29832 29835 29838 29841 29844
          29847 29850 29853 29856 29859 29862
          29865 29868 29871 29874 29877 29880
          29883 29886 29889 29892 29895 29898
          29901 29904 29907 29910 29913 29916
          29919 29922 29925 29928 29931 29934
          29937 29940 29943 29946 29949 29952
          29955 29958 29961 29964 29967 29970
          29973 29976 29979 29982 29985 29988
          29991 29994 29997 30000 30003 30006
          30009 30012 30015 30018 30021 30024
          30027 30030 30033 30036 30039 30042
          30045 30048 30051 30054 30057 30060
          30063 30066 30069 30072 30075 30078
          30081 30084 30087 30090 30093 30096
          30099 30102 30105 30108 30111 30114
          30117 30120 30123 30126 30129 30132
          30135 30138 30141 30144 30147 30150
          30153 30156 30159 30162 30165 30168
          30171 30174 30177 30180 30183 30186
          30189 30192 30195 30198 30201 30204
          30207 30210 30213 30216 30219 30222
          30225 30228 30231 30234 30237 30240
          30243 30246 30249 30252 30255 30258
          30261 30264 30267 30270 30273 30276
          30279 30282 30285 30288 30291 30294
          30297 30300 30303 30306 30309 30312
          30315 30318 30321 30324 30327 30330
          30333 30336 30339 30342 30345 30348
          30351 30354 30357 30360 30363 30366
          30369 30372 30375 30378 30381 30384
          30387 30390 30393 30396 30399 30402
          30405 30408 30411 30414 30417 30420
          30423 30426 30429 30432 30435 30438
          30441 30444 30447 30450 30453 30456
          30459 30462 30465 30468 30471 30474
          30477 30480 30483 30486 30489 30492
          30495 30498 30501 30504 30507 30510
          30513 30516 30519 30522 30525 30528
          30531 30534 30537 30540 30543 30546
          30549 30552 30555 30558 30561 30564
          30567 30570 30573 30576 30579 30582
          30585 30588 30591 30594 30597 30600
          30603 30606 30609 30612 30615 30618
          30621 30624 30627 30630 30633 30636
          30639 30642 30645 30648 30651 30654
          30657 30660 30663 30666 30669 30672
          30675 30678 30681 30684 30687 30690
          30693 30696 30699 30702 30705 30708
          30711 30714 30717 30720 30723 30726
          30729 30732 30735 30738 30741 30744
          30747 30750 30753 30756 30759 30762
          30765 30768 30771 30774 30777 30780
          30783 30786 30789 30792 30795 30798
          30801 30804 30807 30810 30813 30816
          30819 30822 30825 30828 30831 30834
          30837 30840 30843 30846 30849 30852
          30855 30858 30861 30864 30867 30870
          30873 30876 30879 30882 30885 30888
          30891 30894 30897 30900 30903 30906
          30909 30912 30915 30918 30921 30924
          30927 30930 30933 30936 30939 30942
          30945 30948 30951 30954 30957 30960
          30963 30966 30969 30972 30975 30978
          30981 30984 30987 30990 30993 30996
          30999 31002 31005 31008 31011 31014
          31017 31020 31023 31026 31029 31032
          31035 31038 31041 31044 31047 31050
          31053 31056 31059 31062 31065 31068
          31071 31074 31077 31080 31083 31086
          31089 31092 31095 31098 31101 31104
          31107 31110 31113 31116 31119 31122
          31125 31128 31131 31134 31137 31140
          31143 31146 31149 31152 31155 31158
          31161 31164 31167 31170 31173 31176
          31179 31182 31185 31188 31191 31194
          31197 31200 31203 31206 31209 31212
          31215 31218 31221 31224 31227 31230
          31233 31236 31239 31242 31245 31248
          31251 31254 31257 31260 31263 31266
          31269 31272 31275 31278 31281 31284
          31287 31290 31293 31296 31299 31302
          31305 31308 31311 31314 31317 31320
          31323 31326 31329 31332 31335 31338
          31341 31344 31347 31350 31353 31356
          31359 31362 31365 31368 31371 31374
          31377 31380 31383 31386 31389 31392
          31395 31398 31401 31404 31407 31410
          31413 31416 31419 31422 31425 31428
          31431 31434 31437 31440 31443 31446
          31449 31452 31455 31458 31461 31464
          31467 31470 31473 31476 31479 31482
          31485 31488 31491 31494 31497 31500
          31503 31506 31509 31512 31515 31518
          31521 31524 31527 31530 31533 31536
          31539 31542 31545 31548 31551 31554
          31557 31560 31563 31566 31569 31572
          31575 31578 31581 31584 31587 31590
          31593 31596 31599 31602 31605 31608
          31611 31614 31617 31620 31623 31626
          31629 31632 31635 31638 31641 31644
          31647 31650 31653 31656 31659 31662
          31665 31668 31671 31674 31677 31680
          31683 31686 31689 31692 31695 31698
          31701 31704 31707 31710 31713 31716
          31719 31722 31725 31728 31731 31734
          31737 31740 31743 31746 31749 31752
          31755 31758 31761 31764 31767 31770
          31773 31776 31779 31782 31785 31788
          31791 31794 31797 31800 31803 31806
          31809 31812 31815 31818 31821 31824
          31827 31830 31833 31836 31839 31842
          31845 31848 31851 31854 31857 31860
          31863 31866 31869 31872 31875 31878
          31881 31884 31887 31890 31893 31896
          31899 31902 31905 31908 31911 31914
          31917 31920 31923 31926 31929 31932
          31935 31938 31941 31944 31947 31950
          31953 31956 31959 31962 31965 31968
          31971 31974 31977 31980 31983 31986
          31989 31992 31995 31998 32001 32004
          32007 32010 32013 32016 32019 32022
          32025 32028 32031 32034 32037 32040
          32043 32046 32049 32052 32055 32058
          32061 32064 32067 32070 32073 32076
          32079 32082 32085 32088 32091 32094
          32097 32100 32103 32106 32109 32112
          32115 32118 32121 32124 32127 32130
          32133 32136 32139 32142 32145 32148
          32151 32154 32157 32160 32163 32166
          32169 32172 32175 32178 32181 32184
          32187 32190 32193 32196 32199 32202
          32205 32208 32211 32214 32217 32220
          32223 32226 32229 32232 32235 32238
          32241 32244 32247 32250 32253 32256
          32259 32262 32265 32268 32271 32274
          32277 32280 32283 32286 32289 32292
          32295 32298 32301 32304 32307 32310
          32313 32316 32319 32322 32325 32328
          32331 32334 32337 32340 32343 32346
          32349 32352 32355 32358 32361 32364
          32367 32370 32373 32376 32379 32382
          32385 32388 32391 32394 32397 32400
          32403 32406 32409 32412 32415 32418
          32421 32424 32427 32430 32433 32436
          32439 32442 32445 32448 32451 32454
          32457 32460 32463 32466 32469 32472
          32475 32478 32481 32484 32487 32490
          32493 32496 32499 32502 32505 32508
          32511 32514 32517 32520 32523 32526
          32529 32532 32535 32538 32541 32544
          32547 32550 32553 32556 32559 32562
          32565 32568 32571 32574 32577 32580
          32583 32586 32589 32592 32595 32598
          32601 32604 32607 32610 32613 32616
          32619 32622 32625 32628 32631 32634
          32637 32640 32643 32646 32649 32652
          32655 32658 32661 32664 32667 32670
          32673 32676 32679 32682 32685 32688
          32691 32694 32697 32700 32703 32706
          32709 32712 32715 32718 32721 32724
          32727 32730 32733 32736 32739 32742
          32745 32748 32751 32754 32757 32760
          32763 32766 32769 32772 32775 32778
          32781 32784 32787 32790 32793 32796
          32799 32802 32805 32808 32811 32814
          32817 32820 32823 32826 32829 32832
          32835 32838 32841 32844 32847 32850
          32853 32856 32859 32862 32865 32868
          32871 32874 32877 32880 32883 32886
          32889 32892 32895 32898 32901 32904
          32907 32910 32913 32916 32919 32922
          32925 32928 32931 32934 32937 32940
          32943 32946 32949 32952 32955 32958
          32961 32964 32967 32970 32973 32976
          32979 32982 32985 32988 32991 32994
          32997 33000 33003 33006 33009 33012
          33015 33018 33021 33024 33027 33030
          33033 33036 33039 33042 33045 33048
          33051 33054 33057 33060 33063 33066
          33069 33072 33075 33078 33081 33084
          33087 33090 33093 33096 33099 33102
          33105 33108 33111 33114 33117 33120
          33123 33126 33129 33132 33135 33138
          33141 33144 33147 33150 33153 33156
          33159 33162 33165 33168 33171 33174
          33177 33180 33183 33186 33189 33192
          33195 33198 33201 33204 33207 33210
          33213 33216 33219 33222 33225 33228
          33231 33234 33237 33240 33243 33246
          33249 33252 33255 33258 33261 33264
          33267 33270 33273 33276 33279 33282
          33285 33288 33291 33294 33297 33300
          33303 33306 33309 33312 33315 33318
          33321 33324 33327 33330 33333 33336
          33339 33342 33345 33348 33351 33354
          33357 33360 33363 33366 33369 33372
          33375 33378 33381 33384 33387 33390
          33393 33396 33399 33402 33405 33408
          33411 33414 33417 33420 33423 33426
          33429 33432 33435 33438 33441 33444
          33447 33450 33453 33456 33459 33462
          33465 33468 33471 33474 33477 33480
          33483 33486 33489 33492 33495 33498
          33501 33504 33507 33510 33513 33516
          33519 33522 33525 33528 33531 33534
          33537 33540 33543 33546 33549 33552
          33555 33558 33561 33564 33567 33570
          33573 33576 33579 33582 33585 33588
          33591 33594 33597 33600 33603 33606
          33609 33612 33615 33618 33621 33624
          33627 33630 33633 33636 33639 33642
          33645 33648 33651 33654 33657 33660
          33663 33666 33669 33672 33675 33678
          33681 33684 33687 33690 33693 33696
          33699 33702 33705 33708 33711 33714
          33717 33720 33723 33726 33729 33732
          33735 33738 33741 33744 33747 33750
          33753 33756 33759 33762 33765 33768
          33771 33774 33777 33780 33783 33786
          33789 33792 33795 33798 33801 33804
          33807 33810 33813 33816 33819 33822
          33825 33828 33831 33834 33837 33840
          33843 33846 33849 33852 33855 33858
          33861 33864 33867 33870 33873 33876
          33879 33882 33885 33888 33891 33894
          33897 33900 33903 33906 33909 33912
          33915 33918 33921 33924 33927 33930
          33933 33936 33939 33942 33945 33948
          33951 33954 33957 33960 33963 33966
          33969 33972 33975 33978 33981 33984
          33987 33990 33993 33996 33999 34002
          34005 34008 34011 34014 34017 34020
          34023 34026 34029 34032 34035 34038
          34041 34044 34047 34050 34053 34056
          34059 34062 34065 34068 34071 34074
          34077 34080 34083 34086 34089 34092
          34095 34098 34101 34104 34107 34110
          34113 34116 34119 34122 34125 34128
          34131 34134 34137 34140 34143 34146
          34149 34152 34155 34158 34161 34164
          34167 34170 34173 34176 34179 34182
          34185 34188 34191 34194 34197 34200
          34203 34206 34209 34212 34215 34218
          34221 34224 34227 34230 34233 34236
          34239 34242 34245 34248 34251 34254
          34257 34260 34263 34266 34269 34272
          34275 34278 34281 34284 34287 34290
          34293 34296 34299 34302 34305 34308
          34311 34314 34317 34320 34323 34326
          34329 34332 34335 34338 34341 34344
          34347 34350 34353 34356 34359 34362
          34365 34368 34371 34374 34377 34380
          34383 34386 34389 34392 34395 34398
          34401 34404 34407 34410 34413 34416
          34419 34422 34425 34428 34431 34434
          34437 34440 34443 34446 34449 34452
          34455 34458 34461 34464 34467 34470
          34473 34476 34479 34482 34485 34488
          34491 34494 34497 34500 34503 34506
          34509 34512 34515 34518 34521 34524
          34527 34530 34533 34536 34539 34542
          34545 34548 34551 34554 34557 34560
          34563 34566 34569 34572 34575 34578
          34581 34584 34587 34590 34593 34596
          34599 34602 34605 34608 34611 34614
          34617 34620 34623 34626 34629 34632
          34635 34638 34641 34644 34647 34650
          34653 34656 34659 34662 34665 34668
          34671 34674 34677 34680 34683 34686
          34689 34692 34695 34698 34701 34704
          34707 34710 34713 34716 34719 34722
          34725 34728 34731 34734 34737 34740
          34743 34746 34749 34752 34755 34758
          34761 34764 34767 34770 34773 34776
          34779 34782 34785 34788 34791 34794
          34797 34800 34803 34806 34809 34812
          34815 34818 34821 34824 34827 34830
          34833 34836 34839 34842 34845 34848
          34851 34854 34857 34860 34863 34866
          34869 34872 34875 34878 34881 34884
          34887 34890 34893 34896 34899 34902
          34905 34908 34911 34914 34917 34920
          34923 34926 34929 34932 34935 34938
          34941 34944 34947 34950 34953 34956
          34959 34962 34965 34968 34971 34974
          34977 34980 34983 34986 34989 34992
          34995 34998 35001 35004 35007 35010
          35013 35016 35019 35022 35025 35028
          35031 35034 35037 35040 35043 35046
          35049 35052 35055 35058 35061 35064
          35067 35070 35073 35076 35079 35082
          35085 35088 35091 35094 35097 35100
          35103 35106 35109 35112 35115 35118
          35121 35124 35127 35130 35133 35136
          35139 35142 35145 35148 35151 35154
          35157 35160 35163 35166 35169 35172
          35175 35178 35181 35184 35187 35190
          35193 35196 35199 35202 35205 35208
          35211 35214 35217 35220 35223 35226
          35229 35232 35235 35238 35241 35244
          35247 35250 35253 35256 35259 35262
          35265 35268 35271 35274 35277 35280
          35283 35286 35289 35292 35295 35298
          35301 35304 35307 35310 35313 35316
          35319 35322 35325 35328 35331 35334
          35337 35340 35343 35346 35349 35352
          35355 35358 35361 35364 35367 35370
          35373 35376 35379 35382 35385 35388
          35391 35394 35397 35400 35403 35406
          35409 35412 35415 35418 35421 35424
          35427 35430 35433 35436 35439 35442
          35445 35448 35451 35454 35457 35460
          35463 35466 35469 35472 35475 35478
          35481 35484 35487 35490 35493 35496
          35499 35502 35505 35508 35511 35514
          35517 35520 35523 35526 35529 35532
          35535 35538 35541 35544 35547 35550
          35553 35556 35559 35562 35565 35568
          35571 35574 35577 35580 35583 35586
          35589 35592 35595 35598 35601 35604
          35607 35610 35613 35616 35619 35622
          35625 35628 35631 35634 35637 35640
          35643 35646 35649 35652 35655 35658
          35661 35664 35667 35670 35673 35676
          35679 35682 35685 35688 35691 35694
          35697 35700 35703 35706 35709 35712
          35715 35718 35721 35724 35727 35730
          35733 35736 35739 35742 35745 35748
          35751 35754 35757 35760 35763 35766
          35769 35772 35775 35778 35781 35784
          35787 35790 35793 35796 35799 35802
          35805 35808 35811 35814 35817 35820
          35823 35826 35829 35832 35835 35838
          35841 35844 35847 35850 35853 35856
          35859 35862 35865 35868 35871 35874
          35877 35880 35883 35886 35889 35892
          35895 35898 35901 35904 35907 35910
          35913 35916 35919 35922 35925 35928
          35931 35934 35937 35940 35943 35946
          35949 35952 35955 35958 35961 35964
          35967 35970 35973 35976 35979 35982
          35985 35988 35991 35994 35997 36000
          36003 36006 36009 36012 36015 36018
          36021 36024 36027 36030 36033 36036
          36039 36042 36045 36048 36051 36054
          36057 36060 36063 36066 36069 36072
          36075 36078 36081 36084 36087 36090
          36093 36096 36099 36102 36105 36108
          36111 36114 36117 36120 36123 36126
          36129 36132 36135 36138 36141 36144
          36147 36150 36153 36156 36159 36162
          36165 36168 36171 36174 36177 36180
          36183 36186 36189 36192 36195 36198
          36201 36204 36207 36210 36213 36216
          36219 36222 36225 36228 36231 36234
          36237 36240 36243 36246 36249 36252
          36255 36258 36261 36264 36267 36270
          36273 36276 36279 36282 36285 36288
          36291 36294 36297 36300 36303 36306
          36309 36312 36315 36318 36321 36324
          36327 36330 36333 36336 36339 36342
          36345 36348 36351 36354 36357 36360
          36363 36366 36369 36372 36375 36378
          36381 36384 36387 36390 36393 36396
          36399 36402 36405 36408 36411 36414
          36417 36420 36423 36426 36429 36432
          36435 36438 36441 36444 36447 36450
          36453 36456 36459 36462 36465 36468
          36471 36474 36477 36480 36483 36486
          36489 36492 36495 36498 36501 36504
          36507 36510 36513 36516 36519 36522
          36525 36528 36531 36534 36537 36540
          36543 36546 36549 36552 36555 36558
          36561 36564 36567 36570 36573 36576
          36579 36582 36585 36588 36591 36594
          36597 36600 36603 36606 36609 36612
          36615 36618 36621 36624 36627 36630
          36633 36636 36639 36642 36645 36648
          36651 36654 36657 36660 36663 36666
          36669 36672 36675 36678 36681 36684
          36687 36690 36693 36696 36699 36702
          36705 36708 36711 36714 36717 36720
          36723 36726 36729 36732 36735 36738
          36741 36744 36747 36750 36753 36756
          36759 36762 36765 36768 36771 36774
          36777 36780 36783 36786 36789 36792
          36795 36798 36801 36804 36807 36810
          36813 36816 36819 36822 36825 36828
          36831 36834 36837 36840 36843 36846
          36849 36852 36855 36858 36861 36864
          36867 36870 36873 36876 36879 36882
          36885 36888 36891 36894 36897 36900
          36903 36906 36909 36912 36915 36918
          36921 36924 36927 36930 36933 36936
          36939 36942 36945 36948 36951 36954
          36957 36960 36963 36966 36969 36972
          36975 36978 36981 36984 36987 36990
          36993 36996 36999 37002 37005 37008
          37011 37014 37017 37020 37023 37026
          37029 37032 37035 37038 37041 37044
          37047 37050 37053 37056 37059 37062
          37065 37068 37071 37074 37077 37080
          37083 37086 37089 37092 37095 37098
          37101 37104 37107 37110 37113 37116
          37119 37122 37125 37128 37131 37134
          37137 37140 37143 37146 37149 37152
          37155 37158 37161 37164 37167 37170
          37173 37176 37179 37182 37185 37188
          37191 37194 37197 37200 37203 37206
          37209 37212 37215 37218 37221 37224
          37227 37230 37233 37236 37239 37242
          37245 37248 37251 37254 37257 37260
          37263 37266 37269 37272 37275 37278
          37281 37284 37287 37290 37293 37296
          37299 37302 37305 37308 37311 37314
          37317 37320 37323 37326 37329 37332
          37335 37338 37341 37344 37347 37350
          37353 37356 37359 37362 37365 37368
          37371 37374 37377 37380 37383 37386
          37389 37392 37395 37398 37401 37404
          37407 37410 37413 37416 37419 37422
          37425 37428 37431 37434 37437 37440
          37443 37446 37449 37452 37455 37458
          37461 37464 37467 37470 37473 37476
          37479 37482 37485 37488 37491 37494
          37497 37500 37503 37506 37509 37512
          37515 37518 37521 37524 37527 37530
          37533 37536 37539 37542 37545 37548
          37551 37554 37557 37560 37563 37566
          37569 37572 37575 37578 37581 37584
          37587 37590 37593 37596 37599 37602
          37605 37608 37611 37614 37617 37620
          37623 37626 37629 37632 37635 37638
          37641 37644 37647 37650 37653 37656
          37659 37662 37665 37668 37671 37674
          37677 37680 37683 37686 37689 37692
          37695 37698 37701 37704 37707 37710
          37713 37716 37719 37722 37725 37728
          37731 37734 37737 37740 37743 37746
          37749 37752 37755 37758 37761 37764
          37767 37770 37773 37776 37779 37782
          37785 37788 37791 37794 37797 37800
          37803 37806 37809 37812 37815 37818
          37821 37824 37827 37830 37833 37836
          37839 37842 37845 37848 37851 37854
          37857 37860 37863 37866 37869 37872
          37875 37878 37881 37884 37887 37890
          37893 37896 37899 37902 37905 37908
          37911 37914 37917 37920 37923 37926
          37929 37932 37935 37938 37941 37944
          37947 37950 37953 37956 37959 37962
          37965 37968 37971 37974 37977 37980
          37983 37986 37989 37992 37995 37998
          38001 38004 38007 38010 38013 38016
          38019 38022 38025 38028 38031 38034
          38037 38040 38043 38046 38049 38052
          38055 38058 38061 38064 38067 38070
          38073 38076 38079 38082 38085 38088
          38091 38094 38097 38100 38103 38106
          38109 38112 38115 38118 38121 38124
          38127 38130 38133 38136 38139 38142
          38145 38148 38151 38154 38157 38160
          38163 38166 38169 38172 38175 38178
          38181 38184 38187 38190 38193 38196
          38199 38202 38205 38208 38211 38214
          38217 38220 38223 38226 38229 38232
          38235 38238 38241 38244 38247 38250
          38253 38256 38259 38262 38265 38268
          38271 38274 38277 38280 38283 38286
          38289 38292 38295 38298 38301 38304
          38307 38310 38313 38316 38319 38322
          38325 38328 38331 38334 38337 38340
          38343 38346 38349 38352 38355 38358
          38361 38364 38367 38370 38373 38376
          38379 38382 38385 38388 38391 38394
          38397 38400 38403 38406 38409 38412
          38415 38418 38421 38424 38427 38430
          38433 38436 38439 38442 38445 38448
          38451 38454 38457 38460 38463 38466
          38469 38472 38475 38478 38481 38484
          38487 38490 38493 38496 38499 38502
          38505 38508 38511 38514 38517 38520
          38523 38526 38529 38532 38535 38538
          38541 38544 38547 38550 38553 38556
          38559 38562 38565 38568 38571 38574
          38577 38580 38583 38586 38589 38592
          38595 38598 38601 38604 38607 38610
          38613 38616 38619 38622 38625 38628
          38631 38634 38637 38640 38643 38646
          38649 38652 38655 38658 38661 38664
          38667 38670 38673 38676 38679 38682
          38685 38688 38691 38694 38697 38700
          38703 38706 38709 38712 38715 38718
          38721 38724 38727 38730 38733 38736
          38739 38742 38745 38748 38751 38754
          38757 38760 38763 38766 38769 38772
          38775 38778 38781 38784 38787 38790
          38793 38796 38799 38802 38805 38808
          38811 38814 38817 38820 38823 38826
          38829 38832 38835 38838 38841 38844
          38847 38850 38853 38856 38859 38862
          38865 38868 38871 38874 38877 38880
          38883 38886 38889 38892 38895 38898
          38901 38904 38907 38910 38913 38916
          38919 38922 38925 38928 38931 38934
          38937 38940 38943 38946 38949 38952
          38955 38958 38961 38964 38967 38970
          38973 38976 38979 38982 38985 38988
          38991 38994 38997 39000 39003 39006
          39009 39012 39015 39018 39021 39024
          39027 39030 39033 39036 39039 39042
          39045 39048 39051 39054 39057 39060
          39063 39066 39069 39072 39075 39078
          39081 39084 39087 39090 39093 39096
          39099 39102 39105 39108 39111 39114
          39117 39120 39123 39126 39129 39132
          39135 39138 39141 39144 39147 39150
          39153 39156 39159 39162 39165 39168
          39171 39174 39177 39180 39183 39186
          39189 39192 39195 39198 39201 39204
          39207 39210 39213 39216 39219 39222
          39225 39228 39231 39234 39237 39240
          39243 39246 39249 39252 39255 39258
          39261 39264 39267 39270 39273 39276
          39279 39282 39285 39288 39291 39294
          39297 39300 39303 39306 39309 39312
          39315 39318 39321 39324 39327 39330
          39333 39336 39339 39342 39345 39348
          39351 39354 39357 39360 39363 39366
          39369 39372 39375 39378 39381 39384
          39387 39390 39393 39396 39399 39402
          39405 39408 39411 39414 39417 39420
          39423 39426 39429 39432 39435 39438
          39441 39444 39447 39450 39453 39456
          39459 39462 39465 39468 39471 39474
          39477 39480 39483 39486 39489 39492
          39495 39498 39501 39504 39507 39510
          39513 39516 39519 39522 39525 39528
          39531 39534 39537 39540 39543 39546
          39549 39552 39555 39558 39561 39564
          39567 39570 39573 39576 39579 39582
          39585 39588 39591 39594 39597 39600
          39603 39606 39609 39612 39615 39618
          39621 39624 39627 39630 39633 39636
          39639 39642 39645 39648 39651 39654
          39657 39660 39663 39666 39669 39672
          39675 39678 39681 39684 39687 39690
          39693 39696 39699 39702 39705 39708
          39711 39714 39717 39720 39723 39726
          39729 39732 39735 39738 39741 39744
          39747 39750 39753 39756 39759 39762
          39765 39768 39771 39774 39777 39780
          39783 39786 39789 39792 39795 39798
          39801 39804 39807 39810 39813 39816
          39819 39822 39825 39828 39831 39834
          39837 39840 39843 39846 39849 39852
          39855 39858 39861 39864 39867 39870
          39873 39876 39879 39882 39885 39888
          39891 39894 39897 39900 39903 39906
          39909 39912 39915 39918 39921 39924
          39927 39930 39933 39936 39939 39942
          39945 39948 39951 39954 39957 39960
          39963 39966 39969 39972 39975 39978
          39981 39984 39987 39990 39993 39996
          39999 40002 40005 40008 40011 40014
        </DataArray>
      </Polys>
    </Piece>
  </PolyData>
</VTKFile>
