<VTKFile type="PolyData" version="1.0" byte_order="LittleEndian" header_type="UInt64">
  <PolyData>
    <Piece NumberOfPoints="8509" NumberOfVerts="0" NumberOfLines="0" NumberOfStrips="0" NumberOfPolys="17046">
      <PointData>
      </PointData>
      <CellData>
      </CellData>
      <Points>
        <DataArray type="Float32" Name="Points" NumberOfComponents="3" format="ascii" RangeMin="3.2997195041" RangeMax="3.6924440154">
          1.1829899549 -3.3954350948 0.28596800566 1.1840929985 -3.4016580582 0.28130701184
          1.1827230453 -3.3979671001 0.27734300494 1.1838550568 -3.4053759575 0.2779340148
          1.1825430393 -3.4014010429 0.27337300777 1.1826900244 -3.4087738991 0.27442398667
          1.1814869642 -3.4052081108 0.27100101113 1.1797790527 -3.409799099 0.27211499214
          1.1832319498 -3.4016230106 0.28859400749 1.1807910204 -3.3968579769 0.29113399982
          1.1836060286 -3.4059369564 0.28568899632 1.1828449965 -3.4094429016 0.28274399042
          1.1808810234 -3.4129679203 0.27921301126 1.1794309616 -3.4003779888 0.29495999217
          1.1747750044 -3.4196898937 0.28241801262 1.1802179813 -3.407556057 0.29545798898
          1.1783080101 -3.403026104 0.29856398702 1.180382967 -3.411413908 0.29214298725
          1.1796480417 -3.4149610996 0.28869599104 1.1781090498 -3.4182300568 0.28513199091
          1.176426053 -3.4061179161 0.30192801356 1.1780450344 -3.4104840755 0.29893299937
          1.1769720316 -3.415719986 0.29410400987 1.1748039722 -3.4207670689 0.28844100237
          1.1734800339 -3.4215090275 0.28719300032 1.1742620468 -3.412856102 0.30217200518
          1.1735240221 -3.416187048 0.29860499501 1.1735969782 -3.4184689522 0.29358398914
          1.1733340025 -3.4211189747 0.28911399841 1.1793869734 -3.3922119141 0.28009599447
          1.1793450117 -3.3943619728 0.27478799224 1.1785880327 -3.397974968 0.27141401172
          1.1773389578 -3.4030470848 0.26948699355 1.1787290573 -3.3919448853 0.28720098734
          1.1750099659 -3.4083449841 0.27134400606 1.1770000458 -3.3938748837 0.29197698832
          1.1727260351 -3.4134860039 0.27670300007 1.1738120317 -3.398597002 0.29866099358
          1.170065999 -3.4184041023 0.28135800362 1.1721669436 -3.4022901058 0.30321899056
          1.1685179472 -3.4212679863 0.28517100215 1.1716740131 -3.4081270695 0.30570998788
          1.1676470041 -3.4209890366 0.29032099247 1.1675349474 -3.4103569984 0.30820998549
          1.1680339575 -3.4147410393 0.30545499921 1.1679110527 -3.4166750908 0.30018800497
          1.1750299931 -3.3920300007 0.27329200506 1.1746740341 -3.3903770447 0.27912300825
          1.1736479998 -3.39686203 0.2713060081 1.1727390289 -3.399643898 0.2709389925
          1.1735919714 -3.3908009529 0.28660899401 1.1706529856 -3.4046878815 0.27203300595
          1.172350049 -3.3921060562 0.29143700004 1.168900013 -3.4090061188 0.27503800392
          1.1709669828 -3.3941600323 0.29603600502 1.1672199965 -3.4122319221 0.27816399932
          1.1694509983 -3.3967599869 0.30010899901 1.1654759645 -3.4163370132 0.28110799193
          1.1638300419 -3.4196839333 0.2844530046 1.1664170027 -3.4026420116 0.30737501383
          1.1635340452 -3.4057579041 0.30992901325 1.162637949 -3.4162249565 0.30093500018
          1.1599539518 -3.4178159237 0.29550498724 1.1615749598 -3.4116508961 0.31084099412
          1.1617430449 -3.4154949188 0.30753898621 1.1611130238 -3.4861440659 0.12648700178
          1.1605559587 -3.4822340012 0.12260399759 1.1588170528 -3.4841029644 0.12721799314
          1.1605459452 -3.485708952 0.11883000284 1.1624200344 -3.4903969765 0.12333899736
          1.1579920053 -3.4933440685 0.11867199838 1.1581150293 -3.4911921024 0.11780799925
          1.1577320099 -3.4887759686 0.13008600473 1.1591520309 -3.4929471016 0.12665399909
          1.1555360556 -3.4952630997 0.12289299816 1.1531959772 -3.4942500591 0.12923499942
          1.1691099405 -3.3926389217 0.27515101433 1.1692219973 -3.39113307 0.28013500571
          1.1694279909 -3.3970589638 0.27274501324 1.1677069664 -3.3913331032 0.28228500485
          1.1648440361 -3.3988630772 0.27491500974 1.1627180576 -3.3912169933 0.28949901462
          1.1648960114 -3.4060389996 0.27591300011 1.1663149595 -3.392398119 0.29548999667
          1.1652829647 -3.3933990002 0.29959699512 1.1599539518 -3.4139249325 0.2811909914
          1.1668349504 -3.398542881 0.30420801044 1.1591360569 -3.4181280136 0.28370600939
          1.1578019857 -3.4199409485 0.2885389924 1.1576770544 -3.415831089 0.29911899567
          1.1530469656 -3.4189488888 0.29126000404 1.1563329697 -3.4074089527 0.3128260076
          1.1566540003 -3.4161229134 0.30542701483 1.1560430527 -3.4152569771 0.30113500357
          1.1417779922 -3.4910271168 0.22992199659 1.1417410374 -3.4889860153 0.23471899331
          1.1435079575 -3.4932010174 0.23179799318 1.1418470144 -3.4964280128 0.22821600735
          1.1407430172 -3.4951848984 0.22716699541 1.1401070356 -3.4971940517 0.22675900161
          1.1518759727 -3.4121770859 0.31324899197 1.1554319859 -3.4158480167 0.30939099193
          1.1430950165 -3.496737957 0.23553000391 1.1401619911 -3.4919390678 0.23838399351
          1.1428480148 -3.500453949 0.2321549952 1.1386229992 -3.5032019615 0.2275159955
          1.138561964 -3.4990050793 0.2392539978 1.1399359703 -3.5031270981 0.2355210036
          1.136343956 -3.5055949688 0.2316659987 1.1363669634 -3.5037250519 0.23688800633
          1.1544500589 -3.4826109409 0.11707899719 1.1563709974 -3.4800341129 0.12172500044
          1.1542619467 -3.4878489971 0.11524499953 1.1517109871 -3.4938139915 0.11558700353
          1.1526069641 -3.4852209091 0.1306629926 1.1505349874 -3.4963901043 0.11972200125
          1.1511800289 -3.4900949001 0.1327649951 1.1487840414 -3.4965910912 0.12530499697
          1.1627899408 -3.3946180344 0.27854800224 1.1627889872 -3.3922739029 0.28337499499
          1.1598199606 -3.4004340172 0.27772200108 1.161280036 -3.3907101154 0.29556301236
          1.1584390402 -3.4073889256 0.27911299467 1.1561670303 -3.389318943 0.30167800188
          1.1582579613 -3.3924601078 0.30559301376 1.1544519663 -3.4165229797 0.2830080092
          1.1542099714 -3.3938889503 0.30994901061 1.1529610157 -3.4191091061 0.28709000349
          1.1489180326 -3.395250082 0.31347998977 1.1520149708 -3.4144260883 0.29784598947
          1.1524859667 -3.4161739349 0.29538398981 1.1513619423 -3.4148590565 0.30435198545
          1.1372259855 -3.4891579151 0.22895300388 1.1371740103 -3.4871110916 0.23422600329
          1.1363960505 -3.4929149151 0.22574199736 1.1350790262 -3.4972789288 0.22442099452
          1.1507459879 -3.4157750607 0.31012699008 1.1357419491 -3.4893059731 0.23874899745
          1.1347680092 -3.4982280731 0.2243040055 1.1288019419 -3.5031139851 0.2234389931
          1.1325409412 -3.4931499958 0.24132299423 1.1303659678 -3.499614954 0.24111400545
          1.1290420294 -3.5033080578 0.23814499378 1.1257560253 -3.505628109 0.23386900127
          1.149682045 -3.4861619473 0.11439800262 1.1484600306 -3.4791231155 0.1267759949
          1.1475280523 -3.4931149483 0.11370000243 1.1455639601 -3.4969120026 0.1170540005
          1.1465649605 -3.4872848988 0.1329869926 1.1412969828 -3.4981710911 0.12119299918
          1.142516017 -3.4900979996 0.13429999352 1.1439210176 -3.4948821068 0.13185299933
          1.1369559765 -3.4977738857 0.12866400182 1.1573209763 -3.3919761181 0.284435004
          1.1563760042 -3.3954648972 0.28052300215 1.1563340425 -3.3888230324 0.29506498575
          1.1565129757 -3.390073061 0.289929986 1.1548659801 -3.4009790421 0.27941200137
          1.1521099806 -3.4090459347 0.28048399091 1.1491229534 -3.4144589901 0.28240799904
          1.1481759548 -3.4180009365 0.28590899706 1.1468650103 -3.4178330898 0.29139700532
          1.1477689743 -3.4005041122 0.31482499838 1.1448359489 -3.4103269577 0.29841199517
          1.1323399544 -3.4879388809 0.22872400284 1.1322699785 -3.4863340855 0.23402200639
          1.1319129467 -3.4909079075 0.22461700439 1.1340919733 -3.4975459576 0.22374300659
          1.130663991 -3.4947640896 0.22148099542 1.1296750307 -3.4985349178 0.22129300237
          1.1469839811 -3.4076330662 0.31464499235 1.1458799839 -3.4146239758 0.30981901288
          1.1311930418 -3.4870409966 0.23869200051 1.1463570595 -3.4114489555 0.31384798884
          1.1262489557 -3.5056200027 0.227226004 1.1258349419 -3.4944291115 0.24405099452
          1.1155769825 -3.4998459816 0.24462300539 1.143089056 -3.4754800797 0.12084200233
          1.1422660351 -3.4754269123 0.11943600327 1.1445720196 -3.4796869755 0.11608500034
          1.1413019896 -3.4840159416 0.11381799728 1.1426589489 -3.4917030334 0.11279000342
          1.131270051 -3.4758911133 0.12932400405 1.1402519941 -3.4968500137 0.11488500237
          1.1419459581 -3.4851260185 0.13271999359 1.1373239756 -3.4951529503 0.13359199464
          1.1523319483 -3.3911728859 0.28444001079 1.1515359879 -3.3948609829 0.28115200996
          1.1483340263 -3.400646925 0.28044399619 1.1507159472 -3.3859510422 0.30126899481
          1.14724195 -3.4075140953 0.28058099747 1.1504160166 -3.387196064 0.30695399642
          1.1487369537 -3.3893690109 0.3112449944 1.1434249878 -3.4167230129 0.28489398956
          1.1434930563 -3.4127550125 0.29411500692 1.1424080133 -3.4169559479 0.29129898548
          1.1420160532 -3.4105849266 0.30387198925 1.1281110048 -3.4855260849 0.23377299309
          1.1273169518 -3.4871599674 0.22883200645 1.1278380156 -3.488106966 0.2225870043
          1.1277819872 -3.4886488914 0.22169199586 1.1224319935 -3.4930860996 0.21358799934
          1.1200309992 -3.5005021095 0.21443599463 1.1420400143 -3.4051580429 0.31522500515
          1.1412359476 -3.4126930237 0.30882000923 1.1263849735 -3.4837760925 0.23963400722
          1.1222100258 -3.5043599606 0.21940499544 1.1414810419 -3.4102110863 0.31359800696
          1.1248739958 -3.4867761135 0.24323099852 1.1162730455 -3.5067429543 0.22186100483
          1.115316987 -3.5074250698 0.22912199795 1.1145490408 -3.503868103 0.24162499607
          1.114248991 -3.5064680576 0.23664699495 1.1361299753 -3.4741010666 0.12589100003
          1.1379799843 -3.4899439812 0.11242599785 1.1357929707 -3.4963159561 0.11303800344
          1.1342949867 -3.4982979298 0.11778900027 1.1355999708 -3.4871790409 0.13516999781
          1.1271549463 -3.4996581078 0.12577299774 1.1333240271 -3.4907259941 0.1367200017
          1.1479109526 -3.3869099617 0.28823301196 1.1413420439 -3.3818490505 0.2918010056
          1.1475069523 -3.3898348808 0.28407600522 1.1454930305 -3.3947019577 0.28114199638
          1.1392740011 -3.4041960239 0.28068101406 1.1465380192 -3.3842298985 0.30761700869
          1.140625 -3.4106140137 0.28197398782 1.1375099421 -3.3804209232 0.31407999992
          1.138864994 -3.4145140648 0.28478199244 1.1403080225 -3.4081120491 0.29758900404
          1.1388390064 -3.4110219479 0.29322001338 1.1380059719 -3.4147849083 0.2900159955
          1.123980999 -3.4848809242 0.22007399797 1.123363018 -3.4857439995 0.22225500643
          1.1267199516 -3.487514019 0.2222110033 1.1244269609 -3.4852530956 0.21614000201
          1.1244239807 -3.4864530563 0.21419900656 1.140838027 -3.395401001 0.31651100516
          1.1217759848 -3.4864308834 0.22907300293 1.1396590471 -3.3987400532 0.31667301059
          1.1382260323 -3.4039540291 0.31538099051 1.1233290434 -3.4797439575 0.23668600619
          1.1225880384 -3.4800949097 0.24092000723 1.1223579645 -3.4837749004 0.23378899693
          1.1175609827 -3.5047280788 0.21701699495 1.1369349957 -3.40832901 0.31261500716
          1.1370300055 -3.409334898 0.30958300829 1.1143449545 -3.4784309864 0.24607600272
          1.1195180416 -3.4882829189 0.24656400084 1.1167349815 -3.4948430061 0.24641999602
          1.1368199587 -3.4739019871 0.11908300221 1.1373590231 -3.4780890942 0.11601299793
          1.1333379745 -3.4880669117 0.11274500191 1.1310050488 -3.4946041107 0.11249899864
          1.1228590012 -3.4809970856 0.13458399475 1.1293809414 -3.4975559711 0.11618600041
          1.131024003 -3.4850480556 0.13498200476 1.1296550035 -3.4902980328 0.13776299357
          1.1267000437 -3.4963810444 0.13700500131 1.1204400063 -3.4995810986 0.13455100358
          1.1434420347 -3.3848779202 0.28707799315 1.140247941 -3.3872709274 0.28301799297
          1.1416649818 -3.3807270527 0.30057600141 1.1411650181 -3.3801550865 0.30900299549
          1.1360830069 -3.4078319073 0.28199398518 1.13448596 -3.4114170074 0.28553000093
          1.1211650372 -3.4796230793 0.21524700522 1.1205320358 -3.4797840118 0.21919000149
          1.1236230135 -3.4827620983 0.21796600521 1.1202330589 -3.4830949306 0.21172200143
          1.1179230213 -3.4893569946 0.21139000356 1.1342309713 -3.3833909035 0.3170619905
          1.1355420351 -3.4057838917 0.29762899876 1.1342840195 -3.4091579914 0.29225799441
          1.1341840029 -3.4114899635 0.2874250114 1.1188629866 -3.4832370281 0.22243100405
          1.1161520481 -3.4954719543 0.2118819952 1.136548996 -3.3919200897 0.31755501032
          1.1365250349 -3.3919780254 0.31757700443 1.1347370148 -3.4062440395 0.30430999398
          1.1342079639 -3.4050331116 0.30253601074 1.1194720268 -3.4765169621 0.23417299986
          1.1191730499 -3.4734070301 0.23831599951 1.1212819815 -3.4779090881 0.23522700369
          1.1188470125 -3.4785950184 0.2335280031 1.1173909903 -3.4857308865 0.22660300136
          1.1144679785 -3.5000538826 0.21270500124 1.1345330477 -3.3979771137 0.31686300039
          1.1326479912 -3.4062530994 0.31031700969 1.1187109947 -3.4768979549 0.24198199809
          1.1179939508 -3.4815371037 0.2324000001 1.1170389652 -3.4855370522 0.22946700454
          1.1126639843 -3.5041670799 0.21530599892 1.1320999861 -3.4019451141 0.31417798996
          1.1326030493 -3.4060280323 0.31115499139 1.111166954 -3.5062289238 0.22059099376
          1.1140099764 -3.4834430218 0.24790099263 1.1102479696 -3.506716013 0.2286439985
          1.1128760576 -3.4892449379 0.24813899398 1.1095410585 -3.5055799484 0.23646099865
          1.1114679575 -3.4942719936 0.24689699709 1.1099809408 -3.4993109703 0.24514600635
          1.1092339754 -3.502904892 0.24175000191 1.1315480471 -3.4721059799 0.12549600005
          1.1315460205 -3.4721050262 0.12551000714 1.1315540075 -3.4721159935 0.12550400198
          1.1321079731 -3.4731500149 0.11919700354 1.1253700256 -3.4757549763 0.11637599766
          1.1253499985 -3.4811079502 0.11429200321 1.121301055 -3.4713420868 0.12870700657
          1.1265729666 -3.4917480946 0.11304099858 1.1246869564 -3.4961209297 0.11537600309
          1.1233969927 -3.4978649616 0.12028899789 1.1247340441 -3.4865899086 0.13782100379
          1.1218750477 -3.4997498989 0.12667399645 1.1235200167 -3.4917280674 0.14025099576
          1.1205439568 -3.4974009991 0.13936500251 1.1380670071 -3.382625103 0.28562599421
          1.1327860355 -3.3914759159 0.28056100011 1.1355659962 -3.3964250088 0.28030198812
          1.1335999966 -3.4006490707 0.28054100275 1.1381200552 -3.3784530163 0.30309998989
          1.1317490339 -3.4054589272 0.28254899383 1.1304520369 -3.4066309929 0.28791901469
          1.1332190037 -3.4100589752 0.28615400195 1.1168210506 -3.4752089977 0.21886900067
          1.116394043 -3.4755089283 0.2210830003 1.117429018 -3.4768180847 0.2203990072
          1.1170829535 -3.4768340588 0.2132319957 1.1303440332 -3.4039568901 0.29498299956
          1.129431963 -3.4016671181 0.29954901338 1.1302340031 -3.406306982 0.29017099738
          1.1157929897 -3.4772160053 0.22115400434 1.114289999 -3.4810919762 0.22225700319
          1.1117140055 -3.494040966 0.21128199995 1.1319650412 -3.3907659054 0.3178820014
          1.1364270449 -3.3919210434 0.31758201122 1.1259349585 -3.401309967 0.3053149879
          1.115267992 -3.4739658833 0.23242799938 1.1158390045 -3.4685659409 0.23399999738
          1.1140960455 -3.4773230553 0.23250600696 1.1125969887 -3.4846661091 0.22538100183
          1.1098099947 -3.4983210564 0.2121309936 1.1298910379 -3.3962950706 0.31620800495
          1.1289490461 -3.4002709389 0.31324699521 1.127679944 -3.4024779797 0.30844500661
          1.1315460205 -3.4053170681 0.31064400077 1.1119710207 -3.4715950489 0.24356499314
          1.1131249666 -3.4802858829 0.23213599622 1.1121020317 -3.4844179153 0.22935199738
          1.1080080271 -3.502425909 0.21473899484 1.106768012 -3.5048549175 0.21959200501
          1.1104730368 -3.4814469814 0.24876500666 1.1053730249 -3.5051629543 0.22840300202
          1.1080600023 -3.4880840778 0.24810099602 1.1048320532 -3.5039389133 0.23558600247
          1.1065829992 -3.4930529594 0.24666799605 1.1053299904 -3.4976348877 0.24439699948
          1.1046010256 -3.5011920929 0.24095900357 1.1266399622 -3.470099926 0.12486699969
          1.1265519857 -3.472014904 0.11918199807 1.1220569611 -3.4881310463 0.11339899898
          1.1201659441 -3.4938650131 0.11532299966 1.1181139946 -3.4976210594 0.12236800045
          1.1155799627 -3.481003046 0.1383280009 1.1176120043 -3.4862959385 0.14222300053
          1.1160019636 -3.5001609325 0.12882600725 1.117702961 -3.4933071136 0.14313000441
          1.1147689819 -3.5014200211 0.13435900211 1.1141200066 -3.4989690781 0.14233200252
          1.1142009497 -3.5016129017 0.13778300583 1.1347830296 -3.3778460026 0.2888520062
          1.1347179413 -3.3765330315 0.29473999143 1.1333750486 -3.3851521015 0.28222200274
          1.1337649822 -3.3760418892 0.3019079864 1.1293859482 -3.3978860378 0.28090199828
          1.1327639818 -3.3721408844 0.31222000718 1.1339110136 -3.3731191158 0.30593299866
          1.1274089813 -3.4017078876 0.28384900093 1.1146570444 -3.4718270302 0.21617299318
          1.1124999523 -3.4750440121 0.21177099645 1.1283049583 -3.4044160843 0.28877300024
          1.1126840115 -3.4680130482 0.21904300153 1.1124169827 -3.4689109325 0.22773100436
          1.1139039993 -3.4717969894 0.22322300076 1.1112680435 -3.4795649052 0.21001300216
          1.1064800024 -3.4836120605 0.2099519968 1.129027009 -3.3790040016 0.31825000048
          1.125862956 -3.3999478817 0.29887598753 1.126322031 -3.4021799564 0.290237993
          1.1127250195 -3.4660389423 0.23205000162 1.1112020016 -3.4634408951 0.23648500443
          1.1135040522 -3.4715380669 0.23029699922 1.1112949848 -3.4731030464 0.22511699796
          1.109670043 -3.4738988876 0.22645400465 1.1102950573 -3.4771909714 0.22228400409
          1.1097439528 -3.478812933 0.22221300006 1.1040300131 -3.48843503 0.21083700657
          1.1287180185 -3.3868370056 0.31811499596 1.1112920046 -3.4668419361 0.24046500027
          1.1092180014 -3.4766690731 0.23088400066 1.1079529524 -3.4828689098 0.22486899793
          1.1051659584 -3.4958930016 0.21215899289 1.1266690493 -3.3896930218 0.31733900309
          1.1254409552 -3.3942260742 0.31501099467 1.122805953 -3.3971300125 0.31125900149
          1.1059939861 -3.467042923 0.24473200738 1.108643055 -3.4782791138 0.23101000488
          1.1074850559 -3.4826738834 0.22852599621 1.1035330296 -3.4997990131 0.21503299475
          1.1077729464 -3.473443985 0.24700699747 1.1009809971 -3.5013389587 0.21971100569
          1.1060090065 -3.4782218933 0.2491530031 1.1006590128 -3.502603054 0.22688700259
          1.1049530506 -3.4812068939 0.2493160069 1.1033649445 -3.4864931107 0.2476669997
          1.1002030373 -3.5013380051 0.23424200714 1.102036953 -3.4911708832 0.24568499625
          1.1008889675 -3.4955470562 0.24317899346 1.1000590324 -3.4987089634 0.23925499618
          1.1209340096 -3.4684801102 0.1238899976 1.1058360338 -3.4767720699 0.11387000233
          1.1147300005 -3.4907610416 0.11557500064 1.1112099886 -3.4927148819 0.12011399865
          1.112776041 -3.496076107 0.12410499901 1.1105179787 -3.4987130165 0.12848700583
          1.1136829853 -3.48781991 0.14605599642 1.1097409725 -3.5014979839 0.13202799857
          1.1106109619 -3.4944009781 0.14572100341 1.1119229794 -3.5024878979 0.13916499913
          1.1082750559 -3.5037009716 0.13626100123 1.1079000235 -3.4998829365 0.14435000718
          1.106850028 -3.5035440922 0.14140599966 1.1308259964 -3.3750998974 0.28691199422
          1.1312880516 -3.3719370365 0.29079699516 1.1298760176 -3.3786439896 0.28450900316
          1.1305559874 -3.3714818954 0.29775300622 1.1284979582 -3.3839139938 0.28197199106
          1.126603961 -3.3886349201 0.28083500266 1.130885005 -3.3675229549 0.30830600858
          1.1299109459 -3.3675301075 0.30114498734 1.124565959 -3.3943989277 0.28193598986
          1.1291400194 -3.3686740398 0.31364700198 1.1245269775 -3.3987400532 0.28479298949
          1.1089880466 -3.4689879417 0.21410599351 1.1078389883 -3.4740231037 0.21114699543
          1.1276680231 -3.3715119362 0.31743299961 1.1220810413 -3.3985350132 0.29126399755
          1.1098109484 -3.4627790451 0.22930300236 1.1119509935 -3.4673199654 0.22627699375
          1.1096010208 -3.4635190964 0.22285400331 1.1096639633 -3.4640960693 0.22105400264
          1.1063660383 -3.4783771038 0.20982000232 1.1256890297 -3.3768980503 0.31953901052
          1.1212359667 -3.3979709148 0.29830598831 1.1071679592 -3.4580159187 0.23242400587
          1.1048799753 -3.4570069313 0.23913699389 1.108479023 -3.4774019718 0.22288300097
          1.1232600212 -3.3837189674 0.31789198518 1.120010972 -3.3977560997 0.30522099137
          1.1048979759 -3.4615108967 0.24238200486 1.1076389551 -3.4769899845 0.22989200056
          1.1053320169 -3.4799931049 0.2262160033 1.1008210182 -3.4932570457 0.21253299713
          1.1221450567 -3.3877670765 0.31630599499 1.1182210445 -3.3903439045 0.31293600798
          1.0993590355 -3.4967279434 0.21585200727 1.1035399437 -3.4709310532 0.24771699309
          1.1014159918 -3.4761769772 0.24888199568 1.0969820023 -3.499119997 0.22644999623
          1.1002600193 -3.479612112 0.24865999818 1.0989069939 -3.484388113 0.24661000073
          1.0913809538 -3.4934899807 0.22869199514 1.0888940096 -3.4895091057 0.23217999935
          1.0972110033 -3.4882760048 0.24352699518 1.0965820551 -3.4925990105 0.24103300273
          1.1132650375 -3.4695301056 0.1194299981 1.1074999571 -3.472317934 0.11609999835
          1.1170630455 -3.4681620598 0.12444899976 1.1161429882 -3.4691939354 0.12815900147
          1.1087779999 -3.4828169346 0.11326999962 1.1132520437 -3.4721369743 0.13153800368
          1.1103969812 -3.4745259285 0.13467299938 1.104714036 -3.4918379784 0.12359499931
          1.110206008 -3.4793899059 0.14463199675 1.1090519428 -3.4819219112 0.14916700125
          1.1050280333 -3.500041008 0.13118499517 1.1066470146 -3.488918066 0.1491329968
          1.1032680273 -3.5037090778 0.1344639957 1.1036640406 -3.4989230633 0.145716995
          1.102200985 -3.5044469833 0.14009299874 1.1021649837 -3.5035951138 0.14235700667
          1.1280299425 -3.3655290604 0.2921499908 1.1276379824 -3.3635210991 0.29695498943
          1.1293090582 -3.3673770428 0.29378598928 1.1275299788 -3.3686420918 0.28820699453
          1.1265649796 -3.3726611137 0.28529500961 1.125172019 -3.3774809837 0.2833429873
          1.1278389692 -3.3628730774 0.30397999287 1.126906991 -3.362457037 0.31112000346
          1.1192209721 -3.3888549805 0.28397899866 1.1272389889 -3.366298914 0.31487900019
          1.1252640486 -3.3618609905 0.31784600019 1.1234610081 -3.3744449615 0.30229899287
          1.123669982 -3.3764669895 0.30433899164 1.1227500439 -3.3754270077 0.3048389852
          1.1241389513 -3.3766789436 0.29705798626 1.1246119738 -3.3805940151 0.3011380136
          1.1237779856 -3.3751130104 0.29855200648 1.1215260029 -3.3814270496 0.29901701212
          1.1190309525 -3.3936479092 0.28715899587 1.1058750153 -3.4600360394 0.22004799545
          1.105708003 -3.4579029083 0.22492399812 1.108610034 -3.4624838829 0.22199599445
          1.1054639816 -3.4629740715 0.21590599418 1.1045600176 -3.4668750763 0.21285900474
          1.1257749796 -3.3690919876 0.31879100204 1.1221959591 -3.3769140244 0.30511000752
          1.1197949648 -3.3819890022 0.30360299349 1.1176879406 -3.395152092 0.29183599353
          1.1009180546 -3.47813797 0.21002300084 1.1214059591 -3.3725759983 0.32077500224
          1.1168580055 -3.3955190182 0.2981800139 1.1041029692 -3.4533519745 0.235127002
          1.0984070301 -3.4852910042 0.21136300266 1.0983929634 -3.4853229523 0.21138399839
          1.1201080084 -3.3767149448 0.3198570013 1.1188620329 -3.3812849522 0.31757199764
          1.1151119471 -3.3942821026 0.30259799957 1.1151540279 -3.3926749229 0.30808898807
          1.0965390205 -3.4896841049 0.2137439996 1.1172749996 -3.3854849339 0.31505098939
          1.1007759571 -3.4633660316 0.24572700262 1.0930379629 -3.491312027 0.21805900335
          1.09900105 -3.4681789875 0.24779500067 1.0936000347 -3.4946899414 0.22207400203
          1.0973880291 -3.4733259678 0.24854700267 1.0945199728 -3.4768710136 0.24734599888
          1.0945819616 -3.482074976 0.24513499439 1.0936009884 -3.4861249924 0.24225899577
          1.0924580097 -3.4889800549 0.23857699335 1.1100790501 -3.4673690796 0.12711699307
          1.1065299511 -3.487019062 0.11519899964 1.1050549746 -3.4895200729 0.11936400086
          1.1066529751 -3.4756019115 0.13954499364 1.1058729887 -3.4760670662 0.14560100436
          1.1020699739 -3.4946990013 0.12752099335 1.1045390368 -3.4778790474 0.15043400228
          1.1004140377 -3.4986441135 0.13068699837 1.1023509502 -3.4838809967 0.15120199323
          1.1007050276 -3.4892790318 0.1496810019 1.0981090069 -3.4974820614 0.14569100738
          1.0961719751 -3.5043621063 0.13739800453 1.0972110033 -3.5025069714 0.14227800071
          1.1206940413 -3.353509903 0.29551398754 1.1227469444 -3.3573570251 0.29231399298
          1.1243139505 -3.3620278835 0.2893230021 1.1233229637 -3.3660969734 0.2864690125
          1.1205990314 -3.3715209961 0.28430101275 1.1140789986 -3.3705430031 0.28393900394
          1.1246329546 -3.3576540947 0.30647501349 1.1178289652 -3.3812520504 0.28328698874
          1.1236230135 -3.3518149853 0.31477600336 1.1235220432 -3.3518140316 0.31890401244
          1.1254600286 -3.3543999195 0.31750398874 1.1256899834 -3.3582808971 0.3141990006
          1.1237959862 -3.3542430401 0.3102619946 1.1197539568 -3.3706519604 0.30002701283
          1.1190899611 -3.3736410141 0.29516300559 1.1217340231 -3.3721170425 0.30026400089
          1.1179389954 -3.3765289783 0.29466500878 1.1257849932 -3.3583130836 0.3213660121
          1.1220849752 -3.3538529873 0.32368800044 1.1183350086 -3.372508049 0.30541598797
          1.1166069508 -3.3809719086 0.29720199108 1.1138299704 -3.388463974 0.28941300511
          1.1038839817 -3.453193903 0.22801500559 1.1017949581 -3.4527220726 0.2208430022
          1.1021950245 -3.4565930367 0.21720099449 1.1012639999 -3.4604170322 0.21415400505
          1.0998950005 -3.4652240276 0.21213899553 1.098418951 -3.4703290462 0.21067099273
          1.1206129789 -3.3565769196 0.32760199904 1.1248489618 -3.3614730835 0.32510998845
          1.1237119436 -3.3649580479 0.32149499655 1.115950942 -3.377341032 0.30663099885
          1.1154099703 -3.382117033 0.3026829958 1.1022069454 -3.4488730431 0.23106999695
          1.100432992 -3.4481389523 0.23792900145 1.095582962 -3.4765810966 0.2107450068
          1.1190049648 -3.3595049381 0.33123400807 1.1225639582 -3.3644390106 0.32845899463
          1.1206599474 -3.3675808907 0.32484099269 1.1177790165 -3.3704230785 0.32109001279
          1.1151920557 -3.381964922 0.30453100801 1.1117919683 -3.3914010525 0.30005100369
          1.0994800329 -3.4517710209 0.24126300216 1.0983569622 -3.4853029251 0.21138599515
          1.0930169821 -3.4815890789 0.2129330039 1.1169370413 -3.3661720753 0.33142900467
          1.1167960167 -3.3658809662 0.33162200451 1.1167089939 -3.3663060665 0.33120799065
          1.1169990301 -3.367757082 0.32579299808 1.1155500412 -3.3748590946 0.31890198588
          1.1144239902 -3.3791899681 0.31634700298 1.1134109497 -3.383302927 0.3135420084
          1.1131409407 -3.3874530792 0.31061801314 1.0977549553 -3.4555339813 0.24408100545
          1.0937199593 -3.4874489307 0.21479000151 1.1167080402 -3.366189003 0.33149400353
          1.096495986 -3.4608869553 0.24652500451 1.0944010019 -3.4661619663 0.24749599397
          1.0869959593 -3.4879479408 0.22474400699 1.0930639505 -3.4700100422 0.24753400683
          1.0892260075 -3.4792430401 0.24287900329 1.0893189907 -3.4832499027 0.23992100358
          1.1030449867 -3.4663538933 0.12495400012 1.1029219627 -3.4678969383 0.11980699748
          1.1007740498 -3.4789850712 0.11337000132 1.1051859856 -3.4690461159 0.13038299978
          1.1028460264 -3.4828939438 0.11362300068 1.1018500328 -3.4853920937 0.11452099681
          1.103621006 -3.4719939232 0.13411399722 1.1003439426 -3.4880490303 0.11853399873
          1.1022800207 -3.4738419056 0.13891200721 1.0984940529 -3.4902861118 0.1230430007
          1.1010930538 -3.4747869968 0.14450399578 1.0974160433 -3.4933850765 0.12703000009
          1.0998109579 -3.4764940739 0.14952200651 1.0976239443 -3.482022047 0.15088999271
          1.0938349962 -3.5010499954 0.13228599727 1.0957750082 -3.488147974 0.14955200255
          1.0942289829 -3.4935159683 0.14617800713 1.0924630165 -3.501019001 0.14174300432
          1.087921977 -3.5029189587 0.13725599647 1.1196039915 -3.3599379063 0.28753599524
          1.1187549829 -3.3642590046 0.28553599119 1.1160919666 -3.3477408886 0.30528301001
          1.1202960014 -3.3528261185 0.30248400569 1.1189060211 -3.3488099575 0.3195219934
          1.1131980419 -3.3835670948 0.28654500842 1.1003279686 -3.447863102 0.22286400199
          1.0987099409 -3.4492189884 0.21786700189 1.098301053 -3.4533090591 0.21470800042
          1.0991430283 -3.4593288898 0.21347899735 1.0969200134 -3.4581410885 0.21272200346
          1.0966119766 -3.4591081142 0.21253499389 1.1167750359 -3.3532071114 0.32602500916
          1.1137020588 -3.3706541061 0.30495899916 1.1118789911 -3.379586935 0.29629099369
          1.0998100042 -3.4441370964 0.22704200447 1.0994889736 -3.4433550835 0.23430100083
          1.0950449705 -3.4639360905 0.21183200181 1.0928490162 -3.4672710896 0.21157999337
          1.1117780209 -3.3753569126 0.30698800087 1.1105619669 -3.3813140392 0.3012059927
          1.1084879637 -3.3873701096 0.2966800034 1.096274972 -3.4430708885 0.2402279973
          1.1112780571 -3.3767130375 0.30720001459 1.1101909876 -3.3809700012 0.30455899239
          1.1082969904 -3.3876919746 0.3016090095 1.0959010124 -3.4484260082 0.24267600477
          1.112432003 -3.362705946 0.33244600892 1.1117850542 -3.3658800125 0.32936599851
          1.112259984 -3.3662500381 0.32523599267 1.1116050482 -3.368336916 0.32032600045
          1.1102969646 -3.3731911182 0.31676501036 1.1091979742 -3.3807709217 0.31181898713
          1.1084769964 -3.3843150139 0.30836600065 1.1081620455 -3.3870649338 0.30401000381
          1.0940510035 -3.4527420998 0.24511800706 1.1116720438 -3.3652639389 0.33159899712
          1.0920109749 -3.4580440521 0.24652700126 1.0867650509 -3.4846770763 0.22076900303
          1.0903160572 -3.4636828899 0.24703399837 1.0886240005 -3.4679210186 0.24631500244
          1.0873310566 -3.4729979038 0.24453400075 1.0862740278 -3.4767789841 0.24142499268
          1.0856590271 -3.4801170826 0.23773799837 1.0852570534 -3.4831669331 0.23378199339
          1.0849529505 -3.4857668877 0.22919599712 1.1000740528 -3.471198082 0.11656600237
          1.0994199514 -3.4756700993 0.11411300302 1.100440979 -3.4677460194 0.12938800454
          1.0979640484 -3.4816679955 0.11338800192 1.0971620083 -3.4838080406 0.11380200088
          1.0988099575 -3.4704949856 0.13337799907 1.0954780579 -3.4873390198 0.11696799845
          1.0974379778 -3.4730110168 0.1374630034 1.0939639807 -3.4900319576 0.12094700336
          1.0961110592 -3.474848032 0.14226299524 1.0926549435 -3.4932320118 0.12481100112
          1.0946860313 -3.477052927 0.14686599374 1.088958025 -3.5005059242 0.12996399403
          1.0926719904 -3.4821970463 0.14832399786 1.0915549994 -3.4856278896 0.1478420049
          1.0896129608 -3.4915070534 0.14502200484 1.0874409676 -3.5031039715 0.13462899625
          1.0877410173 -3.4994800091 0.14115099609 1.1173369884 -3.3498630524 0.29276698828
          1.1164040565 -3.3480670452 0.29820999503 1.1166089773 -3.3534190655 0.28932899237
          1.1144789457 -3.3624520302 0.28522598743 1.1159149408 -3.3447039127 0.31470000744
          1.1157079935 -3.3442919254 0.30912399292 1.1096869707 -3.3751699924 0.28513199091
          1.114601016 -3.3467381001 0.31923499703 1.1057449579 -3.3660778999 0.29780900478
          1.1051980257 -3.3690860271 0.29333201051 1.1090159416 -3.3735129833 0.29356500506
          1.1072779894 -3.3785190582 0.28813201189 1.0972739458 -3.4394710064 0.22262200713
          1.0983059406 -3.4397308826 0.22985599935 1.0941009521 -3.4507510662 0.21295599639
          1.0950590372 -3.4476280212 0.21459999681 1.0920319557 -3.4570870399 0.21196700633
          1.1121150255 -3.3517980576 0.32616299391 1.1090339422 -3.3689711094 0.30433601141
          1.1062970161 -3.3818740845 0.29179599881 1.0963480473 -3.4355559349 0.23310600221
          1.0968110561 -3.4392290115 0.23709900677 1.0896480083 -3.4632658958 0.21197199821
          1.1072380543 -3.3730480671 0.30697199702 1.1065119505 -3.3795320988 0.29659301043
          1.1070450544 -3.3819980621 0.29902198911 1.0944039822 -3.4357509613 0.23907099664
          1.0931760073 -3.4400970936 0.24193699658 1.0858980417 -3.4680950642 0.21363000572
          1.1095329523 -3.3564488888 0.33091899753 1.107524991 -3.3707289696 0.31582599878
          1.1073540449 -3.3661370277 0.31946098804 1.1065900326 -3.3741021156 0.31277999282
          1.1060129404 -3.3777179718 0.30934301019 1.1060279608 -3.3815250397 0.30600601435
          1.106932044 -3.3856389523 0.30279898643 1.0917659998 -3.4446840286 0.24408699572
          1.0790990591 -3.4673299789 0.21839299798 1.1077890396 -3.360902071 0.33194100857
          1.1071020365 -3.3642680645 0.32867500186 1.1061650515 -3.3636360168 0.32365000248
          1.0894459486 -3.450261116 0.24559099972 1.0825480223 -3.4759280682 0.21945999563
          1.1069589853 -3.3637070656 0.33098599315 1.0874329805 -3.455919981 0.24633100629
          1.0819820166 -3.4795799255 0.22338700294 1.0859179497 -3.4605989456 0.24627499282
          1.083196044 -3.4834959507 0.22722500563 1.0814319849 -3.4792571068 0.23025199771
          1.084280014 -3.4656450748 0.24488399923 1.083196044 -3.4698960781 0.24223600328
          1.082152009 -3.4729640484 0.23817099631 1.081725955 -3.4761168957 0.23421099782
          1.0965440273 -3.4674909115 0.12084600329 1.0912740231 -3.4705600739 0.11777299643
          1.0957009792 -3.4672920704 0.12766799331 1.0946899652 -3.4751660824 0.11463300139
          1.092113018 -3.4809699059 0.11296900362 1.0905380249 -3.486989975 0.11505000293
          1.0902049541 -3.4729630947 0.13517600298 1.0889970064 -3.4908978939 0.11751399934
          1.0896600485 -3.4754190445 0.139011994 1.0882669687 -3.4968259335 0.12389300019
          1.0861799717 -3.4960420132 0.11883699894 1.0892909765 -3.4786159992 0.14295099676
          1.0844919682 -3.5005090237 0.12148799747 1.0880789757 -3.483289957 0.14493100345
          1.0865360498 -3.5013070107 0.12877400219 1.0832630396 -3.5034201145 0.12548699975
          1.0860420465 -3.4880180359 0.14358499646 1.0829130411 -3.5037341118 0.13203699887
          1.0822520256 -3.5039761066 0.13152599335 1.0774730444 -3.4944710732 0.13898999989
          1.0830440521 -3.4978919029 0.14050200582 1.0822679996 -3.501543045 0.13717100024
          1.0822099447 -3.5037930012 0.13224500418 1.1148920059 -3.3432719707 0.29418200254
          1.1130939722 -3.3429870605 0.30101400614 1.1145910025 -3.3470830917 0.29029101133
          1.1123739481 -3.3504929543 0.28788599372 1.1098409891 -3.3607120514 0.28548198938
          1.1123429537 -3.3389389515 0.30432999134 1.1115469933 -3.3384211063 0.31107398868
          1.1075429916 -3.3674879074 0.2847340107 1.1126309633 -3.3421440125 0.31516200304
          1.1053090096 -3.3721129894 0.2858479917 1.0933849812 -3.4349861145 0.21862900257
          1.0932949781 -3.4310810566 0.22183699906 1.096140027 -3.4350600243 0.22628200054
          1.0923140049 -3.4392120838 0.21595300734 1.0901139975 -3.4438040257 0.21348500252
          1.0896229744 -3.4488921165 0.21247600019 1.1094039679 -3.3447449207 0.31939199567
          1.1044620275 -3.3715391159 0.2929970026 1.103703022 -3.3752601147 0.28938600421
          1.0927089453 -3.4269869328 0.23216700554 1.0928729773 -3.4294950962 0.23688000441
          1.087389946 -3.4549050331 0.21213200688 1.1082999706 -3.34801507 0.32241401076
          1.1043169498 -3.3675289154 0.3034799993 1.1030650139 -3.3755049706 0.2931689918
          1.1055300236 -3.3777930737 0.29500800371 1.0892590284 -3.42918396 0.24238400161
          1.0847409964 -3.4610700607 0.21325199306 1.1033040285 -3.3466570377 0.32151299715
          1.1028130054 -3.3701789379 0.30750000477 1.0890870094 -3.4358029366 0.24419100583
          1.1050620079 -3.3546509743 0.32914999127 1.0954619646 -3.3621718884 0.31111299992
          1.1025960445 -3.3700120449 0.30937600136 1.0873049498 -3.4414379597 0.24494500458
          1.1029160023 -3.360227108 0.33033999801 1.1022139788 -3.3616778851 0.32973399758
          1.0852220058 -3.4468080997 0.2453880012 1.0785230398 -3.4712541103 0.22203600407
          1.0834319592 -3.4536039829 0.2454970032 1.0789949894 -3.4744939804 0.22611799836
          1.0815980434 -3.4579870701 0.24481199682 1.0808990002 -3.4634110928 0.24311800301
          1.0798569918 -3.4660689831 0.23942899704 1.0785440207 -3.4673008919 0.23431399465
          1.0783909559 -3.471157074 0.22901700437 1.0905150175 -3.4672689438 0.12533900142
          1.0863829851 -3.4677979946 0.12319800258 1.089460969 -3.4746160507 0.11516500264
          1.0880010128 -3.4796440601 0.11325199902 1.0892119408 -3.4690539837 0.13018099964
          1.0858110189 -3.4863080978 0.11333899945 1.086648941 -3.4720189571 0.13323900104
          1.0833630562 -3.4926550388 0.11403799802 1.0858949423 -3.4757380486 0.13689599931
          1.0808800459 -3.4993550777 0.11444000155 1.083575964 -3.4801120758 0.13911999762
          1.0813059807 -3.5034201145 0.11753799766 1.0790569782 -3.5045199394 0.11556000262
          1.0823910236 -3.4851241112 0.14070299268 1.0779629946 -3.5074388981 0.11964099854
          1.0792299509 -3.5062611103 0.12815900147 1.0760990381 -3.5088510513 0.12437599897
          1.1103570461 -3.3348350525 0.29314500093 1.1104149818 -3.3349449635 0.30022698641
          1.1127660275 -3.3390889168 0.29713898897 1.1107490063 -3.3390491009 0.29028001428
          1.1094909906 -3.3436670303 0.2880319953 1.1078009605 -3.3490059376 0.28687998652
          1.0772540569 -3.4999339581 0.13648100197 1.0769590139 -3.5032858849 0.13282799721
          1.0761259794 -3.5070490837 0.12962399423 1.1095449924 -3.3341200352 0.30710700154
          1.1014900208 -3.3540039063 0.28643500805 1.1086679697 -3.3358249664 0.31221199036
          1.1036740541 -3.361426115 0.28578799963 1.1031199694 -3.3630070686 0.28583601117
          1.0919209719 -3.4266870022 0.2248249948 1.0904480219 -3.4278140068 0.21908299625
          1.0895210505 -3.4317719936 0.21613000333 1.0880550146 -3.4367139339 0.21431800723
          1.1070810556 -3.3388800621 0.3158389926 1.1048129797 -3.352793932 0.29842200875
          1.1051540375 -3.3550980091 0.30072501302 1.1042920351 -3.3525419235 0.30258199573
          1.1031559706 -3.358164072 0.29704800248 1.1031839848 -3.3582179546 0.29709801078
          1.1031179428 -3.3582940102 0.29700100422 1.1011879444 -3.3689010143 0.28678599
          1.0903409719 -3.4219760895 0.23523600399 1.0909270048 -3.4225549698 0.2281049937
          1.0847990513 -3.445472002 0.21257799864 1.1053210497 -3.3427801132 0.31864699721
          1.1022729874 -3.3577520847 0.30406600237 1.1028929949 -3.3617970943 0.3008480072
          1.1022540331 -3.3578059673 0.30406698585 1.1006150246 -3.3674049377 0.29256400466
          1.1009249687 -3.3725199699 0.29054200649 1.0900659561 -3.4252378941 0.23948299885
          1.0792059898 -3.4488770962 0.21354700625 1.1008950472 -3.3625779152 0.30207300186
          1.0996710062 -3.3657391071 0.30296099186 1.0772160292 -3.4539730549 0.21524199843
          1.0991829634 -3.3676359653 0.30780500174 1.0807499886 -3.4262440205 0.24792200327
          1.07842803 -3.4612119198 0.21649600565 1.1018849611 -3.3501679897 0.32466098666
          1.1001260281 -3.3540680408 0.32746899128 1.0992629528 -3.3594229221 0.32120999694
          1.0829650164 -3.438149929 0.24587999284 1.0829900503 -3.4381740093 0.24586999416
          1.098484993 -3.3587360382 0.32764598727 1.1008349657 -3.3606009483 0.32907399535
          1.0829590559 -3.4381699562 0.2458730042 1.0807290077 -3.444781065 0.24518799782
          1.076398015 -3.4659628868 0.22534699738 1.0789079666 -3.4505610466 0.24454599619
          1.0767370462 -3.4553859234 0.24308200181 1.0760749578 -3.4597370625 0.24053500593
          1.0763399601 -3.4621260166 0.23584400117 1.0848619938 -3.4705770016 0.11928399652
          1.0840599537 -3.4744029045 0.11608199775 1.0842939615 -3.4684770107 0.12850299478
          1.0827709436 -3.4790539742 0.11388900131 1.0809550285 -3.4846830368 0.11291799694
          1.0788810253 -3.4909191132 0.11242199689 1.0806939602 -3.4757909775 0.13464899361
          1.0764139891 -3.4979970455 0.11247000098 1.0790139437 -3.4801769257 0.13692499697
          1.0741499662 -3.5047459602 0.11315300316 1.0740389824 -3.5046401024 0.11306799948
          1.0740009546 -3.5047390461 0.11309099942 1.0733430386 -3.4860150814 0.13589000702
          1.0747859478 -3.5086460114 0.11703799665 1.0721310377 -3.5091791153 0.11537499726
          1.1077719927 -3.3319950104 0.29087901115 1.105880022 -3.3293869495 0.29581600428
          1.1068480015 -3.3359339237 0.28787499666 1.1053379774 -3.3406970501 0.28685998917
          1.0714060068 -3.5116689205 0.1201390028 1.1066110134 -3.3305339813 0.30241701007
          1.1020950079 -3.343034029 0.2859750092 1.0724179745 -3.5010209084 0.1315509975
          1.0711020231 -3.5060989857 0.12970200181 1.0699520111 -3.5104811192 0.12720300257
          1.1056530476 -3.3289649487 0.30991199613 1.0880099535 -3.4208090305 0.21945999563
          1.0868309736 -3.4241330624 0.21607999504 1.08553195 -3.4283440113 0.21440899372
          1.1047849655 -3.3320560455 0.31378901005 1.1009680033 -3.349545002 0.2957380116
          1.1026649475 -3.3505570889 0.29656800628 1.101140976 -3.3481519222 0.29799500108
          1.1018199921 -3.3616681099 0.28642699122 1.0878670216 -3.4136610031 0.23442900181
          1.089607954 -3.4182610512 0.23121400177 1.0885100365 -3.4142971039 0.22735899687
          1.0868979692 -3.4139220715 0.21983799338 1.0829520226 -3.4352419376 0.2130330056
          1.1021820307 -3.3361721039 0.31615400314 1.100751996 -3.3478310108 0.30141800642
          1.10194695 -3.3501880169 0.30359500647 1.0996639729 -3.3488678932 0.30399298668
          1.0990719795 -3.3553819656 0.29504001141 1.0980750322 -3.3594639301 0.29219999909
          1.0988550186 -3.3605210781 0.29312598705 1.0976530313 -3.3639070988 0.28961101174
          1.0870629549 -3.4162180424 0.23891699314 1.081092 -3.4424049854 0.21260599792
          1.1007260084 -3.3407421112 0.31836900115 1.1022319794 -3.3577680588 0.30409100652
          1.0979100466 -3.3545389175 0.30498099327 1.085999012 -3.4200949669 0.24191699922
          1.0988789797 -3.3451368809 0.32067400217 1.0969320536 -3.3574209213 0.30484798551
          1.0957269669 -3.3619089127 0.3024699986 1.0950629711 -3.3637640476 0.30262100697
          1.0833649635 -3.4230270386 0.24539199471 1.0969099998 -3.3499898911 0.32257801294
          1.0945130587 -3.3642780781 0.30516698956 1.0749599934 -3.4575400352 0.21821700037
          1.095386982 -3.3540279865 0.32344600558 1.0958839655 -3.3552079201 0.32455798984
          1.0948890448 -3.3571341038 0.31949499249 1.09484303 -3.3592550755 0.31450599432
          1.0794609785 -3.4321060181 0.24761599302 1.0786219835 -3.435874939 0.2461899966
          1.0741970539 -3.4610080719 0.22195099294 1.0763969421 -3.4424099922 0.2443370074
          1.0731879473 -3.4462339878 0.24262499809 1.0729409456 -3.4522900581 0.24079099298
          1.0723370314 -3.4559829235 0.2371339947 1.0789200068 -3.4686419964 0.12585499883
          1.0764620304 -3.4713160992 0.12165399641 1.0763510466 -3.4749379158 0.11822599918
          1.0771299601 -3.4790670872 0.11510399729 1.0778019428 -3.4710059166 0.13038399816
          1.0756549835 -3.4843230247 0.11355999857 1.0741770267 -3.4894781113 0.11263799667
          1.0760060549 -3.4750840664 0.13301999867 1.0717819929 -3.4962239265 0.11211100221
          1.075996995 -3.4751110077 0.13301999867 1.0726139545 -3.4806320667 0.134472996
          1.0693659782 -3.5030269623 0.11217100173 1.0671900511 -3.5088379383 0.1134499982
          1.1039340496 -3.3265941143 0.29337599874 1.1033010483 -3.3271849155 0.29631000757
          1.1039370298 -3.3287250996 0.28831499815 1.1026639938 -3.3333449364 0.28608700633
          1.0706230402 -3.4898700714 0.13484799862 1.0692039728 -3.4946689606 0.13276199996
          1.0674420595 -3.4984090328 0.12902000546 1.0653710365 -3.5123279095 0.11667499691
          1.1034189463 -3.3233261108 0.30462899804 1.1032190323 -3.3228619099 0.30709600449
          1.1044549942 -3.3248100281 0.30594098568 1.1045080423 -3.3286290169 0.30260899663
          1.1026149988 -3.3270320892 0.30136200786 1.0871880054 -3.4099330902 0.22298100591
          1.0856540203 -3.4111540318 0.21750900149 1.0842189789 -3.4170029163 0.21501299739
          1.0669629574 -3.5034229755 0.12781399488 1.0656490326 -3.5069339275 0.12827000022
          1.0654250383 -3.5132679939 0.1232919991 1.1018079519 -3.3250510693 0.31156399846
          1.0984530449 -3.3449790478 0.28590101004 1.087239027 -3.4092290401 0.2293419987
          1.0828959942 -3.4210569859 0.21373699605 1.0808759928 -3.4270288944 0.21313199401
          1.0644630194 -3.5104370117 0.12831200659 1.1001069546 -3.3286669254 0.31464698911
          1.0965169668 -3.3462560177 0.29758000374 1.0923210382 -3.3464779854 0.29455500841
          1.0959490538 -3.3490390778 0.29487898946 1.0967309475 -3.3561060429 0.28902199864
          1.0948560238 -3.3543930054 0.28968301415 1.085646987 -3.4052970409 0.23375199735
          1.084995985 -3.4078559875 0.23820899427 1.0961669683 -3.3460240364 0.30052000284
          1.0938819647 -3.3544449806 0.29622501135 1.0948710442 -3.3553419113 0.29588198662
          1.0935829878 -3.3559069633 0.29480600357 1.0836149454 -3.4114310741 0.24145799875
          1.0763789415 -3.4401669502 0.21287199855 1.0960639715 -3.3390300274 0.31777399778
          1.0945780277 -3.3491249084 0.30404999852 1.0929069519 -3.3544960022 0.30276700854
          1.0932790041 -3.3559319973 0.2968249917 1.0807299614 -3.414839983 0.24435900152
          1.0737689734 -3.44520998 0.2146999985 1.0942770243 -3.3429310322 0.31864398718
          1.0914239883 -3.3595519066 0.30094599724 1.0904010534 -3.3620529175 0.3020260036
          1.0785909891 -3.4189019203 0.24660000205 1.072633028 -3.4497859478 0.21696999669
          1.0926239491 -3.3500421047 0.31977400184 1.0912100077 -3.353689909 0.31672000885
          1.0906640291 -3.356621027 0.31242400408 1.0901169777 -3.3620100021 0.3040010035
          1.0768990517 -3.423484087 0.24900700152 1.0710690022 -3.4531219006 0.22035999596
          1.0759400129 -3.4260859489 0.24940900505 1.0744889975 -3.4310560226 0.24757899344
          1.071715951 -3.4564731121 0.22466300428 1.0733380318 -3.4350969791 0.24485999346
          1.0719629526 -3.4402570724 0.24308000505 1.0705529451 -3.4451460838 0.24115799367
          1.0692039728 -3.4522659779 0.23426699638 1.075067997 -3.4710950851 0.12907600403
          1.073086977 -3.4721720219 0.12334600091 1.0726519823 -3.4716880322 0.12746800482
          1.0724649429 -3.4755220413 0.11967399716 1.0704510212 -3.4797821045 0.11723099649
          1.0700470209 -3.4842979908 0.11464100331 1.0759849548 -3.4750919342 0.13300299644
          1.0709719658 -3.4751970768 0.1306540072 1.0686509609 -3.4893739223 0.11298199743
          1.0670950413 -3.494287014 0.11236300319 1.0690100193 -3.479790926 0.13298499584
          1.0643600225 -3.501445055 0.11186999828 1.1005380154 -3.3224680424 0.28983798623
          1.1002639532 -3.3222339153 0.29226699471 1.1026149988 -3.3244149685 0.29140800238
          1.0991159678 -3.3256709576 0.28591999412 1.0982990265 -3.3307449818 0.28476199508
          1.0667910576 -3.4865159988 0.13334299624 1.0624040365 -3.5076971054 0.1124240011
          1.0987080336 -3.3251318932 0.2960459888 1.0936319828 -3.3290939331 0.28354901075
          1.0855000019 -3.4020140171 0.22250400484 1.0857919455 -3.4059000015 0.21927799284
          1.0838099718 -3.4020199776 0.2157099992 1.0823630095 -3.4070720673 0.21395100653
          1.0809390545 -3.411618948 0.21292699873 1.0646059513 -3.4922389984 0.13123899698
          1.0606000423 -3.5118501186 0.11486300081 1.0997840166 -3.3231940269 0.30525800586
          1.1011190414 -3.3274569511 0.30211400986 1.098230958 -3.3302590847 0.29835298657
          1.0975329876 -3.328567028 0.29675599933 1.094154954 -3.3425838947 0.28581699729
          1.0849430561 -3.4001789093 0.22875599563 1.0786639452 -3.4185760021 0.21209999919
          1.0630970001 -3.5008440018 0.12536099553 1.0589059591 -3.513890028 0.11913699657
          1.0979770422 -3.3210570812 0.31069201231 1.0974680185 -3.3217630386 0.31249898672
          1.0987759829 -3.3227241039 0.3122420013 1.0979310274 -3.3232820034 0.30573800206
          1.096897006 -3.3297169209 0.30554899573 1.0977809429 -3.3337841034 0.30207899213
          1.0957460403 -3.3368799686 0.29844200611 1.0951939821 -3.3350329399 0.29665499926
          1.0942699909 -3.3374340534 0.29729199409 1.0924140215 -3.3469491005 0.28805500269
          1.082218051 -3.3985409737 0.23797400296 1.0831700563 -3.3967940807 0.23296900094
          1.0763599873 -3.4252018929 0.21209900081 1.0591549873 -3.5100429058 0.12902200222
          1.0575569868 -3.5137050152 0.12580299377 1.0954320431 -3.3253259659 0.31536498666
          1.0938739777 -3.3360869884 0.30544900894 1.0947519541 -3.3402171135 0.30208998919
          1.0924060345 -3.3418450356 0.29960298538 1.0916930437 -3.3453390598 0.29621300101
          1.0909030437 -3.3492090702 0.2924579978 1.0912189484 -3.3486359119 0.28989899158
          1.0826450586 -3.4044489861 0.24021300673 1.0802320242 -3.4014930725 0.24172399938
          1.0740170479 -3.4315729141 0.2126840055 1.0935510397 -3.3312959671 0.31680500507
          1.0923290253 -3.3406229019 0.3030180037 1.0906419754 -3.3457670212 0.30239000916
          1.0911020041 -3.345154047 0.30068999529 1.0891530514 -3.3530590534 0.29531300068
          1.0890660286 -3.3534851074 0.2949000001 1.0787780285 -3.4065759182 0.24372699857
          1.0713330507 -3.4364070892 0.21383300424 1.0901960135 -3.3364350796 0.31714600325
          1.0901219845 -3.3470680714 0.30286699533 1.0882469416 -3.3527770042 0.30217900872
          1.088793993 -3.3539309502 0.29570698738 1.0763070583 -3.4112811089 0.24540899694
          1.0904599428 -3.3399989605 0.31728100777 1.0867769718 -3.3552560806 0.30636501312
          1.0873750448 -3.3563070297 0.30571100116 1.0892339945 -3.3607521057 0.30264300108
          1.0743730068 -3.4160330296 0.24739000201 1.0653779507 -3.4427559376 0.22010399401
          1.0883790255 -3.345993042 0.31674098969 1.0869979858 -3.3507680893 0.31459400058
          1.072527051 -3.4203519821 0.24979099631 1.0669690371 -3.4478800297 0.22310599685
          1.0705519915 -3.4258480072 0.25029700994 1.069816947 -3.429418087 0.2468740046
          1.068936944 -3.4331169128 0.24333900213 1.0653990507 -3.447357893 0.23003800213
          1.0668050051 -3.4374380112 0.24067899585 1.0666179657 -3.4420700073 0.23881599307
          1.0662889481 -3.446228981 0.23582799733 1.0701500177 -3.4731938839 0.1250180006
          1.0687140226 -3.4764978886 0.12146899849 1.0677310228 -3.4760229588 0.12844200432
          1.0659780502 -3.4774279594 0.12300299853 1.065310955 -3.4808659554 0.1194299981
          1.0626130104 -3.4846019745 0.11705499887 1.0627739429 -3.4891901016 0.11394099891
          1.064005971 -3.4800550938 0.13027499616 1.0594689846 -3.4949820042 0.11253599823
          1.0958299637 -3.3194069862 0.29275301099 1.0966869593 -3.3192288876 0.28731000423
          1.0819439888 -3.3858630657 0.22126600146 1.0815269947 -3.3856630325 0.22802600265
          1.0836479664 -3.3938629627 0.22217099369 1.0825010538 -3.3897469044 0.21783700585
          1.0818740129 -3.3932740688 0.21428799629 1.0844019651 -3.3979380131 0.21862100065
          1.0802439451 -3.3981258869 0.21220099926 1.0621800423 -3.4848198891 0.1324339956
          1.0586669445 -3.5064949989 0.11226200312 1.0938249826 -3.3250260353 0.29382801056
          1.0827980042 -3.3930981159 0.22993500531 1.0811259747 -3.387804985 0.23256799579
          1.0785909891 -3.4043591022 0.21168600023 1.0601719618 -3.4908950329 0.13084499538
          1.0573760271 -3.4975221157 0.12376499921 1.0579539537 -3.5002610683 0.12385299802
          1.0554310083 -3.5102660656 0.11392699927 1.0914479494 -3.3319499493 0.293772012
          1.0916670561 -3.3353290558 0.28449499607 1.0804070234 -3.390846014 0.23723100126
          1.0755499601 -3.4111020565 0.21126399934 1.0561230183 -3.5045080185 0.1263229996
          1.0547950268 -3.5133590698 0.11811800301 1.0928180218 -3.3199939728 0.31195899844
          1.0927360058 -3.3202300072 0.31094199419 1.0939689875 -3.324862957 0.30820098519
          1.0894169807 -3.3366599083 0.29578700662 1.0880910158 -3.343157053 0.28948301077
          1.0806939602 -3.3962919712 0.23947499692 1.077401042 -3.3920359612 0.24174599349
          1.0716710091 -3.4231979847 0.21187500656 1.0547209978 -3.5066549778 0.13083200157
          1.0585730076 -3.5102748871 0.12938499451 1.0528960228 -3.5139551163 0.12611199915
          1.0914360285 -3.3220410347 0.31656500697 1.0913089514 -3.3254508972 0.30936598778
          1.0895789862 -3.3308179379 0.30799001455 1.087749958 -3.3401050568 0.2990359962
          1.0888570547 -3.3457789421 0.29454898834 1.0866700411 -3.3453950882 0.29390200973
          1.0769059658 -3.3986899853 0.24326500297 1.0526880026 -3.5118749142 0.13231399655
          1.089517951 -3.3275809288 0.31738099456 1.0874049664 -3.3394780159 0.30287399888
          1.0880750418 -3.3360340595 0.30643999577 1.0898610353 -3.3460059166 0.30182799697
          1.0851800442 -3.3479750156 0.29799100757 1.0855679512 -3.3473360538 0.29684498906
          1.0888990164 -3.3532750607 0.29500898719 1.0740020275 -3.4027440548 0.24484600127
          1.083665967 -3.3506679535 0.30197000504 1.0720789433 -3.4080131054 0.24567399919
          1.0655610561 -3.4380249977 0.21712000668 1.0649139881 -3.4317810535 0.21520400047
          1.0857499838 -3.3384358883 0.31666100025 1.0841510296 -3.3333849907 0.31711798906
          1.0841289759 -3.343736887 0.31520798802 1.0828570127 -3.3509130478 0.30838701129
          1.069216013 -3.4150500298 0.24794100225 1.0679210424 -3.4183700085 0.24945800006
          1.0624879599 -3.442663908 0.22576899827 1.0657509565 -3.4242799282 0.25031501055
          1.0668209791 -3.4249770641 0.25018399954 1.0655310154 -3.4270288944 0.24531400204
          1.0656330585 -3.4248549938 0.24975700676 1.0644650459 -3.4304618835 0.24133999646
          1.0638350248 -3.4346110821 0.23897099495 1.0630340576 -3.438657999 0.23603999615
          1.0627939701 -3.4420890808 0.23241199553 1.0656440258 -3.4246730804 0.25011798739
          1.063395977 -3.4783389568 0.12448400259 1.0616129637 -3.481523037 0.12088400126
          1.0936379433 -3.3122899532 0.28805699944 1.093577981 -3.3106069565 0.29244500399
          1.0955799818 -3.3145000935 0.28992599249 1.0956130028 -3.3183128834 0.28659200668
          1.092772007 -3.3161149025 0.28492501378 1.0912200212 -3.320980072 0.28322601318
          1.0804569721 -3.3814160824 0.22420799732 1.0800590515 -3.3814730644 0.21707999706
          1.0792969465 -3.3850989342 0.21370600164 1.0780140162 -3.3897140026 0.21149000525
          1.0764700174 -3.3952798843 0.21019199491 1.058915019 -3.4806690216 0.12769800425
          1.059259057 -3.4819231033 0.12179099768 1.0587099791 -3.485129118 0.11795499921
          1.057806015 -3.4890298843 0.11490800232 1.0917470455 -3.3156399727 0.29189300537
          1.0911459923 -3.3178019524 0.2920550108 1.0891859531 -3.3273251057 0.28284901381
          1.0795040131 -3.3795630932 0.22553299367 1.0791339874 -3.3797450066 0.23106600344
          1.0740469694 -3.4019379616 0.21027800441 1.0889840126 -3.323390007 0.2921589911
          1.0868580341 -3.3322401047 0.28436899185 1.079556942 -3.3847379684 0.23506300151
          1.0772010088 -3.3813979626 0.23694899678 1.0717289448 -3.4084610939 0.21033300459
          1.0569779873 -3.4842369556 0.13191199303 1.0552569628 -3.4897310734 0.13067999482
          1.0547829866 -3.4927940369 0.12668000162 1.0520629883 -3.4980869293 0.12304099649
          1.0866730213 -3.3308300972 0.29262000322 1.0856740475 -3.3368771076 0.28690001369
          1.0785360336 -3.3880639076 0.2387059927 1.075173974 -3.3835558891 0.24073199928
          1.0693609715 -3.4147269726 0.21126499772 1.051306963 -3.5027709007 0.12582099438
          1.0481469631 -3.5111980438 0.11689800024 1.0915490389 -3.3202240467 0.3111859858
          1.0847239494 -3.3350970745 0.29504799843 1.0838119984 -3.3403670788 0.2901340127
          1.0708240271 -3.3852050304 0.24488399923 1.0699930191 -3.4075670242 0.22431799769
          1.0700160265 -3.4078021049 0.22455599904 1.0699620247 -3.4074270725 0.22486199439
          1.0698699951 -3.4078810215 0.2244219929 1.0670180321 -3.4207921028 0.21220299602
          1.0506750345 -3.5029470921 0.13075000048 1.0502129793 -3.499849081 0.13480900228
          1.0517239571 -3.5041050911 0.1317230016 1.0470689535 -3.5128688812 0.12163300067
          1.0874660015 -3.3200769424 0.31190800667 1.087092042 -3.3187739849 0.3174790144
          1.0855469704 -3.326004982 0.31020599604 1.0834779739 -3.3364439011 0.30038499832
          1.0715600252 -3.3938210011 0.24517700076 1.0685540438 -3.4109768867 0.22813500464
          1.0684399605 -3.410161972 0.22879999876 1.0682300329 -3.4111919403 0.22780099511
          1.0652420521 -3.4257810116 0.2136400044 1.0491889715 -3.5032749176 0.13830800354
          1.0476850271 -3.5130550861 0.12728300691 1.0475850105 -3.5116629601 0.1326469928
          1.0848530531 -3.3252260685 0.31803900003 1.0842740536 -3.3309481144 0.30831199884
          1.0834560394 -3.3342959881 0.30562099814 1.0806690454 -3.3455240726 0.29811298847
          1.0696680546 -3.3998889923 0.2455150038 1.0681740046 -3.4111180305 0.22835999727
          1.0480420589 -3.5080859661 0.13660000265 1.0792579651 -3.3477129936 0.30258101225
          1.0672899485 -3.4063389301 0.24600100517 1.061537981 -3.4345359802 0.21833199263
          1.0810949802 -3.3367660046 0.31591999531 1.0797560215 -3.3415169716 0.3138409853
          1.078873992 -3.3453741074 0.31074398756 1.0750739574 -3.3448300362 0.30360999703
          1.0651760101 -3.4119849205 0.24680699408 1.0609170198 -3.4382450581 0.22176399827
          1.0638949871 -3.4154651165 0.24799199402 1.0593440533 -3.4375948906 0.22865200043
          1.0618209839 -3.4213778973 0.24752700329 1.0653140545 -3.4244558811 0.24996399879
          1.0616029501 -3.4239649773 0.24282300472 1.059286952 -3.4306509495 0.23597699404
          1.0587699413 -3.4344229698 0.23255699873 1.0800060034 -3.3776528835 0.22041100264
          1.07842803 -3.3727960587 0.21566399932 1.0783510208 -3.3696529865 0.21968300641
          1.0770679712 -3.3725500107 0.22336000204 1.0769460201 -3.3767669201 0.21289899945
          1.0755729675 -3.3814959526 0.21095100045 1.074154973 -3.3869040012 0.2091729939
          1.0888639688 -3.3091509342 0.29160198569 1.0895659924 -3.3094820976 0.28602001071
          1.0887190104 -3.313270092 0.28284600377 1.0868660212 -3.3190450668 0.2818570137
          1.076611042 -3.3763580322 0.22704599798 1.0753530264 -3.3753519058 0.22736300528
          1.0716249943 -3.3936440945 0.20840799809 1.0537979603 -3.4809629917 0.12488300353
          1.0539569855 -3.4815158844 0.1224879995 1.0535110235 -3.4845230579 0.11842299998
          1.0527700186 -3.488104105 0.11501400173 1.0502300262 -3.4931199551 0.11285000294
          1.084774971 -3.3251268864 0.28293401003 1.0741070509 -3.3767309189 0.23261700571
          1.0695409775 -3.3998830318 0.20884600282 1.052767992 -3.4814560413 0.13075900078
          1.0374679565 -3.4955670834 0.11258500069 1.0820909739 -3.320941925 0.29044800997
          1.0734959841 -3.377161026 0.23578600585 1.0730589628 -3.377145052 0.23880699277
          1.0669540167 -3.4069230556 0.20995600522 1.0512180328 -3.4852399826 0.13415700197
          1.0531280041 -3.4896280766 0.13102099299 1.0492819548 -3.4912810326 0.12762700021
          1.0491559505 -3.4951570034 0.12304099649 1.0445849895 -3.5056180954 0.11347900331
          1.0822789669 -3.327974081 0.29209700227 1.0818690062 -3.3292579651 0.29186600447
          1.08118999 -3.3337099552 0.28830999136 1.0701090097 -3.3779120445 0.24380299449
          1.0683799982 -3.3956890106 0.22693000734 1.0683859587 -3.3959560394 0.22720399499
          1.0682849884 -3.3958148956 0.22728300095 1.0688099861 -3.396572113 0.22036199272
          1.0692720413 -3.4000639915 0.22399400175 1.0668189526 -3.4030089378 0.22028900683
          1.0646619797 -3.4132649899 0.21150200069 1.0489259958 -3.4916958809 0.13426800072
          1.0801019669 -3.3331940174 0.29463899136 1.0680559874 -3.3963201046 0.22764900327
          1.0688220263 -3.4035880566 0.22772100568 1.0664709806 -3.3999769688 0.22983500361
          1.0647079945 -3.408618927 0.22144900262 1.0626629591 -3.4174900055 0.21276399493
          1.0496339798 -3.4957799911 0.13809600472 1.0466469526 -3.4910080433 0.14081600308
          1.0471830368 -3.4968700409 0.13247899711 1.0464429855 -3.5004520416 0.12906900048
          1.0834679604 -3.3149740696 0.31473100185 1.0827519894 -3.3154859543 0.31841400266
          1.0867120028 -3.3184289932 0.3176099956 1.0825510025 -3.3188989162 0.31171301007
          1.0803699493 -3.3244049549 0.31009599566 1.0753339529 -3.329408884 0.30237901211
          1.0771989822 -3.3404419422 0.29420098662 1.0668079853 -3.4065709114 0.23121899366
          1.0646009445 -3.4064559937 0.23197099566 1.0630489588 -3.4120221138 0.2247390002
          1.060956955 -3.4222760201 0.21478900313 1.045691967 -3.4980790615 0.14142499864
          1.0427449942 -3.510447979 0.13223899901 1.0403699875 -3.5108940601 0.12646399438
          1.0800299644 -3.3200750351 0.31908598542 1.0789929628 -3.3322510719 0.30445200205
          1.0755690336 -3.3430569172 0.29820999503 1.0651839972 -3.3978319168 0.24554300308
          1.0624439716 -3.4113779068 0.22996500134 1.0592019558 -3.4265050888 0.2172960043
          1.0439029932 -3.5032720566 0.13976599276 1.042953968 -3.5072610378 0.13681900501
          1.0785039663 -3.329627037 0.31714698672 1.0616049767 -3.4053881168 0.24534499645
          1.0572379827 -3.4298319817 0.22051499784 1.076398015 -3.3351778984 0.31527000666
          1.0753209591 -3.3394160271 0.31260800362 1.0748050213 -3.3425600529 0.30869999528
          1.0597200394 -3.4119040966 0.2454469949 1.0565079451 -3.4327559471 0.22472700477
          1.059049964 -3.4179201126 0.24434299767 1.0524749756 -3.4166359901 0.23704500496
          1.0579999685 -3.4259729385 0.23721699417 1.0544630289 -3.4288339615 0.22812399268
          1.0767279863 -3.3606040478 0.21953800321 1.0773439407 -3.365571022 0.21577599645
          1.0758349895 -3.3627181053 0.21341499686 1.0755800009 -3.3685638905 0.21191699803
          1.0758860111 -3.3649449348 0.22269399464 1.0756310225 -3.3608520031 0.22609099746
          1.0733460188 -3.37271595 0.20955400169 1.0717469454 -3.3787660599 0.2080720067
          1.0736290216 -3.3642599583 0.22953100502 1.0734570026 -3.3664820194 0.2247889936
          1.0727490187 -3.3682780266 0.22538100183 1.0700900555 -3.3837339878 0.2069939971
          1.0684609413 -3.3889110088 0.20698200166 1.083894968 -3.3089439869 0.28954699636
          1.088045001 -3.3082129955 0.28503200412 1.0854740143 -3.305932045 0.28587800264
          1.0845030546 -3.3107879162 0.28117498755 1.0821419954 -3.3172619343 0.28149300814
          1.0707219839 -3.3743350506 0.22615799308 1.0656349659 -3.3926439285 0.20702600479
          1.0488810539 -3.4799768925 0.12263700366 1.0488209724 -3.4829220772 0.11776000261
          1.0479520559 -3.4867539406 0.11463499814 1.0820529461 -3.3140380383 0.28958201408
          1.0798339844 -3.3225140572 0.28295001388 1.0699909925 -3.3777480125 0.22987100482
          1.0685039759 -3.3809449673 0.22626599669 1.0638610125 -3.397341013 0.2080450058
          1.048181057 -3.4799199104 0.12974900007 1.0784139633 -3.3265280724 0.28557100892
          1.0710929632 -3.3742070198 0.24050299823 1.0714550018 -3.3668649197 0.24013200402
          1.0694110394 -3.369946003 0.24346099794 1.0700329542 -3.3710279465 0.237451002
          1.0687309504 -3.3757040501 0.23528699577 1.068220973 -3.3788359165 0.23136499524
          1.067440033 -3.3843460083 0.22995099425 1.0669629574 -3.3824629784 0.23139099777
          1.0686119795 -3.3843369484 0.22232300043 1.0679260492 -3.3886520863 0.22673900425
          1.0673569441 -3.3884179592 0.219058007 1.0640209913 -3.3943920135 0.21736699343
          1.0621960163 -3.4048490524 0.20977599919 1.0467400551 -3.4812738895 0.13552600145
          1.0436600447 -3.4939470291 0.12295100093 1.0793800354 -3.3216230869 0.29042801261
          1.077548027 -3.3258779049 0.29289099574 1.0808440447 -3.3280448914 0.29247099161
          1.0776660442 -3.3307459354 0.28866699338 1.0752979517 -3.3324759007 0.29302299023
          1.0673619509 -3.3749699593 0.24558700621 1.0661900043 -3.384937048 0.23082299531
          1.0643789768 -3.3909289837 0.23019599915 1.06219697 -3.4011869431 0.21909299493
          1.0601580143 -3.4097480774 0.21153900027 1.0449709892 -3.4838490486 0.1390440017
          1.04855299 -3.487924099 0.13748399913 1.0433620214 -3.4933729172 0.13036000729
          1.0424330235 -3.4934089184 0.1299110055 1.0423010588 -3.498570919 0.1253170073
          1.0403180122 -3.508040905 0.11610399932 1.0769890547 -3.3300189972 0.29596999288
          1.0758399963 -3.3337950706 0.29219299555 1.0644999743 -3.3802139759 0.24719500542
          1.064350009 -3.3982400894 0.23040600121 1.0620449781 -3.3969519138 0.23066799343
          1.0599989891 -3.4071350098 0.22063399851 1.0585860014 -3.41405797 0.2139160037
          1.0434689522 -3.4881269932 0.1420429945 1.0431629419 -3.4939630032 0.13032799959
          1.0419900417 -3.4983890057 0.12788000703 1.0390919447 -3.5101079941 0.12055200338
          1.0791399479 -3.3120079041 0.3198570013 1.0801570415 -3.308672905 0.31619098783
          1.0801119804 -3.3085889816 0.31625899673 1.0800720453 -3.3087880611 0.31606599689
          1.0790369511 -3.3128669262 0.3134920001 1.0772399902 -3.3181970119 0.31112000346
          1.0743299723 -3.3348689079 0.29361799359 1.0631790161 -3.3863530159 0.24703800678
          1.0599919558 -3.4024500847 0.23177200556 1.0590939522 -3.4094660282 0.22131200135
          1.0611829758 -3.4122281075 0.22371800244 1.0578860044 -3.4127669334 0.22176000476
          1.0581140518 -3.4187679291 0.21659100056 1.057041049 -3.4169070721 0.21774299443
          1.0410009623 -3.4929549694 0.14311100543 1.0381929874 -3.5085699558 0.13136200607
          1.0762280226 -3.3183600903 0.31955599785 1.074960947 -3.3267130852 0.30663099885
          1.0718489885 -3.3397290707 0.29923498631 1.0614869595 -3.3931019306 0.24622100592
          1.0587619543 -3.4058411121 0.23215900362 1.0575879812 -3.4095020294 0.23151999712
          1.0589640141 -3.4151399136 0.22718599439 1.0560899973 -3.4168450832 0.2243950069
          1.0554469824 -3.4215769768 0.22007499635 1.0401200056 -3.4977650642 0.14214299619
          1.0388220549 -3.5024349689 0.13997200131 1.0381840467 -3.5058159828 0.13633400202
          1.0744760036 -3.3236539364 0.31806498766 1.0730910301 -3.3288240433 0.31639900804
          1.0593810081 -3.3976290226 0.24516099691 1.0570310354 -3.4113550186 0.23094899952
          1.0559990406 -3.4155058861 0.22818599641 1.0534310341 -3.4245319366 0.22344300151
          1.071778059 -3.3334400654 0.31445100904 1.0710959435 -3.3369090557 0.31091299653
          1.0704499483 -3.3390069008 0.30598300695 1.0558480024 -3.409662962 0.24370500445
          1.0528930426 -3.4240899086 0.23050199449 1.0531840324 -3.4130179882 0.24061200023
          1.0748130083 -3.3571391106 0.21490499377 1.0728269815 -3.3592460155 0.21020700037
          1.0736010075 -3.352314949 0.22539800406 1.075881958 -3.357462883 0.22224000096
          1.0737030506 -3.3530509472 0.21813799441 1.0714629889 -3.3638930321 0.2080270052
          1.0681329966 -3.3747930527 0.20559300482 1.0865819454 -3.2831149101 0.29575699568
          1.0860699415 -3.2816290855 0.30087900162 1.0875500441 -3.2853560448 0.29786300659
          1.0867320299 -3.2888739109 0.29440400004 1.0861200094 -3.2852790356 0.29065400362
          1.0845880508 -3.2923719883 0.2904919982 1.0850280523 -3.2904219627 0.2891010046
          1.0838769674 -3.2939219475 0.28868401051 1.0749200583 -3.357008934 0.22923199832
          1.0720880032 -3.3521370888 0.2322230041 1.0851249695 -3.2830879688 0.30578899384
          1.0861769915 -3.2847599983 0.3047940135 1.0854899883 -3.2883229256 0.30135399103
          1.083523035 -3.290252924 0.298112005 1.0823390484 -3.2999420166 0.2849650085
          1.0814399719 -3.3011910915 0.28822699189 1.0827219486 -3.3025701046 0.28759300709
          1.0815689564 -3.3035800457 0.28161999583 1.0801670551 -3.3092870712 0.2797549963
          1.0713479519 -3.3550930023 0.23657099903 1.0739929676 -3.3603680134 0.2328889966
          1.0719439983 -3.3672618866 0.22591100633 1.0659650564 -3.3807590008 0.20491200686
          1.0639810562 -3.3866829872 0.20526500046 1.0842469931 -3.2877719402 0.3083049953
          1.083523035 -3.2862141132 0.3093470037 1.082852006 -3.2895019054 0.30615699291
          1.0831639767 -3.2897849083 0.30335101485 1.0790890455 -3.3077139854 0.28850600123
          1.0775259733 -3.3154220581 0.28103101254 1.0698230267 -3.3584179878 0.24015800655
          1.0728240013 -3.3636510372 0.23654699326 1.0707210302 -3.3667171001 0.23286400735
          1.0666300058 -3.3690280914 0.22892199457 1.06645298 -3.371532917 0.22421100736
          1.0656349659 -3.375264883 0.22097200155 1.0671329498 -3.3768799305 0.22232100368
          1.0647970438 -3.378839016 0.21729999781 1.0667639971 -3.3805530071 0.21892799437
          1.0443229675 -3.480946064 0.11666999757 1.0446310043 -3.4781019688 0.12158299983
          1.0428529978 -3.4872400761 0.11365500093 1.0814540386 -3.2901790142 0.31126999855
          1.0763829947 -3.3146359921 0.2888790071 1.0679520369 -3.3613629341 0.24306499958
          1.0696239471 -3.3700180054 0.23649600148 1.0652359724 -3.3710920811 0.23357699811
          1.0632339716 -3.3842220306 0.2161950022 1.0612519979 -3.390130043 0.21614100039
          1.0435199738 -3.4779279232 0.12937299907 1.0367430449 -3.4896190166 0.11284799874
          1.0747829676 -3.3195910454 0.290143013 1.0728019476 -3.3240320683 0.28565898538
          1.0653400421 -3.3649420738 0.24551799893 1.0642780066 -3.3736410141 0.23409700394
          1.0655720234 -3.379899025 0.23301699758 1.0630320311 -3.3771650791 0.23427599669
          1.0594370365 -3.3947820663 0.21718099713 1.057191968 -3.401902914 0.2095489949
          1.0401530266 -3.4761490822 0.13681100309 1.0335149765 -3.4990689754 0.11365900189
          1.0782339573 -3.2994070053 0.3143030107 1.0780129433 -3.2990429401 0.31667399406
          1.0786520243 -3.3006780148 0.31552499533 1.0773459673 -3.3015179634 0.31421300769
          1.0729939938 -3.3236329556 0.29281198978 1.0722639561 -3.3272120953 0.28933998942
          1.0627750158 -3.369343996 0.2472410053 1.062054038 -3.3801169395 0.23398199677
          1.0603990555 -3.3854920864 0.23280100524 1.0572479963 -3.3999121189 0.21993799508
          1.0557149649 -3.4067189693 0.21190500259 1.0347640514 -3.4762160778 0.14136600494
          1.0385440588 -3.4958639145 0.12600299716 1.0358550549 -3.5055999756 0.11624000221
          1.0783230066 -3.3042440414 0.31927001476 1.0762649775 -3.3020980358 0.32052400708
          1.0762369633 -3.305439949 0.31368300319 1.0745290518 -3.3107509613 0.31250599027
          1.0705219507 -3.3255569935 0.29727399349 1.0706499815 -3.3303949833 0.292843014
          1.0588239431 -3.390693903 0.23104900122 1.0573179722 -3.3953149319 0.23012000322
          1.0555009842 -3.4046208858 0.22081799805 1.0546489954 -3.4100511074 0.21562199295
          1.038828969 -3.4846301079 0.14296999574 1.0344619751 -3.5077040195 0.12078999728
          1.0742950439 -3.3076879978 0.32135799527 1.0719640255 -3.3199720383 0.30910998583
          1.0703350306 -3.3244841099 0.30548098683 1.0690799952 -3.3334178925 0.29650598764
          1.0568059683 -3.3817999363 0.24814100564 1.0551520586 -3.4016110897 0.23033000529
          1.0544519424 -3.4077720642 0.22054199874 1.055112958 -3.4139289856 0.21949200332
          1.0368640423 -3.4913198948 0.14393599331 1.0337460041 -3.5062229633 0.12977799773
          1.0339210033 -3.507652998 0.12461099774 1.0729249716 -3.3119039536 0.32104200125
          1.0713399649 -3.316683054 0.31984099746 1.0665459633 -3.3341460228 0.30173701048
          1.0563720465 -3.3914580345 0.2460090071 1.0542379618 -3.4039149284 0.23112599552
          1.0531630516 -3.4066329002 0.23204800487 1.0550839901 -3.4175989628 0.22327999771
          1.0351059437 -3.4967958927 0.14219899476 1.0341089964 -3.5008780956 0.13935899734
          1.0336979628 -3.5038149357 0.1352159977 1.0698699951 -3.3221371174 0.31771799922
          1.0685340166 -3.3268818855 0.31563198566 1.052857995 -3.4010109901 0.24334199727
          1.0516870022 -3.4110300541 0.23173700273 1.0507800579 -3.4159889221 0.22978299856
          1.0504430532 -3.4152340889 0.23029400408 1.0517040491 -3.4201090336 0.22657799721
          1.0672990084 -3.3310360909 0.31292998791 1.0676729679 -3.3340570927 0.30892598629
          1.0516630411 -3.4068050385 0.24190199375 1.0505919456 -3.4110300541 0.23922500014
          1.0502359867 -3.41386199 0.23496100307 1.0700550079 -3.3476650715 0.2209880054
          1.0701149702 -3.3488559723 0.21424999833 1.0705289841 -3.3515350819 0.21004499495
          1.0693700314 -3.3551940918 0.20675900578 1.0677009821 -3.3605670929 0.20539100468
          1.0832350254 -3.2797720432 0.29332199693 1.0826480389 -3.2821760178 0.28836101294
          1.0844540596 -3.2882070541 0.28693899512 1.0816990137 -3.2861640453 0.28541401029
          1.0804840326 -3.2901830673 0.2835560143 1.07011199 -3.3477220535 0.22805899382
          1.0659190416 -3.3661139011 0.2042260021 1.064095974 -3.3721580505 0.20342099667
          1.0824979544 -3.2779130936 0.30129799247 1.0831669569 -3.2952430248 0.28720501065
          1.0820679665 -3.298664093 0.28370401263 1.0788910389 -3.2959160805 0.28154098988
          1.0773439407 -3.3008210659 0.27978101373 1.0672659874 -3.3469099998 0.23468600214
          1.0615839958 -3.3792550564 0.20315100253 1.0808579922 -3.2791941166 0.30728900433
          1.0780320168 -3.293284893 0.2935679853 1.0775849819 -3.2963290215 0.28949800134
          1.0771069527 -3.2978219986 0.28923600912 1.0668510199 -3.3502030373 0.23864600062
          1.0592089891 -3.3853271008 0.20436400175 1.080147028 -3.2823939323 0.31108498573
          1.0814729929 -3.290612936 0.30456000566 1.0770139694 -3.2920589447 0.30080500245
          1.0745769739 -3.3034100533 0.28841599822 1.0705629587 -3.3122239113 0.28062200546
          1.0704380274 -3.3057889938 0.27858901024 1.0651170015 -3.3531620502 0.24226300418
          1.0623940229 -3.3668069839 0.22830699384 1.0622370243 -3.3690071106 0.22249400616
          1.0617010593 -3.372189045 0.21862900257 1.0605299473 -3.3761479855 0.21543900669
          1.0589770079 -3.3817169666 0.21463899314 1.0354089737 -3.4720709324 0.1243320033
          1.0362319946 -3.4734399319 0.11794999987 1.0377550125 -3.4778420925 0.11486700177
          1.0367449522 -3.4843869209 0.11315900087 1.0783770084 -3.285629034 0.31494998932
          1.0778850317 -3.2931959629 0.30771499872 1.0720950365 -3.3118450642 0.28850099444
          1.0628620386 -3.3140439987 0.28266701102 1.0630719662 -3.3572380543 0.24477399886
          1.0606490374 -3.3690109253 0.23333999515 1.0371819735 -3.4728360176 0.13158300519
          1.0757910013 -3.2890739441 0.31834700704 1.0788249969 -3.2932569981 0.31509700418
          1.0769120455 -3.2964799404 0.31134799123 1.0704900026 -3.3165841103 0.29009398818
          1.0702539682 -3.3172259331 0.29018199444 1.0586290359 -3.3739230633 0.23473399878
          1.0557440519 -3.3902239799 0.21669900417 1.0549850464 -3.3920409679 0.21758499742
          1.0511620045 -3.394354105 0.20801499486 1.0288859606 -3.4962038994 0.11417599767
          1.0767829418 -3.2962300777 0.31859099865 1.0723270178 -3.3024840355 0.31089401245
          1.0685149431 -3.3210270405 0.29308599234 1.0676410198 -3.3253090382 0.28893101215
          1.0563950539 -3.3792328835 0.23430499434 1.0556149483 -3.3840179443 0.23284099996
          1.0533189774 -3.3954799175 0.22084000707 1.0515799522 -3.4040000439 0.21257199347
          1.0509370565 -3.3985369205 0.20973299444 1.0314079523 -3.5028378963 0.11666499823
          1.0722670555 -3.2983551025 0.32173100114 1.0670260191 -3.3122210503 0.30876401067
          1.0645600557 -3.3209569454 0.2985329926 1.0661170483 -3.3280510902 0.2928610146
          1.0542919636 -3.3711190224 0.24954900146 1.0540850163 -3.3891870975 0.23049299419
          1.0559719801 -3.3953409195 0.22918200493 1.0532579422 -3.392936945 0.22727499902
          1.0531690121 -3.3981730938 0.2254319936 1.0528060198 -3.3959569931 0.22322499752
          1.0539989471 -3.4022610188 0.22221399844 1.0501559973 -3.4062600136 0.21697099507
          1.0349630117 -3.4824740887 0.14382599294 1.0298839808 -3.5044150352 0.1217449978
          1.0665589571 -3.3015260696 0.32352799177 1.0631070137 -3.3158640862 0.30531701446
          1.0629110336 -3.3196530342 0.30222401023 1.0641189814 -3.3300640583 0.29738798738
          1.0534960032 -3.401966095 0.22927300632 1.0498130322 -3.4032158852 0.22651700675
          1.0500370264 -3.403496027 0.22431999445 1.0498800278 -3.4059400558 0.21961599588
          1.0324879885 -3.4881000519 0.14414900541 1.0296670198 -3.5030639172 0.12803299725
          1.0294090509 -3.5009241104 0.13281899691 1.067792058 -3.3117001057 0.32127198577
          1.0631500483 -3.3296709061 0.30421099067 1.0487680435 -3.3837790489 0.24670399725
          1.0514620543 -3.3931970596 0.24442100525 1.0485270023 -3.4047930241 0.23157699406
          1.0316979885 -3.4905569553 0.14374299347 1.0304540396 -3.4951200485 0.14145000279
          1.0297329426 -3.4986639023 0.13799799979 1.0664299726 -3.3159608841 0.31933200359
          1.0652179718 -3.3204610348 0.31696900725 1.0640710592 -3.324837923 0.31446298957
          1.0636539459 -3.3277881145 0.31033501029 1.0487610102 -3.3995859623 0.24230000377
          1.0469529629 -3.4077849388 0.23526699841 1.0492019653 -3.4116420746 0.23289099336
          1.0473920107 -3.4043850899 0.24030600488 1.0468599796 -3.4075610638 0.23643399775
          1.0665440559 -3.3455760479 0.21195499599 1.0658789873 -3.3436739445 0.21683900058
          1.0663330555 -3.3476641178 0.20685000718 1.0654660463 -3.3513019085 0.20365700126
          1.0638979673 -3.3571391106 0.20261499286 1.0660860538 -3.3424429893 0.22388699651
          1.0617150068 -3.3635380268 0.20217999816 1.078338027 -3.2754590511 0.29646599293
          1.078354001 -3.2769169807 0.29123100638 1.0784250498 -3.2796618938 0.2866590023
          1.0774190426 -3.2837629318 0.28384000063 1.0758630037 -3.2888050079 0.28137999773
          1.0652799606 -3.3420760632 0.23077400029 1.0592700243 -3.3711659908 0.20158599317
          1.0777870417 -3.2746019363 0.30299898982 1.0742269754 -3.293694973 0.27953699231
          1.0726490021 -3.2992548943 0.27834099531 1.0607670546 -3.340845108 0.23795899749
          1.0572459698 -3.3775470257 0.20194000006 1.0766780376 -3.2757840157 0.30632299185
          1.0726280212 -3.2965550423 0.29042598605 1.0594680309 -3.3438150883 0.24106000364
          1.0524779558 -3.3837769032 0.20380499959 1.0744470358 -3.2789208889 0.31218799949
          1.0707449913 -3.2940859795 0.29621601105 1.0696209669 -3.301637888 0.28887999058
          1.0606230497 -3.3493111134 0.24360899627 1.0571780205 -3.3653531075 0.22760100663
          1.0576549768 -3.3671939373 0.22158999741 1.0572669506 -3.3700881004 0.21739700437
          1.0543780327 -3.3800289631 0.21392500401 1.0734920502 -3.2815349102 0.31596699357
          1.0708899498 -3.2947449684 0.30323499441 1.0674999952 -3.3087699413 0.28885298967
          1.0583020449 -3.3536639214 0.24618799984 1.0558550358 -3.3677968979 0.23254500329
          1.0522669554 -3.3855280876 0.2150579989 1.0350040197 -3.471214056 0.13036899269
          1.0349349976 -3.4682719707 0.13459399343 1.0311139822 -3.4906749725 0.11282800138
          1.0306040049 -3.4824929237 0.11273200065 1.0716619492 -3.2852759361 0.31919199228
          1.0692460537 -3.2978029251 0.30680501461 1.0658650398 -3.3141798973 0.29088300467
          1.0696899891 -3.3167040348 0.29038700461 1.0610820055 -3.3176050186 0.2856079936
          1.0538710356 -3.3729469776 0.23385800421 1.0507860184 -3.3893580437 0.21795299649
          1.0356889963 -3.4720599651 0.13873100281 1.0666429996 -3.3041660786 0.30779999495
          1.0663559437 -3.3192310333 0.29369199276 1.0641839504 -3.3176960945 0.29406198859
          1.062533021 -3.3227300644 0.28920599818 1.0541750193 -3.3641829491 0.24944899976
          1.050976038 -3.3825540543 0.23187099397 1.0520750284 -3.3941140175 0.22147999704
          1.0493370295 -3.3904380798 0.22347700596 1.0448249578 -3.3993370533 0.21362799406
          1.0322079659 -3.4743549824 0.1420609951 1.0272430182 -3.499489069 0.11771800369
          1.0649559498 -3.2921481133 0.32337298989 1.0644379854 -3.3109219074 0.3074760139
          1.0613590479 -3.325193882 0.29337000847 1.0498110056 -3.3867740631 0.22890399396
          1.0491139889 -3.3900609016 0.22516800463 1.0458749533 -3.403069973 0.21777699888
          1.0302410126 -3.4792780876 0.14386199415 1.0260009766 -3.499434948 0.12451300025
          1.0499659777 -3.3779389858 0.24867799878 1.0449169874 -3.4027090073 0.22467400134
          1.0279899836 -3.4842550755 0.1441950053 1.0259740353 -3.4973819256 0.1302099973
          1.0257190466 -3.4967119694 0.13353599608 1.0642809868 -3.3051269054 0.32313299179
          1.0628650188 -3.3100709915 0.32134199142 1.0437179804 -3.4030621052 0.23218399286
          1.0270550251 -3.4888620377 0.14297300577 1.0260519981 -3.4929559231 0.14014700055
          1.0256259441 -3.4959259033 0.13603900373 1.0616879463 -3.3144600391 0.31878298521
          1.0607680082 -3.3183920383 0.31577199697 1.0601559877 -3.321723938 0.31207799911
          1.0603020191 -3.3239510059 0.30785501003 1.0442709923 -3.3972079754 0.24079400301
          1.0445940495 -3.4021730423 0.23860099912 1.046257019 -3.4068219662 0.23579899967
          1.0615429878 -3.3488740921 0.2017479986 1.0626620054 -3.3451910019 0.20521999896
          1.0631560087 -3.3380289078 0.21951900423 1.0627379417 -3.3401119709 0.21438099444
          1.0624810457 -3.3427500725 0.20989699662 1.0597560406 -3.3544890881 0.20090000331
          1.0639679432 -3.3382570744 0.22672399879 1.054213047 -3.369797945 0.20039799809
          1.0734050274 -3.2737050056 0.2954210043 1.0731970072 -3.2778549194 0.28578001261
          1.0726100206 -3.2815198898 0.28287300467 1.071269989 -3.2858710289 0.28049901128
          1.0643609762 -3.289041996 0.27744099498 1.061727047 -3.3336730003 0.22974100709
          1.0616090298 -3.3371291161 0.23376299441 1.0735939741 -3.2734520435 0.30231899023
          1.0527780056 -3.3758289814 0.20126999915 1.0600889921 -3.2950429916 0.27609199286
          1.0291080475 -3.4698209763 0.11561799794 1.0317889452 -3.4707560539 0.11691699922
          1.0325740576 -3.471476078 0.11663799733 1.0315699577 -3.4718279839 0.11587700248
          1.0681489706 -3.2974069118 0.2925939858 1.0599999428 -3.3075320721 0.27973601222
          1.0533059835 -3.3443410397 0.24462600052 1.0528110266 -3.3658928871 0.22126799822
          1.0524289608 -3.3649051189 0.22622199357 1.0526089668 -3.3684248924 0.21666300297
          1.0515990257 -3.3725309372 0.21385100484 1.0473840237 -3.376707077 0.21358400583
          1.0307250023 -3.4712469578 0.12303200364 1.0306680202 -3.475331068 0.113756001
          1.0689489841 -3.2792410851 0.31593799591 1.0664839745 -3.2970020771 0.29946398735
          1.0647319555 -3.2997870445 0.29579401016 1.0640070438 -3.3035800457 0.29258498549
          1.0522660017 -3.3483190536 0.24612900615 1.0511260033 -3.3669569492 0.23078800738
          1.0466040373 -3.3819169998 0.21579299867 1.0461790562 -3.3908030987 0.20768299699
          1.0480539799 -3.3863420486 0.20542000234 1.0313849449 -3.4653871059 0.13238300383
          1.0312680006 -3.4638640881 0.1367879957 1.0299249887 -3.4703609943 0.13060200214
          1.0303939581 -3.4742810726 0.12724399567 1.0290520191 -3.4747209549 0.12625299394
          1.0263359547 -3.4881129265 0.1132100001 1.0673079491 -3.282558918 0.31931000948
          1.0646630526 -3.3001580238 0.3025470078 1.0620440245 -3.3102619648 0.29326501489
          1.0491149426 -3.3716959953 0.23281499743 1.046167016 -3.386138916 0.2187999934
          1.044424057 -3.3947501183 0.21049399674 1.0286539793 -3.4660880566 0.14048600197
          1.0288490057 -3.4746079445 0.12790499628 1.0244400501 -3.4925949574 0.1155000031
          1.0655020475 -3.2869939804 0.32182300091 1.0615390539 -3.3060998917 0.3030590117
          1.0600889921 -3.313254118 0.29612100124 1.0586830378 -3.3200960159 0.28947800398
          1.0476050377 -3.3760519028 0.23283299804 1.0469789505 -3.3809249401 0.23077200353
          1.0458220243 -3.3843259811 0.22720700502 1.0456750393 -3.3862290382 0.22195699811
          1.0278149843 -3.47133708 0.14271999896 1.0240399837 -3.4943640232 0.12048300356
          1.0615080595 -3.306194067 0.30304598808 1.0609140396 -3.3134260178 0.3033669889
          1.0600210428 -3.3112330437 0.30129501224 1.0592999458 -3.3166689873 0.29979199171
          1.0574369431 -3.3204441071 0.29629600048 1.0437560081 -3.3645000458 0.25025498867
          1.0412410498 -3.3994650841 0.21898399293 1.0261559486 -3.4766130447 0.14377400279
          1.0236779451 -3.4937729836 0.12800499797 1.0231310129 -3.4918711185 0.12514400482
          1.0612299442 -3.2982831001 0.32447099686 1.057232976 -3.3196320534 0.30333900452
          1.0574369431 -3.3183870316 0.30196800828 1.0419629812 -3.3700499535 0.24960400164
          1.0451990366 -3.3764929771 0.24839299917 1.0405939817 -3.4002640247 0.22437000275
          1.0241459608 -3.4822890759 0.1435739994 1.0237079859 -3.4940121174 0.13483400643
          1.0591700077 -3.3043179512 0.32325699925 1.0565899611 -3.3179280758 0.30891698599
          1.0583000183 -3.319881916 0.3105700016 1.0566010475 -3.3156108856 0.31373998523
          1.0438929796 -3.3811609745 0.24613499641 1.0426119566 -3.3880610466 0.24265900254
          1.0400619507 -3.4000968933 0.23081099987 1.0222439766 -3.486358881 0.1414040029
          1.0214639902 -3.4901499748 0.13806000352 1.0567719936 -3.3083379269 0.32043099403
          1.0568939447 -3.3123180866 0.31748199463 1.0396920443 -3.3944330215 0.23878100514
          1.0387909412 -3.3978459835 0.23540599644 1.0578989983 -3.3430740833 0.20393800735
          1.0584909916 -3.3402719498 0.20819699764 1.0567669868 -3.3471860886 0.20092600584
          1.0600450039 -3.3291389942 0.22581499815 1.0622279644 -3.3339750767 0.22267599404
          1.0597939491 -3.3297379017 0.21888099611 1.0599379539 -3.3331990242 0.215188995
          1.0592600107 -3.3367600441 0.21161499619 1.0551459789 -3.3528950214 0.20018400252
          1.0585319996 -3.328797102 0.23258699477 1.0573040247 -3.3318619728 0.23636700213
          1.0641299486 -3.2715909481 0.29927098751 1.0555189848 -3.3350460529 0.23979200423
          1.0673140287 -3.2733569145 0.30473199487 1.0572880507 -3.3015079498 0.27717500925
          1.053311944 -3.3386199474 0.24248799682 1.0450370312 -3.3799059391 0.20277400315
          1.0396239758 -3.3711121082 0.20033499599 1.0273469687 -3.4679648876 0.11737000197
          1.0267269611 -3.4710040092 0.11441999674 1.0656729937 -3.2754609585 0.31075799465
          1.0467590094 -3.3651659489 0.22280800343 1.0475820303 -3.3674800396 0.21674700081
          1.0467070341 -3.3713240623 0.21363599598 1.0434730053 -3.384278059 0.20517100394
          1.0291069746 -3.4569420815 0.13141399622 1.0287480354 -3.4563779831 0.13520500064
          1.0299580097 -3.459045887 0.13340499997 1.0280760527 -3.4596719742 0.13200700283
          1.0259660482 -3.4700109959 0.12197499722 1.0258779526 -3.4739251137 0.11331299692
          1.0239720345 -3.4794609547 0.11288899928 1.0642830133 -3.2772619724 0.31556200981
          1.0541830063 -3.3093540668 0.28283700347 1.046012044 -3.3670709133 0.22845500708
          1.0434449911 -3.3796470165 0.21625199914 1.0415370464 -3.3880839348 0.20816500485
          1.0307899714 -3.4630138874 0.13731899858 1.0254930258 -3.4574620724 0.13992500305
          1.0265439749 -3.464081049 0.13205400109 1.0231490135 -3.4659030437 0.13145400584
          1.0226049423 -3.4733788967 0.12457100302 1.0219329596 -3.4849390984 0.11408600211
          1.0598560572 -3.2794969082 0.31892600656 1.0624929667 -3.3028109074 0.29935199022
          1.0610569715 -3.306114912 0.29580301046 1.0558120012 -3.3143279552 0.28622698784
          1.0442390442 -3.371035099 0.23119999468 1.0431740284 -3.3835680485 0.21971100569
          1.0383009911 -3.389854908 0.21164299548 1.024698019 -3.4637539387 0.14209100604
          1.0206249952 -3.4686479568 0.13060499728 1.0214140415 -3.4729781151 0.12774600089
          1.0226080418 -3.4904720783 0.11654099822 1.0197379589 -3.4868209362 0.11828699708
          1.0609539747 -3.2844130993 0.3218460083 1.0614900589 -3.3061439991 0.30299800634
          1.0595769882 -3.3092830181 0.29937899113 1.0543119907 -3.3169569969 0.29026800394
          1.0414589643 -3.3568110466 0.2493160069 1.0432419777 -3.373814106 0.2314440012
          1.0419280529 -3.3785150051 0.22930799425 1.0416029692 -3.3812839985 0.22497400641
          1.0380320549 -3.3935511112 0.2156240046 1.0231250525 -3.4682660103 0.14312399924
          1.0551650524 -3.2872679234 0.32429298759 1.0538239479 -3.3168449402 0.29386898875
          1.0528680086 -3.3142549992 0.29849800467 1.037315011 -3.3960421085 0.22003999352
          1.0211869478 -3.474572897 0.14342799783 1.0185940266 -3.4887509346 0.13024100661
          1.0530600548 -3.2914750576 0.32486200333 1.0529190302 -3.3143401146 0.30599099398
          1.0396339893 -3.3745689392 0.24746499956 1.0354419947 -3.396281004 0.2266599983
          1.0197550058 -3.4794659615 0.14208100736 1.018558979 -3.4839351177 0.13968199492
          1.017482996 -3.4866359234 0.13539199531 1.0559710264 -3.2976999283 0.32448300719
          1.0544489622 -3.3028080463 0.32280999422 1.0535839796 -3.3066329956 0.31967800856
          1.0530610085 -3.309789896 0.31578499079 1.0527009964 -3.3126270771 0.31152799726
          1.0386019945 -3.3788089752 0.24478000402 1.0384809971 -3.3831050396 0.24201999605
          1.0374549627 -3.3872430325 0.23924300075 1.0363049507 -3.3916249275 0.23674499989
          1.0355730057 -3.3951880932 0.23331399262 1.0574200153 -3.3232910633 0.22216899693
          1.0563349724 -3.3249900341 0.21454000473 1.0563460588 -3.328895092 0.21143700182
          1.0551869869 -3.3333408833 0.20899100602 1.0541670322 -3.3374660015 0.206201002
          1.0533659458 -3.3411669731 0.20292599499 1.0521440506 -3.3456230164 0.20030200481
          1.0569080114 -3.3234000206 0.22906500101 1.0482530594 -3.3530170918 0.19977000356
          1.0540560484 -3.3240509033 0.23498000205 1.0448240042 -3.366369009 0.19952200353
          1.0642689466 -3.2711730003 0.29412299395 1.0645500422 -3.272341013 0.28928899765
          1.0640259981 -3.2750229836 0.28513801098 1.0602109432 -3.2768959999 0.28218200803
          1.0594600439 -3.2827000618 0.27869901061 1.0528450012 -3.3275709152 0.23836900294
          1.0511829853 -3.331348896 0.24108800292 1.0627280474 -3.2717120647 0.30397200584
          1.0487060547 -3.3357551098 0.2435079962 1.0407420397 -3.3777830601 0.2026219964
          1.0283429623 -3.4510059357 0.1327150017 1.0279070139 -3.4469358921 0.12881599367
          1.025941968 -3.4470529556 0.13496600091 1.0281100273 -3.450799942 0.1250769943
          1.0283859968 -3.4548220634 0.12938199937 1.0246930122 -3.4564180374 0.12631799281
          1.0236339569 -3.4632790089 0.11732699722 1.0233030319 -3.4632279873 0.11970999837
          1.0258380175 -3.4653439522 0.11899200082 1.0224640369 -3.4676880836 0.11459899694
          1.0610500574 -3.2726929188 0.31101000309 1.0545569658 -3.304997921 0.27977898717
          1.0473330021 -3.3407680988 0.24513100088 1.0413320065 -3.3677198887 0.21859900653
          1.0414429903 -3.3708429337 0.2142470032 1.0408140421 -3.3727080822 0.21413899958
          1.0389959812 -3.3816120625 0.20549799502 1.0278359652 -3.4545109272 0.13643400371
          1.0215129852 -3.4421000481 0.13774499297 1.0232100487 -3.4589619637 0.1304409951
          1.0212500095 -3.4685618877 0.12112499774 1.0206949711 -3.4732871056 0.11374600232
          1.0196839571 -3.4762380123 0.11367700249 1.0598640442 -3.2744801044 0.31598898768
          1.0430459976 -3.3513119221 0.24759699404 1.0413689613 -3.3680040836 0.22555999458
          1.0390110016 -3.3768210411 0.21673899889 1.0372769833 -3.3853130341 0.2084980011
          1.0217540264 -3.4626739025 0.13161200285 1.0177379847 -3.4813818932 0.11525099725
          1.0486940145 -3.3098158836 0.28721100092 1.0410170555 -3.3714029789 0.22942699492
          1.0388640165 -3.3728170395 0.22721600533 1.037825942 -3.3779020309 0.22228200734
          1.0357919931 -3.387871027 0.21260799468 1.020966053 -3.4597620964 0.14272400737
          1.0517469645 -3.2804379463 0.32116600871 1.0505559444 -3.3133440018 0.29141300917
          1.037966013 -3.374434948 0.22602300346 1.0329829454 -3.3880870342 0.2181520015
          1.018756032 -3.4663319588 0.14353099465 1.0123200417 -3.482088089 0.12572400272
          1.0389809608 -3.3628470898 0.25007799268 1.0329740047 -3.3913118839 0.22256599367
          1.0169420242 -3.4720640182 0.14230200648 1.0115400553 -3.4813239574 0.13132700324
          1.048320055 -3.3090820313 0.30867999792 1.0371179581 -3.3686020374 0.2491299957
          1.0360599756 -3.3728029728 0.24642500281 1.0352040529 -3.376609087 0.24327200651
          1.0315649509 -3.3908369541 0.22952799499 1.0154269934 -3.4765849113 0.13999399543
          1.0140910149 -3.4805579185 0.13709799945 1.0512230396 -3.2962119579 0.3239479959
          1.0499249697 -3.3008821011 0.32177698612 1.0492550135 -3.3043260574 0.31821098924
          1.0488890409 -3.3071761131 0.31396898627 1.0341509581 -3.3801031113 0.23993900418
          1.0333360434 -3.3837499619 0.23688800633 1.031766057 -3.3871090412 0.23310400546
          1.0490540266 -3.3232140541 0.20717400312 1.0509639978 -3.3144209385 0.22039499879
          1.0506689548 -3.3140850067 0.22664099932 1.0561510324 -3.3205900192 0.22467400134
          1.0532250404 -3.3200070858 0.21743200719 1.0511519909 -3.3304140568 0.20683699846
          1.0499609709 -3.3349220753 0.20446300507 1.0486600399 -3.3390851021 0.20204600692
          1.0431189537 -3.3424770832 0.19998799264 1.0525419712 -3.318926096 0.23138099909
          1.0482660532 -3.3192379475 0.23599800467 1.042798996 -3.3567340374 0.20014700294
          1.0599219799 -3.2687280178 0.29333099723 1.0603890419 -3.2697091103 0.2874520123
          1.0558459759 -3.2863619328 0.27684700489 1.0472379923 -3.3237709999 0.23946300149
          1.0366460085 -3.363255024 0.20013600588 1.0584150553 -3.2693729401 0.30027699471
          1.0460410118 -3.3272850513 0.24123300612 1.0240520239 -3.4387550354 0.12793000042
          1.0244660378 -3.4419169426 0.13149300218 1.0257920027 -3.4422929287 0.12424299866
          1.0252389908 -3.4461278915 0.1207799986 1.0260150433 -3.4541230202 0.12190400064
          1.0230619907 -3.44947505 0.11759000272 1.0226500034 -3.4567599297 0.1180730015
          1.0214649439 -3.4546198845 0.11611700058 1.0202410221 -3.4583969116 0.1155499965
          1.0575480461 -3.2677440643 0.30699500442 1.0506529808 -3.2976589203 0.27723100781
          1.0362249613 -3.3753609657 0.20271599293 1.0204620361 -3.4558820724 0.12488400191
          1.0197440386 -3.456111908 0.12435899675 1.0196759701 -3.4580860138 0.12007900327
          1.0195679665 -3.4604589939 0.11527600139 1.0176609755 -3.4662730694 0.11433999985
          1.0573250055 -3.2670609951 0.31437900662 1.0480350256 -3.3008620739 0.28054600954
          1.0427340269 -3.3381528854 0.24521799386 1.039607048 -3.3711569309 0.21495699883
          1.0345749855 -3.3787209988 0.2060469985 1.0185320377 -3.4573280811 0.12977099419
          1.0197329521 -3.4558649063 0.12502099574 1.0167649984 -3.4666318893 0.12071800232
          1.0153410435 -3.4729800224 0.11455599964 1.0556629896 -3.2705099583 0.31758499146
          1.0465279818 -3.3042669296 0.28374698758 1.0406650305 -3.3446130753 0.24612900615
          1.0380740166 -3.3705060482 0.22186499834 1.0366849899 -3.3738269806 0.21832300723
          1.0331050158 -3.3812010288 0.21023200452 1.0187989473 -3.4512939453 0.14221799374
          1.0166319609 -3.4618909359 0.13255099952 1.0148340464 -3.4707219601 0.12336599827
          1.0120140314 -3.4762310982 0.11727099866 1.0536919832 -3.2756130695 0.31928300858
          1.0384180546 -3.3505220413 0.24678400159 1.0325870514 -3.3828759193 0.21478100121
          1.0162730217 -3.4581899643 0.14339700341 1.0150549412 -3.4671299458 0.13035699725
          1.0143589973 -3.4706249237 0.12684799731 1.0107790232 -3.478935957 0.12136299908
          1.036468029 -3.3552789688 0.24856999516 1.0263619423 -3.3780679703 0.22424000502
          1.0137950182 -3.4647409916 0.14294800162 1.0498559475 -3.2849609852 0.32339501381
          1.0412549973 -3.3026380539 0.30327799916 1.0451509953 -3.3081600666 0.29395601153
          1.034093976 -3.3611779213 0.24938699603 1.0296549797 -3.3861510754 0.22547799349
          1.0126559734 -3.4696760178 0.14074200392 1.0116360188 -3.4738008976 0.13795100152
          1.010766983 -3.4776329994 0.13482600451 1.0485019684 -3.2891170979 0.32384198904
          1.032763958 -3.3663449287 0.24772000313 1.0319490433 -3.3706378937 0.24408699572
          1.0292990208 -3.3762021065 0.23647500575 1.0278309584 -3.3784029484 0.23195500672
          1.0289189816 -3.3833949566 0.22980199754 1.0465849638 -3.2933850288 0.32247498631
          1.0456739664 -3.2984240055 0.32013899088 1.0445959568 -3.3012061119 0.31588900089
          1.0447380543 -3.304033041 0.31158798933 1.0491909981 -3.317125082 0.21531000733
          1.0490969419 -3.3194439411 0.21046300232 1.0460230112 -3.3280799389 0.20419000089
          1.04538095 -3.3325929642 0.20308400691 1.0447280407 -3.3128271103 0.23174600303
          1.0453519821 -3.3267519474 0.21878300607 1.0460139513 -3.3283650875 0.22030499578
          1.0452209711 -3.325619936 0.22236000001 1.0445350409 -3.3304839134 0.21554400027
          1.0452610254 -3.3319060802 0.21685600281 1.0437370539 -3.3328909874 0.21530400217
          1.0582560301 -3.2609820366 0.28616300225 1.0571409464 -3.2624950409 0.29020598531
          1.0586010218 -3.2641780376 0.28938400745 1.0585509539 -3.2679619789 0.28603699803
          1.0567589998 -3.2660388947 0.28443300724 1.0550990105 -3.271075964 0.28320899606
          1.0454699993 -3.331856966 0.22401900589 1.0439879894 -3.3274290562 0.22724099457
          1.0451099873 -3.3355329037 0.22062699497 1.0415400267 -3.3377981186 0.21689000726
          1.0584219694 -3.2677969933 0.29315000772 1.055423975 -3.2661819458 0.29322001338
          1.0523350239 -3.2770431042 0.27995499969 1.0415309668 -3.3341751099 0.22720700502
          1.0419449806 -3.33811903 0.22395700216 1.0404289961 -3.3396539688 0.22192500532
          1.0216519833 -3.4374880791 0.12023500353 1.0206270218 -3.4336059093 0.12364800274
          1.0202709436 -3.4415769577 0.11745399982 1.0181330442 -3.4491848946 0.11509200186
          1.056656003 -3.2555580139 0.309935987 1.0566240549 -3.2555820942 0.31009700894
          1.0566669703 -3.2556650639 0.31004300714 1.0565400124 -3.2559940815 0.30969798565
          1.0541390181 -3.2677600384 0.29828000069 1.0495419502 -3.2909479141 0.27609300613
          1.0474580526 -3.2843120098 0.27660098672 1.040348053 -3.3386559486 0.22484600544
          1.0332989693 -3.3682239056 0.2008959949 1.0195419788 -3.4370961189 0.13398900628
          1.0171020031 -3.4523820877 0.11472799629 1.0155489445 -3.4568350315 0.11480999738
          1.0553040504 -3.2588500977 0.31372800469 1.0568959713 -3.2632260323 0.31053000689
          1.0556360483 -3.2596840858 0.3071449995 1.0543960333 -3.2642409801 0.30484598875
          1.0534720421 -3.2674069405 0.30097401142 1.0346679688 -3.3284709454 0.24365699291
          1.0317950249 -3.3725130558 0.20322400331 1.018179059 -3.4385199547 0.13906699419
          1.015198946 -3.4538969994 0.12407699972 1.0149810314 -3.4565210342 0.1194389984
          1.0140399933 -3.4608860016 0.11605200171 1.013923049 -3.4600849152 0.11845900118
          1.0534650087 -3.2619020939 0.31718799472 1.0379879475 -3.3367350101 0.24545200169
          1.0303419828 -3.3755009174 0.20697100461 1.0164060593 -3.4430530071 0.14134000242
          1.0136669874 -3.4546000957 0.12975299358 1.0116970539 -3.46626091 0.11884699762
          1.0112270117 -3.4682910442 0.11616300046 1.0510259867 -3.2657620907 0.31947299838
          1.0358389616 -3.3432838917 0.24523599446 1.0291279554 -3.3755800724 0.21354900301
          1.0321090221 -3.379846096 0.21097500622 1.0143749714 -3.4486680031 0.14303900301
          1.0118609667 -3.4574170113 0.13361699879 1.0100140572 -3.4697840214 0.12201999873
          1.0094300508 -3.472645998 0.11924300343 1.0493500233 -3.2732229233 0.31934401393
          1.0406930447 -3.3032660484 0.28912401199 1.0334919691 -3.3497691154 0.24514299631
          1.0281809568 -3.3773100376 0.21841800213 1.0121649504 -3.4545259476 0.14341700077
          1.0110150576 -3.4621229172 0.13330300152 1.0092120171 -3.466809988 0.13125500083
          1.0093029737 -3.4697370529 0.12699699402 1.0078279972 -3.475771904 0.12280099839
          1.0477670431 -3.2771759033 0.31957098842 1.0462030172 -3.2819039822 0.31864699721
          1.0388419628 -3.3015599251 0.2955929935 1.0316419601 -3.3543701172 0.24719600379
          1.0111249685 -3.4576361179 0.14316800237 1.0096750259 -3.4629249573 0.14152300358
          1.0073109865 -3.4763159752 0.12731699646 1.0460180044 -3.2855770588 0.32078900933
          1.0298969746 -3.3590490818 0.2480610013 1.0289360285 -3.3626840115 0.24581199884
          1.0277309418 -3.3693199158 0.23959499598 1.0261850357 -3.3724730015 0.23386700451
          1.0079699755 -3.4663250446 0.13827399909 1.0075199604 -3.469504118 0.13543300331
          1.0069539547 -3.4737699032 0.13147300482 1.0432729721 -3.2891199589 0.31868898869
          1.0422199965 -3.2952449322 0.31745800376 1.0414190292 -3.2981109619 0.31345498562
          1.0408380032 -3.3002870083 0.30833101273 1.0457420349 -3.3085720539 0.22173500061
          1.0456279516 -3.3085169792 0.2235160023 1.0484889746 -3.3104569912 0.22310000658
          1.0439829826 -3.3140408993 0.2133000046 1.0448169708 -3.317043066 0.20888899267
          1.0440930128 -3.3205931187 0.20544399321 1.0368829966 -3.3291680813 0.2017340064
          1.0555100441 -3.2534489632 0.28623399138 1.0547330379 -3.2544620037 0.28915300965
          1.0561629534 -3.2558529377 0.28857401013 1.0581250191 -3.2603330612 0.2855220139
          1.0551899672 -3.2562119961 0.28189200163 1.0530689955 -3.2620179653 0.28192099929
          1.0416460037 -3.3210949898 0.2209880054 1.0440609455 -3.3238880634 0.22335900366
          1.0410289764 -3.3216071129 0.22399799526 1.0416510105 -3.3232049942 0.21589100361
          1.0405780077 -3.3274519444 0.21325099468 1.0386129618 -3.3333210945 0.21273200214
          1.0351229906 -3.3419029713 0.20022200048 1.0371689796 -3.348140955 0.20076300204
          1.0539280176 -3.2565369606 0.2897489965 1.0527069569 -3.2596681118 0.29069301486
          1.050804019 -3.2691020966 0.28130999207 1.0395599604 -3.3240799904 0.22819000483
          1.0367889404 -3.3376569748 0.21501600742 1.0295430422 -3.3493840694 0.20219700038
          1.0180549622 -3.431221962 0.12174700201 1.0177149773 -3.431112051 0.12433099747
          1.0176830292 -3.4340839386 0.1175180003 1.0159130096 -3.4397199154 0.1153390035
          1.0543240309 -3.2493560314 0.30403399467 1.0540020466 -3.2485990524 0.30802500248
          1.0556950569 -3.2516479492 0.30610901117 1.0520759821 -3.2553420067 0.30363801122
          1.0508149862 -3.2642140388 0.29287299514 1.049186945 -3.2743339539 0.28006100655
          1.0476700068 -3.2793319225 0.27831700444 1.0319260359 -3.3092279434 0.23788499832
          1.0375920534 -3.3290901184 0.22884699702 1.0383930206 -3.3406910896 0.22009800375
          1.0351610184 -3.3409109116 0.21844999492 1.0275969505 -3.3553240299 0.20232699811
          1.0163999796 -3.4328320026 0.1292539984 1.0136129856 -3.4465420246 0.11536499858
          1.0525720119 -3.2499969006 0.31281399727 1.0500830412 -3.2618560791 0.30381900072
          1.0493299961 -3.2667651176 0.29699000716 1.041079998 -3.284799099 0.27757298946
          1.0360970497 -3.3340609074 0.22826099396 1.0349559784 -3.3384239674 0.22574099898
          1.0348459482 -3.3407740593 0.22092999518 1.0292700529 -3.3645009995 0.20160800219
          1.0155390501 -3.4335250854 0.13511399925 1.011515975 -3.4520409107 0.11720599979
          1.0120439529 -3.4530899525 0.11652199924 1.0509569645 -3.253798008 0.31604000926
          1.0431109667 -3.2928490639 0.27875098586 1.0258330107 -3.3675260544 0.20480899513
          1.0130139589 -3.434292078 0.14048400521 1.0110390186 -3.4511909485 0.12262800336
          1.01286304 -3.4608550072 0.11709500104 1.049126029 -3.2575991154 0.31883299351
          1.0333590508 -3.3352971077 0.24530600011 1.0222820044 -3.3671169281 0.21025800705
          1.0119450092 -3.4403829575 0.14222599566 1.0101900101 -3.4674119949 0.11715699732
          1.0397269726 -3.2989630699 0.28545901179 1.0315289497 -3.3413639069 0.24383099377
          1.0248759985 -3.3714311123 0.21321499348 1.0099190474 -3.4456980228 0.14313599467
          1.0082700253 -3.4549748898 0.13451099396 1.0084760189 -3.470498085 0.12069900334
          1.0450539589 -3.2702848911 0.3195129931 1.0299910307 -3.3459770679 0.24182599783
          1.0282119513 -3.351350069 0.241279006 1.0212839842 -3.3680970669 0.21586099267
          1.0083609819 -3.4517450333 0.14313599467 1.0073159933 -3.4623739719 0.13434000313
          1.0058679581 -3.4608240128 0.13504999876 1.007907033 -3.4701809883 0.12774799764
          1.0065089464 -3.473498106 0.12420400232 1.0436990261 -3.2743620872 0.31752699614
          1.0424809456 -3.2788760662 0.31517800689 1.0413960218 -3.2837190628 0.3128939867
          1.0278719664 -3.3522469997 0.24147599936 1.0280150175 -3.3554360867 0.2444999963
          1.0260430574 -3.3557429314 0.23709000647 1.0247180462 -3.3645908833 0.23486199975
          1.023319006 -3.3723700047 0.22697600722 1.0065059662 -3.4558970928 0.14234900475
          1.0054030418 -3.460185051 0.13974300027 1.0404609442 -3.2911159992 0.31368899345
          1.0392680168 -3.2943849564 0.31009599566 1.038064003 -3.2960410118 0.30476999283
          1.0378309488 -3.2986180782 0.29989999533 1.0236190557 -3.369079113 0.23066300154
          1.0364309549 -3.3135790825 0.20722900331 1.035539031 -3.3173310757 0.20393900573
          1.035153985 -3.3043239117 0.22244299948 1.0404549837 -3.3092820644 0.21697500348
          1.0530749559 -3.2511050701 0.28433001041 1.0504870415 -3.254185915 0.28085100651
          1.0516990423 -3.2503099442 0.28393098712 1.0381640196 -3.3072459698 0.22811600566
          1.0363529921 -3.3207159042 0.21446999907 1.0374039412 -3.3184599876 0.21897700429
          1.034003973 -3.3365519047 0.2004429996 1.0507980585 -3.249753952 0.29067400098
          1.0507359505 -3.2494900227 0.29172098637 1.0511209965 -3.2503080368 0.2911759913
          1.0468109846 -3.2598099709 0.28041100502 1.0365129709 -3.3191781044 0.22409899533
          1.0358330011 -3.3259570599 0.21270899475 1.0342270136 -3.3319180012 0.21244099736
          1.0275069475 -3.3409950733 0.20061199367 1.0510400534 -3.2450110912 0.30024701357
          1.0508300066 -3.2443089485 0.30334100127 1.0526909828 -3.2469289303 0.30187699199
          1.0505429506 -3.249986887 0.29822400212 1.0501420498 -3.2488980293 0.29718598723
          1.050115943 -3.2510859966 0.29218998551 1.0494279861 -3.2511749268 0.29667800665
          1.048380971 -3.2567670345 0.29076099396 1.0449750423 -3.2709751129 0.27985098958
          1.0350099802 -3.321821928 0.22812600434 1.0320390463 -3.3363780975 0.21400099993
          1.0132709742 -3.4283349514 0.12477000058 1.0142960548 -3.4276320934 0.11883699894
          1.0135140419 -3.4313459396 0.11561699957 1.0514730215 -3.2457070351 0.30871099234
          1.049110055 -3.2531709671 0.30180698633 1.0480589867 -3.2531650066 0.30133900046
          1.0461399555 -3.2625660896 0.29221600294 1.0431220531 -3.2775740623 0.27792701125
          1.0238749981 -3.3089339733 0.24169899523 1.0329680443 -3.3273999691 0.22860099375
          1.0303570032 -3.33989501 0.21717999876 1.011324048 -3.4305028915 0.12915499508
          1.0092179775 -3.4438409805 0.11630699784 1.046151042 -3.2577888966 0.3034439981
          1.0444869995 -3.2659409046 0.29553300142 1.0323339701 -3.3198781013 0.24225799739
          1.031306982 -3.3326539993 0.22781899571 1.0300760269 -3.3371920586 0.22549800575
          1.0298000574 -3.339867115 0.2210559994 1.0250669718 -3.3610930443 0.2032019943
          1.0118919611 -3.4300689697 0.13638199866 1.0075409412 -3.4477009773 0.11922899634
          1.0437090397 -3.2477939129 0.31801000237 1.0411920547 -3.2606110573 0.30364999175
          1.0389729738 -3.2647740841 0.30138298869 1.0387890339 -3.2883739471 0.2802579999
          1.0232870579 -3.3650920391 0.20591300726 1.011736989 -3.4264059067 0.13982500136
          1.0097310543 -3.4315600395 0.14142100513 1.0061709881 -3.4489529133 0.12453799695
          1.0397340059 -3.2504820824 0.32115098834 1.0359369516 -3.2901039124 0.28433999419
          1.0290739536 -3.3340680599 0.24470899999 1.0075960159 -3.4372529984 0.14248299599
          1.0051449537 -3.44967103 0.13044300675 1.0399090052 -3.2567679882 0.32283198833
          1.0351469517 -3.2936589718 0.28812599182 1.0269889832 -3.3389439583 0.2424660027
          1.0261559486 -3.3427069187 0.23926199973 1.0282299519 -3.3442931175 0.24046100676
          1.0256099701 -3.3459069729 0.23541900516 1.026522994 -3.3475039005 0.23687200248
          1.0251020193 -3.3490629196 0.23186999559 1.0056660175 -3.4433529377 0.14277599752
          1.0036180019 -3.4520170689 0.1347489953 1.0413769484 -3.2638659477 0.32171198726
          1.0401190519 -3.2684969902 0.31957799196 1.0358669758 -3.2973570824 0.29198798537
          1.0278320313 -3.3516368866 0.24085600674 1.0244859457 -3.3521969318 0.2274210006
          1.0232659578 -3.3554089069 0.22487799823 1.0214869976 -3.364552021 0.22637300193
          1.0036809444 -3.4485750198 0.14246499538 1.0018919706 -3.4557540417 0.13771499693
          1.0025169849 -3.4569129944 0.1369780004 1.0392099619 -3.2723679543 0.31641501188
          1.0381939411 -3.2756049633 0.312635988 1.03865695 -3.2790029049 0.30903100967
          1.0377399921 -3.2827510834 0.30540901423 1.0367239714 -3.2860240936 0.30220299959
          1.0362199545 -3.2929689884 0.30054101348 1.0347930193 -3.2934579849 0.29533699155
          1.0206439495 -3.3674390316 0.22253000736 1.0019589663 -3.4540150166 0.14136600494
          1.0355470181 -3.3046610355 0.21990700066 1.0271790028 -3.3196001053 0.20088100433
          1.0311479568 -3.3270940781 0.20086100698 1.046916008 -3.2487220764 0.28328600526
          1.0466979742 -3.2468760014 0.28826498985 1.0471500158 -3.2446849346 0.29386499524
          1.0441859961 -3.2525029182 0.28022399545 1.0334320068 -3.3070681095 0.23328100145
          1.03193295 -3.3173389435 0.22390599549 1.0326759815 -3.3170928955 0.21875099838
          1.0308829546 -3.324862957 0.21262200177 1.0320270061 -3.3196339607 0.21410499513
          1.0292370319 -3.3296279907 0.2126840055 1.0143009424 -3.4042229652 0.13825200498
          1.0142849684 -3.4035360813 0.1399859935 1.0149209499 -3.4050340652 0.13895699382
          1.0137859583 -3.4059789181 0.13761599362 1.0127609968 -3.4157269001 0.12156499922
          1.0127379894 -3.415817976 0.12150300294 1.0127630234 -3.4158110619 0.12149199843
          1.0108020306 -3.4226059914 0.12167900056 1.0106680393 -3.4219939709 0.12104699761
          1.0104939938 -3.4244689941 0.11637800187 1.0090470314 -3.4294860363 0.11448000371
          1.0465830564 -3.2411100864 0.30445000529 1.0468490124 -3.241713047 0.29777300358
          1.0470379591 -3.2525749207 0.29437199235 1.0457240343 -3.2559220791 0.29083999991
          1.0407559872 -3.2666060925 0.27944299579 1.030387044 -3.3195068836 0.22810600698
          1.027477026 -3.3341770172 0.21388100088 1.0250769854 -3.34593606 0.20247100294
          1.0139189959 -3.4083669186 0.14260299504 1.0127240419 -3.4064640999 0.14373700321
          1.0141019821 -3.4122319221 0.13929100335 1.0127429962 -3.4093990326 0.13665699959
          1.0112240314 -3.4138131142 0.13660599291 1.0086050034 -3.4258000851 0.12490999699
          1.006657958 -3.4360740185 0.11500900239 1.0453000069 -3.2421300411 0.3097909987
          1.0429719687 -3.2535340786 0.29872500896 1.0434310436 -3.2531540394 0.29568299651
          1.0434030294 -3.2555680275 0.29096400738 1.0415159464 -3.2606699467 0.2918010056
          1.0386149883 -3.2738211155 0.27854800224 1.0282100439 -3.3260030746 0.22784200311
          1.0255709887 -3.338793993 0.21599300206 1.0226019621 -3.3506689072 0.20418199897
          1.0117150545 -3.4092679024 0.14399500191 1.0102989674 -3.4136230946 0.14338199794
          1.0108150244 -3.4147748947 0.14260299504 1.0118039846 -3.4189178944 0.13940800726
          1.0104939938 -3.4159250259 0.13659900427 1.0089099407 -3.4204249382 0.13678100705
          1.043998003 -3.2437860966 0.31477600336 1.0415469408 -3.2557930946 0.30312401056
          1.0379539728 -3.2639698982 0.29432401061 1.0375699997 -3.2776339054 0.27864900231
          1.0365619659 -3.2804179192 0.27924799919 1.0268540382 -3.3365769386 0.22554300725
          1.0252629519 -3.3354721069 0.22581200302 1.0263910294 -3.3402190208 0.22213600576
          1.0238460302 -3.342386961 0.21907100081 1.0211429596 -3.3557670116 0.2061150074
          1.022300005 -3.3578090668 0.20484100282 1.009863019 -3.4150190353 0.14305500686
          1.0077970028 -3.421159029 0.14266100526 1.0078519583 -3.4212310314 0.1426230073
          1.0081739426 -3.4225890636 0.13669799268 1.0069719553 -3.4270710945 0.13431400061
          1.0028229952 -3.4451720715 0.11926999688 1.0348210335 -3.2840280533 0.28231799603
          1.0263639688 -3.3246889114 0.2435079962 1.0233099461 -3.3424739838 0.22589200735
          1.0237170458 -3.3468279839 0.22215099633 1.0203649998 -3.3607289791 0.20838800073
          1.0077710152 -3.4212388992 0.14264899492 1.0054630041 -3.4278709888 0.14273999631
          1.0054789782 -3.427891016 0.14272899926 1.0016809702 -3.4470028877 0.12428600341
          1.033272028 -3.2859220505 0.28806498647 1.022341013 -3.3311851025 0.24279099703
          1.0231649876 -3.3424758911 0.23249900341 1.0222070217 -3.3496530056 0.21797800064
          1.0206619501 -3.3537180424 0.21549700201 1.0205099583 -3.3645501137 0.21216499805
          1.0197089911 -3.3602590561 0.2151529938 1.0054570436 -3.427891016 0.14273299277
          1.0031249523 -3.434566021 0.14281700552 1.0005420446 -3.44728899 0.1304499954
          1.034201026 -3.2777988911 0.30129599571 1.0343459845 -3.2779889107 0.30146101117
          1.034201026 -3.277618885 0.30172100663 1.0343660116 -3.2808909416 0.29723501205
          1.0333889723 -3.2890610695 0.29130399227 1.0340139866 -3.2847659588 0.29332101345
          1.022840023 -3.3362870216 0.24060000479 1.0221459866 -3.3392419815 0.23579500616
          1.0207690001 -3.3607180119 0.22267399728 1.0198010206 -3.3641839027 0.21919299662
          1.0010830164 -3.4407000542 0.14234100282 0.99915200472 -3.4493470192 0.13508400321
          1.0363529921 -3.263379097 0.32230898738 1.0344259739 -3.273086071 0.31090500951
          1.034670949 -3.270430088 0.31530100107 0.99937099218 -3.4461760521 0.1410869956
          0.99832999706 -3.4503450394 0.13834699988 0.99936598539 -3.4520208836 0.13985599577
          1.0352380276 -3.2672290802 0.31921198964 1.0276670456 -3.3032970428 0.21310399473
          1.0110989809 -3.406126976 0.11911799759 1.0106890202 -3.4060459137 0.12211100012
          1.0133860111 -3.4085459709 0.12112999707 1.0104800463 -3.4113409519 0.11736500263
          1.0098609924 -3.4106779099 0.11681199819 1.009559989 -3.41157794 0.11674299836
          1.0315109491 -3.3035190105 0.22727100551 1.0247100592 -3.3321979046 0.20037800074
          1.011531949 -3.4115839005 0.1246509999 1.008777976 -3.4105639458 0.12515099347
          1.009642005 -3.4185330868 0.11769600213 1.0078810453 -3.4166800976 0.11615700275
          1.0069359541 -3.4197099209 0.11544399709 1.0396690369 -3.2413740158 0.29208400846
          1.0390379429 -3.2468729019 0.28295099735 1.0391379595 -3.2572050095 0.27944201231
          1.0278060436 -3.3138270378 0.22383999825 1.028020978 -3.3154239655 0.21800999343
          1.0273410082 -3.3188869953 0.21446500719 1.0250140429 -3.3249650002 0.21358600259
          1.0227049589 -3.3384420872 0.20128400624 1.0110659599 -3.3976459503 0.1394110024
          1.0104199648 -3.3979189396 0.14318099618 1.0126880407 -3.4004600048 0.14196999371
          1.009968996 -3.4019219875 0.13679200411 1.0084300041 -3.4080760479 0.13575099409
          1.0068399906 -3.4165740013 0.1235229969 1.0062639713 -3.4182839394 0.1234190017
          1.0061889887 -3.4221179485 0.1148609966 1.0043120384 -3.42791605 0.11419200152
          1.0242929459 -3.3154621124 0.22880400717 1.0232789516 -3.3301920891 0.21549099684
          1.0258220434 -3.3326609135 0.21446700394 1.0197629929 -3.3419759274 0.20354300737
          1.0089299679 -3.4027709961 0.14532999694 1.0043259859 -3.423058033 0.12537899613
          0.99801599979 -3.4297521114 0.11594200134 1.0402499437 -3.2399890423 0.30972200632
          1.0382310152 -3.2522120476 0.29775100946 1.0381330252 -3.2550990582 0.29158899188
          1.0369199514 -3.2586319447 0.29152199626 1.0337489843 -3.2706849575 0.27914100885
          1.0254739523 -3.3182559013 0.22872200608 1.0233139992 -3.3255090714 0.22611300647
          1.0222519636 -3.3330900669 0.21565900743 1.0207229853 -3.3382089138 0.21400099993
          1.0211360455 -3.3385210037 0.21423600614 1.020532012 -3.3389279842 0.21360599995
          1.0189759731 -3.3455119133 0.2072069943 1.0065779686 -3.4089939594 0.14559100568
          1.0034660101 -3.4206569195 0.13576999307 1.0027890205 -3.4258639812 0.12924799323
          1.0003709793 -3.4377090931 0.11775399745 1.0394109488 -3.2409338951 0.31490701437
          1.0368349552 -3.2543299198 0.30228799582 1.0322010517 -3.2762429714 0.28081199527
          1.0241270065 -3.3149158955 0.24342800677 1.0226119757 -3.3281149864 0.224969998
          1.020637989 -3.3336889744 0.22528100014 1.0209909678 -3.3459529877 0.2146680057
          1.0183930397 -3.3414940834 0.21047399938 1.0195180178 -3.3492441177 0.21111300588
          1.0200940371 -3.3532450199 0.20785799623 1.0036369562 -3.4148209095 0.14431899786
          1.000426054 -3.4245569706 0.13308399916 0.99836802483 -3.441920042 0.12017899752
          1.0343049765 -3.24168396 0.31904599071 1.0354169607 -3.2582631111 0.30267700553
          1.0341559649 -3.2629230022 0.30048900843 1.0324850082 -3.2813799381 0.28359299898
          1.0230089426 -3.3189311028 0.2438389957 1.0213580132 -3.3234450817 0.24313400686
          1.0191500187 -3.3362550735 0.22938400507 1.0206650496 -3.3381159306 0.22843000293
          1.0196059942 -3.3567559719 0.21157899499 1.0007359982 -3.4221160412 0.14339099824
          0.99724698067 -3.4437611103 0.12502600253 1.0319060087 -3.2810659409 0.29063299298
          1.0306669474 -3.2763929367 0.29343599081 1.0295859575 -3.2765901089 0.28655201197
          1.0196369886 -3.3296470642 0.24168799818 1.0191060305 -3.3335518837 0.23856699467
          1.0182240009 -3.3350760937 0.23302300274 1.0003249645 -3.4271531105 0.14305199683
          0.99842602015 -3.4328389168 0.1423600018 0.99554002285 -3.4441649914 0.13237600029
          1.0306169987 -3.2722918987 0.30421200395 0.99669700861 -3.4385049343 0.141001001
          0.9965299964 -3.4433760643 0.1387269944 0.99756002426 -3.4477159977 0.13580000401
          1.0303030014 -3.2573180199 0.32440400124 1.0303490162 -3.2681539059 0.3139359951
          1.0308699608 -3.2659239769 0.31834998727 1.0267260075 -3.2685699463 0.30682599545
          1.030189991 -3.2621259689 0.32205399871 1.0225600004 -3.3123250008 0.20285999775
          1.0080519915 -3.3991820812 0.1198579967 1.008038044 -3.3992059231 0.11990100145
          1.008046031 -3.3992168903 0.11989499629 1.0091840029 -3.4034121037 0.11672200263
          1.0080109835 -3.4013340473 0.11490099877 1.006072998 -3.4074978828 0.11473800242
          1.0277620554 -3.3009018898 0.21761199832 1.0221689939 -3.3240599632 0.19968099892
          1.0096689463 -3.3874809742 0.13648599386 1.0094439983 -3.3875908852 0.13776400685
          1.0095579624 -3.388215065 0.13726599514 1.0092920065 -3.3883359432 0.13704000413
          1.0080330372 -3.3992199898 0.11990100145 1.0061149597 -3.4039020538 0.12193600088
          1.0036000013 -3.4138851166 0.11478699744 1.0228559971 -3.3012940884 0.23277699947
          1.0229150057 -3.2985520363 0.22256599367 1.0227479935 -3.3123939037 0.21586699784
          1.0255080462 -3.3137888908 0.21685400605 1.0231519938 -3.3098359108 0.22003899515
          1.0234819651 -3.3140439987 0.2157869935 1.0198800564 -3.3300828934 0.20027400553
          1.0097719431 -3.3919699192 0.14109000564 1.0080840588 -3.3895308971 0.14247299731
          1.0084290504 -3.3953061104 0.13755400479 1.0072369576 -3.3943641186 0.13683399558
          1.0069060326 -3.3953039646 0.13687099516 1.0040999651 -3.4090180397 0.1236860007
          1.0009200573 -3.4191849232 0.11465899646 1.0373090506 -3.2377989292 0.29586300254
          1.0329869986 -3.2422630787 0.28694701195 1.0231180191 -3.2482779026 0.27972099185
          1.0222049952 -3.3181550503 0.21479099989 1.0208909512 -3.3220601082 0.21453499794
          1.0182189941 -3.335244894 0.20176300406 1.0071179867 -3.3947389126 0.14450199902
          1.0048569441 -3.4007749557 0.13648100197 1.0017889738 -3.4156560898 0.12371300161
          1.0018939972 -3.4157309532 0.12369500101 0.9998549819 -3.4251430035 0.11456499994
          1.035910964 -3.2373399734 0.30307099223 1.0319950581 -3.2624230385 0.27897700667
          1.021690011 -3.303401947 0.23816999793 1.0193539858 -3.3266301155 0.21686799824
          1.0164920092 -3.3388910294 0.20479500294 1.0029900074 -3.3983180523 0.14630100131
          1.0003119707 -3.4071860313 0.13625100255 1.0017689466 -3.4157168865 0.12370699644
          0.99943399429 -3.4205760956 0.12533000112 1.033336997 -3.251470089 0.29615798593
          1.0330170393 -3.2543299198 0.29187199473 1.0324170589 -3.2561459541 0.29167899489
          1.0299210548 -3.2683739662 0.27981299162 1.0203289986 -3.3175439835 0.22906899452
          1.0191719532 -3.3219380379 0.22658500075 1.0209050179 -3.3270380497 0.22421899438
          1.0184789896 -3.3254261017 0.22306799889 1.0199359655 -3.3305039406 0.220739007
          1.0167160034 -3.3331389427 0.21687500179 1.016710043 -3.3331050873 0.21700100601
          1.0164690018 -3.3357579708 0.21236999333 1.0160870552 -3.3386399746 0.20816299319
          0.99905902147 -3.4193069935 0.13542200625 0.99789100885 -3.4240028858 0.12864999473
          0.99602001905 -3.4344770908 0.11863400042 1.0312800407 -3.237719059 0.31449300051
          1.0320219994 -3.2533569336 0.30097699165 1.0305930376 -3.2603580952 0.29418298602
          1.0280920267 -3.2723948956 0.28244099021 1.01592803 -3.3325400352 0.22368000448
          1.0158510208 -3.3325889111 0.22409400344 0.9944729805 -3.4123001099 0.14479599893
          0.99431699514 -3.4381000996 0.12171000242 1.031111002 -3.2559120655 0.30116000772
          1.0299220085 -3.2603690624 0.29874700308 1.026687026 -3.2725160122 0.28883999586
          1.0147869587 -3.3325150013 0.23081700504 0.99572199583 -3.4250349998 0.14286899567
          0.99154001474 -3.4391000271 0.12715600431 1.0266489983 -3.2712090015 0.29620999098
          1.0164910555 -3.3228960037 0.24264800549 1.0153310299 -3.3272969723 0.24017100036
          1.0138640404 -3.3296470642 0.23573200405 0.99378997087 -3.4312698841 0.14139799774
          0.99128597975 -3.4387888908 0.13495799899 1.0280649662 -3.2489039898 0.32411301136
          0.99191302061 -3.4355220795 0.13870100677 1.0259269476 -3.2639050484 0.3177010119
          1.0211600065 -3.2646019459 0.31117799878 1.0114820004 -3.3768250942 0.12512199581
          1.010848999 -3.3814229965 0.12273799628 1.0103930235 -3.377065897 0.11943200231
          1.0100209713 -3.384937048 0.11927700043 1.0095649958 -3.3811221123 0.11542599648
          1.0095779896 -3.3885850906 0.11587300152 1.0082249641 -3.3858129978 0.11334399879
          1.0065619946 -3.3913280964 0.11210600287 1.0117919445 -3.3778269291 0.13334600627
          1.0113719702 -3.3735220432 0.1290140003 1.0099999905 -3.3698909283 0.13259799778
          1.0100170374 -3.3731539249 0.13659599423 1.011777997 -3.3816230297 0.13000500202
          1.006862998 -3.3845369816 0.12655299902 1.0067689419 -3.386660099 0.12173700333
          1.0059360266 -3.389674902 0.12030199915 1.0062439442 -3.3911120892 0.11917799711
          1.0090759993 -3.3958930969 0.11625300348 1.0065560341 -3.3913478851 0.1120999977
          1.0044770241 -3.3975839615 0.11148899794 1.0191609859 -3.2994599342 0.21066400409
          1.0231800079 -3.2981390953 0.21567100286 1.0220880508 -3.3046550751 0.20866799355
          1.008556962 -3.3761839867 0.14035899937 1.0108640194 -3.3811860085 0.13700300455
          1.0101200342 -3.3847301006 0.13355499506 1.0057610273 -3.3858070374 0.13064700365
          1.0055509806 -3.391174078 0.11938799918 1.0033040047 -3.3973309994 0.11952999979
          1.0017050505 -3.4042229652 0.11218000203 1.0173840523 -3.3168830872 0.19999599457
          1.0115740299 -3.3217179775 0.19914700091 1.0059939623 -3.3796100616 0.14313699305
          1.0089620352 -3.3842079639 0.14051799476 1.0043720007 -3.3879919052 0.13483199477
          1.0156140327 -3.3280870914 0.19983999431 1.0050840378 -3.3865940571 0.14401000738
          1.0022029877 -3.3930521011 0.13725200295 0.99941498041 -3.4078140259 0.12227000296
          0.99755901098 -3.4165489674 0.11399900168 1.0220279694 -3.2358379364 0.29001799226
          1.0310469866 -3.2452790737 0.28300300241 1.0182909966 -3.3077480793 0.22607800364
          1.0161720514 -3.3179569244 0.21553699672 1.0138100386 -3.3322069645 0.20243300498
          0.99991601706 -3.3881158829 0.14682500064 0.99251198769 -3.4125831127 0.12232200056
          0.99635601044 -3.4197978973 0.11453799903 1.0190609694 -3.2522680759 0.27859100699
          1.0271209478 -3.2602300644 0.27900499105 1.0178070068 -3.3107509613 0.2302480042
          1.0148199797 -3.3225300312 0.218415007 1.0147399902 -3.3364291191 0.20616799593
          1.0126199722 -3.3333089352 0.20795500278 0.99353998899 -3.4267990589 0.11723700166
          1.0311280489 -3.2545518875 0.29249900579 1.022726059 -3.2633850574 0.28084498644
          1.0167390108 -3.3049418926 0.24172699451 1.0117640495 -3.3153529167 0.22904799879
          1.0142799616 -3.3207309246 0.2263700068 1.0145419836 -3.3223559856 0.22073300183
          1.0121799707 -3.3311429024 0.21623599529 1.0124289989 -3.33288908 0.21026200056
          0.99398899078 -3.4018108845 0.14706200361 0.99550998211 -3.4133930206 0.1361400038
          0.99207699299 -3.4307420254 0.12009800225 1.02996099 -3.2540268898 0.29945999384
          1.0279819965 -3.2571439743 0.29583099484 1.0231020451 -3.2678849697 0.2842130065
          1.0152339935 -3.3095319271 0.24392999709 1.0113970041 -3.3304479122 0.22389900684
          0.99387800694 -3.41822505 0.13520699739 0.99281698465 -3.4224319458 0.13250899315
          0.99032902718 -3.4338479042 0.12360899895 1.0268470049 -3.2384159565 0.31875601411
          1.0228329897 -3.2684850693 0.29011198878 1.0099439621 -3.3154389858 0.24443900585
          1.0107280016 -3.3295640945 0.22961600125 0.99251401424 -3.4187510014 0.14329299331
          0.98801797628 -3.4342110157 0.13066600263 1.0269650221 -3.2426741123 0.3218280077
          1.0221940279 -3.267827034 0.29633200169 1.0063610077 -3.3198590279 0.24182400107
          1.0102490187 -3.3247959614 0.23861899972 0.99092799425 -3.4239830971 0.1417620033
          0.98956900835 -3.428771019 0.13972599804 0.98894697428 -3.4321219921 0.13605299592
          1.0149110556 -3.2494990826 0.32477900386 1.0171220303 -3.2614340782 0.31648400426
          1.0088750124 -3.2524330616 0.32412299514 1.008384943 -3.3649070263 0.12877400219
          1.0098179579 -3.3697841167 0.12547299266 1.0076309443 -3.3683590889 0.11947199702
          1.0071940422 -3.3728790283 0.1146870032 1.0061049461 -3.376928091 0.1119050011
          1.004521966 -3.3824489117 0.11017700285 1.0070480108 -3.3648130894 0.13557599485
          1.0065499544 -3.3913390636 0.1120909974 1.0027019978 -3.3881158829 0.1095789969
          1.0005459785 -3.3926339149 0.10931900144 1.0060939789 -3.3678050041 0.13955700397
          1.001891017 -3.3858120441 0.12188900262 1.0200480223 -3.2961690426 0.21493799984
          1.0144230127 -3.3048000336 0.20603199303 1.0044540167 -3.3708190918 0.14319700003
          1.0012270212 -3.3836960793 0.13012300432 1.0017199516 -3.3836228848 0.12692500651
          1.0012749434 -3.3899030685 0.11883299798 1.0184350014 -3.2967100143 0.22191500664
          1.0105240345 -3.3074970245 0.20359399915 1.0018310547 -3.3743400574 0.14579500258
          0.99664002657 -3.4017701149 0.119599998 0.99463301897 -3.4096009731 0.11253300309
          0.99534499645 -3.3944621086 0.10835000128 1.0149940252 -3.3059699535 0.21856799722
          1.0105750561 -3.3084659576 0.21417500079 1.0095260143 -3.3250010014 0.19975399971
          1.0000519753 -3.3809850216 0.14661699533 0.99578201771 -3.3886079788 0.137548998
          0.99080097675 -3.4059259892 0.1201910004 0.99293202162 -3.4146668911 0.11356999725
          1.0200179815 -3.2381660938 0.28635200858 1.0121580362 -3.3032500744 0.22350299358
          1.0114990473 -3.3033781052 0.22668999434 1.0094460249 -3.3290319443 0.20325799286
          0.99226099253 -3.3922710419 0.13842199743 0.99114197493 -3.4193239212 0.11574099958
          1.003888011 -3.3021221161 0.23137900233 1.0102980137 -3.3197710514 0.21883100271
          1.0088390112 -3.3299720287 0.20869299769 0.99058002234 -3.3895049095 0.14908799529
          0.98836898804 -3.4047338963 0.13788999617 0.99039202929 -3.4176669121 0.12384200096
          0.98907601833 -3.4226019382 0.11890099943 1.009305954 -3.3100419044 0.23073899746
          1.0096210241 -3.319067955 0.2256360054 0.99070698023 -3.4114480019 0.13669799268
          0.98869997263 -3.4212329388 0.12697400153 0.98745697737 -3.4257309437 0.12234999985
          1.0194790363 -3.2651600838 0.28475001454 0.99327301979 -3.2998039722 0.24268899858
          1.0027799606 -3.3253500462 0.22600199282 0.99072998762 -3.4084410667 0.14533600211
          0.98878097534 -3.4174180031 0.13544799387 0.98766899109 -3.4217250347 0.13286399841
          0.98691898584 -3.4290659428 0.12617599964 1.0183060169 -3.2656030655 0.29150500894
          1.003813982 -3.324311018 0.23256500065 0.98943001032 -3.4118800163 0.1441179961
          0.98794597387 -3.4169120789 0.14235900342 0.98746800423 -3.4199819565 0.13836599886
          0.98869401217 -3.4220840931 0.14027500153 0.98743802309 -3.4221749306 0.13337700069
          0.98685002327 -3.4256820679 0.13618600368 0.98656398058 -3.4253211021 0.12950199842
          1.0176559687 -3.2651031017 0.29881799221 1.0121970177 -3.2574338913 0.32135099173
          1.0040899515 -3.3657550812 0.11683599651 1.0043729544 -3.3608140945 0.12468899786
          1.0033830404 -3.3696238995 0.11214900017 1.0020940304 -3.3741021156 0.10912500322
          1.0058610439 -3.3607079983 0.13149499893 0.999827981 -3.3803699017 0.10760000348
          1.0024280548 -3.3595750332 0.13792799413 1.0028450489 -3.3560569286 0.13448999822
          0.99864399433 -3.3855600357 0.10758099705 1.0012630224 -3.363120079 0.1416669935
          1.0145479441 -3.2936499119 0.21556000412 1.0148990154 -3.2937428951 0.21293899417
          1.0137029886 -3.2975509167 0.20977200568 0.99963098764 -3.3663449287 0.14498500526
          0.99341100454 -3.3808090687 0.12604899704 0.99423998594 -3.3833179474 0.12101499736
          0.99324697256 -3.3870100975 0.11783000082 0.99168902636 -3.3934719563 0.11721300334
          1.0132089853 -3.2945549488 0.22125799954 0.99774301052 -3.3701329231 0.14732599258
          0.99195700884 -3.3823130131 0.13469600677 0.99072498083 -3.3986780643 0.11813600361
          0.99025899172 -3.4080629349 0.11204200238 0.98992401361 -3.3979699612 0.10899700224
          1.0073349476 -3.3029580116 0.21671199799 0.99437701702 -3.3748788834 0.14939899743
          0.9884570241 -3.4120390415 0.11386399716 1.024304986 -3.2340579033 0.29429298639
          1.0184600353 -3.2420840263 0.28254601359 1.0060219765 -3.3131539822 0.21559500694
          1.0048069954 -3.3262009621 0.20376899838 0.9879720211 -3.3772819042 0.15120500326
          0.98798900843 -3.4103460312 0.12106999755 0.98752099276 -3.411906004 0.12058500201
          0.98681902885 -3.4153430462 0.11725000292 1.0166649818 -3.2320320606 0.29961699247
          1.0151139498 -3.254142046 0.27865299582 1.0005209446 -3.2914140224 0.23013700545
          0.99907100201 -3.2935810089 0.23682700098 1.003772974 -3.3267140388 0.20926000178
          0.98447102308 -3.3979179859 0.13866700232 0.98595702648 -3.4164481163 0.12052900344
          0.98640501499 -3.4178540707 0.12188400328 1.0165499449 -3.2602279186 0.2809509933
          1.001216054 -3.2980349064 0.2408349961 1.0057489872 -3.3137350082 0.22821100056
          1.0050660372 -3.3172049522 0.22467400134 0.98916101456 -3.3965969086 0.14822000265
          0.98649901152 -3.4074640274 0.1380790025 0.98698401451 -3.4217340946 0.1257610023
          1.0147600174 -3.2326419353 0.31105199456 1.0150660276 -3.2627789974 0.28506699204
          0.98764300346 -3.4003400803 0.14711399376 0.98618197441 -3.405328989 0.14530600607
          0.98543798923 -3.4079420567 0.14420700073 0.98450499773 -3.412514925 0.13977000117
          0.98461699486 -3.4131920338 0.1392250061 0.98699998856 -3.4178180695 0.13623400033
          0.98751097918 -3.4217960835 0.13297000527 1.013684988 -3.2342169285 0.31664600968
          1.0139180422 -3.2636120319 0.29094201326 0.98482900858 -3.41010499 0.14325499535
          1.0154420137 -3.238902092 0.3207269907 1.0130120516 -3.2632439137 0.29800999165
          1.0010889769 -3.3216230869 0.23702999949 1.0121519566 -3.241740942 0.32284998894
          1.0112210512 -3.2622499466 0.30479300022 1.0111190081 -3.2610580921 0.31203299761
          1.0050760508 -3.2448918819 0.32418900728 1.0102859735 -3.2593688965 0.31727299094
          1.0019849539 -3.3509149551 0.12944500148 1.0017739534 -3.3505709171 0.13170400262
          1.0023599863 -3.3521199226 0.13060699403 1.0023850203 -3.3559288979 0.12727199495
          1.0011940002 -3.3545970917 0.12614899874 1.0003969669 -3.3583660126 0.12290100008
          0.99724900723 -3.362787962 0.11277999729 0.99746000767 -3.366134882 0.10962499678
          0.99610000849 -3.370800972 0.10686700046 1.0003099442 -3.3530230522 0.13591699302
          0.99451297522 -3.3755190372 0.10604099929 0.998265028 -3.3565011024 0.13919100165
          0.99551600218 -3.3635098934 0.14542500675 1.0100779533 -3.2925779819 0.21301500499
          1.0091290474 -3.2960920334 0.20936100185 1.0082739592 -3.3005640507 0.20711100101
          0.99186700583 -3.3802239895 0.12929700315 1.0088059902 -3.2927780151 0.2205850035
          1.0046019554 -3.314688921 0.20055399835 0.99274998903 -3.3669359684 0.14849199355
          0.98581302166 -3.4051640034 0.11168800294 1.0058590174 -3.2997829914 0.22080400586
          1.0052330494 -3.3052918911 0.21519100666 1.0021500587 -3.3208889961 0.20010100305
          0.98890197277 -3.3853039742 0.13755099475 0.98640400171 -3.4005498886 0.11856500059
          0.98505401611 -3.4041569233 0.11925700307 0.98413699865 -3.4086520672 0.11489500105
          0.98593002558 -3.4103291035 0.1142290011 1.0048650503 -3.2997090816 0.22682900727
          1.004619956 -3.307320118 0.21458099782 0.98369300365 -3.4079771042 0.11953199655
          0.98571300507 -3.4139339924 0.11799000204 1.0112099648 -3.245595932 0.28020200133
          1.0119429827 -3.258245945 0.28061801195 0.99895501137 -3.3075509071 0.23027700186
          1.0008900166 -3.3124890327 0.22793400288 1.0007660389 -3.314841032 0.22314199805
          0.98426902294 -3.3942930698 0.14906600118 0.98479002714 -3.4057710171 0.13879700005
          0.98227101564 -3.4036290646 0.13954399526 1.0104060173 -3.2610530853 0.28448599577
          0.99076902866 -3.3216040134 0.21421800554 0.9828529954 -3.3989338875 0.14667199552
          0.98178899288 -3.4031469822 0.14398099482 0.9834600091 -3.4089910984 0.14239500463
          1.0090850592 -3.2623999119 0.29004201293 0.99498200417 -3.306540966 0.24398900568
          1.0070530176 -3.2622170448 0.30013498664 0.99484598637 -3.3124399185 0.24352300167
          1.0016349554 -3.3443870544 0.13004800677 1.0018049479 -3.3403539658 0.12630499899
          0.99972397089 -3.3399789333 0.13301800191 1.0005389452 -3.3440470695 0.12227900326
          1.0009850264 -3.3479640484 0.126613006 0.99801301956 -3.3491709232 0.12421499938
          1.00058496 -3.3477039337 0.13368700445 0.99791902304 -3.3431880474 0.13631300628
          0.99709898233 -3.3518340588 0.1241620034 0.99147498608 -3.3544540405 0.12084700167
          0.99256497622 -3.3571910858 0.11648699641 0.99801999331 -3.350440979 0.13730800152
          0.98710298538 -3.380961895 0.1053429991 0.99434697628 -3.3530139923 0.14019499719
          0.98706001043 -3.3883090019 0.10621800274 0.98175501823 -3.3914349079 0.10742100328
          1.0040709972 -3.2952699661 0.20951999724 0.99080097675 -3.3608949184 0.14579699934
          0.98673599958 -3.3794128895 0.12685599923 0.98661100864 -3.3819561005 0.121404998
          0.98586398363 -3.386111021 0.11806499958 0.98447698355 -3.3914160728 0.11719100177
          0.98321801424 -3.3980469704 0.10974700004 0.98455899954 -3.3986930847 0.10978300124
          1.0047689676 -3.2920041084 0.21327899396 1.0025670528 -3.290489912 0.21934999526
          1.0012019873 -3.2997341156 0.20616100729 0.99613797665 -3.3055269718 0.2034150064
          0.98583799601 -3.3804879189 0.13337700069 0.9822909832 -3.3967380524 0.11794000119
          0.98287600279 -3.3988170624 0.11026500165 0.98007100821 -3.4008359909 0.11290500313
          1.0007519722 -3.3009040356 0.21582099795 0.99437201023 -3.309967041 0.20213499665
          0.99769902229 -3.3176538944 0.20093999803 0.98718297482 -3.3689880371 0.15109600127
          0.98424297571 -3.3835780621 0.13696999848 0.98160499334 -3.3991620541 0.11814299971
          0.98050802946 -3.4034368992 0.11552400142 0.98079401255 -3.4047510624 0.11681699753
          0.99922502041 -3.3070950508 0.21548399329 0.99404102564 -3.306566 0.21610100567
          0.99591201544 -3.3218328953 0.20348900557 0.97625899315 -3.3904850483 0.13972899318
          1.0054370165 -3.2301399708 0.29481899738 1.0111260414 -3.233798027 0.28962799907
          1.0112309456 -3.2371358871 0.28575998545 1.0118169785 -3.2413630486 0.28256300092
          1.0093970299 -3.2509260178 0.27882000804 0.99291598797 -3.3105130196 0.21905499697
          0.98267197609 -3.3822889328 0.15157300234 0.98003000021 -3.3947799206 0.1392839998
          1.0073540211 -3.2561790943 0.28036698699 0.99026501179 -3.2971689701 0.22982299328
          0.9951300025 -3.311727047 0.22164100409 0.99555999041 -3.3108160496 0.22721500695
          0.98016101122 -3.389993906 0.15036199987 0.97828000784 -3.3986299038 0.14213900268
          0.97890597582 -3.3999340534 0.14127600193 1.0056849718 -3.2596321106 0.28360900283
          0.97912198305 -3.3933260441 0.14893400669 0.97836500406 -3.3969390392 0.14555999637
          1.004300952 -3.2616930008 0.28820100427 0.99208402634 -3.3208758831 0.23120200634
          1.000445962 -3.2333059311 0.31868100166 1.0013689995 -3.2621250153 0.29254299402
          0.99216502905 -3.3165988922 0.24127599597 0.98771798611 -3.3180088997 0.23679900169
          1.0006959438 -3.2610020638 0.30740401149 1.0023889542 -3.251308918 0.32467699051
          0.99656397104 -3.2549688816 0.32209900022 0.99902099371 -3.335324049 0.12144699693
          0.99877798557 -3.3398399353 0.118704997 0.99747097492 -3.33821702 0.11730799824
          0.99649000168 -3.3415260315 0.11619400233 0.9981970191 -3.332201004 0.12533700466
          0.99652600288 -3.3318879604 0.13195599616 0.99995499849 -3.3363249302 0.12934799492
          0.99474298954 -3.345361948 0.1190629974 0.99509501457 -3.3346350193 0.13619099557
          0.99326497316 -3.3477940559 0.12327300012 0.99000698328 -3.3628880978 0.10778799653
          0.98920100927 -3.3674809933 0.10608799756 0.99278998375 -3.3382151127 0.13961000741
          0.99250501394 -3.3500449657 0.12328600138 0.9870659709 -3.3542559147 0.11428599805
          0.9853309989 -3.3718860149 0.10511299968 0.98435401917 -3.3493640423 0.14521199465
          0.9742770195 -3.3817028999 0.10590200126 0.98618000746 -3.3573839664 0.14618399739
          0.97874498367 -3.3954119682 0.11004699767 0.99686199427 -3.2899749279 0.21283599734
          0.98313397169 -3.3656470776 0.1509719938 0.98083299398 -3.3804590702 0.13114899397
          0.9773529768 -3.3808550835 0.12902399898 0.97487097979 -3.3866300583 0.12123099715
          0.97838199139 -3.3925480843 0.11908800155 0.97724300623 -3.398047924 0.11408100277
          0.99738502502 -3.2890079021 0.22630000114 0.99315202236 -3.2954339981 0.21922799945
          0.99201899767 -3.3136160374 0.20177599788 0.97949498892 -3.3822920322 0.13596099615
          0.97692102194 -3.397548914 0.1174660027 0.9934489727 -3.2953310013 0.22569100559
          0.99622899294 -3.3007159233 0.21520000696 0.99043399096 -3.3189210892 0.20349800587
          0.98060697317 -3.3707458973 0.1529700011 0.97766399384 -3.3865399361 0.13843099773
          1.0009399652 -3.2446479797 0.28138500452 0.98886197805 -3.3205111027 0.20858700573
          0.97848802805 -3.3778979778 0.15273100138 0.97534298897 -3.3912730217 0.14025500417
          1.0020209551 -3.2505760193 0.27998098731 1.0020109415 -3.2535920143 0.28029099107
          0.977388978 -3.3816800117 0.15180900693 0.97575002909 -3.387018919 0.15038600564
          0.97690600157 -3.3954410553 0.14432300627 0.97464102507 -3.3909890652 0.14741000533
          1.0009609461 -3.2582249641 0.2827180028 1.0011889935 -3.2293820381 0.30879101157
          0.9994109869 -3.2610960007 0.28652399778 0.98534798622 -3.3030509949 0.24295599759
          0.97231197357 -3.3146440983 0.22110100091 0.98768800497 -3.3101110458 0.24261400104
          0.98738998175 -3.3148419857 0.24061399698 0.99097198248 -3.2398459911 0.32307401299
          0.98942297697 -3.258179903 0.31505200267 0.94567102194 -3.4158060551 0.28798401356
          0.94595199823 -3.4124801159 0.29159399867 0.94568300247 -3.4158248901 0.28800100088
          0.94565999508 -3.4158389568 0.28797701001 0.9452239871 -3.4132559299 0.29707598686
          0.94690299034 -3.4161260128 0.29531100392 0.94698297977 -3.4199550152 0.29198399186
          0.94329297543 -3.4223649502 0.28821900487 0.94601297379 -3.4194979668 0.29897299409
          0.94353199005 -3.415594101 0.3015820086 0.94601798058 -3.4233009815 0.29563501477
          0.94185197353 -3.4250519276 0.29222100973 0.94316601753 -3.4221930504 0.30235001445
          0.94196301699 -3.4197850227 0.3039239943 0.94151198864 -3.4261240959 0.29931798577
          0.94048899412 -3.4270069599 0.296916008 0.94089800119 -3.4229838848 0.30364099145
          0.99458301067 -3.3288280964 0.12275300175 0.99340802431 -3.3271849155 0.12795299292
          0.99428999424 -3.331608057 0.11839400232 0.99348300695 -3.3352470398 0.11508700252
          0.99471098185 -3.3422338963 0.11477199942 0.9921399951 -3.340004921 0.1130150035
          0.99129897356 -3.3424060345 0.11308400333 0.99032402039 -3.3424580097 0.11962600052
          0.99049001932 -3.3432240486 0.1166800037 0.98966401815 -3.3427000046 0.12357000262
          0.98913300037 -3.3434140682 0.12528899312 0.98672997952 -3.3569700718 0.10986699909
          0.98888498545 -3.3442189693 0.1252990067 0.98753899336 -3.3489820957 0.12323500216
          0.98681497574 -3.352533102 0.1197900027 0.97590100765 -3.3780379295 0.10543999821
          0.98750299215 -3.3403549194 0.14279699326 0.97605001926 -3.3887848854 0.1076309979
          0.98189401627 -3.3555181026 0.14688999951 0.97434800863 -3.39240098 0.11071400344
          0.99291700125 -3.286864996 0.21802200377 0.99017500877 -3.2910950184 0.20857599378
          0.97993302345 -3.3603129387 0.14844100177 0.97509598732 -3.3829739094 0.12461400032
          0.97560799122 -3.3815019131 0.12788000703 0.97346502542 -3.3914320469 0.11919
          0.97366899252 -3.3947889805 0.11533500254 0.9786580205 -3.2795550823 0.21959799528
          0.98441499472 -3.2957930565 0.21420699358 0.97725701332 -3.3664629459 0.15211999416
          0.97450000048 -3.3822140694 0.13378199935 0.97539502382 -3.3812270164 0.12999300659
          0.97319102287 -3.3933470249 0.11638800055 0.99193298817 -3.2881159782 0.23136100173
          0.98088997602 -3.3011898994 0.2151709944 0.97620099783 -3.3691570759 0.15304400027
          0.97314697504 -3.3841180801 0.13852499425 1.0003390312 -3.2316920757 0.2906549871
          0.99745601416 -3.2357599735 0.28657200933 0.97434401512 -3.3748021126 0.15253199637
          0.97162002325 -3.3868749142 0.14244200289 0.99527400732 -3.2281179428 0.30153399706
          0.97893601656 -3.3046720028 0.22452500463 0.98108297586 -3.3056869507 0.21803799272
          0.97276997566 -3.3793079853 0.15036599338 0.9718080163 -3.3839540482 0.14807100594
          0.97145801783 -3.3867740631 0.14379300177 0.99627202749 -3.2566480637 0.28199198842
          0.9884160161 -3.2270150185 0.31173801422 0.99450802803 -3.260340929 0.28502199054
          0.97611302137 -3.3150238991 0.22868999839 0.99321001768 -3.2622048855 0.28978401423
          0.9781820178 -3.314150095 0.23436400294 0.99504697323 -3.2354109287 0.32125899196
          0.98420000076 -3.2624289989 0.29323101044 0.97945100069 -3.2621610165 0.2984380126
          0.98252499104 -3.2603120804 0.30859899521 0.94238501787 -3.4093289375 0.28925698996
          0.94083201885 -3.4073419571 0.293689996 0.94192898273 -3.4123549461 0.2852140069
          0.94118601084 -3.4181070328 0.28354901075 0.94185501337 -3.4097890854 0.298070997
          0.93828499317 -3.4226999283 0.28565600514 0.93927901983 -3.4127221107 0.30224600434
          0.93983602524 -3.4249629974 0.29139199853 0.93682801723 -3.4251160622 0.28990399837
          0.93762302399 -3.4164969921 0.30485901237 0.93694597483 -3.4283509254 0.29408401251
          0.93587499857 -3.4233839512 0.30534300208 0.93527901173 -3.427670002 0.30219399929
          0.93356502056 -3.4291450977 0.297935009 0.99044597149 -3.3257389069 0.12051299959
          0.99013000727 -3.3243749142 0.12735800445 0.98888498545 -3.3334650993 0.11421699822
          0.98955601454 -3.3311140537 0.1151940003 0.98767399788 -3.3379659653 0.11185400188
          0.98623299599 -3.3426759243 0.11056700349 0.98847097158 -3.3250699043 0.13399599493
          0.98676401377 -3.3376040459 0.11892899871 0.98901301622 -3.340141058 0.12106999755
          0.98643302917 -3.3369679451 0.12269700319 0.98631197214 -3.3406229019 0.11487899721
          0.98693597317 -3.3276269436 0.13799999654 0.98256498575 -3.3505079746 0.1178420037
          0.98316800594 -3.351031065 0.11175300181 0.98233801126 -3.354788065 0.10854300112
          0.98078501225 -3.3598730564 0.10712800175 0.98463100195 -3.3310790062 0.14099699259
          0.98339402676 -3.3441810608 0.12641599774 0.98215901852 -3.3486979008 0.12395700067
          0.97843998671 -3.3666269779 0.10667300224 0.98249101639 -3.3399019241 0.14469100535
          0.9758489728 -3.3727869987 0.10572899878 0.97960698605 -3.3468561172 0.14700700343
          0.97157198191 -3.3861711025 0.10791099817 0.97742497921 -3.3527700901 0.14691400528
          0.97153198719 -3.3903849125 0.11121699959 0.97000199556 -3.3891410828 0.11162099987
          0.989602983 -3.2875709534 0.2116239965 0.98847401142 -3.2955050468 0.2059019953
          0.98710799217 -3.3006169796 0.20409999788 0.98710501194 -3.3006229401 0.20410700142
          0.97639501095 -3.3557040691 0.14701899886 0.97518998384 -3.3589990139 0.1474609971
          0.96967297792 -3.3860580921 0.12145899981 0.97150701284 -3.3902549744 0.11834499985
          0.96932500601 -3.3887269497 0.11722999811 0.98392397165 -3.2930309772 0.21854700148
          0.9846739769 -3.3059790134 0.20264899731 0.97853600979 -3.3056919575 0.20249800384
          0.97287100554 -3.3647038937 0.14982199669 0.97000402212 -3.380767107 0.13156799972
          0.97020697594 -3.3827331066 0.12537899613 0.98316198587 -3.2920749187 0.22397699952
          0.97798997164 -3.3127799034 0.20305199921 0.97069299221 -3.3706729412 0.14963999391
          0.96976000071 -3.3818070889 0.13903200626 0.96897000074 -3.3809359074 0.13838799298
          0.988714993 -3.2301390171 0.2904689908 0.96900099516 -3.2812020779 0.232803002
          0.97587502003 -3.2926039696 0.22718699276 0.97984200716 -3.3169550896 0.20731399953
          0.96958297491 -3.3745129108 0.14639900625 0.96880400181 -3.3786330223 0.14314599335
          0.9703900218 -3.3819038868 0.1462559998 0.97098600864 -3.3859109879 0.14300300181
          0.99119198322 -3.2426939011 0.28282999992 0.99395698309 -3.2493779659 0.28076198697
          0.98063999414 -3.3007678986 0.22744299471 0.97964298725 -3.3177509308 0.21416899562
          0.99124002457 -3.2546229362 0.28167399764 0.98168599606 -3.2955029011 0.24144800007
          0.9897840023 -3.2594630718 0.2834700048 0.98807698488 -3.2619819641 0.28757101297
          0.9780780077 -3.3059670925 0.24048100412 0.97705900669 -3.3101658821 0.2378090024
          0.98687499762 -3.2442879677 0.32363599539 0.97456598282 -3.2448399067 0.3230060041
          0.98250997066 -3.2517039776 0.32168999314 0.98540502787 -3.2554109097 0.31847199798
          0.93828099966 -3.4065840244 0.28729200363 0.93788301945 -3.4053061008 0.29354700446
          0.93779599667 -3.40969491 0.28331500292 0.93661999702 -3.4140980244 0.28087100387
          0.93477398157 -3.4195740223 0.27995100617 0.93287199736 -3.4048480988 0.29887399077
          0.93557399511 -3.4236090183 0.28363698721 0.93300998211 -3.4239919186 0.2821469903
          0.93465000391 -3.410433054 0.30235499144 0.93174600601 -3.4270889759 0.28638800979
          0.9301019907 -3.4286448956 0.29073101282 0.92697799206 -3.4172430038 0.30795401335
          0.92898201942 -3.4291911125 0.29775598645 0.92954701185 -3.4236268997 0.3066920042
          0.92864602804 -3.427521944 0.30363899469 0.98551499844 -3.3263640404 0.11483500153
          0.98851001263 -3.3326070309 0.11341200024 0.9851949811 -3.329914093 0.11133400351
          0.98446798325 -3.3347740173 0.10881700367 0.98500597477 -3.3215410709 0.12425299734
          0.98348999023 -3.3332400322 0.11512000114 0.98496097326 -3.3350589275 0.11668500304
          0.98294001818 -3.3308858871 0.1198489964 0.98204600811 -3.338023901 0.11338700354
          0.98574900627 -3.3429338932 0.11012200266 0.98198598623 -3.3392748833 0.10725799948
          0.98110800982 -3.343100071 0.10785900056 0.98506700993 -3.3349750042 0.12383200228
          0.97965598106 -3.3307960033 0.12527899444 0.98003298044 -3.3437769413 0.11383300275
          0.98129200935 -3.345072031 0.11326300353 0.98125100136 -3.3488590717 0.10991799831
          0.97974699736 -3.346955061 0.10827200115 0.97886300087 -3.3495080471 0.10827299953
          0.9840080142 -3.3382890224 0.12747000158 0.97962999344 -3.3347160816 0.12852600217
          0.97812098265 -3.3478300571 0.11643800139 0.97766000032 -3.3531620502 0.10785099864
          0.97648102045 -3.3572180271 0.10763499886 0.97967797518 -3.3385419846 0.12864199281
          0.97573399544 -3.3437058926 0.12644800544 0.97705101967 -3.3474810123 0.12385100126
          0.97419101 -3.3629529476 0.1084100008 0.97590202093 -3.3266470432 0.14170500636
          0.97289502621 -3.3669559956 0.10801900178 0.9753280282 -3.3432710171 0.14683899283
          0.97075301409 -3.3719410896 0.10700300336 0.96910202503 -3.3783829212 0.10655800253
          0.96686601639 -3.3822619915 0.10924100131 0.97372698784 -3.3480679989 0.14680799842
          0.96597099304 -3.3846449852 0.11374200135 0.98465698957 -3.283178091 0.21536499262
          0.98317801952 -3.2890479565 0.20757499337 0.98708599806 -3.3006160259 0.20410400629
          0.97913998365 -3.2992799282 0.20352700353 0.97104799747 -3.3523519039 0.1447609961
          0.97055000067 -3.3584918976 0.14386500418 0.97149097919 -3.3598399162 0.14505699277
          0.96923398972 -3.3628060818 0.14149099588 0.96597200632 -3.3802440166 0.12370599806
          0.96784502268 -3.3813860416 0.12448800355 0.9663400054 -3.377286911 0.12767800689
          0.96564799547 -3.38301301 0.11937099695 0.96950697899 -3.3668749332 0.14519199729
          0.9664940238 -3.3747289181 0.13245399296 0.97427600622 -3.2804150581 0.22948899865
          0.96719002724 -3.3733170033 0.13812400401 0.970484972 -3.3136329651 0.21356500685
          0.98870801926 -3.2265429497 0.30851900578 0.98145502806 -3.2486190796 0.28229099512
          0.98510700464 -3.2574319839 0.28328999877 0.98912900686 -3.2298939228 0.31648498774
          0.98383802176 -3.2611119747 0.2866230011 0.96916300058 -3.296818018 0.23996600509
          0.98706501722 -3.2330310345 0.31960099936 0.98199701309 -3.2367300987 0.32154598832
          0.97496902943 -3.2610559464 0.30423501134 0.93325901031 -3.4077870846 0.28233098984
          0.93370300531 -3.4046258926 0.28619301319 0.93378901482 -3.4034500122 0.292843014
          0.93207997084 -3.4122030735 0.27987399697 0.93007802963 -3.4180440903 0.27894100547
          0.92826300859 -3.4226989746 0.28114500642 0.93041098118 -3.4075090885 0.30246800184
          0.92675900459 -3.425342083 0.28517198563 0.92547798157 -3.4270598888 0.29001298547
          0.92414700985 -3.427697897 0.29746699333 0.92272299528 -3.4186520576 0.3101260066
          0.9253860116 -3.4236819744 0.30762401223 0.92373102903 -3.4270479679 0.30389401317
          0.97954398394 -3.3206760883 0.11777699739 0.9807189703 -3.3278939724 0.11019399762
          0.98038601875 -3.3317470551 0.10715200007 0.97823798656 -3.3366470337 0.10527999699
          0.97984802723 -3.3185660839 0.12923799455 0.97946000099 -3.3282139301 0.11804399639
          0.97917801142 -3.3281319141 0.12016700208 0.97916197777 -3.330933094 0.11365299672
          0.97571599483 -3.3355369568 0.11230099946 0.97504997253 -3.3415141106 0.11359299719
          0.97540199757 -3.3437469006 0.10612700135 0.97408097982 -3.3483850956 0.10710600019
          0.9725189805 -3.3446969986 0.11672499776 0.97268199921 -3.3521249294 0.1078279987
          0.97195398808 -3.3539829254 0.10825700313 0.97167497873 -3.3374149799 0.12913499773
          0.97270697355 -3.3456690311 0.12292599678 0.97005999088 -3.3586421013 0.11033699661
          0.97210401297 -3.3606569767 0.10948699713 0.96818697453 -3.3629329205 0.11248199642
          0.97137600183 -3.3373639584 0.14547200501 0.96665799618 -3.3681530952 0.1111010015
          0.9648219943 -3.3731880188 0.1090419963 0.97054797411 -3.3420810699 0.14618200064
          0.96260297298 -3.3762350082 0.1125459969 0.9693120122 -3.3458828926 0.14564399421
          0.96818298101 -3.3502209187 0.14309599996 0.96817797422 -3.3541140556 0.13998199999
          0.96787399054 -3.3587100506 0.13739599288 0.96679800749 -3.3555719852 0.13515800238
          0.96712601185 -3.358645916 0.13024500012 0.96665102243 -3.3619799614 0.1265539974
          0.96497297287 -3.369136095 0.12671999633 0.96687501669 -3.369656086 0.13469299674
          0.96289902925 -3.3795340061 0.11659599841 0.97661399841 -3.2827780247 0.20973500609
          0.96003901958 -3.289675951 0.20339399576 0.9631100297 -3.3724060059 0.12347199768
          0.96221601963 -3.376003027 0.11997999996 0.97898697853 -3.2804069519 0.22519500554
          0.97715002298 -3.2908470631 0.22226400673 0.97736400366 -3.2917149067 0.21874499321
          0.97690802813 -3.2947409153 0.21470199525 0.97563397884 -3.2982749939 0.21505700052
          0.97322899103 -3.3100550175 0.20362499356 0.97390699387 -3.302011013 0.21802200377
          0.968577981 -3.3108999729 0.20837700367 0.9851859808 -3.2277550697 0.29715698957
          0.98775798082 -3.2329781055 0.28664401174 0.98254001141 -3.2417180538 0.28323599696
          0.96503198147 -3.2842280865 0.23642200232 0.97416001558 -3.2979669571 0.22586199641
          0.97328799963 -3.3018059731 0.22274400294 0.98367500305 -3.2261750698 0.30275499821
          0.95941197872 -3.2871499062 0.23835200071 0.98014700413 -3.2544350624 0.28346499801
          0.96903401613 -3.3118400574 0.2267819941 0.96858197451 -3.3095440865 0.23143400252
          0.97911798954 -3.2583830357 0.2856169939 0.97435498238 -3.2573130131 0.28573399782
          0.96645402908 -3.3007950783 0.23775500059 0.96611499786 -3.305136919 0.23484100401
          0.97729897499 -3.2615509033 0.2901929915 0.97248601913 -3.2619280815 0.29716598988
          0.97832101583 -3.2405540943 0.32258799672 0.95861500502 -3.2557160854 0.31394299865
          0.92559498549 -3.4023010731 0.28541499376 0.92413300276 -3.3995881081 0.29167801142
          0.92663401365 -3.4059228897 0.28171700239 0.92479801178 -3.4103569984 0.27932798862
          0.92559397221 -3.4163229465 0.2786180079 0.92745399475 -3.401870966 0.29906499386
          0.92368602753 -3.4205679893 0.28095701337 0.92405802011 -3.4032781124 0.303914994
          0.92245900631 -3.4225161076 0.28532600403 0.92495697737 -3.4082529545 0.30637100339
          0.92166602612 -3.4218769073 0.29255598783 0.9202709794 -3.4091830254 0.31028801203
          0.92091399431 -3.4256570339 0.29620298743 0.92060101032 -3.4167969227 0.31098300219
          0.91860800982 -3.4260239601 0.30358299613 0.92000097036 -3.418612957 0.31079000235
          0.91885602474 -3.4229829311 0.30827701092 0.97660201788 -3.3221600056 0.11246500164
          0.97581201792 -3.329734087 0.10579299927 0.97284799814 -3.3334999084 0.10327199847
          0.97179400921 -3.3361349106 0.10285700113 0.97457897663 -3.326114893 0.11986900121
          0.9747480154 -3.3266570568 0.11743099988 0.97446197271 -3.3293509483 0.11301100254
          0.97148400545 -3.3418750763 0.10425200313 0.96879601479 -3.3147079945 0.13446600735
          0.97346502542 -3.3269290924 0.12541100383 0.96938598156 -3.3468370438 0.10635299981
          0.96993601322 -3.318185091 0.13875299692 0.97285801172 -3.3303079605 0.12960200012
          0.96752899885 -3.3512129784 0.10869900137 0.970911026 -3.3310110569 0.12986500561
          0.96871399879 -3.3427040577 0.12072499841 0.96839302778 -3.3409650326 0.12615500391
          0.96641999483 -3.3545689583 0.11236099899 0.96497398615 -3.3542759418 0.11892300099
          0.96642398834 -3.3585710526 0.11578799784 0.96732997894 -3.333190918 0.14495499432
          0.96302002668 -3.3251829147 0.14355899394 0.96562200785 -3.3581719398 0.1228030026
          0.96483397484 -3.3538029194 0.12625899911 0.96650797129 -3.362279892 0.1195930019
          0.9655020237 -3.3657329082 0.1161070019 0.96435600519 -3.3691380024 0.11259999871
          0.9666659832 -3.3381559849 0.14549399912 0.96495497227 -3.343020916 0.14407500625
          0.96432501078 -3.3497099876 0.13635599613 0.96529000998 -3.3655390739 0.12320800126
          0.96318000555 -3.3686099052 0.11956000328 0.96175301075 -3.3719170094 0.11601199955
          0.96434497833 -3.3469569683 0.14054000378 0.97151201963 -3.2781140804 0.21299800277
          0.97088497877 -3.3024818897 0.20236599445 0.97244501114 -3.2918889523 0.21961000562
          0.9713820219 -3.2947719097 0.21589699388 0.97127199173 -3.2950930595 0.21588799357
          0.96802902222 -3.3067369461 0.20408700407 0.97063201666 -3.2935039997 0.22402200103
          0.96948301792 -3.2991349697 0.21855799854 0.98171699047 -3.2295060158 0.29131698608
          0.98167699575 -3.2320730686 0.28704899549 0.97956502438 -3.2363960743 0.28505399823
          0.97009801865 -3.2951409817 0.22380399704 0.96922600269 -3.298979044 0.22068600357
          0.98136597872 -3.2254939079 0.30956399441 0.97785401344 -3.2271449566 0.31316500902
          0.96993798018 -3.2295439243 0.31553098559 0.97259002924 -3.2603020668 0.28919899464
          0.97350597382 -3.2338368893 0.31939399242 0.97131699324 -3.2618160248 0.29432201385
          0.96535497904 -3.2614130974 0.29893299937 0.9618639946 -3.2475209236 0.32163500786
          0.9700729847 -3.2532789707 0.31857100129 0.92110902071 -3.4133660793 0.2790980041
          0.92322397232 -3.3994209766 0.29872199893 0.91964399815 -3.4174990654 0.28174901009
          0.91831201315 -3.4175980091 0.28828498721 0.91967898607 -3.4035520554 0.30778801441
          0.91705799103 -3.4190440178 0.29336300492 0.91539400816 -3.4224760532 0.29662498832
          0.91636800766 -3.412694931 0.31266799569 0.91354000568 -3.4239990711 0.30248901248
          0.91474300623 -3.4181189537 0.31138598919 0.91391599178 -3.4218699932 0.3081690073
          0.96047800779 -3.3128209114 0.11370600015 0.96814799309 -3.3260500431 0.10461000353
          0.9700909853 -3.3235509396 0.12010099739 0.9695379734 -3.3245689869 0.11628799886
          0.96944797039 -3.32833004 0.11304199696 0.96664601564 -3.3401019573 0.10318099707
          0.96950101852 -3.3240070343 0.12306000292 0.96419799328 -3.3228271008 0.12515200675
          0.96483999491 -3.3354589939 0.11424600333 0.96484398842 -3.3445360661 0.10632999986
          0.964582026 -3.3267869949 0.12878799438 0.96501600742 -3.3401620388 0.11740200222
          0.96319401264 -3.3478960991 0.10966099799 0.96282798052 -3.3193230629 0.14156599343
          0.96405100822 -3.3349750042 0.12831099331 0.96345001459 -3.3390109539 0.12528200448
          0.96204602718 -3.3492360115 0.11434599757 0.9622169733 -3.3496339321 0.11472000182
          0.96193999052 -3.3493180275 0.11487299949 0.96125298738 -3.3489789963 0.12161999941
          0.96138900518 -3.3480799198 0.12887899578 0.96218001842 -3.3361549377 0.1443759948
          0.96252197027 -3.3308498859 0.14451099932 0.96145701408 -3.3408689499 0.14211499691
          0.95968002081 -3.343118906 0.13762299716 0.95696502924 -3.3430700302 0.13154099882
          0.97092598677 -3.2763040066 0.21843999624 0.96111297607 -3.2733530998 0.22393600643
          0.9534419775 -3.2927289009 0.20271700621 0.9710649848 -3.2948310375 0.21602499485
          0.96945697069 -3.2941539288 0.22292199731 0.96819001436 -3.2975170612 0.21939699352
          0.95923399925 -3.3058099747 0.20791199803 0.95907002687 -3.3080470562 0.2125750035
          0.95923602581 -3.2259099483 0.29934900999 0.97139501572 -3.2412359715 0.2844029963
          0.96035397053 -3.3097391129 0.21915699542 0.97373700142 -3.2252969742 0.30661100149
          0.96820002794 -3.2477610111 0.28445500135 0.9569439888 -3.2929699421 0.23832400143
          0.95474600792 -3.3040249348 0.22887399793 0.94543498755 -3.3030319214 0.22287100554
          0.96796399355 -3.254242897 0.28600400686 0.9560379982 -3.2971520424 0.23585799336
          0.95602101088 -3.3012969494 0.23267300427 0.96790897846 -3.2586820126 0.28851500154
          0.96648001671 -3.2609629631 0.2928929925 0.96542602777 -3.2363009453 0.32119399309
          0.96411502361 -3.2420070171 0.32257500291 0.95867401361 -3.2575159073 0.31103900075
          0.91665399075 -3.4002189636 0.2853679955 0.9193559885 -3.3979799747 0.29096800089
          0.91826599836 -3.404225111 0.28188601136 0.91614097357 -3.4096128941 0.28001898527
          0.91885399818 -3.3972070217 0.2962270081 0.91512101889 -3.4134309292 0.28337100148
          0.91696697474 -3.3983259201 0.30451101065 0.91407102346 -3.4146280289 0.28662401438
          0.91233402491 -3.4176380634 0.29247200489 0.91078299284 -3.4205150604 0.29627200961
          0.91106402874 -3.4077789783 0.31426098943 0.90978199244 -3.4217290878 0.30171000957
          0.91101098061 -3.412512064 0.31364899874 0.90987700224 -3.416862011 0.31111499667
          0.90929299593 -3.4201378822 0.30735599995 0.96797400713 -3.3145589828 0.12064000219
          0.96239900589 -3.31676507 0.10964500159 0.96473097801 -3.3302030563 0.10127799958
          0.9628739953 -3.3340280056 0.10076300055 0.96366602182 -3.3114550114 0.12683700025
          0.965470016 -3.3216409683 0.11969900131 0.95991098881 -3.3263421059 0.11291199923
          0.96241897345 -3.3386609554 0.10262899846 0.96526801586 -3.3215119839 0.12137900293
          0.96027898788 -3.3423480988 0.10619699955 0.96232199669 -3.3146328926 0.13837699592
          0.95898097754 -3.3447730541 0.11050699651 0.96057802439 -3.3280160427 0.12901100516
          0.95897597075 -3.3372209072 0.12432000041 0.95737701654 -3.3447680473 0.11718100309
          0.95693200827 -3.3440039158 0.12436799705 0.95631599426 -3.3334128857 0.14275400341
          0.95542097092 -3.3375499249 0.14003700018 0.95318698883 -3.2991909981 0.20414799452
          0.96833097935 -3.2317109108 0.28939598799 0.93995797634 -3.301846981 0.21637399495
          0.96861201525 -3.226596117 0.31111699343 0.96326899529 -3.2568640709 0.288022995
          0.96455901861 -3.2311229706 0.31768000126 0.96170300245 -3.2598121166 0.29175400734
          0.95798802376 -3.2608430386 0.29594799876 0.95376902819 -3.2603828907 0.30083200336
          0.95204997063 -3.2501339912 0.31923601031 0.91452199221 -3.396928072 0.28991299868
          0.91076099873 -3.4037270546 0.28289398551 0.913869977 -3.395004034 0.29899600148
          0.91424101591 -3.3954560757 0.29539299011 0.91104197502 -3.4112160206 0.2834109962
          0.91329199076 -3.3954529762 0.30349799991 0.90583300591 -3.4180591106 0.29568099976
          0.91116297245 -3.3972070217 0.3099629879 0.90734702349 -3.3986690044 0.31404298544
          0.90800201893 -3.4060590267 0.31523698568 0.90360701084 -3.4180400372 0.3014549911
          0.90600699186 -3.4115240574 0.31368300319 0.90521502495 -3.4152059555 0.31038799882
          0.90482997894 -3.4180929661 0.30618798733 0.95783102512 -3.3096048832 0.11910499632
          0.95048797131 -3.3194789886 0.1027129963 0.96059602499 -3.3209660053 0.1180979982
          0.96048802137 -3.3222239017 0.11586199701 0.95735400915 -3.3368499279 0.10268399864
          0.95853799582 -3.3104770184 0.13346800208 0.95809799433 -3.3205649853 0.12392900139
          0.96036702394 -3.3203239441 0.12118600309 0.95572698116 -3.330755949 0.11420500278
          0.9562690258 -3.3400039673 0.10636600107 0.95586502552 -3.3234269619 0.12789900601
          0.95570200682 -3.335146904 0.11750199646 0.95450800657 -3.3413479328 0.11150299758
          0.95198202133 -3.3308138847 0.12653300166 0.95326501131 -3.3350670338 0.12340299785
          0.95386397839 -3.3415589333 0.11541199684 0.95330697298 -3.3408179283 0.12601299584
          0.95185697079 -3.3388719559 0.13461600244 0.94735497236 -3.3248980045 0.14272899926
          0.95907998085 -3.2726149559 0.21686799824 0.94727301598 -3.3005959988 0.20685499907
          0.95764100552 -3.2277500629 0.29451400042 0.95731699467 -3.2345299721 0.28725901246
          0.95447802544 -3.2394590378 0.28580999374 0.95509302616 -3.2463989258 0.28577899933
          0.96413600445 -3.2280619144 0.31371501088 0.95701998472 -3.2541079521 0.28767299652
          0.95697897673 -3.2584059238 0.29086300731 0.95917099714 -3.2337839603 0.32032200694
          0.95614397526 -3.2397890091 0.32264900208 0.95417499542 -3.2457909584 0.32220900059
          0.90894901752 -3.3993659019 0.28602200747 0.90929800272 -3.392884016 0.29955801368
          0.9094799757 -3.3939929008 0.294885993 0.90957897902 -3.3959369659 0.28961199522
          0.90772199631 -3.4038319588 0.28362599015 0.90624600649 -3.4078071117 0.2843169868
          0.90781897306 -3.3918449879 0.30614200234 0.90462499857 -3.4110250473 0.28778600693
          0.89941197634 -3.4112329483 0.29204300046 0.90267401934 -3.4010748863 0.31641599536
          0.90235900879 -3.4057540894 0.31576099992 0.90121102333 -3.410130024 0.31325501204
          0.90051501989 -3.4136230946 0.30974599719 0.90047299862 -3.4158420563 0.3047850132
          0.95584201813 -3.3273539543 0.10035599768 0.95481497049 -3.3303449154 0.10023000091
          0.95587801933 -3.3195309639 0.11723399907 0.95446699858 -3.3204400539 0.11501400173
          0.95283699036 -3.334428072 0.10277800262 0.95573997498 -3.318598032 0.12038099766
          0.95003497601 -3.3247048855 0.1133890003 0.95127999783 -3.3373339176 0.10655000061
          0.94982302189 -3.3389279842 0.11201199889 0.94875401258 -3.3246309757 0.12802399695
          0.94995200634 -3.3343980312 0.12258300185 0.94910997152 -3.3379929066 0.119833
          0.93476498127 -3.3137969971 0.14120699465 0.94993400574 -3.3342020512 0.12316899747
          0.94812697172 -3.3379590511 0.12721799314 0.9473670125 -3.3369629383 0.13368099928
          0.94662499428 -3.329982996 0.14146099985 0.94508600235 -3.3337430954 0.13805399835
          0.94524198771 -3.2683959007 0.22767999768 0.94431000948 -3.2710270882 0.23221300542
          0.95256197453 -3.2788081169 0.23575299978 0.93811100721 -3.2988200188 0.22667500377
          0.96086198092 -3.2268540859 0.30616399646 0.95854699612 -3.2288498878 0.31047800183
          0.95784300566 -3.2296190262 0.3165409863 0.95091599226 -3.2562830448 0.28971800208
          0.95079100132 -3.2594509125 0.29418501258 0.95312899351 -3.2363240719 0.32196098566
          0.93730401993 -3.2578089237 0.30731698871 0.90471100807 -3.3903870583 0.2991400063
          0.90478599072 -3.392398119 0.29423099756 0.90388602018 -3.3947870731 0.29035100341
          0.90357398987 -3.3990368843 0.28681400418 0.90283900499 -3.4046781063 0.28572800756
          0.89976000786 -3.4072139263 0.28843799233 0.89234101772 -3.3864479065 0.31788399816
          0.89756798744 -3.4128599167 0.2968659997 0.89953398705 -3.3992979527 0.31733599305
          0.89597398043 -3.4133300781 0.30307000875 0.89744102955 -3.404597044 0.315602988
          0.89649802446 -3.4085729122 0.31264200807 0.89597201347 -3.4117350578 0.30875599384
          0.94976097345 -3.319175005 0.11497599632 0.94677197933 -3.3317699432 0.10225699842
          0.95024400949 -3.3178560734 0.12319499999 0.9508190155 -3.3174479008 0.12022999674
          0.94165199995 -3.32457304 0.11317399889 0.94592499733 -3.3350110054 0.10571700335
          0.94881600142 -3.3201301098 0.12758000195 0.93850499392 -3.3281741142 0.11573199928
          0.94535797834 -3.3371179104 0.11155000329 0.92952901125 -3.3067240715 0.13800999522
          0.94603997469 -3.3289330006 0.12596000731 0.9454460144 -3.3322069645 0.12205699831
          0.94809901714 -3.3330359459 0.12284699827 0.94454497099 -3.3361699581 0.11891499907
          0.94329100847 -3.3365089893 0.12660999596 0.94201499224 -3.3356080055 0.13279999793
          0.9507830143 -3.270457983 0.2159550041 0.9517070055 -3.2697339058 0.2228949964
          0.92870497704 -3.2964739799 0.20969100296 0.93992602825 -3.2778789997 0.23801900446
          0.95407998562 -3.2297010422 0.29087299109 0.93869000673 -3.2825849056 0.23892100155
          0.95401400328 -3.2258689404 0.30089899898 0.95539802313 -3.2264909744 0.3041369915
          0.92899399996 -3.2899930477 0.23480699956 0.94187700748 -3.2969560623 0.23155200481
          0.95407098532 -3.2286400795 0.30863401294 0.94533002377 -3.2490990162 0.28720501065
          0.94778698683 -3.227905035 0.31339299679 0.95144599676 -3.2316861153 0.31887099147
          0.94600099325 -3.2583639622 0.29298299551 0.94471102953 -3.2599630356 0.29802298546
          0.94751501083 -3.2390899658 0.32261100411 0.94063597918 -3.2595369816 0.30257698894
          0.93517100811 -3.2429230213 0.32249599695 0.92987298965 -3.2545130253 0.31319001317
          0.89981299639 -3.3908939362 0.29403099418 0.90063798428 -3.3876209259 0.29906100035
          0.89859801531 -3.3994131088 0.28824800253 0.89814800024 -3.398375988 0.28895699978
          0.89794999361 -3.3837940693 0.30874499679 0.90040498972 -3.3859229088 0.30299198627
          0.89776301384 -3.3996241093 0.28864100575 0.89602202177 -3.4040720463 0.29002100229
          0.8957260251 -3.3851799965 0.3138050139 0.89442902803 -3.4071550369 0.29362100363
          0.89044201374 -3.4074840546 0.29833900928 0.89403402805 -3.3941090107 0.31864601374
          0.89026600122 -3.4095330238 0.30368098617 0.89377999306 -3.3988521099 0.31770899892
          0.89255797863 -3.4033710957 0.31536701322 0.89180499315 -3.4069778919 0.31198599935
          0.89147400856 -3.4097590446 0.30766499043 0.94100302458 -3.3061749935 0.11073499918
          0.94324600697 -3.3102970123 0.10719700158 0.94458502531 -3.3249969482 0.1007310003
          0.93110901117 -3.299036026 0.12348400056 0.93454301357 -3.301222086 0.13003699481
          0.94576197863 -3.3152639866 0.1234550029 0.94612598419 -3.3158531189 0.11957400292
          0.92820000648 -3.3021349907 0.13399499655 0.94403201342 -3.3169078827 0.12825700641
          0.9393299818 -3.3354070187 0.10977700353 0.94112098217 -3.3230528831 0.12785799801
          0.94107598066 -3.3287799358 0.1235229969 0.94104301929 -3.3300440311 0.12075400352
          0.94063299894 -3.336149931 0.11262000352 0.94118499756 -3.3276309967 0.1254940033
          0.93748801947 -3.3355870247 0.1253850013 0.93042302132 -3.3270680904 0.14161799848
          0.93019098043 -3.3327670097 0.13330300152 0.9356970191 -3.2811629772 0.20212100446
          0.93457901478 -3.2843899727 0.20169100165 0.93176597357 -3.2902200222 0.20245599747
          0.93854999542 -3.2723278999 0.23543299735 0.95042300224 -3.2266559601 0.29503500462
          0.93132901192 -3.2300789356 0.28821098804 0.93344801664 -3.2992050648 0.22163699567
          0.94576001167 -3.2247049809 0.30143600702 0.91841799021 -3.2834379673 0.23622600734
          0.94924902916 -3.2273440361 0.30764499307 0.93429601192 -3.250551939 0.2888019979
          0.94484597445 -3.230246067 0.31714999676 0.94110298157 -3.2568590641 0.29212900996
          0.9444180131 -3.2340579033 0.32077500224 0.93985599279 -3.259196043 0.29651200771
          0.92293000221 -3.2459559441 0.3213750124 0.92507302761 -3.2504749298 0.31794801354
          0.89521598816 -3.3861351013 0.29691499472 0.89718300104 -3.3835759163 0.30142500997
          0.89459902048 -3.3930330276 0.29212200642 0.89348399639 -3.401706934 0.29164400697
          0.89253097773 -3.396707058 0.29399201274 0.8907880187 -3.4002709389 0.29798799753
          0.89140498638 -3.3928239346 0.31964498758 0.88868200779 -3.398045063 0.3179500103
          0.88781702518 -3.401870966 0.31481799483 0.88710802794 -3.4053900242 0.31133699417
          0.88707500696 -3.4075899124 0.30635499954 0.92935997248 -3.2999010086 0.11425100267
          0.93682599068 -3.3193030357 0.10173399746 0.93740999699 -3.3276319504 0.10177700222
          0.94117802382 -3.312030077 0.12410499901 0.94177800417 -3.3135840893 0.11814899743
          0.9411560297 -3.3169341087 0.11447600275 0.93715399504 -3.3320610523 0.10474000126
          0.93973100185 -3.3142809868 0.12860099971 0.93905597925 -3.3167600632 0.12925200164
          0.93642300367 -3.3270258904 0.12296900153 0.93670898676 -3.3277490139 0.11930099875
          0.93609601259 -3.326335907 0.12515699863 0.92834299803 -3.3303129673 0.13801300526
          0.94070398808 -3.2695200443 0.21076700091 0.93198698759 -3.2704980373 0.20626500249
          0.92488497496 -3.2726349831 0.20324100554 0.93775701523 -3.2646100521 0.22069400549
          0.92554402351 -3.2864530087 0.20175600052 0.92961901426 -3.2980420589 0.21462599933
          0.92838400602 -3.296423912 0.22639599442 0.9283400178 -3.2937328815 0.23138199747
          0.94315701723 -3.2246780396 0.30564200878 0.94012397528 -3.2399039268 0.30380100012
          0.94016999006 -3.2413620949 0.30529400706 0.93960100412 -3.2406179905 0.3056910038
          0.94058698416 -3.2415759563 0.29814100266 0.94069099426 -3.2453439236 0.30203101039
          0.93850499392 -3.2459859848 0.30048298836 0.93929797411 -3.241517067 0.30563700199
          0.93821400404 -3.2457680702 0.30298799276 0.93489998579 -3.2583479881 0.29501101375
          0.93834900856 -3.2365500927 0.32205098867 0.93145602942 -3.2592749596 0.29941999912
          0.93085300922 -3.2589950562 0.30355399847 0.89197599888 -3.380865097 0.29955199361
          0.89272499084 -3.3783380985 0.30406099558 0.89019501209 -3.3889958858 0.2939530015
          0.88818997145 -3.3762900829 0.31047999859 0.88827198744 -3.392936945 0.29631400108
          0.88914000988 -3.3809549809 0.31456598639 0.88680100441 -3.3954238892 0.30049300194
          0.8882510066 -3.3835999966 0.3187699914 0.88445097208 -3.4024341106 0.3003450036
          0.88646399975 -3.3871970177 0.32160499692 0.88272899389 -3.4050600529 0.30437201262
          0.88022500277 -3.3923170567 0.32118400931 0.8826649785 -3.3970339298 0.31795600057
          0.88289397955 -3.4005858898 0.31463000178 0.88242697716 -3.4037709236 0.31065300107
          0.93391400576 -3.311357975 0.10414300114 0.90693700314 -3.2908530235 0.11726199836
          0.93632602692 -3.3096859455 0.12243500352 0.93595099449 -3.3115310669 0.11720199883
          0.93580102921 -3.3155989647 0.11408200115 0.93142199516 -3.3195860386 0.11355400085
          0.93226999044 -3.3248119354 0.11606100202 0.92878001928 -3.3318080902 0.10832999647
          0.92930698395 -3.3155889511 0.13002300262 0.93174600601 -3.3253850937 0.12230599672
          0.9244300127 -3.3318200111 0.11269800365 0.93222802877 -3.3214669228 0.12828199565
          0.91340398788 -3.329349041 0.11753500253 0.91847902536 -3.3308050632 0.12621200085
          0.91649502516 -3.3183510303 0.14287899435 0.93022602797 -3.2636051178 0.21445000172
          0.93441802263 -3.263933897 0.22686800361 0.93295800686 -3.2657330036 0.23120599985
          0.92712801695 -3.2930920124 0.20495499671 0.94056099653 -3.2240569592 0.30083200336
          0.93220299482 -3.2353539467 0.2865549922 0.93119001389 -3.2433490753 0.28712698817
          0.92928397655 -3.2225129604 0.30987000465 0.93666702509 -3.2358961105 0.30039700866
          0.93863600492 -3.2371509075 0.30127701163 0.93664699793 -3.2352619171 0.30204099417
          0.93623101711 -3.2388839722 0.29631200433 0.93537598848 -3.2414889336 0.29599800706
          0.93278801441 -3.2261970043 0.31525099277 0.93542999029 -3.2364990711 0.30743199587
          0.93356198072 -3.2456519604 0.2985509932 0.93166601658 -3.2535960674 0.29060599208
          0.93548798561 -3.230825901 0.31944000721 0.93388700485 -3.2413229942 0.30657500029
          0.93100702763 -3.2453360558 0.30398699641 0.9302290082 -3.2571389675 0.29416799545
          0.9241399765 -3.256716013 0.30926400423 0.88792401552 -3.3748140335 0.30505299568
          0.88807398081 -3.3755879402 0.30219200253 0.88733702898 -3.3791639805 0.29877498746
          0.88606399298 -3.3837230206 0.29654300213 0.88441699743 -3.3891339302 0.29515099525
          0.88361001015 -3.3912250996 0.29571899772 0.88502001762 -3.3777151108 0.31541699171
          0.88200998306 -3.3943440914 0.2992849946 0.88404798508 -3.3789699078 0.32077500224
          0.87993597984 -3.3997850418 0.30059701204 0.88215601444 -3.381882906 0.32433500886
          0.87841099501 -3.4025349617 0.30452099442 0.88063198328 -3.3879740238 0.32377800345
          0.87774401903 -3.4021570683 0.30997499824 0.87783002853 -3.4000759125 0.31482198834
          0.93050402403 -3.3065280914 0.10602200031 0.932313025 -3.3169569969 0.10184700042
          0.93230897188 -3.3169639111 0.10185500234 0.92960697412 -3.3232629299 0.10148400068
          0.92743498087 -3.3279149532 0.10402099788 0.93080401421 -3.3101730347 0.12821899354
          0.92704802752 -3.3222820759 0.11597499996 0.92700499296 -3.3240640163 0.12133199722
          0.91957497597 -3.3066389561 0.14032000303 0.92733901739 -3.3202540874 0.12806099653
          0.92663997412 -3.3237550259 0.12455800176 0.91571599245 -3.3232319355 0.14067099988
          0.91152197123 -3.2666449547 0.23508700728 0.92139798403 -3.2772200108 0.23705799878
          0.91804802418 -3.2951889038 0.22059300542 0.93001198769 -3.2236969471 0.29653999209
          0.92638897896 -3.2259809971 0.29187700152 0.91833198071 -3.2943089008 0.226650998
          0.93508499861 -3.2228848934 0.30511501431 0.93226099014 -3.2321939468 0.30276200175
          0.93228501081 -3.2336950302 0.29905098677 0.93159198761 -3.237183094 0.29553499818
          0.9306499958 -3.2400898933 0.29510000348 0.9316830039 -3.2327330112 0.30544298887
          0.93361198902 -3.2352919579 0.30767399073 0.93096101284 -3.2338430882 0.30775400996
          0.92879897356 -3.2444369793 0.29747399688 0.92996901274 -3.2360780239 0.30924999714
          0.92988801003 -3.2419350147 0.30800300837 0.92840898037 -3.2371609211 0.31049099565
          0.92762702703 -3.245454073 0.30307799578 0.92181199789 -3.2546439171 0.2926119864
          0.92867797613 -3.2330489159 0.32181298733 0.92070901394 -3.2450881004 0.30618798733
          0.92387700081 -3.2581460476 0.29723799229 0.92278599739 -3.2358140945 0.32291299105
          0.92230600119 -3.258466959 0.30437099934 0.91973102093 -3.2403490543 0.32306200266
          0.88346397877 -3.3738319874 0.30134999752 0.88368999958 -3.37144804 0.3061029911
          0.8822259903 -3.3797619343 0.29760700464 0.88268297911 -3.3712151051 0.31288099289
          0.88108199835 -3.3827519417 0.29653099179 0.87964397669 -3.3888831139 0.29624399543
          0.88254898787 -3.3713450432 0.31349301338 0.88157999516 -3.3718979359 0.31880998611
          0.87734502554 -3.3916668892 0.29858100414 0.8802549839 -3.3736760616 0.32366299629
          0.87555199862 -3.396709919 0.30132499337 0.87819600105 -3.3779730797 0.32604300976
          0.87396299839 -3.3997719288 0.30494600534 0.87588799 -3.3831169605 0.32680800557
          0.877350986 -3.3879048824 0.3244690001 0.8729429841 -3.4002130032 0.310954988
          0.87338501215 -3.395332098 0.31860399246 0.87274301052 -3.3990249634 0.31505599618
          0.92623198032 -3.3016979694 0.10918500274 0.92797297239 -3.3125610352 0.10320799798
          0.93229997158 -3.3169600964 0.10185299814 0.92212402821 -3.3153240681 0.10233599693
          0.92329198122 -3.3042309284 0.12329900265 0.92212599516 -3.3039450645 0.11975099891
          0.92388600111 -3.3071498871 0.11532600224 0.9234790206 -3.3117930889 0.11311399937
          0.92624801397 -3.3079431057 0.12812699378 0.91834902763 -3.3275001049 0.10737700015
          0.92438399792 -3.3123540878 0.13043899834 0.9194470048 -3.3213479519 0.12041399628
          0.92014700174 -3.3143999577 0.13075299561 0.92235100269 -3.3192350864 0.12805899978
          0.92195302248 -3.3221480846 0.12388800085 0.91770297289 -3.3111839294 0.14250999689
          0.9182549715 -3.3276309967 0.13700799644 0.9182279706 -3.3294980526 0.13233399391
          0.91990697384 -3.2627279758 0.20827099681 0.9196460247 -3.2899680138 0.20405000448
          0.91827499866 -3.2929759026 0.20784400403 0.91248899698 -3.2930459976 0.2124709934
          0.92501801252 -3.2285730839 0.28795701265 0.92311602831 -3.2210249901 0.30224698782
          0.91340100765 -3.2908060551 0.23126100004 0.92750400305 -3.2309510708 0.30171298981
          0.92507100105 -3.2320299149 0.29892501235 0.92549598217 -3.2360770702 0.2955749929
          0.9261649847 -3.2375121117 0.29534599185 0.92241799831 -3.22270298 0.31349799037
          0.92206501961 -3.2302880287 0.30716699362 0.92590600252 -3.2303059101 0.30379399657
          0.92423397303 -3.2422499657 0.29734000564 0.91983598471 -3.249573946 0.28912299871
          0.92370998859 -3.2269470692 0.31806498766 0.92476701736 -3.2349159718 0.31104800105
          0.92263400555 -3.2453680038 0.30090600252 0.91801702976 -3.2418589592 0.31053799391
          0.9182549715 -3.2570309639 0.29609501362 0.91809499264 -3.258161068 0.30167600513
          0.90798002481 -3.2487299442 0.3195990026 0.8767439723 -3.3652820587 0.30836498737
          0.87947899103 -3.3687179089 0.30417600274 0.8789139986 -3.37195611 0.30037400126
          0.8724719882 -3.3745660782 0.29844099283 0.88008999825 -3.3686690331 0.31209498644
          0.88223201036 -3.3708229065 0.31302198768 0.87412697077 -3.3834519386 0.29780098796
          0.87739098072 -3.3688011169 0.31993898749 0.87322098017 -3.388299942 0.30063799024
          0.87522500753 -3.3691620827 0.3252800107 0.8729339838 -3.39397192 0.30255100131
          0.87164801359 -3.3912849426 0.30433401465 0.87424200773 -3.3747570515 0.32708799839
          0.87036800385 -3.3962230682 0.30651399493 0.87087202072 -3.3823978901 0.32752901316
          0.86835998297 -3.3979480267 0.31105101109 0.86999899149 -3.3872170448 0.32523399591
          0.86940902472 -3.3905050755 0.32148998976 0.86856299639 -3.3942930698 0.31831499934
          0.86802697182 -3.3974750042 0.31444999576 0.91658699512 -3.3031909466 0.10513299704
          0.90906399488 -3.3125040531 0.10313499719 0.90573602915 -3.2898330688 0.12759500742
          0.91421401501 -3.2921290398 0.12314099818 0.91616100073 -3.312556982 0.11247999966
          0.91488301754 -3.3221490383 0.10349199921 0.91193401814 -3.2950320244 0.1329549998
          0.91614300013 -3.3024930954 0.12838000059 0.9163659811 -3.3176579475 0.11529900134
          0.91550397873 -3.3003590107 0.13728800416 0.91699802876 -3.3074319363 0.13159300387
          0.91415202618 -3.3283829689 0.11170899868 0.91719001532 -3.3185610771 0.12842200696
          0.91655999422 -3.3203830719 0.12330599874 0.91768598557 -3.3111710548 0.1425140053
          0.91768497229 -3.311177969 0.14250700176 0.91897201538 -3.2771179676 0.20165899396
          0.90719997883 -3.25572896 0.22822999954 0.90431302786 -3.2588610649 0.23202100396
          0.8935649991 -3.2888579369 0.21277399361 0.92142599821 -3.2338469028 0.28602099419
          0.92135000229 -3.2356638908 0.296122998 0.91954302788 -3.2406799793 0.29660800099
          0.92021900415 -3.2326440811 0.31099799275 0.91718101501 -3.2447049618 0.29907599092
          0.91375797987 -3.2519168854 0.291031003 0.92000001669 -3.2293438911 0.32089400291
          0.91867899895 -3.2366030216 0.31216600537 0.9180830121 -3.2383899689 0.31201401353
          0.91651797295 -3.2460589409 0.3045719862 0.90959101915 -3.2572600842 0.2988499999
          0.91054999828 -3.2445950508 0.32211199403 0.90661901236 -3.2517340183 0.31632000208
          0.87523400784 -3.3662478924 0.30252298713 0.87425899506 -3.3702859879 0.29963299632
          0.87465697527 -3.3640499115 0.31561800838 0.87067502737 -3.3814280033 0.29851698875
          0.87290000916 -3.364068985 0.32166698575 0.86931598186 -3.3851399422 0.30209198594
          0.87146401405 -3.3631529808 0.32897800207 0.8710179925 -3.3723380566 0.31694200635
          0.87081801891 -3.3742339611 0.31893798709 0.87050199509 -3.3723459244 0.32045501471
          0.87011402845 -3.3762390614 0.31389600039 0.86973100901 -3.3780939579 0.31497400999
          0.86784297228 -3.3880798817 0.30514100194 0.8711900115 -3.3704409599 0.32946398854
          0.86745101213 -3.3649699688 0.33276900649 0.86816000938 -3.3769950867 0.32232800126
          0.86554801464 -3.3923900127 0.30764201283 0.86966401339 -3.3707079887 0.33006000519
          0.86861300468 -3.3748960495 0.3273409903 0.86729300022 -3.3786261082 0.32754400373
          0.86401200294 -3.3947029114 0.31194400787 0.86609697342 -3.3819410801 0.32787400484
          0.86489200592 -3.3864300251 0.32549598813 0.86439502239 -3.3895359039 0.32154598832
          0.86379897594 -3.3928360939 0.31781598926 0.86393898726 -3.3946990967 0.31244900823
          0.9191160202 -3.308729887 0.10337299854 0.91333198547 -3.2988500595 0.12334600091
          0.90964502096 -3.3182809353 0.11844299734 0.9083840251 -3.3233819008 0.10659299791
          0.90285998583 -3.2980599403 0.14022000134 0.90657299757 -3.3116619587 0.13158600032
          0.89763998985 -3.3150770664 0.12249899656 0.915587008 -3.3107459545 0.14253300428
          0.90760201216 -3.3165819645 0.12847200036 0.91163802147 -3.3170359135 0.14267599583
          0.8922560215 -3.3182690144 0.13322000206 0.89661598206 -3.3219649792 0.12898500264
          0.89718002081 -3.3234050274 0.12318199873 0.90931999683 -3.3209209442 0.13976499438
          0.90430998802 -3.2546730042 0.21039199829 0.90046602488 -3.2511780262 0.21514500678
          0.90095502138 -3.2508409023 0.2225330025 0.91389799118 -3.2828578949 0.20180599391
          0.90810197592 -3.2853410244 0.20262299478 0.90946501493 -3.2899720669 0.20660099387
          0.90700298548 -3.2726280689 0.23635399342 0.89784401655 -3.2901690006 0.22161400318
          0.90995901823 -3.2234079838 0.29321798682 0.91876202822 -3.2275850773 0.2882989943
          0.91359502077 -3.2314770222 0.28608098626 0.89383000135 -3.2825760841 0.2335730046
          0.88776099682 -3.2869670391 0.22574700415 0.91787201166 -3.2203569412 0.30673900247
          0.90758597851 -3.2384810448 0.28656700253 0.91603600979 -3.2288060188 0.30515098572
          0.91464102268 -3.2308590412 0.29982501268 0.91629099846 -3.2347819805 0.29627901316
          0.9153059721 -3.2396519184 0.29580101371 0.90932798386 -3.2460169792 0.28823399544
          0.91485500336 -3.2239580154 0.31636801362 0.91564297676 -3.2305130959 0.3108099997
          0.91291898489 -3.2438631058 0.29785600305 0.91382497549 -3.2346971035 0.31334099174
          0.91651600599 -3.2367808819 0.3128759861 0.91345500946 -3.2471721172 0.30228498578
          0.91113901138 -3.2475509644 0.30078399181 0.90681701899 -3.2538108826 0.29376098514
          0.91323298216 -3.2320299149 0.32238599658 0.91035401821 -3.2465510368 0.30917701125
          0.90666300058 -3.2380819321 0.32385098934 0.90634697676 -3.2560420036 0.3057950139
          0.90616500378 -3.2543749809 0.31157499552 0.87123602629 -3.3611600399 0.30537599325
          0.87120002508 -3.3594250679 0.3111140132 0.87076497078 -3.3642160892 0.3013690114
          0.86953097582 -3.3687601089 0.29905501008 0.86554002762 -3.3703129292 0.29863500595
          0.87146401405 -3.3551030159 0.32187199593 0.87269997597 -3.3599228859 0.31830701232
          0.87068802118 -3.3705089092 0.31512698531 0.86788201332 -3.3657150269 0.31804698706
          0.86774402857 -3.3679740429 0.31313401461 0.8668910265 -3.3717749119 0.30997300148
          0.86958897114 -3.3739299774 0.31162700057 0.86599999666 -3.3745729923 0.30944600701
          0.86442500353 -3.3822920322 0.30195599794 0.86957997084 -3.357033968 0.32646501064
          0.86802399158 -3.3599328995 0.33024400473 0.8664919734 -3.3674390316 0.32296100259
          0.8694549799 -3.369961977 0.32207798958 0.86423498392 -3.3789589405 0.31179699302
          0.86259800196 -3.3865189552 0.30444601178 0.865662992 -3.3723289967 0.32531601191
          0.86467498541 -3.3716230392 0.3254930079 0.86322700977 -3.3788568974 0.31827500463
          0.86087799072 -3.3891890049 0.30814099312 0.8637920022 -3.3714139462 0.33202299476
          0.86533397436 -3.3662691116 0.33365300298 0.86230099201 -3.3785960674 0.32522499561
          0.86234802008 -3.3782989979 0.3256059885 0.86346197128 -3.3942539692 0.31209099293
          0.85972100496 -3.3911728859 0.31311398745 0.86085700989 -3.3808860779 0.3296880126
          0.86265200377 -3.3824489117 0.32912200689 0.86057502031 -3.3856070042 0.3254840076
          0.85964101553 -3.3879919052 0.32104200125 0.85934901237 -3.3907670975 0.31661900878
          0.86031198502 -3.3824789524 0.32964500785 0.91207897663 -3.2973279953 0.10783299804
          0.91194498539 -3.2947809696 0.11221700162 0.90505999327 -3.3063929081 0.10341200233
          0.90398800373 -3.3159248829 0.10404100269 0.90257102251 -3.2998120785 0.13169400394
          0.90282201767 -3.3236649036 0.1107250005 0.90071302652 -3.3053979874 0.13286300004
          0.90180397034 -3.3032701015 0.1420519948 0.90380698442 -3.3091170788 0.14272199571
          0.8932120204 -3.2577428818 0.20275500417 0.88287299871 -3.2604520321 0.1997680068
          0.9008859992 -3.2899069786 0.20990599692 0.91097402573 -3.2211110592 0.29763200879
          0.91342699528 -3.2208559513 0.31097498536 0.91133499146 -3.233700037 0.29620599747
          0.91008400917 -3.2385280132 0.29494300485 0.91076797247 -3.229845047 0.3092019856
          0.90781402588 -3.228607893 0.30683600903 0.9072920084 -3.243240118 0.29579898715
          0.90335601568 -3.2486550808 0.28952398896 0.90437799692 -3.2247259617 0.31811499596
          0.90927797556 -3.2324240208 0.31329101324 0.90741699934 -3.2372620106 0.31522899866
          0.90477198362 -3.2427270412 0.31402900815 0.90838700533 -3.249008894 0.30534601212
          0.90456497669 -3.2505679131 0.30222800374 0.89868801832 -3.2549879551 0.29572701454
          0.90491598845 -3.2310910225 0.32173100114 0.90672802925 -3.2354741096 0.32351499796
          0.89986002445 -3.2470889091 0.31224301457 0.90311902761 -3.250453949 0.3079290092
          0.90241199732 -3.2566199303 0.30299600959 0.90285301208 -3.2566618919 0.29988399148
          0.90426599979 -3.2434639931 0.32326999307 0.86592799425 -3.3558619022 0.30818799138
          0.86751097441 -3.3511190414 0.31742298603 0.86712700129 -3.3583979607 0.30340901017
          0.86637198925 -3.3620340824 0.30004400015 0.86475300789 -3.3455150127 0.32010799646
          0.86707001925 -3.3502058983 0.32428100705 0.86197197437 -3.375125885 0.30010798573
          0.86516302824 -3.3541231155 0.32703500986 0.86363399029 -3.363104105 0.31623598933
          0.86345297098 -3.3625020981 0.31890401244 0.86348998547 -3.3655230999 0.31150299311
          0.86237698793 -3.3698298931 0.30891901255 0.8611689806 -3.3730020523 0.30858099461
          0.86020499468 -3.3784151077 0.30346301198 0.86340999603 -3.357986927 0.32987600565
          0.86118000746 -3.3633959293 0.32414901257 0.85945802927 -3.3773510456 0.31108599901
          0.85445398092 -3.3798899651 0.30671599507 0.86206197739 -3.359869957 0.33464100957
          0.86019700766 -3.3690090179 0.32577300072 0.85807597637 -3.3784608841 0.3174700141
          0.8615450263 -3.3671460152 0.33528101444 0.86339998245 -3.3714261055 0.33211699128
          0.85895001888 -3.3736870289 0.32812801003 0.85837101936 -3.3733758926 0.32792899013
          0.85681200027 -3.378442049 0.32623499632 0.85514301062 -3.3878719807 0.31431800127
          0.85810399055 -3.371393919 0.3333440125 0.858273983 -3.3735640049 0.3281430006
          0.85637402534 -3.3782930374 0.32994800806 0.85500502586 -3.3863530159 0.32024100423
          0.85531401634 -3.3814780712 0.32966500521 0.85518497229 -3.3838660717 0.32489600778
          0.9104719758 -3.301322937 0.10469699651 0.90387499332 -3.2961320877 0.11533600092
          0.90636301041 -3.3006289005 0.11237899959 0.9030020237 -3.3053491116 0.1107520014
          0.90211701393 -3.3194599152 0.10620599985 0.90453797579 -3.2944180965 0.13685399294
          0.88862401247 -3.3096170425 0.13995799422 0.89144998789 -3.3146901131 0.13733500242
          0.88878500462 -3.2526729107 0.20448499918 0.86973202229 -3.2634649277 0.19806200266
          0.90002000332 -3.2870540619 0.20489899814 0.90055799484 -3.2620871067 0.23443700373
          0.9008409977 -3.2675220966 0.23592999578 0.89898699522 -3.2764539719 0.23594599962
          0.90555399656 -3.2258560658 0.28935301304 0.89239501953 -3.2859749794 0.23067200184
          0.90995502472 -3.2198579311 0.30376899242 0.9066759944 -3.2294969559 0.30038699508
          0.90639400482 -3.2325870991 0.29609799385 0.90501701832 -3.2368750572 0.29405799508
          0.90180200338 -3.2433450222 0.28765800595 0.90635800362 -3.2219660282 0.31395500898
          0.90468901396 -3.2303569317 0.31304100156 0.90187299252 -3.2456829548 0.29603299499
          0.9030200243 -3.2472729683 0.29742899537 0.90118700266 -3.2475130558 0.29639300704
          0.89586597681 -3.2510120869 0.29162698984 0.9029250145 -3.2342789173 0.31582701206
          0.89949899912 -3.2510650158 0.29953798652 0.89915400743 -3.2326669693 0.32278200984
          0.89636301994 -3.2371039391 0.31734699011 0.89811998606 -3.2515330315 0.30544799566
          0.89760297537 -3.2572090626 0.30103000998 0.89764302969 -3.237719059 0.32415500283
          0.89829599857 -3.250647068 0.30918601155 0.89658898115 -3.2558760643 0.30805400014
          0.89671200514 -3.2557549477 0.30749800801 0.89487701654 -3.2437560558 0.32425299287
          0.8876760006 -3.2478160858 0.32284098864 0.89450597763 -3.2512300014 0.31839200854
          0.89157301188 -3.2546210289 0.31383898854 0.86145102978 -3.3602950573 0.29924398661
          0.86072397232 -3.3549621105 0.30112800002 0.86269599199 -3.3473980427 0.31474500895
          0.86214202642 -3.3508810997 0.31080299616 0.86280697584 -3.3458340168 0.32622998953
          0.85736900568 -3.3722341061 0.30052000284 0.86114400625 -3.3508019447 0.32585200667
          0.85999798775 -3.3548750877 0.32404899597 0.8601179719 -3.3590641022 0.32018399239
          0.85962599516 -3.3601720333 0.31405699253 0.85889202356 -3.363740921 0.31063300371
          0.85737597942 -3.3688359261 0.30894601345 0.85578101873 -3.3755381107 0.30399799347
          0.85959500074 -3.3559598923 0.32423600554 0.85971802473 -3.358989954 0.32733300328
          0.85925197601 -3.3552620411 0.32341501117 0.8549759984 -3.3747589588 0.31134599447
          0.85839498043 -3.35461092 0.33761098981 0.86156499386 -3.3595080376 0.33473500609
          0.85797202587 -3.3569920063 0.33289700747 0.8583059907 -3.3542039394 0.33721101284
          0.85781097412 -3.3594419956 0.32820001245 0.85495400429 -3.3648049831 0.32686701417
          0.85271298885 -3.3767719269 0.3165819943 0.84991699457 -3.3811531067 0.31079998612
          0.85751497746 -3.361782074 0.33827799559 0.85365998745 -3.371835947 0.32725998759
          0.85365897417 -3.3771929741 0.32533600926 0.85229301453 -3.3854238987 0.31446900964
          0.85195797682 -3.3666069508 0.33790299296 0.85244297981 -3.3752479553 0.33116200566
          0.85044699907 -3.382267952 0.32396999002 0.85059601068 -3.3842020035 0.31895199418
          0.85027402639 -3.3805589676 0.32977798581 0.90609401464 -3.2962579727 0.10804600269
          0.90550601482 -3.3000879288 0.10461399704 0.90627098083 -3.2947080135 0.11342199892
          0.9046599865 -3.2945420742 0.12103500217 0.9045779705 -3.2946500778 0.12309399992
          0.8959659934 -3.305218935 0.10986199975 0.90409201384 -3.2908809185 0.1322710067
          0.90293502808 -3.2959489822 0.12804299593 0.88651800156 -3.3068079948 0.11132399738
          0.88343399763 -3.3172109127 0.11459500343 0.88880497217 -3.3079230785 0.13096100092
          0.88823598623 -3.286247015 0.207329005 0.89523297548 -3.2194120884 0.29826399684
          0.90359699726 -3.2221200466 0.29324299097 0.90211802721 -3.2297670841 0.28753098845
          0.89555901289 -3.2367539406 0.28750500083 0.90090399981 -3.2309570313 0.29571899772
          0.89638400078 -3.2283101082 0.30067500472 0.89992702007 -3.235063076 0.29275399446
          0.89836198092 -3.241517067 0.29381299019 0.89738702774 -3.2463040352 0.28871899843
          0.89891797304 -3.2233700752 0.31637001038 0.89951902628 -3.2290220261 0.31159099936
          0.89595901966 -3.2460780144 0.29521599412 0.89585602283 -3.2284851074 0.32053101063
          0.89835399389 -3.2321200371 0.31566599011 0.89475697279 -3.2497439384 0.2985650003
          0.88992798328 -3.2533710003 0.29327499866 0.89298701286 -3.2518520355 0.30392500758
          0.89237397909 -3.2566969395 0.29840898514 0.89022499323 -3.2417490482 0.31654599309
          0.89088797569 -3.2465889454 0.31371599436 0.89611798525 -3.2559258938 0.30779799819
          0.89102602005 -3.2568840981 0.30294901133 0.85954999924 -3.341547966 0.32212099433
          0.85750997066 -3.3413140774 0.31696900725 0.85614597797 -3.3508899212 0.30546998978
          0.85252898932 -3.3635520935 0.29922300577 0.85854500532 -3.3421618938 0.32753700018
          0.86134701967 -3.3445909023 0.32666400075 0.86007297039 -3.3478300571 0.33027100563
          0.85706102848 -3.3436639309 0.33303898573 0.85647398233 -3.3503870964 0.32640498877
          0.85584700108 -3.3506639004 0.32587900758 0.85565799475 -3.3528900146 0.32190001011
          0.85549098253 -3.3553519249 0.31721699238 0.85519897938 -3.3580589294 0.31281098723
          0.85424000025 -3.3620660305 0.30988499522 0.84948801994 -3.3661921024 0.30939000845
          0.85115098953 -3.3736701012 0.30355501175 0.85773199797 -3.3507010937 0.33372101188
          0.85598897934 -3.3460419178 0.33678999543 0.85458999872 -3.3520998955 0.33107799292
          0.85572302341 -3.3506269455 0.3268109858 0.85046797991 -3.3722939491 0.31148201227
          0.84950900078 -3.3769950867 0.30691999197 0.85418301821 -3.3493669033 0.34032100439
          0.85379701853 -3.3543848991 0.33108898997 0.85203397274 -3.3599889278 0.33003601432
          0.84806197882 -3.3747799397 0.31554999948 0.85278099775 -3.3555760384 0.34150001407
          0.85063099861 -3.3648359776 0.32801300287 0.8491320014 -3.3710899353 0.32551300526
          0.84254699945 -3.3786950111 0.31624600291 0.84586298466 -3.3805708885 0.32324299216
          0.84236598015 -3.3718531132 0.33666199446 0.84594702721 -3.3757009506 0.33302500844
          0.84543299675 -3.3792519569 0.32944899797 0.89592301846 -3.2853720188 0.12051899731
          0.90223199129 -3.289700985 0.11636800319 0.90067601204 -3.2953228951 0.11363600194
          0.90395498276 -3.2994298935 0.11151900142 0.90040701628 -3.2996709347 0.10525699705
          0.89988297224 -3.2990019321 0.11006200314 0.88963598013 -3.309114933 0.10383000225
          0.89296400547 -3.3033089638 0.10343100131 0.88884198666 -3.2942779064 0.13041700423
          0.89454501867 -3.3129620552 0.11652900279 0.88743597269 -3.2989890575 0.13239000738
          0.88799202442 -3.3027360439 0.13265100121 0.892614007 -3.3127439022 0.12762500346
          0.88253498077 -3.3025860786 0.14066800475 0.88976401091 -3.3195888996 0.12558400631
          0.88870197535 -3.2827270031 0.20363299549 0.89124798775 -3.2703609467 0.23666399717
          0.88630700111 -3.2610199451 0.23637899756 0.88424098492 -3.2754468918 0.23565900326
          0.89924997091 -3.2250220776 0.28980499506 0.87393897772 -3.2808380127 0.22943399847
          0.89668697119 -3.2191169262 0.30625998974 0.89656400681 -3.2304639816 0.29522401094
          0.89709997177 -3.2313549519 0.28952598572 0.89565598965 -3.2349550724 0.29088398814
          0.89583802223 -3.2203650475 0.3110049963 0.88705700636 -3.2273209095 0.30068901181
          0.89375501871 -3.2395429611 0.29302299023 0.89318698645 -3.2434720993 0.28812199831
          0.89079397917 -3.2493300438 0.29011800885 0.89373099804 -3.2300100327 0.31501701474
          0.88839000463 -3.2477231026 0.29750201106 0.89281600714 -3.2299759388 0.32208201289
          0.89195501804 -3.2341940403 0.31798899174 0.8885499835 -3.2508809566 0.30179700255
          0.88621002436 -3.2562069893 0.29606500268 0.89081299305 -3.2350769043 0.32371100783
          0.89098900557 -3.2368710041 0.31826600432 0.88817602396 -3.2502760887 0.31082999706
          0.88801401854 -3.2512218952 0.30465599895 0.88759601116 -3.2508330345 0.30843499303
          0.88617199659 -3.2578060627 0.30166900158 0.88605302572 -3.242223978 0.32511100173
          0.88622397184 -3.2567989826 0.30998200178 0.88344597816 -3.2581989765 0.30594199896
          0.88326698542 -3.2512331009 0.32043901086 0.88306802511 -3.2548000813 0.31620499492
          0.8536760211 -3.3524119854 0.30005499721 0.8527789712 -3.3569169044 0.29903799295
          0.85494697094 -3.3389348984 0.32200801373 0.84710597992 -3.3386991024 0.30949598551
          0.85064697266 -3.3447570801 0.30769300461 0.85410499573 -3.3393640518 0.32799699903
          0.84821498394 -3.3669059277 0.300770998 0.85229802132 -3.3410549164 0.33292001486
          0.85106700659 -3.3495268822 0.32472598553 0.85113102198 -3.3509700298 0.32087400556
          0.85110801458 -3.353151083 0.31586998701 0.85056298971 -3.3563520908 0.31202599406
          0.84938001633 -3.3607959747 0.30959901214 0.8466219902 -3.3713049889 0.30359399319
          0.85126501322 -3.3438339233 0.33684301376 0.8495169878 -3.3513579369 0.32975500822
          0.85044002533 -3.3501830101 0.32746499777 0.84665000439 -3.3682599068 0.31060901284
          0.84585398436 -3.3703479767 0.3111140132 0.84501701593 -3.3744449615 0.30713799596
          0.84966397285 -3.3469600677 0.34040099382 0.8482170105 -3.3589339256 0.33014398813
          0.84427899122 -3.3733398914 0.31480300426 0.84352099895 -3.3770530224 0.3111999929
          0.84789401293 -3.350785017 0.34345200658 0.84427601099 -3.372893095 0.31588199735
          0.84391099215 -3.3722190857 0.32253500819 0.84558498859 -3.3574810028 0.34317699075
          0.84126901627 -3.3787789345 0.32259500027 0.83867800236 -3.3670809269 0.34000900388
          0.84050601721 -3.3781139851 0.32931300998 0.84077501297 -3.3757228851 0.33364200592
          0.89563202858 -3.2875781059 0.11568400264 0.89788299799 -3.29352808 0.11396999657
          0.89621800184 -3.292648077 0.11399400234 0.89515298605 -3.2978670597 0.10892999917
          0.89538997412 -3.298707962 0.10531900078 0.89305198193 -3.2902369499 0.11870600283
          0.8915719986 -3.2899250984 0.12123599648 0.89373701811 -3.3019340038 0.10899099708
          0.88945800066 -3.291064024 0.12635199726 0.86287802458 -3.2746930122 0.1290909946
          0.8620300293 -3.2773270607 0.13304199278 0.88954097033 -3.3112010956 0.11576700211
          0.88053500652 -3.3141469955 0.10937699676 0.88802397251 -3.3130528927 0.12153600156
          0.88693797588 -3.3119208813 0.12798500061 0.88617300987 -3.3182930946 0.12208600342
          0.88581699133 -3.3152740002 0.13158899546 0.88605499268 -3.3169260025 0.12605799735
          0.88599801064 -3.3127639294 0.13629299402 0.88581502438 -3.3152580261 0.13164499402
          0.88632798195 -3.2460920811 0.2276519984 0.8816549778 -3.2739479542 0.20027700067
          0.88080602884 -3.246942997 0.23089499772 0.88127702475 -3.2520499229 0.23399800062
          0.87741398811 -3.2855570316 0.21065099537 0.87650197744 -3.2859730721 0.21773000062
          0.89474600554 -3.2208991051 0.29376000166 0.89235401154 -3.2249550819 0.29117101431
          0.89692401886 -3.2303218842 0.28849899769 0.89341300726 -3.2261118889 0.29061698914
          0.87410497665 -3.2774479389 0.23310400546 0.89184302092 -3.2290899754 0.29430601001
          0.89227497578 -3.2361950874 0.28827300668 0.88987100124 -3.2368431091 0.28944599628
          0.88908600807 -3.2378590107 0.29241499305 0.88805401325 -3.2273271084 0.30846700072
          0.88527297974 -3.2432780266 0.2950719893 0.88600701094 -3.2477369308 0.28922298551
          0.88959300518 -3.2237839699 0.31713399291 0.8854060173 -3.2526679039 0.2916739881
          0.88836300373 -3.2287209034 0.32139098644 0.88725101948 -3.2320730686 0.31770700216
          0.88374298811 -3.2498800755 0.3005129993 0.88254100084 -3.2354910374 0.32451298833
          0.88602000475 -3.2358140945 0.31822198629 0.88477402925 -3.2400069237 0.31697100401
          0.88257199526 -3.2512390614 0.3058179915 0.88250297308 -3.2512300014 0.30579400063
          0.87941998243 -3.2580349445 0.29865199327 0.88324397802 -3.2455029488 0.31427800655
          0.87701702118 -3.2488780022 0.3119109869 0.88249999285 -3.2512280941 0.30582201481
          0.87798297405 -3.2469079494 0.32472699881 0.87914597988 -3.2572441101 0.31277000904
          0.84864199162 -3.3491408825 0.30343198776 0.84846401215 -3.3515810966 0.30026599765
          0.85050600767 -3.3371679783 0.32128000259 0.85102200508 -3.3379189968 0.31451499462
          0.8424090147 -3.3568940163 0.30061501265 0.84940099716 -3.3378579617 0.32720199227
          0.84424299002 -3.3644731045 0.30162501335 0.84792298079 -3.3403809071 0.3313460052
          0.84643000364 -3.3476939201 0.32424899936 0.84665602446 -3.3489511013 0.31973400712
          0.84622198343 -3.3519320488 0.31564098597 0.84565800428 -3.3551700115 0.31183999777
          0.84439498186 -3.3597700596 0.30959099531 0.84329497814 -3.3630540371 0.30934500694
          0.84213298559 -3.36835289 0.30416598916 0.84636199474 -3.3436460495 0.33502501249
          0.84513098001 -3.349337101 0.32924699783 0.84588998556 -3.3483080864 0.32648900151
          0.84169000387 -3.3671851158 0.31054401398 0.84135699272 -3.3699729443 0.3062300086
          0.84097599983 -3.3715109825 0.30789598823 0.84622901678 -3.3466000557 0.33917099237
          0.84405100346 -3.3518960476 0.33057400584 0.84323298931 -3.353910923 0.33140000701
          0.84180802107 -3.3754799366 0.31181100011 0.84313899279 -3.3496520519 0.34212499857
          0.84183400869 -3.3583600521 0.33044499159 0.84060299397 -3.3628981113 0.32812398672
          0.83962899446 -3.3669359684 0.32523399591 0.83907699585 -3.3701488972 0.32140499353
          0.83824700117 -3.3739058971 0.31819400191 0.83811998367 -3.3742420673 0.31826299429
          0.84094101191 -3.3550291061 0.34377399087 0.83682399988 -3.3763029575 0.32290899754
          0.8389160037 -3.3619179726 0.34198200703 0.83823901415 -3.3642120361 0.34117999673
          0.83575999737 -3.37657094 0.32896700501 0.83639997244 -3.3711009026 0.33746099472
          0.83567798138 -3.3746449947 0.33400899172 0.89524298906 -3.2926149368 0.11358399689
          0.89049100876 -3.2901539803 0.11201900244 0.89054399729 -3.294768095 0.10957799852
          0.89071601629 -3.2950549126 0.10940299928 0.88964802027 -3.2979810238 0.10525500029
          0.87342000008 -3.2769229412 0.12455700338 0.88387399912 -3.2899229527 0.11376799643
          0.88951802254 -3.2994139194 0.1072819978 0.88813000917 -3.3030021191 0.1082829982
          0.88083398342 -3.3101639748 0.10573200136 0.88488000631 -3.3094820976 0.11517900229
          0.88335502148 -3.3122310638 0.11910299957 0.8855779767 -3.3076651096 0.13114100695
          0.88371598721 -3.3146300316 0.12418399751 0.8815100193 -3.3157570362 0.11840700358
          0.88575899601 -3.3152160645 0.13161399961 0.88159501553 -3.3114109039 0.1330820024
          0.88209700584 -3.307487011 0.13893300295 0.8814650178 -3.3108561039 0.13528099656
          0.88200598955 -3.2469780445 0.20763100684 0.87904000282 -3.2832949162 0.20568400621
          0.87749999762 -3.2615969181 0.23775200546 0.87089800835 -3.2727870941 0.23626099527
          0.87648302317 -3.2841959 0.22498700023 0.88660997152 -3.2201769352 0.29500299692
          0.88821899891 -3.225039959 0.29214298725 0.88855302334 -3.2311060429 0.29106798768
          0.88630700111 -3.2316141129 0.28959700465 0.88646399975 -3.2284660339 0.29604300857
          0.88612699509 -3.2312600613 0.29173699021 0.88463401794 -3.2351260185 0.2927980125
          0.88524800539 -3.2351109982 0.28863400221 0.8822619915 -3.2401220798 0.28770598769
          0.88520497084 -3.2205839157 0.31278499961 0.88365197182 -3.2280919552 0.3124319911
          0.88072299957 -3.2448430061 0.29655298591 0.87916600704 -3.2510709763 0.29035198689
          0.87040197849 -3.2246539593 0.32067200541 0.87900102139 -3.2485580444 0.2995389998
          0.87765800953 -3.2551410198 0.29315200448 0.8815510273 -3.233782053 0.31706801057
          0.87948101759 -3.2380108833 0.31660801172 0.87756800652 -3.2508609295 0.3038969934
          0.8730610013 -3.2442669868 0.31524801254 0.87721401453 -3.2507910728 0.30648300052
          0.87347102165 -3.2594540119 0.3016409874 0.87552899122 -3.2418560982 0.32665500045
          0.8662250042 -3.2602689266 0.31091400981 0.8708999753 -3.2515439987 0.32311400771
          0.87369501591 -3.2551128864 0.3189330101 0.86948901415 -3.2585248947 0.31565800309
          0.84627002478 -3.3355519772 0.31359800696 0.84526902437 -3.34542799 0.30511900783
          0.84578198195 -3.3368749619 0.31964999437 0.84326100349 -3.3512299061 0.30102801323
          0.84385401011 -3.3383419514 0.32425200939 0.83967602253 -3.3602190018 0.30318000913
          0.84335398674 -3.3420701027 0.32776400447 0.84320002794 -3.3457939625 0.32446399331
          0.84200102091 -3.3451430798 0.32404699922 0.84163200855 -3.3480000496 0.31981098652
          0.84026998281 -3.3523170948 0.31723201275 0.84072798491 -3.3600919247 0.31067800522
          0.83841902018 -3.3627910614 0.30722600222 0.84301501513 -3.3456089497 0.33156898618
          0.83927899599 -3.3568639755 0.3149279952 0.83851599693 -3.3604888916 0.31156799197
          0.8413850069 -3.3487250805 0.33512398601 0.84240198135 -3.3528780937 0.33193299174
          0.83909499645 -3.3516499996 0.33860498667 0.83699202538 -3.3544719219 0.33477199078
          0.83696097136 -3.3571150303 0.33018699288 0.83627802134 -3.3605849743 0.32664999366
          0.83578401804 -3.3636848927 0.32269200683 0.834815979 -3.3677101135 0.31978800893
          0.83785998821 -3.3739929199 0.31836500764 0.83389598131 -3.3703858852 0.31974899769
          0.83578401804 -3.356306076 0.34007900953 0.83127200603 -3.372508049 0.32398200035
          0.83464199305 -3.3595049381 0.34039399028 0.83364099264 -3.3621881008 0.34088799357
          0.83171701431 -3.3742570877 0.3289270103 0.83236700296 -3.3660809994 0.3403930068
          0.83129602671 -3.370306015 0.33771601319 0.8310199976 -3.3729820251 0.33327499032
          0.88685101271 -3.2839150429 0.11368300021 0.88672798872 -3.2918789387 0.10831800103
          0.88517898321 -3.2965810299 0.10523200035 0.88331800699 -3.2876980305 0.11874599755
          0.88565802574 -3.2940568924 0.10982999951 0.88512897491 -3.2972259521 0.1059499979
          0.88186299801 -3.3032889366 0.10436599702 0.88336902857 -3.3017730713 0.10721900314
          0.88180398941 -3.3047220707 0.11095000058 0.88273799419 -3.2918610573 0.12937000394
          0.88012301922 -3.3082380295 0.11412899941 0.88025200367 -3.2955479622 0.13245999813
          0.8783159852 -3.3123660088 0.11671599746 0.87702399492 -3.3124508858 0.11607400328
          0.87953799963 -3.3015019894 0.13325899839 0.87724602222 -3.3083369732 0.13357199728
          0.87717199326 -3.3085269928 0.13362400234 0.87532997131 -3.3050050735 0.13789899647
          0.87715297937 -3.3085179329 0.13377800584 0.87205499411 -3.2406930923 0.21077999473
          0.87205600739 -3.2672810555 0.23764300346 0.88223797083 -3.217703104 0.30029499531
          0.8830999732 -3.2242770195 0.29243400693 0.88360100985 -3.2293930054 0.29034399986
          0.88198000193 -3.2279860973 0.29094800353 0.88121497631 -3.2291820049 0.29788500071
          0.88042902946 -3.2328810692 0.29457700253 0.8814650178 -3.2296030521 0.29100999236
          0.88061600924 -3.2333979607 0.28784200549 0.87228000164 -3.218626976 0.31010499597
          0.87554001808 -3.2267699242 0.30412501097 0.87819600105 -3.2382640839 0.29470199347
          0.87755799294 -3.2416350842 0.28773000836 0.87547898293 -3.220913887 0.31518501043
          0.8750860095 -3.2270209789 0.30955898762 0.87399399281 -3.2425589561 0.29559999704
          0.87145900726 -3.2484910488 0.28896701336 0.87707602978 -3.2298269272 0.31523999572
          0.87346297503 -3.2474610806 0.29815098643 0.87202298641 -3.2536549568 0.29151400924
          0.87269502878 -3.2501780987 0.30230298638 0.87125098705 -3.2572579384 0.29543301463
          0.87414097786 -3.2325780392 0.32500499487 0.87188398838 -3.2516050339 0.30790600181
          0.87144899368 -3.2372899055 0.32700198889 0.86563897133 -3.2490549088 0.31406599283
          0.86767101288 -3.2603020668 0.30467900634 0.86585301161 -3.2560648918 0.32157799602
          0.84166401625 -3.3368880749 0.30848300457 0.84186500311 -3.3351199627 0.31216299534
          0.8412989974 -3.3357589245 0.31452301145 0.84051001072 -3.3370389938 0.31689301133
          0.84054201841 -3.3415100574 0.30609500408 0.83955800533 -3.345566988 0.30322599411
          0.83836597204 -3.3500299454 0.30081999302 0.83716899157 -3.3534069061 0.3010109961
          0.83917099237 -3.3408839703 0.31965699792 0.83538901806 -3.357405901 0.30372199416
          0.83649897575 -3.3473830223 0.31962999701 0.83391302824 -3.3599140644 0.30788001418
          0.83568298817 -3.354475975 0.32047900558 0.83440297842 -3.352793932 0.32138100266
          0.83654099703 -3.3585729599 0.3172659874 0.83452397585 -3.3616769314 0.31363201141
          0.83140099049 -3.3636291027 0.31627100706 0.83426898718 -3.3576660156 0.32406499982
          0.83284002542 -3.355727911 0.32512500882 0.83448898792 -3.3615438938 0.32075798512
          0.83118498325 -3.3638370037 0.31725600362 0.83193099499 -3.3561780453 0.33027899265
          0.83167797327 -3.3562700748 0.33113801479 0.82953101397 -3.367249012 0.32056900859
          0.83030998707 -3.3586781025 0.3354460001 0.82804697752 -3.36977005 0.32468301058
          0.82869702578 -3.3618609905 0.33894899487 0.82640397549 -3.3705780506 0.33115899563
          0.82784301043 -3.3641550541 0.3393599987 0.82641100883 -3.3690869808 0.33748701215
          0.88022100925 -3.2788579464 0.11751600355 0.88090497255 -3.2940170765 0.1058980003
          0.88182598352 -3.2905960083 0.1066770032 0.88060897589 -3.2931559086 0.1099639982
          0.87990701199 -3.2966630459 0.10646799952 0.87931197882 -3.2971010208 0.10949800164
          0.8792809844 -3.2994101048 0.10957700014 0.87833702564 -3.3017930984 0.10469800234
          0.87797898054 -3.2876799107 0.12446600199 0.87725800276 -3.3024420738 0.11090599746
          0.8761780262 -3.3077321053 0.10577300191 0.875402987 -3.3068110943 0.11325900257
          0.87471699715 -3.3101699352 0.1099999994 0.87418401241 -3.3099660873 0.11412599683
          0.87429797649 -3.3012509346 0.13404400647 0.86551201344 -3.2892899513 0.13944399357
          0.86546301842 -3.2969949245 0.13944000006 0.87632697821 -3.3081510067 0.13357399404
          0.87266200781 -3.3060700893 0.13375300169 0.86206698418 -3.2443430424 0.20192599297
          0.86880999804 -3.2397379875 0.22515100241 0.86441999674 -3.2738759518 0.20054799318
          0.86800199747 -3.2461099625 0.23422400653 0.86762100458 -3.2797050476 0.20395100117
          0.86598998308 -3.2512359619 0.23731699586 0.86545300484 -3.282366991 0.20773099363
          0.86518001556 -3.2841439247 0.21305899322 0.8668000102 -3.28272295 0.22463400662
          0.86567002535 -3.2840650082 0.21895599365 0.86719101667 -3.2771298885 0.23299700022
          0.86762398481 -3.2797789574 0.22968499362 0.87804299593 -3.2192080021 0.29576298594
          0.87832301855 -3.2228460312 0.29196301103 0.87750202417 -3.2275030613 0.28882300854
          0.86891198158 -3.217304945 0.3029499948 0.8759739995 -3.231703043 0.28707298636
          0.8745740056 -3.2286651134 0.29922899604 0.87455397844 -3.2326090336 0.29544499516
          0.86736297607 -3.2390480042 0.29482799768 0.87299597263 -3.2290709019 0.31395500898
          0.87101197243 -3.2338740826 0.31586799026 0.86796498299 -3.2501010895 0.3002139926
          0.86582398415 -3.2564840317 0.29361400008 0.86939197779 -3.2382540703 0.3166590035
          0.86549198627 -3.2526130676 0.3039470017 0.86494898796 -3.259032011 0.2980209887
          0.86373198032 -3.2443199158 0.31697401404 0.86313897371 -3.2523329258 0.31098899245
          0.86138999462 -3.2411570549 0.32908299565 0.86405998468 -3.2473120689 0.32744801044
          0.86332297325 -3.2521169186 0.32528400421 0.8638010025 -3.2595489025 0.31817001104
          0.85766100883 -3.2617170811 0.31455498934 0.86125600338 -3.2574269772 0.3238619864
          0.8389300108 -3.3370780945 0.30912300944 0.83977597952 -3.3372490406 0.31637901068
          0.83520501852 -3.3390340805 0.31192299724 0.83505797386 -3.3391969204 0.31254300475
          0.83504402637 -3.3414840698 0.30722600222 0.83430999517 -3.3450539112 0.3038020134
          0.8336340189 -3.3485100269 0.3002499938 0.83264499903 -3.3510200977 0.30107098818
          0.83342301846 -3.342995882 0.31546700001 0.83086800575 -3.3550050259 0.30379500985
          0.82938498259 -3.3575489521 0.30791899562 0.82921600342 -3.3522629738 0.32027000189
          0.82796502113 -3.3595709801 0.31276801229 0.82839697599 -3.3544569016 0.32199299335
          0.82865202427 -3.3557229042 0.32324400544 0.82760202885 -3.3568429947 0.32178801298
          0.82670801878 -3.3596789837 0.32031300664 0.82704997063 -3.3588490486 0.3268019855
          0.8263720274 -3.362416029 0.32336398959 0.82873797417 -3.3593120575 0.33418101072
          0.82535398006 -3.3619430065 0.33034700155 0.8254070282 -3.3657619953 0.32701599598
          0.82710802555 -3.3624279499 0.33773499727 0.82406198978 -3.3651759624 0.3339509964
          0.87972599268 -3.2798309326 0.11093000323 0.87878298759 -3.2838289738 0.10799200088
          0.87010502815 -3.2919371128 0.10469000041 0.87209802866 -3.288214922 0.11338099837
          0.87718898058 -3.2868549824 0.1184559986 0.87573599815 -3.2919120789 0.10970599949
          0.87539899349 -3.2947061062 0.10540000349 0.8748819828 -3.2942531109 0.11000499874
          0.8736410141 -3.3002240658 0.10421500355 0.87302798033 -3.2996330261 0.11054199934
          0.87149602175 -3.3054049015 0.10575199872 0.87201702595 -3.2880749702 0.12792700529
          0.87016797066 -3.3069350719 0.11187499762 0.87031602859 -3.3071799278 0.11064500362
          0.86123800278 -3.281443119 0.13631899655 0.87027001381 -3.2911019325 0.13168899715
          0.87014502287 -3.2972910404 0.13339099288 0.8694999814 -3.299808979 0.13367000222
          0.869599998 -3.3058540821 0.13256399333 0.86793899536 -3.3049919605 0.13208200037
          0.86504900455 -3.3022999763 0.13695399463 0.87072002888 -3.2392890453 0.21804499626
          0.86383098364 -3.2607860565 0.23964600265 0.85425597429 -3.2791550159 0.23156400025
          0.87330901623 -3.2216260433 0.2917329967 0.87362200022 -3.2190859318 0.29560899734
          0.87285298109 -3.2249019146 0.28797599673 0.86796200275 -3.2277588844 0.28566598892
          0.86737197638 -3.2257258892 0.30736500025 0.85803699493 -3.2453660965 0.28711798787
          0.85610598326 -3.2345120907 0.28641098738 0.86768597364 -3.2215650082 0.31755399704
          0.86818802357 -3.2278790474 0.31283798814 0.86443799734 -3.2452890873 0.29641801119
          0.86324501038 -3.2518429756 0.28950500488 0.8664150238 -3.2318429947 0.31558299065
          0.86281102896 -3.2495028973 0.2984470129 0.86145299673 -3.2561559677 0.29199099541
          0.86193102598 -3.2319769859 0.32679501176 0.86421602964 -3.2372250557 0.31738299131
          0.86113798618 -3.2529768944 0.30166700482 0.85547202826 -3.2590820789 0.29382398725
          0.85925102234 -3.254347086 0.30665400624 0.85745501518 -3.2612740993 0.29977399111
          0.85905098915 -3.2617681026 0.30697199702 0.85978800058 -3.2460150719 0.32898399234
          0.85742199421 -3.2528660297 0.32726800442 0.85887300968 -3.2614400387 0.32131499052
          0.855437994 -3.2623279095 0.31896099448 0.85556000471 -3.2588601112 0.32633399963
          0.85490298271 -3.2620689869 0.32279801369 0.83482897282 -3.3393380642 0.31231600046
          0.83207297325 -3.3421859741 0.30857399106 0.83002799749 -3.345279932 0.30493500829
          0.82893699408 -3.3469219208 0.29960098863 0.82859200239 -3.3463261127 0.30336999893
          0.82803797722 -3.3490390778 0.30073800683 0.82946902514 -3.3449950218 0.31198701262
          0.82838600874 -3.3458600044 0.30587899685 0.82649099827 -3.3518950939 0.30455800891
          0.82891601324 -3.3484539986 0.31569701433 0.82604497671 -3.3512470722 0.31192299724
          0.82726097107 -3.3554840088 0.30877700448 0.82621997595 -3.3522241116 0.30563598871
          0.8268520236 -3.3552210331 0.31584900618 0.87466800213 -3.2767560482 0.11634299904
          0.87531399727 -3.277618885 0.10966499895 0.87396097183 -3.2826039791 0.10719200224
          0.87060701847 -3.291572094 0.11044999957 0.86330699921 -3.2954900265 0.10390400141
          0.87044698 -3.2854719162 0.12246800214 0.86851197481 -3.2851369381 0.11830700189
          0.86813002825 -3.2981379032 0.11046600342 0.86808800697 -3.298265934 0.11044699699
          0.86620700359 -3.3040258884 0.10968200117 0.86829602718 -3.3057351112 0.11100400239
          0.86376798153 -3.2980720997 0.13292500377 0.86301898956 -3.3043220043 0.13093300164
          0.86277401447 -3.3043160439 0.13247199357 0.868712008 -3.2430999279 0.205516994
          0.85826802254 -3.2672998905 0.19783699512 0.86858600378 -3.2426528931 0.23059700429
          0.86027097702 -3.277271986 0.2025540024 0.85853397846 -3.2802479267 0.20600099862
          0.85756099224 -3.2826368809 0.21072900295 0.85240399837 -3.2826249599 0.21541500092
          0.84588098526 -3.2673149109 0.24270500243 0.84764301777 -3.2817258835 0.22183200717
          0.84179800749 -3.2786068916 0.23134100437 0.86817902327 -3.2232699394 0.28727701306
          0.86711198092 -3.2204709053 0.29126501083 0.82350999117 -3.2709410191 0.24444200099
          0.86414802074 -3.230973959 0.29596298933 0.86238998175 -3.2370889187 0.2944650054
          0.86342602968 -3.2266569138 0.31176701188 0.85969001055 -3.2438659668 0.29470100999
          0.8618170023 -3.2298190594 0.31529098749 0.85621899366 -3.2488610744 0.29580399394
          0.85584801435 -3.254789114 0.29009199142 0.8599550128 -3.2342228889 0.31760901213
          0.85500597954 -3.2527499199 0.29899400473 0.85562199354 -3.2387480736 0.31987598538
          0.85465502739 -3.2550010681 0.30388399959 0.85636097193 -3.2357990742 0.32881298661
          0.85222697258 -3.2447059155 0.32008299232 0.84502899647 -3.249464035 0.31867700815
          0.850251019 -3.2550480366 0.3091250062 0.85188901424 -3.2630290985 0.3027099967
          0.85548299551 -3.2412750721 0.33011299372 0.84595400095 -3.2638781071 0.30644500256
          0.85292899609 -3.2477641106 0.32996499538 0.84643298388 -3.2629539967 0.31514400244
          0.8510529995 -3.2586569786 0.32739201188 0.84895002842 -3.2619171143 0.32383498549
          0.82692599297 -3.3480079174 0.30114299059 0.82601100206 -3.3475699425 0.30814099312
          0.82604497671 -3.3513829708 0.30480700731 0.82355499268 -3.3338530064 0.33080399036
          0.82334202528 -3.3333289623 0.33350101113 0.82445502281 -3.3353860378 0.33219501376
          0.82269102335 -3.3365170956 0.33040699363 0.8236579895 -3.3387908936 0.33587101102
          0.82229399681 -3.3341939449 0.33869099617 0.82085299492 -3.3408010006 0.33284199238
          0.8208810091 -3.337667942 0.3428440094 0.82151401043 -3.3417289257 0.33934998512
          0.81941401958 -3.3431310654 0.33717301488 0.81816798449 -3.3441329002 0.34258899093
          0.87008297443 -3.2771649361 0.11021000147 0.86977899075 -3.2755949497 0.11658100039
          0.86808097363 -3.2811670303 0.10734000057 0.86735600233 -3.2745580673 0.12311799824
          0.86562800407 -3.2868089676 0.11368499696 0.8629720211 -3.2904651165 0.11071100086
          0.86345100403 -3.296432972 0.10996899754 0.86675602198 -3.2977221012 0.11032599956
          0.86002802849 -3.299405098 0.10552299768 0.8646889925 -3.28540802 0.12715399265
          0.86337798834 -3.2966558933 0.10993800312 0.86214399338 -3.301199913 0.1076240018
          0.85936397314 -3.2866621017 0.13101799786 0.85688698292 -3.2911040783 0.13261899352
          0.85811901093 -3.3038051128 0.12920999527 0.85813599825 -3.3004779816 0.13674899936
          0.85774099827 -3.3033850193 0.13257099688 0.85031700134 -3.2312979698 0.21254999936
          0.86365097761 -3.2430360317 0.2342209965 0.85423099995 -3.2423539162 0.23808300495
          0.84623897076 -3.2512960434 0.24257899821 0.84310102463 -3.2614109516 0.244490996
          0.86114597321 -3.2216110229 0.28691700101 0.85842901468 -3.2168569565 0.29724699259
          0.85766398907 -3.2266690731 0.28583800793 0.85906398296 -3.2171080112 0.31137800217
          0.85954397917 -3.2244710922 0.30484500527 0.85714101791 -3.2262508869 0.29975399375
          0.85407602787 -3.2289879322 0.29619500041 0.8577939868 -3.2351689339 0.2942790091
          0.85143399239 -3.2172720432 0.31451499462 0.85865402222 -3.2254850864 0.31064900756
          0.85417801142 -3.2425889969 0.29341199994 0.85169202089 -3.2486999035 0.28689599037
          0.85822498798 -3.2221109867 0.32017800212 0.85721802711 -3.2278020382 0.31499299407
          0.85545498133 -3.2250699997 0.32328799367 0.85549998283 -3.2314960957 0.31799998879
          0.85125297308 -3.2523009777 0.29781100154 0.84987902641 -3.2586150169 0.29161798954
          0.8499519825 -3.2288000584 0.32586601377 0.85364598036 -3.2358570099 0.32035899162
          0.8500019908 -3.2552750111 0.30167499185 0.84712898731 -3.2616949081 0.29465898871
          0.85297399759 -3.2344241142 0.32834199071 0.85017800331 -3.2398691177 0.33049100637
          0.84195399284 -3.2644109726 0.30412000418 0.84873497486 -3.2459380627 0.33074998856
          0.84627997875 -3.2529730797 0.32957699895 0.84002798796 -3.2575950623 0.32867398858
          0.82114100456 -3.3342399597 0.33171001077 0.81787198782 -3.3308520317 0.34024098516
          0.81819200516 -3.331428051 0.33668899536 0.81686502695 -3.3361539841 0.33458200097
          0.81679600477 -3.3323609829 0.34527298808 0.81468099356 -3.3417670727 0.33623999357
          0.81457400322 -3.3356289864 0.34849798679 0.8179590106 -3.340378046 0.34596198797
          0.81289297342 -3.3458020687 0.33891698718 0.81248402596 -3.3421070576 0.34877899289
          0.81231802702 -3.3464241028 0.34561499953 0.86472201347 -3.2768700123 0.11103499681
          0.86478197575 -3.2747468948 0.11601799726 0.85644501448 -3.2848460674 0.10566999763
          0.85771501064 -3.2814149857 0.12080600113 0.85754102468 -3.2820329666 0.11790899932
          0.85857897997 -3.2952680588 0.10951700062 0.85800498724 -3.2984800339 0.1056919992
          0.85712701082 -3.2817978859 0.12545999885 0.85801500082 -3.2985060215 0.10571599752
          0.85651099682 -3.2838699818 0.13901600242 0.85456299782 -3.2892711163 0.14079800248
          0.85291200876 -3.2948679924 0.13234199584 0.85357701778 -3.3001930714 0.13009999692
          0.85316300392 -3.303937912 0.12684799731 0.85306602716 -3.3038899899 0.12681899965
          0.85305601358 -3.3039240837 0.1268119961 0.85124498606 -3.2953469753 0.13961599767
          0.85329097509 -3.3000609875 0.13733799756 0.85410499573 -3.3042259216 0.1341149956
          0.8516190052 -3.3062400818 0.13115599751 0.85294699669 -3.3041219711 0.12708200514
          0.85364997387 -3.2339780331 0.20825399458 0.85066199303 -3.2510619164 0.19666400552
          0.84476602077 -3.243721962 0.19745099545 0.85188698769 -3.2574260235 0.19631800056
          0.84683197737 -3.2319951057 0.22662700713 0.84869199991 -3.2307229042 0.21838000417
          0.84462100267 -3.2620899677 0.19552600384 0.85914498568 -3.2375719547 0.22894200683
          0.8428440094 -3.2682039738 0.19678799808 0.85942101479 -3.2403650284 0.23462200165
          0.8438860178 -3.2732589245 0.19918100536 0.85019099712 -3.2785670757 0.20391899347
          0.84547901154 -3.2804319859 0.20689000189 0.84202599525 -3.2754600048 0.23789000511
          0.85334402323 -3.2154428959 0.3035210073 0.85301601887 -3.2336061001 0.29405000806
          0.84922897816 -3.2408139706 0.28616699576 0.8538749814 -3.2243490219 0.30949598551
          0.85454899073 -3.2239289284 0.30529299378 0.84905999899 -3.2410209179 0.29216200113
          0.85235899687 -3.2257330418 0.31373798847 0.84820199013 -3.2472400665 0.29376000166
          0.84684699774 -3.2533409595 0.28771999478 0.85018497705 -3.2287170887 0.31832998991
          0.84335398674 -3.251488924 0.29509499669 0.8435869813 -3.2580370903 0.28918099403
          0.84933197498 -3.2324409485 0.32141798735 0.84483098984 -3.2550439835 0.29952201247
          0.84823298454 -3.2331039906 0.32736799121 0.84740698338 -3.2371509075 0.32343998551
          0.84349697828 -3.2562730312 0.30478399992 0.84023302794 -3.2639861107 0.29651099443
          0.84642899036 -3.2372159958 0.32996800542 0.84350502491 -3.2405619621 0.32517799735
          0.84463799 -3.2455410957 0.32245200872 0.84310299158 -3.254971981 0.31070899963
          0.84436100721 -3.2430450916 0.33105498552 0.84019297361 -3.263051033 0.31149101257
          0.84059000015 -3.2641479969 0.30618199706 0.84178501368 -3.2510890961 0.33022001386
          0.83908098936 -3.2606260777 0.32431998849 0.83965802193 -3.2617070675 0.31833198667
          0.81335997581 -3.3284089565 0.34035500884 0.81317800283 -3.3304591179 0.33674499393
          0.81243801117 -3.3329250813 0.33597299457 0.80932998657 -3.3265919685 0.34744399786
          0.81292200089 -3.3274641037 0.34112900496 0.81147700548 -3.3359160423 0.33546999097
          0.81010001898 -3.3396580219 0.33603098989 0.80758601427 -3.3293120861 0.35081699491
          0.80832099915 -3.3436501026 0.33874899149 0.80811202526 -3.3368370533 0.35155299306
          0.80664402246 -3.3471460342 0.34194898605 0.80709499121 -3.3423309326 0.35025900602
          0.80628699064 -3.3460440636 0.34699898958 0.86016499996 -3.2737689018 0.11550199986
          0.85924702883 -3.2758939266 0.11126799881 0.85836899281 -3.279820919 0.10812599957
          0.85748797655 -3.2709839344 0.12220799923 0.85115599632 -3.2885909081 0.10426999629
          0.85833597183 -3.2723879814 0.12886099517 0.8547539711 -3.2840240002 0.11319000274
          0.85079497099 -3.2878770828 0.11069300026 0.85360497236 -3.295566082 0.106298998
          0.85796201229 -3.2984800339 0.1057009995 0.84525197744 -3.268955946 0.13258899748
          0.85359400511 -3.2942419052 0.10950899869 0.8538299799 -3.2839300632 0.13025200367
          0.8512750268 -3.2883009911 0.13314600289 0.84773898125 -3.2851378918 0.1409920007
          0.84938597679 -3.2973480225 0.13093699515 0.85297501087 -3.3038740158 0.12681999803
          0.84876102209 -3.2994019985 0.1303550005 0.84782499075 -3.3033649921 0.12737900019
          0.85088700056 -3.306830883 0.13030700386 0.84645301104 -3.3069999218 0.12816299498
          0.84273600578 -3.2982020378 0.13780200481 0.84348398447 -3.302478075 0.13462099433
          0.84520000219 -3.3060479164 0.13072599471 0.85018199682 -3.2361268997 0.23463599384
          0.83213198185 -3.2453041077 0.24511800706 0.83635300398 -3.2809500694 0.20963400602
          0.83253002167 -3.2776470184 0.23044300079 0.8520539999 -3.2178189754 0.29232400656
          0.84783399105 -3.2324390411 0.2868129909 0.84371298552 -3.2148470879 0.30592000484
          0.84843301773 -3.2245159149 0.3000009954 0.84825700521 -3.222618103 0.30847299099
          0.84385198355 -3.2321588993 0.29300698638 0.84536498785 -3.2370839119 0.29161098599
          0.84466701746 -3.2456638813 0.28579699993 0.84648501873 -3.2191169262 0.31821200252
          0.84162998199 -3.2453410625 0.29192200303 0.84403699636 -3.2219879627 0.32165700197
          0.84727400541 -3.22539711 0.31563600898 0.84656602144 -3.2256600857 0.31868299842
          0.84430897236 -3.2258939743 0.32479700446 0.84716099501 -3.2311429977 0.32158198953
          0.84522801638 -3.2279961109 0.32347598672 0.83650499582 -3.2614319324 0.29013499618
          0.84521400928 -3.2272789478 0.32526600361 0.84452998638 -3.2339129448 0.32498899102
          0.83844298124 -3.2565839291 0.30230599642 0.84259301424 -3.2345309258 0.32603400946
          0.84179401398 -3.2353770733 0.32949799299 0.84115499258 -3.2385089397 0.32645899057
          0.83987599611 -3.2549889088 0.31140598655 0.8377379775 -3.2580499649 0.30775400996
          0.83711802959 -3.2582840919 0.30726900697 0.8365150094 -3.2652590275 0.30088400841
          0.84055298567 -3.2385210991 0.33061799407 0.83905702829 -3.2431509495 0.32843399048
          0.83843702078 -3.2465651035 0.32459300756 0.83819198608 -3.2516651154 0.31559100747
          0.83718198538 -3.2557721138 0.31277900934 0.83950597048 -3.2623419762 0.31180500984
          0.83607500792 -3.2586770058 0.31347998977 0.83526498079 -3.2637860775 0.30692800879
          0.83915799856 -3.2433710098 0.32860898972 0.83724397421 -3.2482259274 0.33021301031
          0.83476501703 -3.2604210377 0.31838399172 0.83573198318 -3.2521910667 0.33116400242
          0.83509397507 -3.2540359497 0.33116701245 0.8339419961 -3.2604401112 0.32550001144
          0.8338829875 -3.2579360008 0.33021700382 0.80948901176 -3.333313942 0.318693012
          0.80940502882 -3.332679987 0.32077199221 0.8106880188 -3.3345448971 0.31971099973
          0.80883902311 -3.3354489803 0.31808400154 0.81024599075 -3.3380730152 0.32343798876
          0.80821698904 -3.3337750435 0.32630100846 0.80705797672 -3.3394560814 0.32078799605
          0.81001001596 -3.326513052 0.33341699839 0.80823802948 -3.3225328922 0.33690199256
          0.81038397551 -3.334197998 0.33392998576 0.80850297213 -3.3302769661 0.33043000102
          0.80780601501 -3.3371078968 0.33021399379 0.80801302195 -3.3340580463 0.32702800632
          0.80625498295 -3.3405370712 0.32664299011 0.80505299568 -3.3397760391 0.33360001445
          0.80365198851 -3.34197402 0.33812001348 0.80254602432 -3.3315629959 0.35344201326
          0.80211001635 -3.3448090553 0.34196099639 0.79837101698 -3.3373160362 0.35413900018
          0.80168998241 -3.3421030045 0.35116100311 0.80128598213 -3.3450500965 0.34702700377
          0.85358798504 -3.2747809887 0.11103399843 0.85236001015 -3.2691180706 0.12866400182
          0.85054498911 -3.2785270214 0.11991800368 0.84769201279 -3.2785060406 0.1163899973
          0.84887397289 -3.2941949368 0.10537300259 0.84934002161 -3.2779889107 0.12249000371
          0.84782201052 -3.2781229019 0.12619900703 0.84843301773 -3.2935609818 0.10989200324
          0.84917700291 -3.2794280052 0.13802799582 0.83960998058 -3.2812569141 0.1334490031
          0.84496599436 -3.2943379879 0.13278500736 0.83780199289 -3.2874519825 0.14211499691
          0.84379202127 -3.298345089 0.13031099737 0.84308999777 -3.3018510342 0.12681600451
          0.84147101641 -3.3068571091 0.12604600191 0.84264600277 -3.2938010693 0.14020800591
          0.84747999907 -3.2358698845 0.20353299379 0.83938199282 -3.2378180027 0.19914600253
          0.83690297604 -3.2758419514 0.20020499825 0.83258199692 -3.2796070576 0.215297997
          0.83330202103 -3.2549159527 0.2473179996 0.83941197395 -3.2191410065 0.28894299269
          0.8431519866 -3.2151389122 0.29883500934 0.84062999487 -3.2246539593 0.28692299128
          0.84421497583 -3.2270200253 0.29618299007 0.84227001667 -3.2368218899 0.28628799319
          0.84535300732 -3.2164580822 0.31222701073 0.839155972 -3.2207839489 0.30601501465
          0.84008699656 -3.2400999069 0.29061898589 0.84168899059 -3.2383589745 0.28663000464
          0.84017300606 -3.2438700199 0.28512498736 0.83915400505 -3.2180960178 0.31698998809
          0.84318298101 -3.22290802 0.31297400594 0.83312797546 -3.2497179508 0.28440400958
          0.84245800972 -3.2240400314 0.31525099277 0.83463299274 -3.2565488815 0.28651300073
          0.84063100815 -3.225965023 0.32319098711 0.8353189826 -3.2538290024 0.29629299045
          0.84008198977 -3.2265410423 0.32558500767 0.82594799995 -3.2590301037 0.30138900876
          0.82800400257 -3.264261961 0.29080501199 0.8371989727 -3.2350559235 0.32771000266
          0.83194500208 -3.2590711117 0.30426299572 0.82952302694 -3.2659749985 0.29696699977
          0.83792001009 -3.2465889454 0.32493001223 0.83321899176 -3.2494289875 0.3209219873
          0.8320029974 -3.252218008 0.317012012 0.83496898413 -3.2569708824 0.31448099017
          0.83086001873 -3.2616279125 0.30563101172 0.82979398966 -3.2658030987 0.30297398567
          0.83208799362 -3.2485249043 0.32809299231 0.83016502857 -3.2583580017 0.31812500954
          0.83099001646 -3.24958992 0.33322501183 0.83408898115 -3.2526240349 0.33195498586
          0.8285369873 -3.2616119385 0.32155999541 0.82940202951 -3.2537920475 0.33414500952
          0.82809698582 -3.254240036 0.33477899432 0.82826197147 -3.2586009502 0.33224400878
          0.82779502869 -3.2617731094 0.3281520009 0.80729597807 -3.3204300404 0.32764700055
          0.80716502666 -3.31884408 0.33236798644 0.81043100357 -3.3231639862 0.32976201177
          0.80760598183 -3.3258769512 0.32593798637 0.80630302429 -3.3245060444 0.3248000145
          0.80703997612 -3.3294820786 0.32251599431 0.80559098721 -3.3280310631 0.32132598758
          0.80523097515 -3.3308689594 0.31706899405 0.80338698626 -3.3343219757 0.31669101119
          0.8059809804 -3.3201758862 0.3372400105 0.80808800459 -3.3335249424 0.32646200061
          0.80238300562 -3.3378078938 0.32013198733 0.80481499434 -3.3210799694 0.34300300479
          0.80093002319 -3.3402020931 0.32440000772 0.79694497585 -3.3185479641 0.34824699163
          0.80013400316 -3.3407049179 0.32829299569 0.80072498322 -3.3247129917 0.35207799077
          0.79826998711 -3.3408739567 0.33655101061 0.79694902897 -3.32842803 0.35487100482
          0.79712402821 -3.3422310352 0.3420509994 0.79669797421 -3.3432490826 0.34613600373
          0.7965260148 -3.3428928852 0.34815600514 0.79652202129 -3.3414549828 0.35158100724
          0.84289300442 -3.2675180435 0.11326000094 0.84144002199 -3.2644500732 0.11993800104
          0.84693098068 -3.2821009159 0.10563900322 0.84869801998 -3.2781569958 0.10777799785
          0.84584200382 -3.287596941 0.10446500033 0.84637200832 -3.2816181183 0.11242999882
          0.84431099892 -3.2877779007 0.11048900336 0.84422600269 -3.2924129963 0.10484799743
          0.8434510231 -3.2925291061 0.10987599939 0.82744002342 -3.2687780857 0.13786500692
          0.84150099754 -3.2779641151 0.1302099973 0.83778899908 -3.2798039913 0.14108599722
          0.83157300949 -3.2857539654 0.13459299505 0.83865702152 -3.297533989 0.13045400381
          0.83828699589 -3.3004701138 0.12640200555 0.84001499414 -3.3068699837 0.12537899613
          0.83722597361 -3.3046760559 0.12370400131 0.83655101061 -3.3064088821 0.12422399968
          0.83679801226 -3.2976570129 0.13754600286 0.83707398176 -3.300702095 0.13415299356
          0.83638697863 -3.3041770458 0.1306219995 0.83488202095 -3.3061110973 0.12560400367
          0.84397101402 -3.2369959354 0.2377229929 0.82641398907 -3.278083086 0.20052599907
          0.8166000247 -3.2665328979 0.24843500555 0.82514798641 -3.2742168903 0.23995499313
          0.83777099848 -3.2343149185 0.28646498919 0.83700501919 -3.2225580215 0.30031400919
          0.83182501793 -3.2246639729 0.29620099068 0.83642601967 -3.2294950485 0.29311600327
          0.83710902929 -3.2340118885 0.29032599926 0.83672600985 -3.2372899055 0.28657200933
          0.83457499743 -3.2425179482 0.28467699885 0.83919197321 -3.2179090977 0.31556901336
          0.83837300539 -3.2219200134 0.31167599559 0.83537602425 -3.2191739082 0.31975099444
          0.83722800016 -3.22281003 0.31740498543 0.83726900816 -3.2233700752 0.31565201283
          0.8319169879 -3.2488110065 0.29220101237 0.83620601892 -3.2230949402 0.32372000813
          0.835958004 -3.2243099213 0.32254099846 0.82978498936 -3.2527050972 0.29478999972
          0.82524299622 -3.2603690624 0.28609699011 0.83456301689 -3.2264199257 0.32708498836
          0.83580899239 -3.2270948887 0.32705399394 0.83445000648 -3.2269740105 0.32654801011
          0.82795101404 -3.2563679218 0.29771599174 0.83395302296 -3.2277479172 0.32811799645
          0.83110797405 -3.2354741096 0.32943600416 0.83076697588 -3.2355759144 0.33138400316
          0.83341598511 -3.2374279499 0.33094999194 0.83049398661 -3.2369110584 0.33008798957
          0.82675200701 -3.2617299557 0.30660098791 0.82555800676 -3.2610969543 0.30662000179
          0.82185101509 -3.2675840855 0.29923799634 0.82970702648 -3.2381689548 0.33249399066
          0.82682299614 -3.2513720989 0.3249219954 0.82766097784 -3.254322052 0.32054400444
          0.82467198372 -3.2646911144 0.31008899212 0.82444000244 -3.2618510723 0.31248000264
          0.82366502285 -3.265650034 0.30879300833 0.82369101048 -3.2668509483 0.30519300699
          0.82759898901 -3.2444200516 0.33212301135 0.82704097033 -3.244385004 0.33601999283
          0.82894402742 -3.2470419407 0.33454200625 0.82679700851 -3.2481210232 0.32884898782
          0.82557201385 -3.2547841072 0.32146000862 0.8277400136 -3.2618310452 0.32100901008
          0.8247680068 -3.2584910393 0.31819298863 0.82402902842 -3.2643480301 0.31712698936
          0.82426100969 -3.2616159916 0.31426298618 0.82347500324 -3.2652859688 0.31095299125
          0.82194197178 -3.264359951 0.32341301441 0.82463401556 -3.2493419647 0.33739700913
          0.82032102346 -3.2547979355 0.33725199103 0.81930500269 -3.2626609802 0.3309969902
          0.80167001486 -3.3161671162 0.33179599047 0.80282700062 -3.3183979988 0.32649299502
          0.80215400457 -3.3218479156 0.32293400168 0.80132001638 -3.3256120682 0.31973001361
          0.80028802156 -3.329761982 0.31696900725 0.80151200294 -3.3175199032 0.33756199479
          0.79760599136 -3.3356258869 0.32012200356 0.80035597086 -3.3183619976 0.34318700433
          0.79629999399 -3.3380908966 0.3241699934 0.79512697458 -3.3396730423 0.32910901308
          0.79211401939 -3.3311560154 0.3560590148 0.79071497917 -3.3413081169 0.34649699926
          0.78824800253 -3.3363599777 0.35528299212 0.78947097063 -3.3401730061 0.35162600875
          0.84252202511 -3.2710669041 0.11010099947 0.83793902397 -3.2810349464 0.10426999629
          0.84087002277 -3.2750439644 0.11856699735 0.83442699909 -3.2781300545 0.11156400293
          0.83961999416 -3.2903780937 0.10456100106 0.83017098904 -3.2708010674 0.12462999672
          0.83646702766 -3.2902920246 0.11018700153 0.83905398846 -3.2918179035 0.11006800085
          0.83334702253 -3.2993569374 0.12629400194 0.83284300566 -3.3024759293 0.12235800177
          0.83172601461 -3.3054931164 0.12285800278 0.83367997408 -3.3007938862 0.13493299484
          0.83048701286 -3.3034350872 0.13086600602 0.82770597935 -3.2490980625 0.19189199805
          0.82894897461 -3.256223917 0.19202299416 0.83013802767 -3.2646958828 0.19336299598
          0.83011698723 -3.2293710709 0.23172000051 0.83718800545 -3.2356550694 0.23746299744
          0.83601802588 -3.238779068 0.24069699645 0.82586199045 -3.2800130844 0.20608499646
          0.82742601633 -3.2780930996 0.21498200297 0.82696199417 -3.2769351006 0.22294199467
          0.82525002956 -3.2763500214 0.22931699455 0.83599299192 -3.2161569595 0.29395899177
          0.8314499855 -3.2233169079 0.28756299615 0.83226698637 -3.2144629955 0.30138599873
          0.83263897896 -3.2294840813 0.28616499901 0.8316000104 -3.2146248817 0.30812299252
          0.83230602741 -3.2330260277 0.2903650105 0.8282020092 -3.2336440086 0.28489801288
          0.83176100254 -3.2344870567 0.29063498974 0.83439999819 -3.2168359756 0.31435400248
          0.83153802156 -3.2214090824 0.30871200562 0.82631099224 -3.2415559292 0.29043099284
          0.82362002134 -3.2471010685 0.28219801188 0.82955300808 -3.2237350941 0.317591995
          0.82719600201 -3.2472400665 0.29138600826 0.82093298435 -3.2540860176 0.28273499012
          0.82566398382 -3.2231619358 0.32618001103 0.83120197058 -3.223058939 0.32149899006
          0.82971197367 -3.2256391048 0.3255879879 0.82167702913 -3.2638990879 0.2881770134
          0.8299959898 -3.2287559509 0.33000299335 0.82803398371 -3.2291340828 0.32878801227
          0.82034999132 -3.2667150497 0.2922720015 0.82750397921 -3.2295789719 0.33136099577
          0.82638597488 -3.2324869633 0.33212599158 0.82573002577 -3.2355110645 0.32931399345
          0.82042700052 -3.2604570389 0.30516698956 0.78473502398 -3.4369490147 0.13318499923
          0.78469800949 -3.4367439747 0.13392400742 0.78516501188 -3.4374001026 0.13355900347
          0.78337597847 -3.4407739639 0.13057599962 0.82425397635 -3.2370800972 0.33591398597
          0.82819998264 -3.2393040657 0.33397999406 0.82380700111 -3.2403988838 0.33103999496
          0.81978797913 -3.2605650425 0.31307598948 0.7864279747 -3.4415171146 0.13753600419
          0.78348302841 -3.4379739761 0.13932199776 0.78473001719 -3.4447300434 0.13394799829
          0.78120499849 -3.4458529949 0.13136200607 0.82438898087 -3.2416648865 0.33721500635
          0.82316499949 -3.2423200607 0.33088999987 0.82159101963 -3.2475268841 0.32933101058
          0.82028597593 -3.2515990734 0.32650199533 0.81968599558 -3.2550270557 0.32307898998
          0.81899297237 -3.258357048 0.31913900375 0.81762701273 -3.2670900822 0.30825299025
          0.78287899494 -3.4439690113 0.14080899954 0.78170400858 -3.4419660568 0.14203999937
          0.7804390192 -3.4462308884 0.13702200353 0.8196849823 -3.2435200214 0.34008699656
          0.78100299835 -3.444231987 0.14147600532 0.81645202637 -3.2498579025 0.34062299132
          0.81213802099 -3.2597661018 0.33674898744 0.79586499929 -3.3159959316 0.3255110085
          0.79761099815 -3.3199601173 0.32194301486 0.79656398296 -3.3238799572 0.31880098581
          0.79475802183 -3.3290810585 0.31724101305 0.79132401943 -3.3137049675 0.34211599827
          0.79191100597 -3.3352880478 0.32465699315 0.79050201178 -3.337469101 0.32913199067
          0.78937399387 -3.3181569576 0.35222199559 0.78933900595 -3.3382821083 0.33501800895
          0.78624397516 -3.3221120834 0.35543200374 0.78417301178 -3.3371510506 0.33576598763
          0.83722102642 -3.2737009525 0.10644099861 0.83125597239 -3.2618029118 0.1272470057
          0.84044897556 -3.2640609741 0.12470900267 0.83747398853 -3.2753210068 0.11505299807
          0.83307802677 -3.2932090759 0.10615500063 0.83338797092 -3.2906599045 0.11006599665
          0.82775902748 -3.2800540924 0.14282900095 0.82579797506 -3.2907590866 0.1332450062
          0.82521802187 -3.2947599888 0.13052299619 0.82794100046 -3.2982909679 0.125752002
          0.82838100195 -3.3004310131 0.12118899822 0.82692801952 -3.3044478893 0.12161500007
          0.82334500551 -3.2859530449 0.14327700436 0.82218402624 -3.3039429188 0.12640200555
          0.83585697412 -3.2300019264 0.20646199584 0.8358989954 -3.2408719063 0.19608899951
          0.81709200144 -3.2978599072 0.13624000549 0.83054000139 -3.2265679836 0.2118639946
          0.82954597473 -3.2438440323 0.19327500463 0.82758802176 -3.2267720699 0.22616299987
          0.82100397348 -3.2786428928 0.20909200609 0.82290202379 -3.276941061 0.2142380029
          0.81672298908 -3.2462871075 0.2498369962 0.82188898325 -3.2750298977 0.22174100578
          0.82674998045 -3.2180700302 0.29061898589 0.81072700024 -3.2611598969 0.25163599849
          0.82938998938 -3.2215490341 0.3009339869 0.82939201593 -3.2215499878 0.30092000961
          0.82834297419 -3.2278690338 0.29313999414 0.8290899992 -3.2326350212 0.29107299447
          0.82830202579 -3.2155349255 0.31259799004 0.82457697392 -3.2387170792 0.29016301036
          0.82426702976 -3.2193129063 0.32131698728 0.82044202089 -3.2517249584 0.29175400734
          0.81911700964 -3.2595050335 0.28401398659 0.82479399443 -3.2251770496 0.32378000021
          0.81856298447 -3.2556118965 0.29423800111 0.80832999945 -3.2577049732 0.29483300447
          0.81373202801 -3.2673149109 0.28869599104 0.82048600912 -3.2314200401 0.33474901319
          0.81814301014 -3.2286260128 0.32509100437 0.81052297354 -3.2591838837 0.30125099421
          0.81055402756 -3.2693259716 0.29295998812 0.77955400944 -3.4330759048 0.1349709928
          0.77906900644 -3.4335520267 0.13094900548 0.77828097343 -3.4376959801 0.12828800082
          0.77708101273 -3.4403579235 0.12727800012 0.81960600615 -3.2400839329 0.33042299747
          0.8114489913 -3.2595500946 0.30931401253 0.77909702063 -3.4355199337 0.13954499364
          0.77740699053 -3.4461529255 0.12923400104 0.81651502848 -3.2466320992 0.32905501127
          0.81100201607 -3.257652998 0.32015100121 0.77724701166 -3.4392530918 0.14241699874
          0.7756819725 -3.4469220638 0.13497500122 0.81524401903 -3.2512960434 0.32729399204
          0.8143209815 -3.2552340031 0.32429000735 0.80919998884 -3.2674729824 0.31216099858
          0.77544802427 -3.4435920715 0.14196899533 0.77549797297 -3.4463570118 0.1375669986
          0.81054198742 -3.2555320263 0.33993399143 0.80636799335 -3.2656290531 0.32910001278
          0.79330897331 -3.3133280277 0.3305259943 0.79280799627 -3.3185780048 0.321529001
          0.79003202915 -3.3251330853 0.31872299314 0.79060202837 -3.3308820724 0.32087099552
          0.78588300943 -3.3352708817 0.32895499468 0.78690201044 -3.3141739368 0.3477230072
          0.78020602465 -3.3238170147 0.35732799768 0.78228199482 -3.3390688896 0.34503298998
          0.77857202291 -3.330121994 0.35826200247 0.77506202459 -3.3348228931 0.35645800829
          0.78170400858 -3.3384699821 0.35164999962 0.8346760273 -3.2604949474 0.12185700238
          0.83305901289 -3.2609710693 0.11579299718 0.82898700237 -3.2623369694 0.11052600294
          0.83586800098 -3.2686350346 0.10883499682 0.83254998922 -3.2772009373 0.1035130024
          0.8315500021 -3.2824459076 0.10349799693 0.82671099901 -3.2687580585 0.11791200191
          0.83026999235 -3.2862529755 0.10397599638 0.82451200485 -3.2633678913 0.13263000548
          0.82542800903 -3.2833681107 0.1105979979 0.82853198051 -3.2909290791 0.10611200333
          0.83115297556 -3.2734839916 0.12968400121 0.82834798098 -3.2897400856 0.1101789996
          0.82538700104 -3.2749679089 0.13302199543 0.81470501423 -3.2704000473 0.14134399593
          0.82363897562 -3.2989299297 0.12064000219 0.82218199968 -3.3031489849 0.12062100321
          0.83464300632 -3.2325930595 0.20234799385 0.82454502583 -3.2331960201 0.19817100465
          0.81281799078 -3.2939760685 0.13966700435 0.82184100151 -3.2244460583 0.21873399615
          0.81550902128 -3.2675769329 0.19096300006 0.82510697842 -3.2333219051 0.23983499408
          0.81901401281 -3.2797300816 0.20304000378 0.81731498241 -3.2384469509 0.24607299268
          0.81813198328 -3.2765650749 0.21348899603 0.81752300262 -3.2743830681 0.22099100053
          0.81634497643 -3.27470994 0.22783100605 0.81665599346 -3.2551779747 0.25103101134
          0.81298798323 -3.2738668919 0.23372100294 0.82586401701 -3.2219541073 0.28756600618
          0.82255798578 -3.2263000011 0.28535199165 0.8152179718 -3.2730839252 0.24092000723
          0.82156598568 -3.2145020962 0.30354601145 0.8293889761 -3.2215559483 0.30092701316
          0.82409900427 -3.2235579491 0.29678699374 0.82327997684 -3.2270009518 0.29329499602
          0.82324302197 -3.2271149158 0.29327601194 0.81751400232 -3.214977026 0.30974900723
          0.82348698378 -3.221777916 0.30255699158 0.82075202465 -3.2315158844 0.29171699286
          0.82015401125 -3.2372848988 0.29034298658 0.81095999479 -3.2394669056 0.28011399508
          0.82177197933 -3.2166330814 0.31637999415 0.8201969862 -3.2234621048 0.31362000108
          0.80698698759 -3.2521100044 0.27919000387 0.81567299366 -3.250576973 0.29063001275
          0.80408400297 -3.2577199936 0.27955898643 0.8164640069 -3.2203540802 0.32436499
          0.82179802656 -3.2260320187 0.32172200084 0.81372398138 -3.2548649311 0.2927159965
          0.81069797277 -3.2635629177 0.2837690115 0.819190979 -3.2256550789 0.33013999462
          0.8182079792 -3.2281739712 0.32520699501 0.81780201197 -3.2283461094 0.32487401366
          0.81630301476 -3.2327849865 0.32732599974 0.81286400557 -3.2380878925 0.32857999206
          0.80014002323 -3.271271944 0.29368698597 0.77237701416 -3.4417960644 0.12601900101
          0.76951801777 -3.445152998 0.12674300373 0.81156200171 -3.245194912 0.32921200991
          0.76924198866 -3.4468901157 0.13218900561 0.80462801456 -3.2345070839 0.341802001
          0.81007599831 -3.2506270409 0.32769098878 0.8091750145 -3.2545208931 0.32463800907
          0.76880699396 -3.4451460838 0.13775500655 0.81033402681 -3.2442409992 0.34301400185
          0.80783498287 -3.250756979 0.3428530097 0.7942429781 -3.2603180408 0.341008991
          0.79407197237 -3.2638690472 0.33743399382 0.78819102049 -3.3124411106 0.33022400737
          0.78837502003 -3.3143401146 0.32534998655 0.78761202097 -3.3176720142 0.32165899873
          0.78644102812 -3.3223259449 0.31946000457 0.78213900328 -3.3113269806 0.34042200446
          0.78450900316 -3.3271689415 0.32143101096 0.78266698122 -3.3309700489 0.32569399476
          0.7796369791 -3.3352749348 0.33287099004 0.77799397707 -3.3365631104 0.3375479877
          0.77737599611 -3.3380179405 0.34461900592 0.77641999722 -3.3377981186 0.35160401464
          0.83133101463 -3.2666659355 0.10748299956 0.83045399189 -3.2706038952 0.10452800244
          0.82659602165 -3.2715620995 0.11359799653 0.82466202974 -3.2758998871 0.1113049984
          0.82388597727 -3.2891390324 0.1055919975 0.81267797947 -3.2663860321 0.1275189966
          0.82327401638 -3.2888898849 0.11037000269 0.81787198782 -3.2767169476 0.14309500158
          0.81757301092 -3.2958009243 0.12577299774 0.81887799501 -3.2974669933 0.12013400346
          0.8174200058 -3.3019270897 0.11954999715 0.80448102951 -3.2872929573 0.13498400152
          0.80817097425 -3.2897489071 0.14287699759 0.8110640049 -3.300303936 0.13194200397
          0.80423498154 -3.3010830879 0.12712900341 0.83056199551 -3.2276670933 0.20538599789
          0.82957100868 -3.2311348915 0.20176699758 0.82543700933 -3.2377839088 0.19502000511
          0.81670999527 -3.2600660324 0.18912300467 0.81034201384 -3.2723350525 0.19239600003
          0.82096397877 -3.2353029251 0.2428060025 0.81070399284 -3.2779669762 0.20866000652
          0.80793601274 -3.2784130573 0.20498499274 0.81235897541 -3.2759749889 0.21572199464
          0.81087601185 -3.2747199535 0.22481200099 0.82168698311 -3.215255022 0.29603898525
          0.82151597738 -3.2175469398 0.29119500518 0.82041698694 -3.2209899426 0.28771799803
          0.79519498348 -3.270138979 0.24208199978 0.82315599918 -3.2270019054 0.2933369875
          0.8180450201 -3.2315239906 0.28332599998 0.80585002899 -3.2696790695 0.2465659976
          0.81728500128 -3.2239980698 0.29902300239 0.8178640008 -3.2268118858 0.29425498843
          0.81479597092 -3.2316150665 0.29247701168 0.81013000011 -3.2453300953 0.27943700552
          0.81694197655 -3.2234869003 0.30579599738 0.81283897161 -3.2409069538 0.2903740108
          0.81108701229 -3.2182750702 0.31879600883 0.81575399637 -3.2239160538 0.31393301487
          0.81081497669 -3.2490189075 0.2896989882 0.81477999687 -3.2251400948 0.31930398941
          0.80884802341 -3.2542040348 0.29110199213 0.80369102955 -3.2626550198 0.28124400973
          0.80859297514 -3.2248020172 0.33224400878 0.81334900856 -3.2274279594 0.32367500663
          0.80736702681 -3.2671949863 0.28597798944 0.81139701605 -3.2321200371 0.32577100396
          0.80597901344 -3.2587180138 0.30026099086 0.80395299196 -3.2697999477 0.28920599818
          0.76731497049 -3.4276719093 0.13415299356 0.76917499304 -3.4292030334 0.12847499549
          0.76604497433 -3.4320669174 0.12491499633 0.76452797651 -3.4378640652 0.12376300246
          0.80534100533 -3.2301499844 0.33868598938 0.80557399988 -3.2581920624 0.30843898654
          0.76626199484 -3.4300169945 0.13850399852 0.80398499966 -3.2560970783 0.31980699301
          0.8003950119 -3.2702710629 0.30139699578 0.76460498571 -3.4340269566 0.14180900156
          0.80686199665 -3.2433609962 0.32844001055 0.80539602041 -3.2490069866 0.32700699568
          0.80433100462 -3.2532200813 0.32431599498 0.80114799738 -3.2680280209 0.31090000272
          0.76133102179 -3.4396190643 0.1408880055 0.80593597889 -3.2425410748 0.34358099103
          0.80038899183 -3.2673230171 0.3179090023 0.80038702488 -3.2673220634 0.3179230094
          0.80354100466 -3.2471499443 0.34408900142 0.79400801659 -3.2668159008 0.32753801346
          0.79787999392 -3.2506139278 0.34458199143 0.79567998648 -3.2562150955 0.34315401316
          0.7939029932 -3.2660079002 0.33235898614 0.78269100189 -3.3115251064 0.33435600996
          0.78121900558 -3.3138859272 0.32612600923 0.78248697519 -3.3172819614 0.32234999537
          0.77536898851 -3.3237690926 0.3235360086 0.77828502655 -3.3283910751 0.32458099723
          0.77960497141 -3.311496973 0.34683200717 0.77665501833 -3.331651926 0.32800900936
          0.77037000656 -3.3357009888 0.33679801226 0.77063202858 -3.325783968 0.35861098766
          0.77078998089 -3.337941885 0.34710198641 0.76487702131 -3.3283240795 0.35908600688
          0.76751899719 -3.3372280598 0.35333898664 0.82672899961 -3.2649619579 0.1067539975
          0.8271099925 -3.2584979534 0.11506299675 0.82768297195 -3.2566928864 0.12110699713
          0.82576102018 -3.269010067 0.10387200117 0.82339799404 -3.274616003 0.10274499655
          0.82210898399 -3.2573208809 0.12545199692 0.82029402256 -3.2806499004 0.10356400162
          0.81312698126 -3.2650520802 0.12263900042 0.81923002005 -3.2873990536 0.10502500087
          0.81825697422 -3.2879269123 0.11043299735 0.81946599483 -3.2723579407 0.13212899864
          0.81693297625 -3.2759959698 0.13493099809 0.81406599283 -3.2961039543 0.11974100024
          0.81290000677 -3.3012900352 0.11807499826 0.81262397766 -3.3010549545 0.11789000034
          0.81255400181 -3.3012170792 0.11798399687 0.81180799007 -3.2785229683 0.14427299798
          0.81427997351 -3.2832870483 0.13581900299 0.80841201544 -3.3010458946 0.11931800097
          0.82530802488 -3.2293040752 0.20092199743 0.82592701912 -3.225924015 0.20453600585
          0.80637001991 -3.2838020325 0.14471800625 0.82514101267 -3.2253770828 0.21135100722
          0.81939297915 -3.2405409813 0.19177399576 0.81739300489 -3.2452070713 0.18995000422
          0.8164730072 -3.2523839474 0.1885419935 0.81845098734 -3.2260758877 0.22915300727
          0.81662499905 -3.2302119732 0.23879100382 0.80161398649 -3.2749230862 0.19255900383
          0.79649299383 -3.2746698856 0.21663999557 0.81622302532 -3.2170770168 0.29183799028
          0.81471902132 -3.2244310379 0.28523498774 0.79860800505 -3.2538199425 0.25435701013
          0.81121701002 -3.2156970501 0.29821699858 0.81320899725 -3.2297279835 0.28281098604
          0.7980800271 -3.2657771111 0.2516669929 0.81226301193 -3.2276940346 0.29628399014
          0.81359797716 -3.2159409523 0.31284400821 0.81119698286 -3.2261440754 0.30219599605
          0.81095302105 -3.2316820621 0.29346999526 0.80923497677 -3.237169981 0.29223099351
          0.81068098545 -3.2263131142 0.30941700935 0.80777001381 -3.2421650887 0.29043000937
          0.80604702234 -3.2474570274 0.2891780138 0.81085497141 -3.2198140621 0.32221600413
          0.80984401703 -3.2247710228 0.31740701199 0.80857700109 -3.2251400948 0.3164280057
          0.80415099859 -3.2526628971 0.29034098983 0.80861198902 -3.2215769291 0.32717499137
          0.80848097801 -3.2267251015 0.32210201025 0.80240398645 -3.256499052 0.29321101308
          0.79659301043 -3.2660748959 0.28216901422 0.80615699291 -3.2318680286 0.32392901182
          0.79788297415 -3.2572081089 0.29805600643 0.79872298241 -3.2698149681 0.28688201308
          0.80234199762 -3.2426359653 0.32643800974 0.8004450202 -3.2566509247 0.30624601245
          0.76246297359 -3.4427509308 0.12566399574 0.7992399931 -3.2543609142 0.31895700097
          0.80002099276 -3.2551510334 0.31269899011 0.8003950119 -3.2565569878 0.30681300163
          0.7611309886 -3.4444880486 0.13095599413 0.80099397898 -3.2468440533 0.32570299506
          0.79984301329 -3.2512259483 0.3232049942 0.79524201155 -3.2676730156 0.31115299463
          0.79435801506 -3.2689580917 0.3055369854 0.76078599691 -3.4428060055 0.13700099289
          0.80112302303 -3.2404499054 0.34374400973 0.8003860116 -3.2673289776 0.31791600585
          0.79608601332 -3.2672278881 0.3185569942 0.79907000065 -3.2445011139 0.34440299869
          0.77764600515 -3.31163311 0.33207398653 0.77120500803 -3.3180670738 0.32554599643
          0.77359902859 -3.3100600243 0.33856099844 0.7737159729 -3.3262250423 0.32442700863
          0.77194702625 -3.3301680088 0.32719299197 0.77468901873 -3.3126380444 0.35072600842
          0.77035397291 -3.3332509995 0.33079299331 0.76842999458 -3.3143939972 0.35394001007
          0.76060497761 -3.3160998821 0.35622599721 0.76761800051 -3.3337159157 0.35753598809
          0.82211697102 -3.2555270195 0.12007500231 0.82030600309 -3.2603468895 0.11002399772
          0.82181799412 -3.2638149261 0.10660400242 0.82076001167 -3.2680160999 0.10389900208
          0.81863498688 -3.2692039013 0.11291500181 0.80862802267 -3.2723889351 0.11076900363
          0.81459802389 -3.2855379581 0.1045750007 0.81559199095 -3.2873880863 0.11042299867
          0.8131840229 -3.2877480984 0.10902199894 0.80806797743 -3.2619540691 0.13651700318
          0.80829697847 -3.2858290672 0.11030700058 0.80543297529 -3.2688930035 0.14213399589
          0.80826002359 -3.2988169193 0.1165010035 0.80914801359 -3.294946909 0.11958300322
          0.80457997322 -3.2992169857 0.11617899686 0.80539602041 -3.2830300331 0.13669599593
          0.80426698923 -3.291285038 0.13146500289 0.80229502916 -3.292288065 0.12584599853
          0.79562699795 -3.2982749939 0.13309800625 0.8208540082 -3.2253680229 0.20504499972
          0.82048302889 -3.2279660702 0.20055800676 0.81944400072 -3.232129097 0.19780999422
          0.81861698627 -3.2358789444 0.19459299743 0.80203998089 -3.2962360382 0.13731199503
          0.8190960288 -3.2242178917 0.21554900706 0.80499100685 -3.2652390003 0.18821200728
          0.81001597643 -3.2322289944 0.24327600002 0.79960602522 -3.277436018 0.19654299319
          0.80274701118 -3.2473630905 0.25294199586 0.79578500986 -3.2717170715 0.23007200658
          0.81399202347 -3.2201509476 0.2882040143 0.80937999487 -3.2170710564 0.29379400611
          0.8104339838 -3.2198030949 0.28859400749 0.80959099531 -3.2235848904 0.28541201353
          0.80753701925 -3.2283120155 0.28286498785 0.80241197348 -3.232170105 0.28080698848
          0.79994797707 -3.2609980106 0.25385299325 0.79513901472 -3.2684929371 0.24745100737
          0.80467402935 -3.2168860435 0.30121099949 0.80439001322 -3.2173368931 0.30720600486
          0.80842798948 -3.2292668819 0.29876899719 0.80769401789 -3.2328140736 0.29532200098
          0.79684501886 -3.2487440109 0.27769500017 0.80760699511 -3.2288620472 0.30578100681
          0.80536597967 -3.2318871021 0.30211400986 0.80337399244 -3.2359030247 0.2995159924
          0.8031359911 -3.2388129234 0.29527899623 0.80231201649 -3.2423000336 0.29171699286
          0.80250698328 -3.2222130299 0.31657600403 0.8056910038 -3.2280778885 0.31263199449
          0.8036429882 -3.2329370975 0.30680900812 0.80078601837 -3.2471780777 0.28980898857
          0.79953098297 -3.2507450581 0.28994598985 0.79523402452 -3.2555520535 0.27808400989
          0.79736602306 -3.2613539696 0.27965199947 0.8051699996 -3.2277760506 0.31968799233
          0.80265802145 -3.2307009697 0.31598800421 0.8026599884 -3.2307019234 0.31597399712
          0.79770302773 -3.2549788952 0.29243001342 0.80357301235 -3.2233030796 0.32986798882
          0.80231398344 -3.2379660606 0.32343199849 0.80265700817 -3.2307078838 0.31598100066
          0.80020099878 -3.237142086 0.31623500586 0.79380702972 -3.2692170143 0.28516599536
          0.76164799929 -3.426213026 0.12712199986 0.76182198524 -3.4249539375 0.13343599439
          0.75700700283 -3.4343850613 0.12177400291 0.75964802504 -3.4367129803 0.12267500162
          0.79913902283 -3.2407150269 0.31957399845 0.79699701071 -3.2502989769 0.30833500624
          0.79697197676 -3.2491168976 0.31130200624 0.7977899909 -3.2515890598 0.30949801207
          0.79949998856 -3.2559819221 0.30640900135 0.79625600576 -3.2538809776 0.30492499471
          0.7959960103 -3.2565250397 0.30044800043 0.79221498966 -3.2719810009 0.28907498717
          0.76065802574 -3.4270439148 0.1386500001 0.75784301758 -3.4408330917 0.12526899576
          0.80008000135 -3.2282829285 0.33759298921 0.79908299446 -3.2443139553 0.32349699736
          0.79631602764 -3.2471790314 0.31979000568 0.79564702511 -3.2508869171 0.31617599726
          0.79149800539 -3.2723600864 0.29571199417 0.7590559721 -3.4301691055 0.14220799506
          0.75745797157 -3.4423398972 0.13047300279 0.79850697517 -3.232145071 0.34117799997
          0.79561299086 -3.2508618832 0.31646299362 0.7577149868 -3.4337730408 0.14285099506
          0.75650000572 -3.4382801056 0.14049500227 0.75626599789 -3.4408740997 0.13596099615
          0.79660999775 -3.2373790741 0.34286400676 0.79065597057 -3.266876936 0.31240099669
          0.78619998693 -3.2676119804 0.30650401115 0.79443800449 -3.2426400185 0.34395301342
          0.78993999958 -3.2664220333 0.31925100088 0.78843599558 -3.2480580807 0.34450098872
          0.7861880064 -3.2661190033 0.32721599936 0.79009902477 -3.2552518845 0.34356701374
          0.78442597389 -3.264895916 0.33353900909 0.78828501701 -3.2633628845 0.33802700043
          0.78887701035 -3.2597360611 0.34153699875 0.76796102524 -3.314440012 0.32964599133
          0.76828700304 -3.311606884 0.33382698894 0.76932001114 -3.3238050938 0.32471498847
          0.7719039917 -3.3097600937 0.3453130126 0.76723700762 -3.328690052 0.32637101412
          0.76553499699 -3.3323059082 0.32945400476 0.76029902697 -3.335365057 0.33428800106
          0.75770300627 -3.319560051 0.35794898868 0.76166802645 -3.3376541138 0.34354400635
          0.75949901342 -3.3382780552 0.34922799468 0.75395601988 -3.3326098919 0.35890600085
          0.75478202105 -3.3367600441 0.35549199581 0.8134829998 -3.2556090355 0.11537200212
          0.81354600191 -3.2625238895 0.1072750017 0.81309098005 -3.2678120136 0.10451799631
          0.8174110055 -3.2552509308 0.12047600001 0.81660801172 -3.2558610439 0.12452399731
          0.81287997961 -3.2732748985 0.10348799825 0.81235802174 -3.2592310905 0.13217100501
          0.81317901611 -3.2655580044 0.11728599668 0.80993402004 -3.26749897 0.11282800138
          0.80546700954 -3.2757918835 0.11009400338 0.81014502048 -3.2794010639 0.10338100046
          0.80984902382 -3.283700943 0.10385499895 0.80355000496 -3.281537056 0.10997399688
          0.809664011 -3.2891299725 0.10622400045 0.80800497532 -3.288793087 0.10573100299
          0.80943900347 -3.2674200535 0.131152004 0.80737900734 -3.2897820473 0.10737600178
          0.80829298496 -3.2716090679 0.13485300541 0.80722397566 -3.276350975 0.13664199412
          0.80426597595 -3.2937219143 0.11934699863 0.80391001701 -3.2965528965 0.11508399993
          0.8035479784 -3.2751200199 0.1447519958 0.79770600796 -3.3003520966 0.11952000111
          0.8145660162 -3.228276968 0.20193499327 0.81514197588 -3.2255549431 0.2064819932
          0.8143439889 -3.2313280106 0.19805799425 0.81365799904 -3.234803915 0.19452799857
          0.8126860261 -3.23883605 0.19163000584 0.81150400639 -3.2432799339 0.18920299411
          0.78783202171 -3.2924048901 0.14324599504 0.81448101997 -3.2241439819 0.21426700056
          0.80995899439 -3.2484309673 0.18758000433 0.8080149889 -3.2542009354 0.18670800328
          0.81257200241 -3.2247290611 0.22622899711 0.81295800209 -3.2240478992 0.22045299411
          0.81114602089 -3.2261009216 0.23171600699 0.80213201046 -3.2701489925 0.18972200155
          0.80973297358 -3.2281529903 0.23710300028 0.80829197168 -3.2304909229 0.24142700434
          0.79528701305 -3.2769799232 0.20268599689 0.80078601837 -3.2397799492 0.25047299266
          0.80409300327 -3.2200899124 0.29022300243 0.80554199219 -3.2177710533 0.29420500994
          0.80339300632 -3.2231380939 0.28641501069 0.80264699459 -3.2270870209 0.28334099054
          0.80028700829 -3.2372601032 0.27928599715 0.79600900412 -3.2427051067 0.2779020071
          0.80209201574 -3.2197709084 0.31160700321 0.80030101538 -3.2224059105 0.31506198645
          0.80084002018 -3.2378029823 0.30190500617 0.79832702875 -3.2407341003 0.29819899797
          0.79589599371 -3.2439789772 0.29450699687 0.79554098845 -3.2466590405 0.29037699103
          0.79505902529 -3.2481029034 0.29025399685 0.79255998135 -3.2601320744 0.27902600169
          0.79906797409 -3.2238469124 0.32044899464 0.80171000957 -3.2345919609 0.31217101216
          0.79815202951 -3.2410299778 0.30585500598 0.79511398077 -3.2442700863 0.30063000321
          0.79317802191 -3.2525999546 0.29248300195 0.79104799032 -3.2648320198 0.280806005
          0.79802501202 -3.224519968 0.32738399506 0.79793000221 -3.2415208817 0.31344598532
          0.79506701231 -3.2469670773 0.30530700088 0.79315197468 -3.2479999065 0.30353799462
          0.791647017 -3.2553780079 0.29637899995 0.78888899088 -3.268889904 0.2832660079
          0.75581502914 -3.4278759956 0.12252999842 0.75485801697 -3.43562603 0.12147299945
          0.79664301872 -3.2473909855 0.31266900897 0.79220598936 -3.2510299683 0.30283901095
          0.79119300842 -3.2551429272 0.30003398657 0.78730100393 -3.2719459534 0.28689399362
          0.7562609911 -3.4241230488 0.13924999535 0.75321000814 -3.4389801025 0.12481100112
          0.79527497292 -3.2281560898 0.33597698808 0.79551798105 -3.2506821156 0.31629800797
          0.78521597385 -3.2729539871 0.29146298766 0.75427800417 -3.4265949726 0.1430850029
          0.75263500214 -3.4393410683 0.12788799405 0.75152498484 -3.438546896 0.13334099948
          0.79363697767 -3.2314600945 0.33936300874 0.78578698635 -3.2721021175 0.29688000679
          0.78575801849 -3.2700359821 0.30197000504 0.75251501799 -3.4331660271 0.14331899583
          0.75186502934 -3.4365730286 0.13971099257 0.785762012 -3.2655200958 0.31226199865
          0.76804798841 -3.2561769485 0.33534300327 0.76818501949 -3.2517778873 0.33742800355
          0.77107399702 -3.2541399002 0.33197799325 0.78969997168 -3.2412319183 0.34287500381
          0.78490501642 -3.2652750015 0.31921499968 0.78520697355 -3.2540330887 0.34360200167
          0.78387898207 -3.2587349415 0.34155699611 0.78313201666 -3.2623291016 0.33816200495
          0.76142901182 -3.3181490898 0.32741099596 0.76243698597 -3.3087470531 0.34078899026
          0.76387798786 -3.3234028816 0.32532998919 0.76256400347 -3.3270349503 0.32572099566
          0.7644289732 -3.3095049858 0.34808799624 0.76075899601 -3.3311550617 0.32831498981
          0.75978499651 -3.3114309311 0.35235598683 0.7592599988 -3.3342189789 0.33190399408
          0.75361698866 -3.3378698826 0.340741992 0.75138497353 -3.3261311054 0.35996899009
          0.74953997135 -3.3388500214 0.34446701407 0.80852001905 -3.2577540874 0.1103399992
          0.81134301424 -3.2541670799 0.12333399802 0.81202298403 -3.2541821003 0.12004300207
          0.80703699589 -3.2548699379 0.12854799628 0.7945100069 -3.2694048882 0.1026090011
          0.8032580018 -3.2872331142 0.10499200225 0.80332100391 -3.2848129272 0.11036500335
          0.80212497711 -3.2881040573 0.11075700074 0.80539399385 -3.2913329601 0.10939200222
          0.80144101381 -3.2914550304 0.10750500113 0.80503100157 -3.2655000687 0.13969300687
          0.80250102282 -3.2940120697 0.11276199669 0.80043202639 -3.2916769981 0.11388099939
          0.79984498024 -3.2945530415 0.11109100282 0.79445302486 -3.2689321041 0.13860499859
          0.7996429801 -3.2922101021 0.11881999671 0.79816997051 -3.2980339527 0.11430499703
          0.79504597187 -3.2763240337 0.13969799876 0.79315000772 -3.2748510838 0.14738899469
          0.79223102331 -3.2817919254 0.13921999931 0.79731500149 -3.2872240543 0.13536000252
          0.79575502872 -3.289716959 0.13158200681 0.78192001581 -3.2987890244 0.12137500197
          0.80975097418 -3.2320098877 0.19907300174 0.80792701244 -3.2343680859 0.19522599876
          0.80721497536 -3.2380619049 0.19193999469 0.79382199049 -3.2832000256 0.1471440047
          0.7913209796 -3.2956209183 0.13836599886 0.78329700232 -3.2970740795 0.13201600313
          0.8086400032 -3.226129055 0.20860099792 0.80936300755 -3.224697113 0.21296699345
          0.80874300003 -3.2290809155 0.20442399383 0.80642199516 -3.2424418926 0.18940800428
          0.80406397581 -3.2469449043 0.18721500039 0.80383300781 -3.2521739006 0.1863539964
          0.80833899975 -3.2245979309 0.21852299571 0.80140298605 -3.2582249641 0.18675899506
          0.80709302425 -3.2255859375 0.22338800132 0.79723197222 -3.2678420544 0.18843300641
          0.80542200804 -3.2277400494 0.22855700552 0.8065379858 -3.2272589207 0.23126600683
          0.80448400974 -3.2288630009 0.2339899987 0.79552197456 -3.2732288837 0.19110800326
          0.80330300331 -3.2303841114 0.23927499354 0.79398697615 -3.27602911 0.19498300552
          0.80072498322 -3.233189106 0.24434800446 0.7920730114 -3.2765789032 0.19960999489
          0.80029797554 -3.2356629372 0.2473360002 0.78675597906 -3.2725379467 0.2168969959
          0.79678702354 -3.2441999912 0.25253200531 0.79083901644 -3.2708799839 0.22898800671
          0.79267597198 -3.2539849281 0.25478801131 0.79032701254 -3.2696509361 0.23488199711
          0.78954201937 -3.2690908909 0.24201700091 0.79941898584 -3.219506979 0.29741299152
          0.79825800657 -3.2217650414 0.29322099686 0.79830402136 -3.2241029739 0.28832098842
          0.79782599211 -3.22717309 0.28432801366 0.79694497585 -3.2310299873 0.28123098612
          0.79503697157 -3.235863924 0.2793290019 0.79077297449 -3.2601640224 0.2545030117
          0.78862899542 -3.2643039227 0.25206500292 0.78791797161 -3.2670650482 0.24775899947
          0.79933398962 -3.2192571163 0.30377700925 0.79033100605 -3.2499051094 0.27763399482
          0.79293698072 -3.2464718819 0.2907319963 0.78765702248 -3.2559330463 0.27837198973
          0.78962099552 -3.245470047 0.29714500904 0.79001098871 -3.2466959953 0.29157799482
          0.78867197037 -3.2501211166 0.29263201356 0.78570002317 -3.2635951042 0.2809329927
          0.7880859971 -3.2482531071 0.30106198788 0.78885900974 -3.2468090057 0.29919400811
          0.78703600168 -3.2534179688 0.29602500796 0.78419202566 -3.2673490047 0.28250598907
          0.75313901901 -3.4233310223 0.12579600513 0.7527589798 -3.4216930866 0.13241699338
          0.75253498554 -3.4262158871 0.12163999677 0.74687802792 -3.4285991192 0.11794199795
          0.74998599291 -3.4349439144 0.11987999827 0.78665399551 -3.2532479763 0.29903700948
          0.78247898817 -3.2710220814 0.28553399444 0.75182902813 -3.4211580753 0.13953599334
          0.74846702814 -3.4376649857 0.12383099645 0.78117501736 -3.2726559639 0.29087400436
          0.75026702881 -3.4241259098 0.14356100559 0.74743300676 -3.4367771149 0.13242100179
          0.74801599979 -3.4376029968 0.12706899643 0.78076499701 -3.2692899704 0.300770998
          0.78063899279 -3.2713959217 0.29723399878 0.74945002794 -3.4262580872 0.14410200715
          0.74781602621 -3.4315838814 0.14267799258 0.74735099077 -3.4346280098 0.13865600526
          0.78128802776 -3.2635788918 0.3113630116 0.78140902519 -3.2656199932 0.30563399196
          0.78030997515 -3.2636198997 0.31838899851 0.7785680294 -3.2644150257 0.32630801201
          0.78283399343 -3.2458939552 0.34285399318 0.78059899807 -3.2524249554 0.34282699227
          0.77720797062 -3.2633590698 0.33321300149 0.77866399288 -3.2565889359 0.34102401137
          0.77836501598 -3.2608780861 0.33766898513 0.75695300102 -3.3104379177 0.33550000191
          0.75215101242 -3.3134450912 0.33200401068 0.75872898102 -3.3226969242 0.32568499446
          0.75800800323 -3.3248050213 0.32563000917 0.75545501709 -3.3079121113 0.34682399035
          0.75604599714 -3.3297829628 0.32741299272 0.75444000959 -3.3335769176 0.33036899567
          0.75135999918 -3.323059082 0.35959398746 0.74769097567 -3.338586092 0.35159501433
          0.80107301474 -3.2530040741 0.11421000212 0.80115002394 -3.2598450184 0.10677400231
          0.80001300573 -3.2643220425 0.10468900204 0.80064797401 -3.2602241039 0.1213620007
          0.80059802532 -3.2619900703 0.11642999947 0.80108898878 -3.2653679848 0.11239100248
          0.80233800411 -3.2709360123 0.11002899706 0.7954750061 -3.2744588852 0.1021720022
          0.79774099588 -3.2803928852 0.10265900195 0.79699200392 -3.2529730797 0.13247999549
          0.80156302452 -3.2617180347 0.12713600695 0.79866099358 -3.2835080624 0.10345499963
          0.79868298769 -3.2577118874 0.13680499792 0.8019670248 -3.2643220425 0.1315779984
          0.79739099741 -3.2852580547 0.11063399911 0.79660898447 -3.2905740738 0.1061040014
          0.80288302898 -3.2643671036 0.14025500417 0.79878002405 -3.2662599087 0.13556499779
          0.79589700699 -3.2893409729 0.11389300227 0.79440099001 -3.2943999767 0.10894300044
          0.79207897186 -3.2903881073 0.11809699982 0.7902380228 -3.2972130775 0.11146999896
          0.79778200388 -3.2706611156 0.14520199597 0.79224002361 -3.2905440331 0.12590199709
          0.80271697044 -3.2339379787 0.20316399634 0.80198997259 -3.2362289429 0.19840699434
          0.80203998089 -3.238104105 0.19311499596 0.80125802755 -3.2417669296 0.18979799747
          0.79543697834 -3.2460000515 0.18795500696 0.78786498308 -3.2886428833 0.14673399925
          0.80399101973 -3.2262649536 0.2150170058 0.8006259799 -3.2279469967 0.21184200048
          0.79825401306 -3.2313239574 0.20860800147 0.79776799679 -3.2526519299 0.18674400449
          0.80215102434 -3.2286849022 0.21910199523 0.79534399509 -3.2596740723 0.18743699789
          0.80132901669 -3.2318210602 0.22307300568 0.7997289896 -3.2327880859 0.22150300443
          0.79277700186 -3.26689291 0.18863800168 0.80093902349 -3.2315649986 0.23014800251
          0.79938101768 -3.2348270416 0.22658100724 0.79815900326 -3.2357580662 0.22521300614
          0.79089301825 -3.27135396 0.19067199528 0.80005198717 -3.2311370373 0.23714999855
          0.79716002941 -3.2331271172 0.23263899982 0.79788297415 -3.2323861122 0.23507599533
          0.79801899195 -3.2352690697 0.22732199728 0.78904098272 -3.2740449905 0.19441500306
          0.79653298855 -3.2329130173 0.23985099792 0.78439998627 -3.2739479542 0.19928200543
          0.79532897472 -3.2349460125 0.24582700431 0.78125798702 -3.2727138996 0.20440399647
          0.79133498669 -3.2376589775 0.24846099317 0.79200899601 -3.2424490452 0.25187700987
          0.78635597229 -3.2707710266 0.22366499901 0.78934198618 -3.2489891052 0.25347399712
          0.78579497337 -3.2679429054 0.23404699564 0.78572100401 -3.2685360909 0.22803999484
          0.78351801634 -3.2521469593 0.2536149919 0.78464001417 -3.2675170898 0.24120800197
          0.79579699039 -3.2250170708 0.28979000449 0.79326599836 -3.2279429436 0.28608000278
          0.79133301973 -3.2309849262 0.28245300055 0.78589498997 -3.2591049671 0.25427699089
          0.79646402597 -3.2212450504 0.30028900504 0.79358899593 -3.225030899 0.29616099596
          0.79243499041 -3.2275950909 0.29302299023 0.79042899609 -3.2301750183 0.28916600347
          0.79028999805 -3.2353990078 0.27987700701 0.78836601973 -3.240735054 0.27851000428
          0.78606301546 -3.2480120659 0.27813500166 0.79486101866 -3.2248420715 0.31048700213
          0.78576999903 -3.2386260033 0.30145698786 0.7879729867 -3.2371520996 0.29668501019
          0.78326702118 -3.2422709465 0.29396098852 0.77968299389 -3.2641859055 0.28232800961
          0.77718800306 -3.2685139179 0.28542599082 0.77530902624 -3.2617669106 0.2834109962
          0.79204797745 -3.2271590233 0.30729800463 0.77355802059 -3.265625 0.28626000881
          0.78992801905 -3.2302260399 0.30364900827 0.77632397413 -3.2669980526 0.30054700375
          0.77700197697 -3.2631909847 0.3040420115 0.77242797613 -3.2637751102 0.29836401343
          0.78901600838 -3.2337119579 0.30017599463 0.78902798891 -3.2338678837 0.29300498962
          0.78674799204 -3.2480111122 0.29361900687 0.77086901665 -3.2599680424 0.31810599566
          0.77586597204 -3.2617089748 0.31816700101 0.76950502396 -3.2618689537 0.32286301255
          0.78441601992 -3.2508840561 0.29707100987 0.74799001217 -3.4201738834 0.13195599616
          0.74807798862 -3.4203178883 0.13101199269 0.74850100279 -3.4219629765 0.12481100112
          0.74005401134 -3.4349830151 0.11531800032 0.74726998806 -3.4195110798 0.13902899623
          0.74343198538 -3.4373180866 0.12168700248 0.77642297745 -3.2709009647 0.29012298584
          0.74562400579 -3.4223210812 0.14305600524 0.7425159812 -3.4359641075 0.13057099283
          0.74290597439 -3.4368209839 0.12733800709 0.77592301369 -3.2698450089 0.29662799835
          0.74473100901 -3.4247140884 0.14350299537 0.74325299263 -3.4297330379 0.14172999561
          0.74277198315 -3.4328091145 0.13774399459 0.77425801754 -3.2486839294 0.34040701389
          0.76928400993 -3.262018919 0.32628500462 0.76866400242 -3.2612669468 0.33003801107
          0.77675801516 -3.2603330612 0.31342598796 0.774263978 -3.2631049156 0.32391899824
          0.77377402782 -3.2590839863 0.33678600192 0.74449199438 -3.3072559834 0.34124198556
          0.75393998623 -3.322316885 0.32646098733 0.75141501427 -3.3278310299 0.32702898979
          0.75302100182 -3.3092310429 0.35107499361 0.74915701151 -3.3320770264 0.32920899987
          0.74992698431 -3.3118650913 0.3543100059 0.7489669919 -3.3355588913 0.33330199122
          0.74862700701 -3.3158071041 0.35745599866 0.74412298203 -3.3372809887 0.3367190063
          0.73756098747 -3.3394300938 0.34626498818 0.7371609807 -3.3307950497 0.36014801264
          0.74232298136 -3.336042881 0.35728600621 0.80251199007 -3.2513461113 0.12144300342
          0.80138099194 -3.2521529198 0.12792499363 0.79755401611 -3.2617399693 0.13133899868
          0.79800701141 -3.2621688843 0.13168600202 0.79748702049 -3.2617230415 0.13184399903
          0.79082202911 -3.2895009518 0.10438600183 0.7952029705 -3.2626080513 0.14185599983
          0.79609000683 -3.2638409138 0.13638100028 0.79178899527 -3.2836630344 0.10990700126
          0.79045301676 -3.2875878811 0.11289799958 0.78677201271 -3.2933208942 0.10588099808
          0.79350799322 -3.2675778866 0.14512899518 0.78320801258 -3.2676920891 0.14136199653
          0.78996098042 -3.2655160427 0.13904899359 0.76955002546 -3.2962939739 0.11018600315
          0.77314299345 -3.2877349854 0.13406200707 0.78808200359 -3.276818037 0.14897200465
          0.79709798098 -3.2384560108 0.1944449991 0.79550099373 -3.241353035 0.19084399939
          0.78613001108 -3.2839639187 0.14899599552 0.79731702805 -3.2346749306 0.20548099279
          0.7959190011 -3.2379410267 0.20146299899 0.79272598028 -3.2518880367 0.18781499565
          0.79641997814 -3.2306139469 0.21501000226 0.79026502371 -3.2587718964 0.18836000562
          0.79410201311 -3.2329280376 0.21859399974 0.78826099634 -3.2652039528 0.18925499916
          0.79311299324 -3.2359271049 0.22279199958 0.78631001711 -3.2688179016 0.19083599746
          0.79225200415 -3.2346589565 0.22956100106 0.79194498062 -3.2334489822 0.23766599596
          0.78917497396 -3.2344710827 0.24323600531 0.78129398823 -3.2719359398 0.20906600356
          0.78195798397 -3.2709460258 0.21658499539 0.7638220191 -3.2224109173 0.2172369957
          0.76347601414 -3.2223730087 0.22475500405 0.76325201988 -3.2177169323 0.22007499635
          0.7871940136 -3.2413249016 0.2505710125 0.76347899437 -3.2166390419 0.21374300122
          0.78083002567 -3.2678909302 0.22034999728 0.78470599651 -3.247136116 0.25245299935
          0.78046602011 -3.265048027 0.23212599754 0.78012299538 -3.2657749653 0.24049399793
          0.78140002489 -3.2574849129 0.25349399447 0.78012800217 -3.261548996 0.2508969903
          0.77983099222 -3.2642829418 0.24653500319 0.78608000278 -3.2331318855 0.28553798795
          0.76861900091 -3.2605268955 0.33210098743 0.78411000967 -3.2359399796 0.28170600533
          0.77224898338 -3.267316103 0.29120999575 0.77080899477 -3.2649400234 0.29264900088
          0.7719309926 -3.2668809891 0.29441401362 0.77081298828 -3.2611401081 0.29598900676
          0.78310000896 -3.2408120632 0.27971199155 0.74395102262 -3.4200079441 0.12410099804
          0.74131000042 -3.4212889671 0.11882200092 0.74339902401 -3.4191479683 0.13079099357
          0.74319899082 -3.4190940857 0.13074800372 0.74103099108 -3.4318621159 0.11536499858
          0.78154802322 -3.2447590828 0.30007699132 0.74319499731 -3.4190919399 0.130776003
          0.74233198166 -3.4186201096 0.13779999316 0.73822802305 -3.4387300014 0.1182859987
          0.74037402868 -3.4214739799 0.14166100323 0.73788297176 -3.437306881 0.12751600146
          0.73618102074 -3.4389510155 0.12364800274 0.73856002092 -3.4281389713 0.14107400179
          0.7379130125 -3.4315550327 0.13748799264 0.73754000664 -3.434401989 0.13323000073
          0.77683901787 -3.2544870377 0.31239899993 0.77745997906 -3.2525939941 0.30690300465
          0.77588200569 -3.2580668926 0.30441600084 0.77605998516 -3.254873991 0.29460299015
          0.77424699068 -3.2582719326 0.29896399379 0.74850201607 -3.3171269894 0.32917800546
          0.74730402231 -3.3220329285 0.32744699717 0.74609601498 -3.3247659206 0.32741200924
          0.74423199892 -3.3300969601 0.32842200994 0.7431730032 -3.3342180252 0.33175900578
          0.73903602362 -3.3363029957 0.33444398642 0.74229699373 -3.3185319901 0.35901299119
          0.73561298847 -3.3382470608 0.33893799782 0.73088598251 -3.3233890533 0.360612005
          0.73666900396 -3.3383440971 0.35354700685 0.79431200027 -3.2539720535 0.10943099856
          0.7975230217 -3.2494819164 0.12089099735 0.79668599367 -3.2495660782 0.12700200081
          0.79073798656 -3.2560060024 0.1196359992 0.78822302818 -3.257322073 0.11444000155
          0.78709799051 -3.2648339272 0.10764300078 0.77912801504 -3.2687408924 0.1056400016
          0.78733402491 -3.2548470497 0.12644399703 0.78604400158 -3.2774240971 0.10712499917
          0.7887930274 -3.2538208961 0.13832899928 0.79201501608 -3.2591030598 0.13155700266
          0.78557699919 -3.2572700977 0.14266200364 0.79102599621 -3.2620110512 0.13582099974
          0.78056800365 -3.2880380154 0.11507800221 0.78051400185 -3.2630178928 0.14834399521
          0.78340500593 -3.2893838882 0.12047000229 0.7833930254 -3.2686970234 0.14912000299
          0.77975201607 -3.27511096 0.1424780041 0.78233700991 -3.2893059254 0.12788400054
          0.77396398783 -3.2808759212 0.14160999656 0.78037202358 -3.2782111168 0.15172499418
          0.7780380249 -3.2943489552 0.14002400637 0.79079002142 -3.2403059006 0.19770799577
          0.78799498081 -3.242264986 0.19304400682 0.78849601746 -3.2464520931 0.19001199305
          0.77259898186 -3.291946888 0.14564399421 0.79082602262 -3.231967926 0.21097899973
          0.79028302431 -3.2352390289 0.20746800303 0.78910297155 -3.2390489578 0.20403900743
          0.78649199009 -3.2530679703 0.1897470057 0.7897310257 -3.2326660156 0.21710899472
          0.7813770175 -3.2608799934 0.19148600101 0.78907698393 -3.2333490849 0.21996699274
          0.78851598501 -3.2338960171 0.22250799835 0.78067499399 -3.2648150921 0.19230799377
          0.78759497404 -3.2338809967 0.22876599431 0.78165000677 -3.2700600624 0.19449000061
          0.78669899702 -3.2331728935 0.23620800674 0.77446901798 -3.2698400021 0.19860300422
          0.7855719924 -3.2341570854 0.24202999473 0.76629501581 -3.2383790016 0.22543899715
          0.76737302542 -3.2436380386 0.23102000356 0.76559299231 -3.2365310192 0.23219999671
          0.77983999252 -3.2359941006 0.24510000646 0.77749800682 -3.2687408924 0.21526500583
          0.76457101107 -3.2305119038 0.22723600268 0.7819430232 -3.2403678894 0.24900600314
          0.77994900942 -3.2462639809 0.25074100494 0.77635502815 -3.2531599998 0.2511869967
          0.78078901768 -3.2330338955 0.24086299539 0.78204101324 -3.2315449715 0.23561100662
          0.77529597282 -3.2307319641 0.24077799916 0.77587497234 -3.2591130733 0.24929599464
          0.7735620141 -3.2516689301 0.24904799461 0.77575999498 -3.2452759743 0.24855700135
          0.7694349885 -3.2468440533 0.24514700472 0.76545000076 -3.2486479282 0.24058799446
          0.77631998062 -3.2633829117 0.23980100453 0.73916202784 -3.4181740284 0.12320499867
          0.73852002621 -3.4246940613 0.11552999914 0.73832398653 -3.4184260368 0.12914000452
          0.73665100336 -3.4296550751 0.11401200294 0.73508602381 -3.4346001148 0.11353100091
          0.73670601845 -3.4189391136 0.13497300446 0.73637598753 -3.4394040108 0.11686000228
          0.73287397623 -3.440404892 0.11440499872 0.77674198151 -3.2535688877 0.30151098967
          0.73532599211 -3.4212739468 0.13939699531 0.73186600208 -3.4423320293 0.11959200352
          0.73381799459 -3.426637888 0.14052499831 0.73356199265 -3.4275910854 0.14002199471
          0.73410099745 -3.4345738888 0.13413099945 0.73234397173 -3.4379379749 0.1305949986
          0.73087900877 -3.4409189224 0.12698000669 0.73274099827 -3.4308769703 0.13786299527
          0.73181802034 -3.4348139763 0.13485899568 0.73002499342 -3.307708025 0.3380010128
          0.74450701475 -3.3078169823 0.34915998578 0.74019098282 -3.3285899162 0.32850301266
          0.74107801914 -3.3091430664 0.35281598568 0.7384340167 -3.3328819275 0.33079901338
          0.73780798912 -3.3118638992 0.35574099422 0.72944200039 -3.3393259048 0.34899699688
          0.72900402546 -3.3343589306 0.35862898827 0.79321998358 -3.248183012 0.12015099823
          0.78401398659 -3.2557640076 0.10614299774 0.78845101595 -3.2613120079 0.10380099714
          0.78770202398 -3.2665998936 0.1020359993 0.79272997379 -3.24751091 0.12494699657
          0.778816998 -3.265360117 0.10612399876 0.7874879837 -3.2721910477 0.1009349972
          0.78645199537 -3.2471470833 0.1326559931 0.7832840085 -3.2814660072 0.10796699673
          0.77766698599 -3.286823988 0.10097000003 0.78164499998 -3.2855119705 0.11084099859
          0.78434002399 -3.2631790638 0.13882400095 0.7740920186 -3.2947499752 0.10644999892
          0.77757698298 -3.2700409889 0.14283299446 0.77481800318 -3.285187006 0.1385730058
          0.77283900976 -3.2718009949 0.15411899984 0.77319198847 -3.2946119308 0.13404299319
          0.77654701471 -3.2844018936 0.15191400051 0.77635800838 -3.288777113 0.149278
          0.78576397896 -3.2317159176 0.21149300039 0.78620201349 -3.2421660423 0.20043000579
          0.78232699633 -3.2439200878 0.19582499564 0.77560597658 -3.2489600182 0.19508899748
          0.78499698639 -3.2313089371 0.21616999805 0.78509300947 -3.2346410751 0.20762400329
          0.7838370204 -3.2392289639 0.20536099374 0.78307402134 -3.242855072 0.20200100541
          0.77409797907 -3.2568619251 0.194957003 0.7841539979 -3.2315399647 0.22146099806
          0.78308898211 -3.2316660881 0.22837500274 0.77586197853 -3.2666180134 0.19509099424
          0.77149999142 -3.25542593 0.24651800096 0.77783000469 -3.2423360348 0.20256899297
          0.77767199278 -3.24477911 0.19786399603 0.77327102423 -3.2404789925 0.20161400735
          0.77101701498 -3.2491490841 0.19651000202 0.77175998688 -3.2627270222 0.19583399594
          0.76788598299 -3.2580199242 0.19905400276 0.73466300964 -3.4185090065 0.1174570024
          0.73448801041 -3.4160809517 0.12234999985 0.7335550189 -3.4228959084 0.11465000361
          0.73288100958 -3.4178040028 0.12772899866 0.73209500313 -3.4277920723 0.11304999888
          0.73023599386 -3.4335999489 0.11217000335 0.73022001982 -3.4335870743 0.11215999722
          0.73221498728 -3.4190809727 0.13284100592 0.72810798883 -3.4403619766 0.11218500137
          0.72646701336 -3.4442710876 0.11510799825 0.73006302118 -3.4232120514 0.13778400421
          0.72874802351 -3.4266250134 0.1387040019 0.72354602814 -3.4458339214 0.12634499371
          0.72444802523 -3.4458498955 0.11919099838 0.72748398781 -3.430382967 0.13845899701
          0.72601801157 -3.4353499413 0.13687799871 0.72521901131 -3.4401330948 0.13431200385
          0.72462999821 -3.4435269833 0.13053099811 0.72804301977 -3.3104610443 0.3345220089
          0.73832499981 -3.3211100101 0.32857298851 0.73713999987 -3.3067500591 0.34632998705
          0.73314499855 -3.3249459267 0.32884201407 0.73493802547 -3.3282470703 0.32915198803
          0.73206800222 -3.330550909 0.32995399833 0.73118299246 -3.3346979618 0.33306398988
          0.73210501671 -3.3145680428 0.35817500949 0.72727400064 -3.338876009 0.34158700705
          0.71970802546 -3.3281369209 0.36094900966 0.72302401066 -3.3369259834 0.35510098934
          0.78155297041 -3.2480239868 0.11367599666 0.78846800327 -3.2469849586 0.11917699873
          0.77621197701 -3.2526190281 0.10747399926 0.78465300798 -3.2651109695 0.10201399773
          0.78398197889 -3.2443289757 0.12713499367 0.78697997332 -3.2454090118 0.12372799963
          0.78387200832 -3.2538850307 0.11908300221 0.78268098831 -3.2595040798 0.10948000103
          0.78430998325 -3.2660069466 0.10223899782 0.77236700058 -3.2725598812 0.10500299931
          0.77638399601 -3.2760241032 0.098990999162 0.76842397451 -3.278222084 0.097676999867
          0.78285801411 -3.248142004 0.13661299646 0.78264701366 -3.2552978992 0.13069500029
          0.77029597759 -3.2777509689 0.10563600063 0.76046597958 -3.28353405 0.097451999784
          0.78058999777 -3.2574489117 0.13470900059 0.77617901564 -3.284555912 0.10920599848
          0.77100998163 -3.2869169712 0.11194299906 0.77522498369 -3.2642540932 0.1411959976
          0.77461802959 -3.2888989449 0.11953999847 0.77186602354 -3.2892150879 0.12650999427
          0.76666802168 -3.2966361046 0.11557199806 0.77013301849 -3.2749969959 0.14365799725
          0.76861000061 -3.2961230278 0.1230090037 0.77177500725 -3.2788701057 0.15438599885
          0.76882398129 -3.2935609818 0.14068500698 0.76620399952 -3.2843849659 0.15408700705
          0.76802998781 -3.2883310318 0.15060000122 0.78051197529 -3.2285559177 0.21661199629
          0.7811229825 -3.2294909954 0.21021999419 0.78031998873 -3.2331809998 0.20712299645
          0.77886801958 -3.238173008 0.20531700552 0.77693998814 -3.2276849747 0.23695899546
          0.7733129859 -3.2237019539 0.23875400424 0.77987599373 -3.2278380394 0.22382800281
          0.77869397402 -3.2276749611 0.23075899482 0.77457398176 -3.2356519699 0.20346200466
          0.76949697733 -3.2370901108 0.19891600311 0.77356797457 -3.2265930176 0.20160900056
          0.7677680254 -3.2240159512 0.24233399332 0.7657700181 -3.2282409668 0.24533799291
          0.76970201731 -3.2212779522 0.19707599282 0.76987797022 -3.2290170193 0.19743900001
          0.77159500122 -3.2171270847 0.23654900491 0.76673799753 -3.2131109238 0.23798899353
          0.76495498419 -3.217124939 0.24068599939 0.72948300838 -3.4178500175 0.11791100353
          0.72953802347 -3.4170889854 0.1193350032 0.72848200798 -3.4219529629 0.11505000293
          0.72842401266 -3.4178290367 0.12520900369 0.72717398405 -3.4266409874 0.11289999634
          0.73019897938 -3.4335870743 0.11216399819 0.72545802593 -3.4319651127 0.1117509976
          0.72208702564 -3.4206309319 0.12787500024 0.72318601608 -3.4387609959 0.11120700091
          0.72545701265 -3.4218969345 0.13433599472 0.72097402811 -3.4441399574 0.11287599802
          0.72373402119 -3.425909996 0.13698999584 0.71970802546 -3.446365118 0.11729300022
          0.72296702862 -3.4284439087 0.13741199672 0.7216539979 -3.4321079254 0.13771900535
          0.71862399578 -3.4471468925 0.12263800204 0.72061502934 -3.4351708889 0.13758200407
          0.71897000074 -3.440529108 0.13622300327 0.71825098991 -3.4442090988 0.13279399276
          0.71806901693 -3.4465470314 0.12807199359 0.71967798471 -3.3143870831 0.33254799247
          0.72484201193 -3.3055870533 0.34420499206 0.72706401348 -3.3202059269 0.32977798581
          0.73379397392 -3.3077509403 0.35150501132 0.72987300158 -3.3273780346 0.32932201028
          0.72882199287 -3.3090150356 0.35453501344 0.72546601295 -3.3360159397 0.33529099822
          0.7199460268 -3.3147289753 0.35941699147 0.71589297056 -3.3387100697 0.351139009
          0.77962201834 -3.2592020035 0.10335300118 0.78006601334 -3.2630300522 0.10177700222
          0.78100901842 -3.2552859783 0.11365500093 0.77984398603 -3.2618310452 0.10613200068
          0.7794880271 -3.2646620274 0.10186800361 0.77352297306 -3.2678670883 0.098995000124
          0.78195500374 -3.2447741032 0.13205599785 0.78108501434 -3.2530710697 0.12524600327
          0.76812297106 -3.2900180817 0.10075300187 0.76486098766 -3.2486259937 0.14721100032
          0.77249497175 -3.2584729195 0.13723400235 0.76070898771 -3.2926900387 0.10217799991
          0.76953297853 -3.2880330086 0.11648000032 0.77234399319 -3.2679569721 0.14322300255
          0.7670109868 -3.2894909382 0.12881800532 0.76229602098 -3.2639069557 0.15657499433
          0.76743298769 -3.2838509083 0.13890899718 0.76651698351 -3.2899758816 0.13068400323
          0.7659239769 -3.2930059433 0.13326300681 0.76087200642 -3.2929649353 0.12817299366
          0.76532000303 -3.2728130817 0.1568299979 0.777567029 -3.2234830856 0.21325099468
          0.77629202604 -3.2239809036 0.20625400543 0.7628390193 -3.2793910503 0.15691800416
          0.76403999329 -3.2907950878 0.14677900076 0.76356697083 -3.2923989296 0.14095599949
          0.77494001389 -3.2196269035 0.22945199907 0.77520298958 -3.2218499184 0.23400999606
          0.76974201202 -3.2202260494 0.24006000161 0.72865700722 -3.4179699421 0.1181640029
          0.72306197882 -3.4195969105 0.12101700157 0.72283399105 -3.422221899 0.11651399732
          0.72187197208 -3.4263169765 0.1136220023 0.72031098604 -3.4314169884 0.11200799793
          0.71836400032 -3.4371209145 0.11146000028 0.71550601721 -3.4228909016 0.12917999923
          0.71846699715 -3.4264669418 0.13458000124 0.71500301361 -3.444865942 0.1164920032
          0.71643400192 -3.4319269657 0.13651199639 0.71443498135 -3.4456510544 0.12172999978
          0.71421998739 -3.4389359951 0.13565300405 0.71326500177 -3.4428300858 0.13239200413
          0.71338200569 -3.4449400902 0.12740199268 0.72880798578 -3.3063879013 0.34974101186
          0.72174197435 -3.3259050846 0.3294570148 0.7226369977 -3.3319029808 0.33157399297
          0.72545999289 -3.3119568825 0.35749098659 0.71875798702 -3.3373129368 0.33821299672
          0.71475499868 -3.3394060135 0.34412801266 0.71280699968 -3.3320889473 0.35927501321
          0.77140402794 -3.2428219318 0.11780799925 0.77327501774 -3.2613589764 0.10096099973
          0.77862501144 -3.2426059246 0.12481799722 0.77595597506 -3.2538919449 0.11497999728
          0.77623200417 -3.2538540363 0.1131850034 0.77589797974 -3.2566421032 0.10887099802
          0.7751250267 -3.2602860928 0.10553299636 0.77409398556 -3.2630169392 0.10612600297
          0.7776529789 -3.2426409721 0.13145899773 0.7753559947 -3.2521119118 0.12330000103
          0.77354502678 -3.2523159981 0.11956500262 0.77237600088 -3.2677600384 0.10512000322
          0.77444499731 -3.245098114 0.13838100433 0.7741060257 -3.2528669834 0.12815800309
          0.77259600163 -3.2556760311 0.13373599946 0.76726597548 -3.2819681168 0.10739699751
          0.76566201448 -3.2854409218 0.1107340008 0.76568299532 -3.2606749535 0.13938400149
          0.76461702585 -3.286853075 0.11548600346 0.75446897745 -3.2944989204 0.10484699905
          0.75477302074 -3.2538940907 0.15479099751 0.76762497425 -3.266272068 0.1429580003
          0.76334601641 -3.2874960899 0.12171199918 0.76509302855 -3.2734999657 0.1438280046
          0.76184499264 -3.2887599468 0.13029700518 0.75693899393 -3.2946469784 0.12128599733
          0.76338797808 -3.2789180279 0.14171600342 0.76139098406 -3.2828419209 0.13783399761
          0.77443999052 -3.2189059258 0.20820599794 0.77411800623 -3.2170650959 0.21520100534
          0.75463098288 -3.2730009556 0.16008600593 0.75613898039 -3.2895588875 0.14697900414
          0.77304601669 -3.2151839733 0.22464700043 0.76130402088 -3.2255399227 0.24574300647
          0.77035301924 -3.2123339176 0.21809799969 0.77084702253 -3.2136940956 0.21077400446
          0.76467597485 -3.2096059322 0.20581300557 0.75923198462 -3.2845220566 0.15556299686
          0.75881999731 -3.2878339291 0.15186500549 0.7718859911 -3.2141530514 0.23246400058
          0.767572999 -3.2245221138 0.19388599694 0.76375198364 -3.2266941071 0.18959900737
          0.71777701378 -3.4217450619 0.11708699912 0.71693199873 -3.4254100323 0.11368399858
          0.71654498577 -3.4210190773 0.12401399761 0.71546399593 -3.4301230907 0.11169400066
          0.71366202831 -3.4347798824 0.11095099896 0.71192699671 -3.4401071072 0.1122630015
          0.71039301157 -3.4428989887 0.11614499986 0.71069997549 -3.4267730713 0.13050499558
          0.7117189765 -3.4316809177 0.13362200558 0.70985502005 -3.4432010651 0.11903700233
          0.70893502235 -3.4426350594 0.12513400614 0.71028798819 -3.4359509945 0.13330200315
          0.70888501406 -3.4401290417 0.13060200214 0.72329902649 -3.30539608 0.34804800153
          0.71620297432 -3.3194088936 0.33061799407 0.72261697054 -3.3072180748 0.35329198837
          0.71501302719 -3.3289759159 0.33072701097 0.71643799543 -3.3090770245 0.35608699918
          0.71284502745 -3.3331580162 0.33369401097 0.70637899637 -3.3182470798 0.36110800505
          0.70862597227 -3.3397610188 0.34648001194 0.71241700649 -3.3356618881 0.35604399443
          0.76665502787 -3.2554759979 0.1020810008 0.7658200264 -3.2594740391 0.099569998682
          0.77397698164 -3.2414779663 0.1236319989 0.77440100908 -3.2542440891 0.1139710024
          0.77066302299 -3.256788969 0.11006599665 0.7714869976 -3.2608230114 0.10686600208
          0.77239602804 -3.2404289246 0.13137300313 0.76976799965 -3.2521948814 0.12062700093
          0.77067297697 -3.2539479733 0.11445000023 0.76745402813 -3.2665081024 0.10564800352
          0.7714009881 -3.2422599792 0.13719899952 0.77024698257 -3.252933979 0.1279489994
          0.76364600658 -3.2734820843 0.10591500252 0.76288199425 -3.2798399925 0.10741899908
          0.75666600466 -3.2873649597 0.098150998354 0.76454097033 -3.2435190678 0.14278499782
          0.76097398996 -3.2834160328 0.11040200293 0.76020902395 -3.284858942 0.11514099687
          0.76295399666 -3.2647619247 0.14173200727 0.75889700651 -3.285048008 0.12162099779
          0.76039999723 -3.2716920376 0.14257399738 0.75890600681 -3.2856230736 0.12808899581
          0.77072900534 -3.2176849842 0.20045700669 0.77092897892 -3.2152500153 0.20507499576
          0.7588070035 -3.277105093 0.14081099629 0.75786799192 -3.2810750008 0.13784199953
          0.75764900446 -3.2836370468 0.13327300549 0.74615699053 -3.2903800011 0.12928600609
          0.75833898783 -3.2667489052 0.15850800276 0.74812197685 -3.2899799347 0.13403399289
          0.7486090064 -3.2888441086 0.14566400647 0.76837801933 -3.2089259624 0.22878800333
          0.75177997351 -3.2797529697 0.15958799422 0.74452000856 -3.2838170528 0.15806099772
          0.75180900097 -3.2870659828 0.15245999396 0.76740700006 -3.2098109722 0.23435999453
          0.76667499542 -3.2403490543 0.23552800715 0.76604497433 -3.2354240417 0.23776300251
          0.71254402399 -3.4228839874 0.11204600334 0.71272099018 -3.4203810692 0.11661399901
          0.71182000637 -3.4207971096 0.12215200067 0.71141898632 -3.4272580147 0.10960700363
          0.70916801691 -3.4337921143 0.10954300314 0.71060097218 -3.4229309559 0.12675499916
          0.70723998547 -3.4385149479 0.11155100167 0.70568197966 -3.4402019978 0.11653400213
          0.70706498623 -3.4326350689 0.13053399324 0.70520198345 -3.4390850067 0.12311699986
          0.71011900902 -3.3095529079 0.33768999577 0.71787202358 -3.306139946 0.35206198692
          0.71455198526 -3.3250141144 0.33010798693 0.71071499586 -3.3112668991 0.35841500759
          0.70495402813 -3.3349590302 0.33649799228 0.70846199989 -3.3380770683 0.3408460021
          0.71085697412 -3.3250110149 0.36122900248 0.70404398441 -3.334305048 0.35639199615
          0.70402097702 -3.3374888897 0.35274100304 0.76871901751 -3.2452850342 0.11303000152
          0.76427000761 -3.2479920387 0.10841099918 0.76873898506 -3.2405149937 0.12315999717
          0.76405000687 -3.2647900581 0.09771399945 0.76803702116 -3.2391149998 0.13076199591
          0.76446002722 -3.2538108826 0.11628299952 0.76482897997 -3.2567350864 0.11129499972
          0.7639439702 -3.2605988979 0.10820599645 0.76276797056 -3.2655210495 0.10686500371
          0.75123101473 -3.2691259384 0.095271997154 0.76657801867 -3.2395889759 0.13734699786
          0.76351201534 -3.2533020973 0.12331599742 0.76016300917 -3.2722001076 0.10683599859
          0.74954998493 -3.273952961 0.094982996583 0.75836902857 -3.2767899036 0.1080249995
          0.76144897938 -3.2568500042 0.13399599493 0.75663799047 -3.2805480957 0.11096999794
          0.75404000282 -3.2912049294 0.10038200021 0.75955301523 -3.2596600056 0.13775500655
          0.75517499447 -3.2815959454 0.1166689992 0.75800102949 -3.2644250393 0.13979899883
          0.75410801172 -3.2813739777 0.12376099825 0.74838399887 -3.294989109 0.1090689972
          0.75612401962 -3.2699260712 0.1407109946 0.75346702337 -3.2806410789 0.13083200157
          0.75091099739 -3.2946848869 0.11704999954 0.75086301565 -3.2946760654 0.11703599989
          0.76682001352 -3.2143969536 0.19786199927 0.76627397537 -3.2175970078 0.19401800632
          0.76502001286 -3.2228720188 0.19106799364 0.75445002317 -3.2748539448 0.13940800726
          0.75347900391 -3.2788860798 0.13650999963 0.75086098909 -3.2946751118 0.11704999954
          0.76447200775 -3.23010993 0.23503799736 0.76357102394 -3.2243680954 0.23194999993
          0.74831300974 -3.2746338844 0.16144199669 0.76428300142 -3.2071249485 0.23497700691
          0.70876300335 -3.4188671112 0.10868699849 0.70891702175 -3.4181909561 0.11551900208
          0.70769900084 -3.4221289158 0.10510399938 0.7056710124 -3.4291489124 0.10565300286
          0.70702797174 -3.4197249413 0.12093699723 0.70424801111 -3.4333438873 0.10772100091
          0.70542001724 -3.4228789806 0.12446799874 0.7025859952 -3.436768055 0.11099000275
          0.70346999168 -3.4277479649 0.1262820065 0.70349502563 -3.4277861118 0.12631599605
          0.70345300436 -3.4277949333 0.12628999352 0.70187801123 -3.4372611046 0.11466500163
          0.7016299963 -3.4361650944 0.11990100145 0.70179599524 -3.4329419136 0.12471599877
          0.71793699265 -3.305437088 0.34538799524 0.70875799656 -3.3065469265 0.34125000238
          0.70880001783 -3.3136970997 0.33383500576 0.70738601685 -3.3176391125 0.33111301064
          0.70938098431 -3.3052220345 0.34742999077 0.71269899607 -3.3055500984 0.35033598542
          0.70926100016 -3.3233990669 0.32986199856 0.70795100927 -3.326253891 0.32979899645
          0.71164798737 -3.3073620796 0.35521098971 0.70680701733 -3.3310790062 0.33219701052
          0.69915497303 -3.3363559246 0.33807000518 0.69821798801 -3.3388390541 0.34291499853
          0.6991199851 -3.3247919083 0.36173099279 0.70423197746 -3.3303489685 0.35986599326
          0.69876497984 -3.3395330906 0.34856501222 0.7627800107 -3.241961956 0.11803899705
          0.76396197081 -3.240185976 0.12299899757 0.76347500086 -3.2443509102 0.11333099753
          0.76160502434 -3.2544090748 0.10231900215 0.76053798199 -3.2586278915 0.099636003375
          0.7597489953 -3.2633149624 0.097228996456 0.76306402683 -3.2386391163 0.12951800227
          0.76038700342 -3.2575800419 0.11286800355 0.7612580061 -3.2609789371 0.10916399956
          0.76205801964 -3.2382619381 0.13633699715 0.75853598118 -3.2560698986 0.11923400313
          0.75662600994 -3.2628219128 0.11200799793 0.75761497021 -3.2669761181 0.1095200032
          0.74664700031 -3.2790980339 0.095352999866 0.75794297457 -3.2567141056 0.12607400119
          0.75418800116 -3.2697889805 0.11212500185 0.75621199608 -3.2741959095 0.1093320027
          0.74263799191 -3.2824459076 0.096003003418 0.75684702396 -3.2452759743 0.14785300195
          0.7533839941 -3.2765290737 0.11285299808 0.75453299284 -3.2621200085 0.13332000375
          0.75183498859 -3.2758460045 0.1195140034 0.74806898832 -3.2930109501 0.10304900259
          0.75372600555 -3.2656979561 0.13629199564 0.75056099892 -3.2752239704 0.13349600136
          0.75253498554 -3.2724399567 0.13732199371 0.75142502785 -3.2686738968 0.13387799263
          0.74457001686 -3.2938818932 0.11622100323 0.76230502129 -3.2123990059 0.19686800241
          0.76194900274 -3.2152841091 0.19254399836 0.76853299141 -3.2457430363 0.22275300324
          0.77005600929 -3.2509829998 0.22891199589 0.748709023 -3.2597579956 0.1591629982
          0.75115299225 -3.2633309364 0.15984900296 0.74603998661 -3.2661809921 0.16140900552
          0.76304298639 -3.2105710506 0.23851400614 0.74069899321 -3.2855908871 0.15332099795
          0.75968199968 -3.2079319954 0.20367200673 0.7418590188 -3.2794349194 0.16127499938
          0.70534700155 -3.4154679775 0.10597600043 0.70496398211 -3.4147291183 0.11034499854
          0.70444101095 -3.4180560112 0.10166499764 0.70337802172 -3.4244039059 0.10078100115
          0.70141398907 -3.4149940014 0.11580599844 0.70443797112 -3.4151060581 0.11305099726
          0.70103502274 -3.4292590618 0.10283800215 0.70181500912 -3.418389082 0.11993200332
          0.69938802719 -3.4326050282 0.10618200153 0.69938498735 -3.4220740795 0.12257099897
          0.6979830265 -3.4347651005 0.11067800224 0.69931602478 -3.4241108894 0.1233349964
          0.69683301449 -3.4295248985 0.12225300074 0.69756197929 -3.4331068993 0.11857800186
          0.70689499378 -3.3060979843 0.35418200493 0.70156401396 -3.3296439648 0.33076098561
          0.70202499628 -3.3084859848 0.35707199574 0.69692498446 -3.3327810764 0.33263298869
          0.69500297308 -3.3114719391 0.35908699036 0.68928098679 -3.3284029961 0.36042401195
          0.68804901838 -3.3351659775 0.35540398955 0.696352005 -3.3368868828 0.35342800617
          0.75806999207 -3.2441449165 0.11425500363 0.75755399466 -3.2472980022 0.10893400013
          0.75637102127 -3.2538709641 0.10286600143 0.75554001331 -3.257627964 0.099656000733
          0.75450199842 -3.2619929314 0.096942000091 0.7549880147 -3.2384679317 0.13086600602
          0.75657099485 -3.259237051 0.11561000347 0.75351399183 -3.2386169434 0.13906499743
          0.7554500103 -3.2587280273 0.12257800251 0.75363999605 -3.2619030476 0.11897400022
          0.75320500135 -3.2655539513 0.11557099968 0.74939900637 -3.2423510551 0.14653599262
          0.75342702866 -3.2617080212 0.12607499957 0.75196301937 -3.2650029659 0.1225219965
          0.75151002407 -3.2686469555 0.11911600083 0.75199300051 -3.2726149559 0.11584699899
          0.74046301842 -3.2867488861 0.09828300029 0.75207799673 -3.2649219036 0.12966999412
          0.7504619956 -3.2705900669 0.12833300233 0.75086301565 -3.2721030712 0.12281399965
          0.73881602287 -3.2926681042 0.1062809974 0.74564802647 -3.247879982 0.15231199563
          0.74149000645 -3.2897939682 0.12577499449 0.74026298523 -3.2874879837 0.13319200277
          0.73331099749 -3.2839899063 0.15248399973 0.74212598801 -3.2720060349 0.16234299541
          0.73832899332 -3.2831289768 0.15840800107 0.7012040019 -3.4149360657 0.099041998386
          0.70119702816 -3.4125249386 0.10369999707 0.70020401478 -3.4195389748 0.09673999995
          0.69876497984 -3.4109070301 0.11027999967 0.69602298737 -3.4254579544 0.096795998514
          0.6942139864 -3.4212839603 0.092890001833 0.69607400894 -3.428812027 0.10099700093
          0.6947029829 -3.4310069084 0.10547699779 0.69337397814 -3.431828022 0.11101499945
          0.68644702435 -3.4261929989 0.11371800303 0.70001900196 -3.30813694 0.3377879858
          0.69675600529 -3.3154640198 0.33107700944 0.69939297438 -3.3219799995 0.32911100984
          0.70181697607 -3.3052840233 0.35262599587 0.68218797445 -3.3380050659 0.33645901084
          0.68714797497 -3.3397688866 0.34409698844 0.68814301491 -3.3393819332 0.35026699305
          0.75094300508 -3.2537078857 0.10384000093 0.75295001268 -3.2479999065 0.10939200222
          0.75019198656 -3.2570281029 0.10017699748 0.74949097633 -3.2606608868 0.096810996532
          0.74809497595 -3.2414779663 0.12084700167 0.74702900648 -3.2439069748 0.11734800041
          0.74784499407 -3.266395092 0.095375001431 0.73871302605 -3.289992094 0.10163000226
          0.73586899042 -3.2927060127 0.11144000292 0.74116802216 -3.2561860085 0.15825900435
          0.73598498106 -3.2873558998 0.1250589937 0.73598599434 -3.2914419174 0.11684700102
          0.73574000597 -3.2855510712 0.13239400089 0.73913699389 -3.2634820938 0.16145899892
          0.73496198654 -3.2848529816 0.13944299519 0.73738002777 -3.2681879997 0.16233800352
          0.73521000147 -3.2736029625 0.16232299805 0.73314499855 -3.282022953 0.158197999
          0.73415201902 -3.277930975 0.16136099398 0.69672697783 -3.4112899303 0.096211999655
          0.69476401806 -3.414249897 0.092404000461 0.69025099277 -3.4044060707 0.10542800277
          0.69277399778 -3.4253509045 0.095527000725 0.6910110116 -3.409840107 0.11506199837
          0.69131302834 -3.4277648926 0.099802002311 0.69296997786 -3.4149439335 0.11880800128
          0.69012898207 -3.4288620949 0.10530299693 0.69041597843 -3.4196550846 0.12110800296
          0.68923902512 -3.4253959656 0.11959499866 0.69554901123 -3.3051269054 0.34304299951
          0.69313198328 -3.3108971119 0.33423000574 0.69263499975 -3.3041830063 0.34943199158
          0.69322401285 -3.3257570267 0.32810300589 0.69239997864 -3.3280100822 0.32840800285
          0.69575899839 -3.3068299294 0.35555198789 0.6859869957 -3.3318400383 0.32937899232
          0.6823580265 -3.3349909782 0.33176401258 0.69217801094 -3.3150279522 0.36071899533
          0.68838697672 -3.3218228817 0.36172699928 0.67680799961 -3.3394639492 0.352779001
          0.74562102556 -3.2485499382 0.11270599812 0.7445089817 -3.2577168941 0.1021990031
          0.74350702763 -3.2609610558 0.098307996988 0.74249398708 -3.2654700279 0.096027001739
          0.74709200859 -3.2379519939 0.13108099997 0.74058800936 -3.2717339993 0.095118001103
          0.74277502298 -3.2371459007 0.13584500551 0.73760902882 -3.2793719769 0.095735996962
          0.74146598577 -3.2383289337 0.14163599908 0.7357659936 -3.2846000195 0.098013997078
          0.73413997889 -3.2878470421 0.10145500302 0.73659402132 -3.2400920391 0.14557999372
          0.73268401623 -3.2902560234 0.1057099998 0.7295230031 -3.2470459938 0.15198400617
          0.73158597946 -3.2914259434 0.11089000106 0.73246997595 -3.285392046 0.12445700169
          0.73128002882 -3.2898728848 0.11621899903 0.73143202066 -3.2827548981 0.13099899888
          0.72980797291 -3.2821209431 0.13943900168 0.73241299391 -3.2658729553 0.16146099567
          0.72938001156 -3.2826719284 0.14588700235 0.73103898764 -3.2718069553 0.16178500652
          0.72852098942 -3.2804229259 0.15752199292 0.7286760211 -3.2821369171 0.15233400464
          0.72945898771 -3.2763369083 0.16070500016 0.68736898899 -3.4155230522 0.087507002056
          0.68961501122 -3.4209959507 0.09090500325 0.68794798851 -3.4244420528 0.094153001904
          0.68785399199 -3.405189991 0.11105100065 0.68656802177 -3.4264690876 0.099014997482
          0.68835002184 -3.4130270481 0.1184130013 0.68547999859 -3.4265739918 0.10583800077
          0.68616700172 -3.4181311131 0.12009800225 0.68507498503 -3.4226379395 0.11762899905
          0.68788397312 -3.3135249615 0.33110499382 0.69024801254 -3.3186740875 0.32868599892
          0.68761402369 -3.3234519958 0.32706800103 0.6876090169 -3.3269309998 0.32719999552
          0.68887501955 -3.3055400848 0.35374000669 0.68921202421 -3.3099451065 0.35796201229
          0.68300497532 -3.3122050762 0.35992699862 0.68549400568 -3.3184020519 0.36184298992
          0.67718601227 -3.3399090767 0.3391380012 0.67903202772 -3.3219249249 0.36307400465
          0.67978101969 -3.3408589363 0.34661000967 0.6755040288 -3.3270161152 0.36266300082
          0.67473500967 -3.3347930908 0.35770499706 0.742208004 -3.2369821072 0.13075999916
          0.74235999584 -3.2382690907 0.12601700425 0.74217098951 -3.2407751083 0.12138299644
          0.74149399996 -3.2442319393 0.1178309992 0.73949402571 -3.2509810925 0.11327800155
          0.73711901903 -3.2589979172 0.10579899698 0.73585599661 -3.2630989552 0.10166999698
          0.73614197969 -3.2665939331 0.098375998437 0.73505097628 -3.2717900276 0.096833996475
          0.7331969738 -3.2778520584 0.096926003695 0.73067599535 -3.2810060978 0.098514996469
          0.72965699434 -3.2852549553 0.10171499848 0.72742801905 -3.287539959 0.1062220037
          0.72704201937 -3.2886240482 0.1116290018 0.72352600098 -3.2795500755 0.12134800106
          0.72735601664 -3.2846410275 0.11890900135 0.72688800097 -3.2876911163 0.11489400268
          0.79210597277 -3.23346591 0.33515501022 0.79441601038 -3.2295451164 0.33043399453
          0.79173398018 -3.2330210209 0.32866701484 0.72463899851 -3.2781419754 0.12700599432
          0.72371900082 -3.2774600983 0.13330300152 0.72956502438 -3.2606260777 0.15930899978
          0.72684299946 -3.2673659325 0.16036899388 0.72522097826 -3.2803580761 0.14517599344
          0.72487002611 -3.2740039825 0.15939599276 0.72407597303 -3.2779989243 0.1561049968
          0.72432202101 -3.2798800468 0.15092399716 0.68729400635 -3.4043700695 0.090962998569
          0.68559700251 -3.401307106 0.095348000526 0.68671602011 -3.407818079 0.087265998125
          0.68473899364 -3.4203350544 0.089290000498 0.68323802948 -3.4229640961 0.093331001699
          0.68541997671 -3.4075500965 0.11488000304 0.68218201399 -3.4240939617 0.098172001541
          0.68364602327 -3.4115209579 0.117618002 0.67771601677 -3.4209690094 0.10279899836
          0.68212997913 -3.4156250954 0.1182769984 0.68121397495 -3.4197559357 0.1155000031
          0.67827999592 -3.4198579788 0.10924199969 0.6809669733 -3.3113129139 0.33221098781
          0.68430900574 -3.306385994 0.3385489881 0.68709397316 -3.3043680191 0.34567898512
          0.68366098404 -3.3169651031 0.32854300737 0.68291497231 -3.3253750801 0.32645300031
          0.68550801277 -3.3047060966 0.35229700804 0.68119698763 -3.330728054 0.32751199603
          0.68353301287 -3.3074259758 0.35622701049 0.68179798126 -3.3222749233 0.34143200517
          0.68272900581 -3.3232738972 0.34226599336 0.68200999498 -3.3203649521 0.34449800849
          0.68134897947 -3.3236029148 0.34135600924 0.68184900284 -3.3200380802 0.34637200832
          0.68211400509 -3.3229410648 0.34930801392 0.68084299564 -3.3213610649 0.35012298822
          0.68287801743 -3.3270061016 0.34608000517 0.67948400974 -3.327794075 0.34383198619
          0.68098002672 -3.3159658909 0.36195099354 0.68011599779 -3.3234200478 0.35022199154
          0.67698597908 -3.3282499313 0.34865900874 0.67082297802 -3.3415510654 0.34209600091
          0.73756301403 -3.2364571095 0.12592700124 0.73718601465 -3.2397499084 0.12137500197
          0.73633599281 -3.2435441017 0.1182070002 0.7342209816 -3.2510099411 0.1136899963
          0.73626202345 -3.2560110092 0.10930100083 0.73653000593 -3.2352919579 0.1349440068
          0.73713797331 -3.2353549004 0.13136899471 0.73314297199 -3.256182909 0.11013499647
          0.79490202665 -3.2286179066 0.32497501373 0.73227101564 -3.260021925 0.107017003
          0.72909402847 -3.2651050091 0.10495699942 0.7296860218 -3.2732479572 0.099756002426
          0.73556101322 -3.2364981174 0.14017899334 0.72670900822 -3.2758200169 0.10153800249
          0.72610300779 -3.2816278934 0.1034130007 0.72350502014 -3.2830328941 0.10806299746
          0.79184800386 -3.2322030067 0.32351800799 0.72370898724 -3.2845859528 0.11300200224
          0.72117602825 -3.2770950794 0.14140099287 0.72291398048 -3.2654650211 0.15813399851
          0.79408597946 -3.2289199829 0.31946700811 0.78963500261 -3.2342979908 0.31880301237
          0.72131800652 -3.2707159519 0.15662400424 0.72058999538 -3.2742729187 0.15318599343
          0.72057598829 -3.276460886 0.14795599878 0.6823040247 -3.4103109837 0.084072001278
          0.68168401718 -3.4154689312 0.085164003074 0.68376600742 -3.4005448818 0.10623800009
          0.68401902914 -3.3998661041 0.10107400268 0.68003201485 -3.4188439846 0.088481999934
          0.68240201473 -3.4025061131 0.11092600226 0.67863100767 -3.4209830761 0.092997997999
          0.68075299263 -3.4058670998 0.11425799876 0.67446798086 -3.4183371067 0.09368699789
          0.67819499969 -3.4117250443 0.11547700316 0.68224799633 -3.3040750027 0.3445970118
          0.67676997185 -3.3214468956 0.32583099604 0.68131297827 -3.3039529324 0.35157600045
          0.67311102152 -3.3263309002 0.32563999295 0.67358601093 -3.3288660049 0.32632499933
          0.67791199684 -3.3169679642 0.34403601289 0.68105697632 -3.3188951015 0.34536099434
          0.67745798826 -3.3164639473 0.34584799409 0.6775649786 -3.319781065 0.33975100517
          0.67639499903 -3.3233261108 0.339368999 0.67396998405 -3.3336269855 0.32908898592
          0.67530202866 -3.309401989 0.35896399617 0.67641997337 -3.3184769154 0.35066598654
          0.672491014 -3.3368580341 0.33251199126 0.67580401897 -3.313888073 0.36179700494
          0.67119598389 -3.323652029 0.35245200992 0.67321997881 -3.3294360638 0.34662398696
          0.66989201307 -3.3393800259 0.33613699675 0.67164200544 -3.3174960613 0.36382201314
          0.67315101624 -3.3283960819 0.3495579958 0.66474401951 -3.3210129738 0.36526998878
          0.66553002596 -3.3422050476 0.35066100955 0.66420197487 -3.3399651051 0.35606300831
          0.72978401184 -3.2306990623 0.12846599519 0.72968798876 -3.2328920364 0.12305399776
          0.7301800251 -3.2364139557 0.11939500272 0.73011898994 -3.2411720753 0.11666399986
          0.73041498661 -3.2463920116 0.11521799862 0.71970301867 -3.2578070164 0.12767399848
          0.71791297197 -3.2581920624 0.13485699892 0.71914100647 -3.2521150112 0.13076299429
          0.73141998053 -3.2342839241 0.13969700038 0.72949200869 -3.2369608879 0.14406499267
          0.72101902962 -3.2513279915 0.12596200407 0.71828097105 -3.2493751049 0.13619099557
          0.71955597401 -3.2443070412 0.12955799699 0.71821898222 -3.2618811131 0.13027699292
          0.7194929719 -3.2681269646 0.15433999896 0.67970299721 -3.3979120255 0.086121998727
          0.67691898346 -3.4005119801 0.081840999424 0.68099099398 -3.3969969749 0.10074199736
          0.67692101002 -3.4142539501 0.084086999297 0.67890799046 -3.4092400074 0.082362003624
          0.67927902937 -3.3979809284 0.10647000372 0.67544102669 -3.4167840481 0.088224001229
          0.67775899172 -3.4007019997 0.11042100191 0.67588400841 -3.4051699638 0.11267700046
          0.67532402277 -3.4095931053 0.11327499896 0.66990500689 -3.4123609066 0.10323300213
          0.66853797436 -3.3085699081 0.33260801435 0.6703529954 -3.3141310215 0.32814601064
          0.66833400726 -3.3010809422 0.3482849896 0.67597001791 -3.3048129082 0.35444301367
          0.67064100504 -3.3148329258 0.3435100019 0.67283701897 -3.3182549477 0.33917298913
          0.67204600573 -3.3227279186 0.3382320106 0.67179000378 -3.3166089058 0.35022300482
          0.67351299524 -3.3275671005 0.34137201309 0.66956597567 -3.3275089264 0.33964601159
          0.66994798183 -3.3209140301 0.35263699293 0.67132097483 -3.3304889202 0.34484401345
          0.66780698299 -3.3314020634 0.34246000648 0.66752797365 -3.3279778957 0.35049900413
          0.66724598408 -3.3313019276 0.34653899074 0.66393399239 -3.3417840004 0.34533798695
          0.66377997398 -3.3271839619 0.3649379909 0.65871798992 -3.3329319954 0.36308899522
          0.7281460166 -3.2301700115 0.13528999686 0.72254598141 -3.2305190563 0.13967099786
          0.72148799896 -3.233989954 0.14329700172 0.72227299213 -3.2403960228 0.14826700091
          0.77170902491 -3.2543809414 0.22183200717 0.77459698915 -3.2598309517 0.2238509953
          0.77321702242 -3.257283926 0.22829799354 0.7179120183 -3.2532680035 0.14053499699
          0.71818500757 -3.2746200562 0.13228100538 0.71727401018 -3.2738890648 0.13900500536
          0.67734998465 -3.3933820724 0.088973000646 0.67728298903 -3.3928730488 0.095965996385
          0.67168098688 -3.403124094 0.078537002206 0.67397999763 -3.4088339806 0.080499000847
          0.67614197731 -3.3935189247 0.10195200145 0.67227399349 -3.4124720097 0.083561003208
          0.67463499308 -3.3956120014 0.10657300055 0.67087799311 -3.4145889282 0.08809799701
          0.67307198048 -3.3991179466 0.10970199853 0.6704570055 -3.4148960114 0.090984001756
          0.66713100672 -3.4123311043 0.09612300247 0.67084300518 -3.4054329395 0.11014900357
          0.66670000553 -3.4066810608 0.10513599962 0.67311000824 -3.3022260666 0.34359800816
          0.66669201851 -3.3030591011 0.33927500248 0.66753298044 -3.3183128834 0.32613998652
          0.66727799177 -3.3250570297 0.32507500052 0.66666597128 -3.3167159557 0.33891400695
          0.66682100296 -3.3216400146 0.33701899648 0.66005498171 -3.3300790787 0.32613798976
          0.66433501244 -3.3054530621 0.35762199759 0.66705602407 -3.3152530193 0.34928300977
          0.65987998247 -3.3272058964 0.33559399843 0.65951502323 -3.3340470791 0.32921001315
          0.66150397062 -3.310956955 0.36264199018 0.6654509902 -3.318392992 0.35282799602
          0.66269499063 -3.3317170143 0.339854002 0.66380000114 -3.3316879272 0.34040498734
          0.66153597832 -3.3377931118 0.33399501443 0.66443097591 -3.3139350414 0.3637740016
          0.66369098425 -3.3237490654 0.35321700573 0.66446697712 -3.3317980766 0.34763500094
          0.66136902571 -3.3341519833 0.34345498681 0.66122800112 -3.3343639374 0.34392100573
          0.6601549983 -3.3396189213 0.33882299066 0.66220402718 -3.3282520771 0.35171198845
          0.66046899557 -3.3323569298 0.34867399931 0.65882998705 -3.3409729004 0.34395000339
          0.65755099058 -3.3429310322 0.3487919867 0.65562701225 -3.3431510925 0.35412600636
          0.72085601091 -3.223115921 0.13032199442 0.72093397379 -3.2245240211 0.12352800369
          0.72224199772 -3.22772789 0.12001000345 0.71659499407 -3.228760004 0.1140320003
          0.72522199154 -3.2588880062 0.15798099339 0.71912097931 -3.262114048 0.15547800064
          0.71612799168 -3.2230989933 0.13573999703 0.72029697895 -3.2583990097 0.15622100234
          0.67129302025 -3.386826992 0.0838830024 0.67295402288 -3.3883609772 0.09198000282
          0.67224401236 -3.3909840584 0.080842003226 0.67294299603 -3.3893630505 0.097136996686
          0.66922700405 -3.4075698853 0.079470001161 0.67154502869 -3.3909099102 0.10215999931
          0.66771501303 -3.4103929996 0.083350002766 0.66601699591 -3.4118719101 0.088394999504
          0.66808897257 -3.3984279633 0.10807999969 0.66638898849 -3.4016981125 0.10729400069
          0.66409999132 -3.4083490372 0.099536001682 0.65752899647 -3.3225069046 0.32501998544
          0.6608979702 -3.3008790016 0.35228100419 0.66403001547 -3.3133540154 0.34298500419
          0.6618180275 -3.3200368881 0.33623099327 0.66235399246 -3.313740015 0.34849500656
          0.66075402498 -3.315887928 0.35281598568 0.65755498409 -3.3325309753 0.33685401082
          0.65684300661 -3.3373289108 0.33292201161 0.65878099203 -3.3223259449 0.35436499119
          0.66113102436 -3.3344449997 0.34380701184 0.65522497892 -3.3361480236 0.33976501226
          0.65564101934 -3.3371829987 0.33893099427 0.64936798811 -3.3285911083 0.35453000665
          0.65470397472 -3.3368360996 0.34586700797 0.65415799618 -3.3397269249 0.34305399656
          0.65417897701 -3.3204650879 0.36730501056 0.6526529789 -3.3423690796 0.34709501266
          0.64977902174 -3.3267149925 0.36763200164 0.64406198263 -3.3313701153 0.3669269979
          0.65037202835 -3.3441119194 0.35156300664 0.64807498455 -3.3366339207 0.36333701015
          0.64154100418 -3.3414289951 0.36190199852 0.64549297094 -3.34405303 0.35679501295
          0.71926397085 -3.271848917 0.15096700191 0.66888397932 -3.3941149712 0.07712700218
          0.66214799881 -3.398968935 0.075984999537 0.66780900955 -3.3862030506 0.097644999623
          0.66346901655 -3.4050519466 0.079145997763 0.66721302271 -3.3888878822 0.10194499791
          0.66507798433 -3.3921980858 0.10535500199 0.66191601753 -3.4092650414 0.088051997125
          0.65765202045 -3.4067370892 0.092583999038 0.66079998016 -3.4030530453 0.10249300301
          0.66090798378 -3.2997329235 0.34542399645 0.65779602528 -3.3143160343 0.33833599091
          0.65544897318 -3.328815937 0.32534199953 0.65775102377 -3.3117370605 0.34818300605
          0.658156991 -3.3119399548 0.3427349925 0.65715998411 -3.3187220097 0.33569601178
          0.65565699339 -3.3237919807 0.33397999406 0.65166199207 -3.3263990879 0.33263099194
          0.65341001749 -3.3330039978 0.32754600048 0.65651297569 -3.3136970997 0.35288700461
          0.65314102173 -3.330837965 0.33451300859 0.65458500385 -3.3323009014 0.3357180059
          0.65250599384 -3.3326489925 0.33435100317 0.65060198307 -3.3356440067 0.3301320076
          0.65134197474 -3.3159608841 0.35513299704 0.6505600214 -3.3375229836 0.33634498715
          0.65188401937 -3.3388559818 0.33575600386 0.64817798138 -3.3163290024 0.36691600084
          0.65364599228 -3.3393371105 0.34316599369 0.64979600906 -3.3395020962 0.33689001203
          0.64422297478 -3.3335249424 0.35357099771 0.64654302597 -3.3367080688 0.34916400909
          0.64880698919 -3.3392961025 0.34414198995 0.64757597446 -3.342703104 0.344502002
          0.64633202553 -3.3442258835 0.34970000386 0.71613401175 -3.2249259949 0.11778199673
          0.71656000614 -3.2220931053 0.12266899645 0.71562802792 -3.2206799984 0.12902699411
          0.71988201141 -3.2459979057 0.1520909965 0.6660400033 -3.3830931187 0.080429002643
          0.66659200191 -3.3817250729 0.086755000055 0.66600900888 -3.3864090443 0.077178001404
          0.66451501846 -3.3909618855 0.074795998633 0.66388100386 -3.3941030502 0.074842996895
          0.66239601374 -3.3806350231 0.093045003712 0.6622300148 -3.3832828999 0.097782999277
          0.66189497709 -3.3866889477 0.10158099979 0.65339201689 -3.4040191174 0.082711003721
          0.66071200371 -3.3907499313 0.10452000052 0.65869402885 -3.3974781036 0.10444699973
          0.65329998732 -3.4022641182 0.096408002079 0.65060800314 -3.397685051 0.099206000566
          0.65720701218 -3.2996850014 0.3450640142 0.64995598793 -3.312484026 0.32944700122
          0.64935898781 -3.3157179356 0.32696899772 0.65367400646 -3.2993750572 0.349943012
          0.64830201864 -3.3203089237 0.32465198636 0.65050798655 -3.3273088932 0.32463899255
          0.65173202753 -3.3014700413 0.35475999117 0.65328401327 -3.3098518848 0.34812301397
          0.65028297901 -3.3125329018 0.33812201023 0.65193200111 -3.3165171146 0.33539301157
          0.6504330039 -3.3213739395 0.33261600137 0.64866197109 -3.3320229053 0.32625699043
          0.64803600311 -3.3102669716 0.35228100419 0.64888900518 -3.3279829025 0.33243700862
          0.64672601223 -3.3074951172 0.36115199327 0.64607000351 -3.3349740505 0.33656299114
          0.64531600475 -3.3386659622 0.33298000693 0.64797002077 -3.3222849369 0.35629299283
          0.64448899031 -3.3379929066 0.34022399783 0.6470990181 -3.340873003 0.33886998892
          0.6438279748 -3.3412320614 0.33708199859 0.64411598444 -3.3376960754 0.34347900748
          0.6436560154 -3.3373560905 0.34743499756 0.64312899113 -3.3431789875 0.34208199382
          0.64245402813 -3.34324193 0.34172201157 0.64441597462 -3.3214418888 0.36834698915
          0.64326202869 -3.3372280598 0.35043299198 0.6414539814 -3.3434209824 0.3481400013
          0.64229899645 -3.343378067 0.34246098995 0.64021402597 -3.3447721004 0.3534219861
          0.64096701145 -3.3438410759 0.35047501326 0.63748502731 -3.3372159004 0.36622199416
          0.63848000765 -3.34465909 0.35934400558 0.71324902773 -3.2731568813 0.13260899484
          0.7115470171 -3.2205109596 0.12183099985 0.71331298351 -3.2712380886 0.13707700372
          0.71151399612 -3.2231879234 0.11696299911 0.65642601252 -3.3751869202 0.088468998671
          0.65563100576 -3.3744730949 0.08157300204 0.65877699852 -3.3933560848 0.07322999835
          0.65740799904 -3.3972189426 0.07513500005 0.65218901634 -3.4002189636 0.078089997172
          0.65592300892 -3.3892500401 0.10341499746 0.64929497242 -3.4033060074 0.088308997452
          0.65030497313 -3.3933820724 0.10203400254 0.64476698637 -3.300688982 0.34156098962
          0.64604198933 -3.3039820194 0.33790799975 0.64584100246 -3.3257219791 0.32363700867
          0.64443898201 -3.3074569702 0.34604901075 0.64518600702 -3.3086180687 0.34235799313
          0.63928902149 -3.3232688904 0.33012101054 0.64392697811 -3.3038458824 0.35809600353
          0.64365100861 -3.3082520962 0.35006800294 0.63893401623 -3.3287239075 0.33191299438
          0.64128899574 -3.3347420692 0.32706901431 0.6452280283 -3.3136839867 0.35536399484
          0.6404029727 -3.3338749409 0.33569300175 0.64016497135 -3.3384099007 0.33104100823
          0.64138698578 -3.3159329891 0.35716798902 0.63977402449 -3.3365440369 0.33937498927
          0.63894200325 -3.3407280445 0.33524000645 0.63692599535 -3.3224420547 0.35905298591
          0.64047402143 -3.3384599686 0.34503298998 0.63829797506 -3.3390529156 0.34353199601
          0.63744002581 -3.3432559967 0.33945399523 0.63518601656 -3.3297269344 0.35875499249
          0.63819098473 -3.3342330456 0.35574200749 0.63988697529 -3.3381359577 0.35207900405
          0.6398550272 -3.3419249058 0.34873500466 0.6366289854 -3.3436899185 0.34397599101
          0.63913601637 -3.3259849548 0.36865401268 0.63693702221 -3.3388159275 0.35339999199
          0.63544201851 -3.3436000347 0.3523029983 0.63710200787 -3.3321371078 0.3681499958
          0.63371497393 -3.3471069336 0.35552600026 0.6341829896 -3.3420538902 0.36457398534
          0.63138902187 -3.3459999561 0.36199998856 0.64880597591 -3.3773910999 0.071806997061
          0.65507602692 -3.3857719898 0.071635998785 0.6543380022 -3.375688076 0.093749001622
          0.65488499403 -3.3798799515 0.097620002925 0.64918798208 -3.3950479031 0.07403100282
          0.65321797132 -3.3830718994 0.10080999881 0.63604199886 -3.3968610764 0.080739997327
          0.65130698681 -3.3876459599 0.10276100039 0.64473700523 -3.3092560768 0.33347401023
          0.64282798767 -3.3151040077 0.32743498683 0.6427680254 -3.3188209534 0.32431098819
          0.64116597176 -3.3240571022 0.32265800238 0.64480698109 -3.2999069691 0.35277700424
          0.6334400177 -3.3088440895 0.33719500899 0.6342779994 -3.3130609989 0.33272999525
          0.64184802771 -3.3183069229 0.33130401373 0.63867300749 -3.3304109573 0.3233590126
          0.64082801342 -3.3115470409 0.35478299856 0.62765401602 -3.3380689621 0.32587701082
          0.63241499662 -3.3362770081 0.33685898781 0.63002699614 -3.3407349586 0.33138999343
          0.62937998772 -3.3102810383 0.36425998807 0.63310700655 -3.3394100666 0.34078401327
          0.63271701336 -3.3411450386 0.33949100971 0.63190501928 -3.3424799442 0.33640700579
          0.63212502003 -3.3170828819 0.36709299684 0.63016098738 -3.3241961002 0.3617169857
          0.63166099787 -3.3422989845 0.34471800923 0.63357901573 -3.3435549736 0.34447801113
          0.6346269846 -3.3248200417 0.36856099963 0.6314240098 -3.3349850178 0.35779601336
          0.63203001022 -3.3390669823 0.35473498702 0.63163101673 -3.3465619087 0.3479860127
          0.63065099716 -3.3424971104 0.35115799308 0.62966299057 -3.3473629951 0.34639599919
          0.63192301989 -3.3312969208 0.36910000443 0.63127601147 -3.3391089439 0.35489299893
          0.6285520196 -3.348500967 0.35100901127 0.62983000278 -3.337667942 0.36819601059
          0.62788999081 -3.3488650322 0.35833001137 0.6265220046 -3.3432650566 0.36719998717
          0.62433600426 -3.347340107 0.36461699009 0.64990997314 -3.374022007 0.075446002185
          0.64722001553 -3.3897678852 0.071122996509 0.64783799648 -3.3795409203 0.10132200271
          0.64666897058 -3.3859488964 0.1026270017 0.62945997715 -3.3945438862 0.086093001068
          0.6450240016 -3.3912529945 0.10096500069 0.64332699776 -3.2984099388 0.3465679884
          0.63998401165 -3.3025729656 0.33847001195 0.63774001598 -3.317663908 0.32410401106
          0.63650602102 -3.3224580288 0.3220770061 0.63690501451 -3.3071060181 0.34215000272
          0.63430601358 -3.3290629387 0.32192999125 0.63597601652 -3.3017060757 0.35624200106
          0.63517802954 -3.3071789742 0.34962698817 0.63002800941 -3.325797081 0.33078500628
          0.63212800026 -3.334346056 0.32381299138 0.63619601727 -3.3096930981 0.35432600975
          0.62824702263 -3.3305180073 0.33288899064 0.63418102264 -3.3132400513 0.35730201006
          0.63250499964 -3.3183310032 0.35912799835 0.62804502249 -3.3401811123 0.33792600036
          0.62753397226 -3.3426868916 0.33549401164 0.63064599037 -3.3227140903 0.36146599054
          0.62968498468 -3.3422079086 0.34390899539 0.62644201517 -3.3433139324 0.34147799015
          0.62756997347 -3.3454639912 0.34029299021 0.62812900543 -3.3302330971 0.36096400023
          0.62638902664 -3.3421649933 0.34455698729 0.61694097519 -3.3412230015 0.34595099092
          0.62467598915 -3.3482069969 0.34343799949 0.62946200371 -3.3233509064 0.36806100607
          0.62759202719 -3.328234911 0.36929300427 0.62454497814 -3.3350629807 0.3593659997
          0.62475198507 -3.3390479088 0.35604301095 0.61464697123 -3.3398640156 0.35243499279
          0.62295299768 -3.3496279716 0.34659901261 0.62637597322 -3.3315079212 0.36985999346
          0.62536597252 -3.3349909782 0.36984500289 0.62223702669 -3.3508729935 0.35424500704
          0.6225990057 -3.3431890011 0.36835300922 0.62112301588 -3.3501589298 0.36114498973
          0.6468449831 -3.367358923 0.083388999104 0.64626997709 -3.3687500954 0.077454999089
          0.64743500948 -3.3830959797 0.069732002914 0.64425998926 -3.3666660786 0.090140998363
          0.64758497477 -3.3712849617 0.094535999 0.64025902748 -3.3873510361 0.070169001818
          0.64613097906 -3.3738360405 0.098806001246 0.64433199167 -3.3775250912 0.1017960012
          0.6422060132 -3.38438797 0.10250899941 0.63880199194 -3.3885669708 0.099679999053
          0.6382060051 -3.3925089836 0.096552997828 0.63123399019 -3.3930308819 0.091200001538
          0.63269102573 -3.2985711098 0.34200501442 0.62257498503 -3.3052859306 0.32947200537
          0.63073498011 -3.3206069469 0.32149899006 0.63197702169 -3.2979099751 0.34867200255
          0.63232702017 -3.3155510426 0.33039501309 0.63181197643 -3.3210990429 0.32963100076
          0.62764900923 -3.3270039558 0.32023701072 0.62471199036 -3.3337340355 0.32147601247
          0.63108497858 -3.3084669113 0.3530189991 0.62982499599 -3.31163311 0.35677999258
          0.62508302927 -3.3348670006 0.33423501253 0.6239169836 -3.3404018879 0.32881999016
          0.62926000357 -3.3129909039 0.357427001 0.62803298235 -3.3156890869 0.35943600535
          0.62286198139 -3.3387238979 0.33671700954 0.62269800901 -3.3418281078 0.33407199383
          0.62774199247 -3.3138160706 0.36585399508 0.62697601318 -3.3161449432 0.36558499932
          0.62634897232 -3.3192200661 0.36260101199 0.62182098627 -3.3414030075 0.34107598662
          0.62115001678 -3.3446910381 0.33788499236 0.626101017 -3.3191549778 0.36444398761
          0.62919098139 -3.3229110241 0.36766400933 0.62579900026 -3.32553792 0.36382898688
          0.61624097824 -3.3471050262 0.34017300606 0.62355101109 -3.3262689114 0.36505499482
          0.62286698818 -3.3268361092 0.3683950007 0.62262099981 -3.3303220272 0.36218601465
          0.61615800858 -3.3500080109 0.34527099133 0.62078899145 -3.3314020634 0.36996799707
          0.61662900448 -3.3515529633 0.35037899017 0.61840897799 -3.337677002 0.3701570034
          0.61581802368 -3.3522949219 0.35708999634 0.61297100782 -3.3421640396 0.36919099092
          0.6157220006 -3.3471388817 0.36636799574 0.61553299427 -3.3504610062 0.36264699697
          0.64470201731 -3.3709919453 0.072867996991 0.64061301947 -3.3730130196 0.068873003125
          0.64284199476 -3.3815031052 0.068460002542 0.643016994 -3.3688371181 0.094672001898
          0.64143300056 -3.3718779087 0.098312996328 0.63198500872 -3.3925089836 0.076049000025
          0.63928598166 -3.3759260178 0.10122399777 0.63698601723 -3.3824999332 0.10132700205
          0.62504297495 -3.3140940666 0.32316800952 0.63010799885 -3.3087489605 0.33836400509
          0.62805402279 -3.3110001087 0.33386000991 0.62803500891 -3.3100159168 0.33631798625
          0.62727499008 -3.3146569729 0.33053600788 0.62686401606 -3.3157539368 0.33075100183
          0.61870098114 -3.3243041039 0.31900200248 0.62552899122 -3.2991499901 0.35148000717
          0.62767499685 -3.3067638874 0.34537801147 0.62817597389 -3.3086249828 0.33864301443
          0.62482100725 -3.3217730522 0.33040300012 0.62652301788 -3.3079810143 0.35147601366
          0.62242400646 -3.3283030987 0.33193299174 0.62056899071 -3.3371520042 0.32317000628
          0.61936599016 -3.3045740128 0.35851201415 0.62642800808 -3.3105509281 0.35524699092
          0.62034797668 -3.333509922 0.33329498768 0.61904102564 -3.3399159908 0.32708001137
          0.62338000536 -3.3139350414 0.35888200998 0.61789697409 -3.3407969475 0.33281600475
          0.61807799339 -3.3411500454 0.33074700832 0.62355202436 -3.3112409115 0.36408001184
          0.62302201986 -3.3144099712 0.36020100117 0.62464302778 -3.3176569939 0.36320701241
          0.61259502172 -3.3394050598 0.33869299293 0.61647099257 -3.3430640697 0.33720800281
          0.61801898479 -3.3260319233 0.3669179976 0.61816197634 -3.3260309696 0.3659439981
          0.61648398638 -3.3343129158 0.36023199558 0.61482697725 -3.3378419876 0.35700398684
          0.61698901653 -3.3283200264 0.3685489893 0.61624598503 -3.329996109 0.36966401339
          0.60925197601 -3.3510289192 0.3485159874 0.61405098438 -3.3362810612 0.37039101124
          0.61076897383 -3.352230072 0.35699599981 0.61082398891 -3.3465750217 0.36700499058
          0.61023002863 -3.3500769138 0.3633660078 0.63591498137 -3.3606929779 0.07127200067
          0.63805097342 -3.3608930111 0.085701003671 0.63994902372 -3.3640420437 0.090476997197
          0.63554000854 -3.3856430054 0.06951700151 0.63453000784 -3.379981041 0.067318998277
          0.6380789876 -3.3668129444 0.094002000988 0.63615202904 -3.3805789948 0.077317997813
          0.63605600595 -3.3826138973 0.079435996711 0.63562500477 -3.3805029392 0.081096000969
          0.63510000706 -3.3830740452 0.078601002693 0.63355898857 -3.3893380165 0.072347998619
          0.63632798195 -3.3707880974 0.097451001406 0.63484698534 -3.3831241131 0.080214999616
          0.62320798635 -3.3908619881 0.080724999309 0.62493401766 -3.3822340965 0.095909997821
          0.61737298965 -3.3007121086 0.33335500956 0.62249302864 -3.3090760708 0.32596498728
          0.6160569787 -3.3166410923 0.32044100761 0.62028199434 -3.2973539829 0.34383898973
          0.62685900927 -3.3113288879 0.33453699946 0.62614899874 -3.3149819374 0.33110699058
          0.62190502882 -3.3090279102 0.3410589993 0.61633700132 -3.3157329559 0.33382898569
          0.62068599463 -3.3203709126 0.33117699623 0.61760699749 -3.3310968876 0.31946998835
          0.61834299564 -3.3012940884 0.35383701324 0.62118697166 -3.3082671165 0.34776899219
          0.6177380085 -3.326488018 0.3316000104 0.61583197117 -3.3358089924 0.32221698761
          0.62009501457 -3.3101980686 0.35366100073 0.6155949831 -3.3322460651 0.33226600289
          0.6142860055 -3.3386580944 0.32604399323 0.61976802349 -3.3078711033 0.36140298843
          0.62027299404 -3.3086490631 0.36209899187 0.6186439991 -3.3125851154 0.35793599486
          0.61283099651 -3.3364899158 0.33433300257 0.61340302229 -3.3382620811 0.33302000165
          0.61331099272 -3.3396999836 0.3302539885 0.61839002371 -3.3126969337 0.35940998793
          0.61189198494 -3.3409481049 0.33700600266 0.61128401756 -3.3398120403 0.34516400099
          0.60998499393 -3.3455650806 0.33911699057 0.61670798063 -3.3260729313 0.36629199982
          0.61587101221 -3.3295850754 0.36283099651 0.60840702057 -3.3485770226 0.34278601408
          0.61214202642 -3.3291630745 0.36318099499 0.61145502329 -3.3289170265 0.36845600605
          0.61124700308 -3.3330450058 0.36011299491 0.60911297798 -3.334387064 0.37000000477
          0.60711497068 -3.341146946 0.36927399039 0.60047900677 -3.3501360416 0.35868600011
          0.60090202093 -3.3449039459 0.36722499132 0.6014969945 -3.3484809399 0.36367499828
          0.63013398647 -3.3546800613 0.074331000447 0.63543599844 -3.3643240929 0.068147003651
          0.63551402092 -3.3711481094 0.066586002707 0.63318401575 -3.3759770393 0.066422998905
          0.6304320097 -3.3600330353 0.089799001813 0.63132697344 -3.3762450218 0.07388100028
          0.63512998819 -3.3786139488 0.075507998466 0.63258898258 -3.3740899563 0.078463003039
          0.63194900751 -3.3786840439 0.074014000595 0.62911897898 -3.3826100826 0.069178000093
          0.63425302505 -3.3781890869 0.082511000335 0.63149797916 -3.3761720657 0.083043001592
          0.63007801771 -3.3831300735 0.076291002333 0.62926501036 -3.387114048 0.07242500037
          0.63180398941 -3.3695750237 0.096339002252 0.63066697121 -3.3783910275 0.083474002779
          0.62930500507 -3.3831861019 0.081445001066 0.62997502089 -3.3741869926 0.09815300256
          0.62548100948 -3.3767800331 0.097111999989 0.62119597197 -3.3882060051 0.08864299953
          0.60454499722 -3.3089649677 0.32229599357 0.61984497309 -3.2990279198 0.33723899722
          0.6183360219 -3.2986609936 0.34907901287 0.61708498001 -3.3123729229 0.33753800392
          0.61303400993 -3.3294570446 0.3191190064 0.61616098881 -3.3096420765 0.34535300732
          0.61438298225 -3.3105509281 0.34352898598 0.61430501938 -3.320595026 0.33212700486
          0.61329698563 -3.3236730099 0.33173701167 0.61126500368 -3.3336288929 0.3220770061
          0.61628800631 -3.3042969704 0.35713100433 0.61541897058 -3.3094680309 0.34959700704
          0.61236697435 -3.3265149593 0.33137899637 0.61070901155 -3.3316349983 0.3306030035
          0.60965400934 -3.3359129429 0.32696101069 0.61414802074 -3.3102200031 0.35775101185
          0.61461800337 -3.3105080128 0.3579480052 0.61034101248 -3.3326039314 0.33082300425
          0.60964798927 -3.3390769958 0.33763998747 0.60714697838 -3.3388369083 0.33791899681
          0.60636001825 -3.3382380009 0.34472298622 0.60528898239 -3.3436970711 0.33861601353
          0.60581302643 -3.3352200985 0.35596600175 0.60583800077 -3.3371191025 0.35093700886
          0.60373300314 -3.3469231129 0.34213599563 0.60650497675 -3.3286180496 0.36649000645
          0.60686200857 -3.3287129402 0.36382699013 0.60644501448 -3.3316628933 0.35969901085
          0.60234600306 -3.3489980698 0.34671398997 0.60463702679 -3.3328800201 0.36911299825
          0.60109901428 -3.3498620987 0.35136500001 0.6023619771 -3.3396520615 0.36908099055
          0.62861102819 -3.3558371067 0.085667997599 0.62992197275 -3.3542459011 0.080531999469
          0.62844002247 -3.3719830513 0.077338002622 0.6284160018 -3.3714399338 0.078786998987
          0.62714099884 -3.3776888847 0.072723001242 0.62720102072 -3.3726699352 0.084184996784
          0.62529402971 -3.3820149899 0.075116999447 0.62479698658 -3.3844509125 0.072754003108
          0.62704098225 -3.3678228855 0.095578998327 0.62563097477 -3.3774659634 0.08357899636
          0.62443202734 -3.3819410801 0.081187002361 0.62081801891 -3.387554884 0.075528003275
          0.6246240139 -3.373570919 0.096902996302 0.61468797922 -3.3816959858 0.090181998909
          0.61057698727 -3.3026340008 0.3289720118 0.60954898596 -3.3061480522 0.32542198896
          0.61064898968 -3.3204960823 0.31938299537 0.61048102379 -3.2988159657 0.34501299262
          0.60870599747 -3.3259160519 0.32064700127 0.61291497946 -3.300992012 0.35148999095
          0.61033397913 -3.3135349751 0.34049001336 0.60971599817 -3.3169410229 0.3367280066
          0.61101597548 -3.3209071159 0.3331399858 0.60899400711 -3.3315958977 0.32284000516
          0.61118298769 -3.3047580719 0.3544279933 0.61066198349 -3.3084070683 0.34935799241
          0.61067700386 -3.3072359562 0.35202300549 0.61057198048 -3.3107190132 0.34450399876
          0.60847401619 -3.3212211132 0.33399701118 0.60750299692 -3.3252520561 0.33109998703
          0.60720098019 -3.3279769421 0.32671499252 0.61003398895 -3.3318500519 0.33011099696
          0.61054998636 -3.3064880371 0.35466098785 0.60190200806 -3.3365569115 0.3433920145
          0.60117799044 -3.3397541046 0.34004598856 0.60134899616 -3.333329916 0.35407099128
          0.60167002678 -3.3345000744 0.3491140008 0.5990459919 -3.3444879055 0.34210801125
          0.60339099169 -3.3289470673 0.36479899287 0.6016100049 -3.330343008 0.35935598612
          0.60134798288 -3.3293349743 0.36353799701 0.59775799513 -3.3469240665 0.34647101164
          0.59974700212 -3.3324530125 0.36710301042 0.59645098448 -3.348555088 0.35147500038
          0.59081500769 -3.3488490582 0.35834699869 0.5953810215 -3.3444080353 0.36780199409
          0.59352600574 -3.3477990627 0.36464801431 0.62326800823 -3.3574979305 0.063846997917
          0.6244789958 -3.3672060966 0.080664001405 0.62435299158 -3.3692059517 0.075337000191
          0.62341600657 -3.373169899 0.072360999882 0.62049597502 -3.3753509521 0.071828000247
          0.62088000774 -3.3797619343 0.068267002702 0.62023097277 -3.3600649834 0.092064000666
          0.62293899059 -3.3689990044 0.085491999984 0.62607502937 -3.371557951 0.08465500176
          0.61988300085 -3.3800060749 0.074432000518 0.62015497684 -3.3826398849 0.072255000472
          0.61851900816 -3.3647639751 0.094697996974 0.62186402082 -3.3719270229 0.085919998586
          0.62033897638 -3.3768360615 0.083927996457 0.61967599392 -3.3800079823 0.080224998295
          0.6152510047 -3.3862469196 0.080677002668 0.61046600342 -3.2985360622 0.33869001269
          0.61053001881 -3.3000469208 0.33351400495 0.60736197233 -3.3147740364 0.32033100724
          0.60647702217 -3.3174269199 0.32010298967 0.60460698605 -3.3218669891 0.32238599658
          0.60905998945 -3.301224947 0.34955000877 0.60781401396 -3.3014318943 0.34880700707
          0.60664600134 -3.3269970417 0.32582300901 0.60338497162 -3.3231329918 0.32774999738
          0.6097509861 -3.3051440716 0.35344401002 0.60602599382 -3.3066999912 0.34857401252
          0.60531401634 -3.3102250099 0.3450999856 0.60423499346 -3.3142359257 0.34298801422
          0.60495197773 -3.3186879158 0.33938500285 0.60361897945 -3.3220279217 0.33585101366
          0.60306298733 -3.3231639862 0.32988199592 0.60255002975 -3.3225018978 0.33495399356
          0.60240399837 -3.3198840618 0.34105199575 0.60209298134 -3.3229210377 0.33709201217
          0.59771698713 -3.3336129189 0.34178900719 0.59689897299 -3.3360199928 0.34161201119
          0.7744820118 -3.2561221123 0.3180449903 0.77247899771 -3.2563090324 0.3247179985
          0.59886699915 -3.3312809467 0.3466039896 0.59495997429 -3.3408000469 0.34356498718
          0.59619998932 -3.3296759129 0.36038699746 0.59710401297 -3.3304259777 0.35330599546
          0.59377300739 -3.3444581032 0.34682899714 0.59480297565 -3.3321259022 0.36516499519
          0.59181600809 -3.3467619419 0.35096400976 0.59051698446 -3.348402977 0.35596299171
          0.7757319808 -3.2518179417 0.32537901402 0.77737700939 -3.2508990765 0.32019498944
          0.6207370162 -3.3514668941 0.06584200263 0.62450802326 -3.3509290218 0.080995000899
          0.62180298567 -3.3478910923 0.075631998479 0.6216520071 -3.3622510433 0.06211899966
          0.62309902906 -3.353110075 0.085469998419 0.60959398746 -3.3716030121 0.062696002424
          0.61976200342 -3.3553340435 0.088491998613 0.6203609705 -3.3641049862 0.078175999224
          0.61988502741 -3.3641328812 0.08136600256 0.61996001005 -3.3668661118 0.073659002781
          0.61861997843 -3.3717749119 0.07193300128 0.61842799187 -3.366549015 0.085614003241
          0.61541700363 -3.3813040257 0.071295000613 0.61652201414 -3.3707489967 0.085785999894
          0.61559301615 -3.3754649162 0.083613999188 0.61387902498 -3.3841180801 0.075157001615
          0.60654300451 -3.3805890083 0.083048000932 0.60474097729 -3.2996220589 0.33458399773
          0.60513097048 -3.3019649982 0.32936999202 0.60458600521 -3.3051660061 0.32552701235
          0.60255300999 -3.3134040833 0.31993100047 0.6018819809 -3.3153889179 0.31982499361
          0.60489302874 -3.2999799252 0.34175699949 0.60009300709 -3.3194310665 0.3224940002
          0.60366302729 -3.3031589985 0.34542199969 0.60220599174 -3.3043580055 0.34371298552
          0.5987830162 -3.3211300373 0.32743799686 0.60127699375 -3.3073489666 0.34298500419
          0.59749501944 -3.3220889568 0.33273199201 0.59887397289 -3.3141748905 0.34326899052
          0.5974919796 -3.318007946 0.34365001321 0.5992180109 -3.3241860867 0.33899998665
          0.5962280035 -3.3241999149 0.33764201403 0.59564399719 -3.3226149082 0.345389992
          0.59552699327 -3.3229169846 0.34547901154 0.59431600571 -3.3288459778 0.33972498775
          0.59830898046 -3.3275508881 0.34266000986 0.59850800037 -3.329916954 0.34505599737
          0.59294599295 -3.3321061134 0.34102201462 0.7885209918 -3.2347810268 0.31185001135
          0.79237300158 -3.2294259071 0.31334599853 0.58965098858 -3.3370358944 0.34516999125
          0.79058498144 -3.2310180664 0.30964800715 0.58891898394 -3.3411209583 0.34758898616
          0.59153902531 -3.329018116 0.35948500037 0.78949099779 -3.2381820679 0.33770498633
          0.79175198078 -3.2359700203 0.34157800674 0.58730500937 -3.3443109989 0.35108599067
          0.78850102425 -3.237746954 0.33212900162 0.58587998152 -3.3465709686 0.35548499227
          0.61771297455 -3.3465878963 0.067965999246 0.61553400755 -3.3459908962 0.081363998353
          0.61590999365 -3.3684039116 0.061772998422 0.61580497026 -3.3498311043 0.084813997149
          0.6168500185 -3.3602039814 0.07489400357 0.61875700951 -3.3616659641 0.075998999178
          0.61691701412 -3.3588469028 0.077647000551 0.61612302065 -3.3646481037 0.071687996387
          0.6165779829 -3.3607909679 0.082813002169 0.61610400677 -3.3603229523 0.08299600333
          0.61330401897 -3.3714029789 0.071622997522 0.60338497162 -3.3738760948 0.065154999495
          0.60943102837 -3.3555939198 0.090076997876 0.6152870059 -3.3611168861 0.08342000097
          0.61308199167 -3.3649320602 0.084795996547 0.60695797205 -3.3733839989 0.074389003217
          0.61040097475 -3.3795900345 0.070642001927 0.61158698797 -3.3684101105 0.084312997758
          0.60793399811 -3.371336937 0.080884002149 0.60713398457 -3.3733539581 0.075815998018
          0.60885202885 -3.3816111088 0.075503997505 0.59279298782 -3.3636031151 0.090669997036
          0.60312199593 -3.3723139763 0.090449996293 0.59965699911 -3.3022789955 0.33041000366
          0.59930300713 -3.3047220707 0.32618001103 0.59879899025 -3.3078410625 0.32224398851
          0.59799098969 -3.3115530014 0.31898400187 0.59690600634 -3.3152179718 0.31773498654
          0.59965997934 -3.3019709587 0.33762401342 0.59644299746 -3.3197870255 0.32053801417
          0.59597200155 -3.3176300526 0.31841400266 0.59492897987 -3.3201830387 0.31950798631
          0.60033601522 -3.305809021 0.34159600735 0.59652298689 -3.3075909615 0.33876401186
          0.59321200848 -3.321737051 0.32421401143 0.59455698729 -3.3129460812 0.33983400464
          0.59253299236 -3.3222000599 0.33111798763 0.59264302254 -3.3172130585 0.34216600657
          0.59143000841 -3.3231561184 0.33639898896 0.58999097347 -3.3254868984 0.34072899818
          0.61162102222 -3.3407819271 0.077123999596 0.61343300343 -3.3420510292 0.071373999119
          0.60546302795 -3.3611249924 0.056425001472 0.61116802692 -3.3548359871 0.078161999583
          0.61239898205 -3.3573610783 0.072899997234 0.61180597544 -3.3614289761 0.069959998131
          0.610706985 -3.3651530743 0.069326996803 0.60911101103 -3.3673770428 0.059923999012
          0.60840898752 -3.351170063 0.087517000735 0.60895198584 -3.368999958 0.070904001594
          0.60780501366 -3.3593609333 0.083590000868 0.60462898016 -3.3795650005 0.075400002301
          0.60075801611 -3.3589088917 0.091283001006 0.59959101677 -3.3770849705 0.081464998424
          0.59633302689 -3.3046660423 0.32674700022 0.59323102236 -3.3067889214 0.32285299897
          0.5931789875 -3.3101899624 0.31859099865 0.59457099438 -3.3154599667 0.31647199392
          0.59197098017 -3.3157019615 0.31453999877 0.59302002192 -3.3059370518 0.33120700717
          0.59336298704 -3.3055589199 0.32829299569 0.59183299541 -3.3219931126 0.31652501225
          0.59089398384 -3.3189229965 0.31355801225 0.58920902014 -3.3236548901 0.31388399005
          0.59097397327 -3.310133934 0.33358201385 0.59007197618 -3.3250639439 0.32006001472
          0.58761298656 -3.3267529011 0.3174700141 0.59164202213 -3.3141469955 0.33719998598
          0.58880901337 -3.316904068 0.33368599415 0.5887259841 -3.316742897 0.33353701234
          0.58863401413 -3.3170258999 0.33349999785 0.58920401335 -3.3246428967 0.327064991
          0.5862159729 -3.3280510902 0.32394900918 0.5863519907 -3.3282101154 0.32264700532
          0.77859002352 -3.2483110428 0.32687699795 0.5913400054 -3.3176589012 0.34118700027
          0.58723300695 -3.3217940331 0.33180001378 0.59057801962 -3.3211960793 0.33773699403
          0.58634197712 -3.3256700039 0.32872501016 0.77495199442 -3.2514879704 0.32967498899
          0.61361402273 -3.3444199562 0.066942997277 0.59120297432 -3.3417069912 0.053491000086
          0.60527002811 -3.356523037 0.066367000341 0.60227501392 -3.3700330257 0.06182000041
          0.60643398762 -3.3557920456 0.082638002932 0.6043959856 -3.3616409302 0.083608999848
          0.60385602713 -3.3690099716 0.069866001606 0.60262697935 -3.3703730106 0.074606999755
          0.60140502453 -3.3762969971 0.069386996329 0.60334599018 -3.3650488853 0.082727000117
          0.60141998529 -3.3687069416 0.079645000398 0.60006701946 -3.37789011 0.074692003429
          0.59707599878 -3.3737769127 0.084868997335 0.58972597122 -3.3099820614 0.31910300255
          0.58992797136 -3.3138530254 0.31579300761 0.5874980092 -3.3091049194 0.32589501143
          0.58765900135 -3.3102090359 0.3197709918 0.58696997166 -3.3136909008 0.31624799967
          0.58560097218 -3.3184978962 0.31423300505 0.58462202549 -3.3215739727 0.31364700198
          0.58692401648 -3.312638998 0.32964301109 0.58539700508 -3.3272480965 0.31603699923
          0.58359801769 -3.3245429993 0.31362700462 0.58248698711 -3.3273129463 0.3146699965
          0.58425301313 -3.3168549538 0.32733601332 0.5853509903 -3.3195090294 0.32984098792
          0.58272898197 -3.3214070797 0.32699298859 0.58403801918 -3.3304579258 0.31963101029
          0.58075797558 -3.3310639858 0.31762200594 0.58223497868 -3.3229310513 0.32676699758
          0.58035898209 -3.3282959461 0.32690000534 0.58154201508 -3.3294730186 0.32639798522
          0.58060199022 -3.3329489231 0.32292100787 0.5793390274 -3.3332951069 0.32204899192
          0.5800229907 -3.3293819427 0.32662400603 0.57919299603 -3.3331389427 0.32341301441
          0.60474902391 -3.3401529789 0.064466997981 0.61036401987 -3.3399779797 0.070013999939
          0.60153597593 -3.3422911167 0.059611000121 0.5929800272 -3.3499081135 0.052468001842
          0.60452401638 -3.3400599957 0.081196002662 0.59783399105 -3.3644399643 0.057062998414
          0.60177999735 -3.343280077 0.084453001618 0.60339802504 -3.3489470482 0.073205001652
          0.60636299849 -3.3529748917 0.069765001535 0.60309499502 -3.3576300144 0.065468996763
          0.60123497248 -3.3639099598 0.065888002515 0.60340797901 -3.3477640152 0.086671002209
          0.6029099822 -3.349091053 0.086938001215 0.59904897213 -3.3680078983 0.068581998348
          0.5961779952 -3.3707780838 0.063986003399 0.6011660099 -3.3534929752 0.089184999466
          0.59975498915 -3.3585848808 0.08364199847 0.59453099966 -3.3667509556 0.072359003127
          0.5964589715 -3.3752999306 0.068021997809 0.59858500957 -3.3635859489 0.082220003009
          0.59361499548 -3.3766200542 0.073535002768 0.5841550231 -3.3117339611 0.32208099961
          0.58202600479 -3.3147990704 0.3184300065 0.58328598738 -3.3190369606 0.31527501345
          0.58358299732 -3.3152170181 0.32578998804 0.58034098148 -3.315871954 0.31988999248
          0.57856100798 -3.3171360493 0.32184299827 0.57926398516 -3.3201100826 0.31722798944
          0.58031398058 -3.3254890442 0.31529399753 0.57841402292 -3.3227190971 0.31687301397
          0.57886701822 -3.3187479973 0.32316398621 0.58135002851 -3.3219261169 0.32591700554
          0.57757097483 -3.3221240044 0.32404199243 0.57746899128 -3.3257489204 0.31615999341
          0.57603400946 -3.3296580315 0.31673100591 0.57581400871 -3.326843977 0.32489299774
          0.57774102688 -3.3281590939 0.32584199309 0.57525599003 -3.328742981 0.32420998812
          0.57463997602 -3.3317608833 0.32128199935 0.5745189786 -3.3315069675 0.32271400094
          0.60195201635 -3.3329539299 0.072425998747 0.5987740159 -3.3339650631 0.065906003118
          0.60088098049 -3.3341159821 0.07817299664 0.59299600124 -3.3541901112 0.052016001195
          0.59858101606 -3.3599150181 0.054405000061 0.59446698427 -3.3455429077 0.064825996757
          0.59372597933 -3.3498690128 0.062139999121 0.59637099504 -3.3566980362 0.063542000949
          0.59536898136 -3.3457770348 0.079288996756 0.59648400545 -3.3623199463 0.065103001893
          0.58358699083 -3.3670389652 0.061489999294 0.59854400158 -3.3471670151 0.087310001254
          0.60114902258 -3.347851038 0.08723500371 0.59768098593 -3.3504519463 0.083388999104
          0.59765100479 -3.3503050804 0.083504997194 0.59437602758 -3.366353035 0.067932002246
          0.59761601686 -3.3504519463 0.083402000368 0.59640598297 -3.3516840935 0.088757999241
          0.59554100037 -3.3559238911 0.08464500308 0.59441798925 -3.3565969467 0.090727001429
          0.59494000673 -3.3578100204 0.084291003644 0.59393298626 -3.3619101048 0.08147200197
          0.59341400862 -3.365060091 0.077570997179 0.57940202951 -3.3702230453 0.077899999917
          0.58078497648 -3.3640079498 0.085920996964 0.57745301723 -3.3206980228 0.31821501255
          0.57454097271 -3.3233709335 0.32158198953 0.57389098406 -3.3269469738 0.31814700365
          0.57370197773 -3.3305621147 0.32191199064 0.59747099876 -3.3361508846 0.061684999615
          0.5898039937 -3.3581089973 0.052081998438 0.5945789814 -3.3354890347 0.081494003534
          0.59253400564 -3.3421149254 0.068695999682 0.59053397179 -3.362071991 0.05553400144
          0.59126597643 -3.3380799294 0.084063000977 0.58956199884 -3.359347105 0.06417799741
          0.58508002758 -3.3400800228 0.087236002088 0.59319400787 -3.3475921154 0.083880998194
          0.59004700184 -3.3642060757 0.068066999316 0.59056901932 -3.3482680321 0.089861996472
          0.59146499634 -3.3502669334 0.084476001561 0.59194302559 -3.3489999771 0.089106999338
          0.59095197916 -3.3529679775 0.085175998509 0.58873200417 -3.3632800579 0.076619997621
          0.58417797089 -3.3713169098 0.066021002829 0.59003502131 -3.3536241055 0.091211996973
          0.58991998434 -3.356525898 0.084183998406 0.58821600676 -3.3600521088 0.081064000726
          0.58383500576 -3.3733870983 0.071143001318 0.58861202002 -3.3567049503 0.091392003
          0.58064097166 -3.3721740246 0.073062002659 0.59218102694 -3.3364300728 0.056219998747
          0.59572201967 -3.3295419216 0.072774000466 0.5960739851 -3.3295440674 0.069262996316
          0.59441500902 -3.3310449123 0.077863000333 0.59127998352 -3.3417348862 0.07415600121
          0.58229500055 -3.3527801037 0.060520999134 0.58975702524 -3.3434560299 0.07918100059
          0.58849000931 -3.3460860252 0.083086997271 0.58492398262 -3.3618578911 0.067667998374
          0.5771239996 -3.3400709629 0.090308003128 0.58522200584 -3.3625059128 0.071771003306
          0.58533400297 -3.3510930538 0.091289997101 0.57992297411 -3.3594560623 0.089363001287
          0.58807897568 -3.3298048973 0.056990001351 0.58998697996 -3.3252520561 0.073637001216
          0.59191298485 -3.3263139725 0.066938996315 0.57892000675 -3.3402810097 0.048595998436
          0.58365702629 -3.3495099545 0.049956001341 0.58995997906 -3.328690052 0.077882997692
          0.57871001959 -3.3385000229 0.060534000397 0.58766102791 -3.3397610188 0.067193001509
          0.58130902052 -3.3537840843 0.051297999918 0.58820998669 -3.3319869041 0.080227002501
          0.58625102043 -3.3390440941 0.074298001826 0.58766400814 -3.3397469521 0.06720700115
          0.56855499744 -3.353055954 0.060908000916 0.58251601458 -3.3441579342 0.081964999437
          0.58092701435 -3.3464679718 0.082690998912 0.57858598232 -3.3494091034 0.082832999527
          0.57340198755 -3.3671250343 0.064894996583 0.57926297188 -3.3528709412 0.08249899745
          0.57527500391 -3.3561758995 0.079458996654 0.56812697649 -3.3664419651 0.069568999112
          0.5704010129 -3.3517200947 0.090607002378 0.56971597672 -3.3619909286 0.081656001508
          0.58693498373 -3.3256640434 0.059930000454 0.5858309865 -3.3206191063 0.069330997765
          0.58551001549 -3.3258209229 0.078358002007 0.58591300249 -3.3389410973 0.066845998168
          0.58762598038 -3.3397340775 0.067201003432 0.57801997662 -3.3427460194 0.057828001678
          0.57813698053 -3.3455879688 0.057829000056 0.57415497303 -3.3592278957 0.055787000805
          0.58181297779 -3.3345110416 0.083084002137 0.5770919919 -3.3346729279 0.07363499701
          0.56882101297 -3.3625609875 0.059689998627 0.58016699553 -3.3377559185 0.086658000946
          0.56822997332 -3.3561110497 0.065329000354 0.56432199478 -3.3556039333 0.070969998837
          0.57609301805 -3.3464889526 0.091666996479 0.56381601095 -3.35404706 0.087033003569
          0.58344000578 -3.3264429569 0.054370999336 0.57985901833 -3.3201720715 0.056005001068
          0.581618011 -3.3193259239 0.061684999615 0.58238297701 -3.3306798935 0.051718000323
          0.58238601685 -3.3306660652 0.051731999964 0.57891499996 -3.3347370625 0.049038000405
          0.57706600428 -3.347317934 0.049082998186 0.58117800951 -3.3224198818 0.0795089975
          0.57502001524 -3.3518719673 0.051130000502 0.57876998186 -3.3254458904 0.082974001765
          0.56691098213 -3.3480288982 0.05680000037 0.57311201096 -3.3560469151 0.053713999689
          0.57184100151 -3.3277180195 0.088384002447 0.57443797588 -3.3363358974 0.078286997974
          0.57653099298 -3.3349640369 0.087375998497 0.57173001766 -3.3398749828 0.081124998629
          0.56472301483 -3.3418300152 0.081101000309 0.56797397137 -3.3405599594 0.092476002872
          0.5608419776 -3.3466699123 0.079823002219 0.55676800013 -3.3499650955 0.076949998736
          0.55670297146 -3.3528809547 0.072755999863 0.55667799711 -3.3600709438 0.071332998574
          0.57901000977 -3.3239300251 0.052335001528 0.58237397671 -3.3306770325 0.051715999842
          0.57743799686 -3.3303599358 0.049772001803 0.58028697968 -3.3166399002 0.069472998381
          0.57771998644 -3.3163509369 0.075287997723 0.57598400116 -3.3186941147 0.080302998424
          0.56714099646 -3.330270052 0.061670001596 0.56503999233 -3.3277270794 0.067299999297
          0.56943899393 -3.3381280899 0.054903000593 0.57521700859 -3.3223500252 0.08391200006
          0.55713200569 -3.358962059 0.057337000966 0.56914997101 -3.3349120617 0.091587997973
          0.56301802397 -3.3637299538 0.063146002591 0.56231498718 -3.363822937 0.068396002054
          0.56193101406 -3.3448479176 0.092170998454 0.56254297495 -3.3495509624 0.090155996382
          0.56015998125 -3.3555300236 0.083030000329 0.57578200102 -3.317784071 0.05432799831
          0.57570302486 -3.3154621124 0.059339001775 0.57466799021 -3.3218519688 0.051658000797
          0.57191002369 -3.3318090439 0.047768000513 0.57228600979 -3.3127930164 0.071414999664
          0.57009798288 -3.3375580311 0.046847999096 0.56796097755 -3.3445439339 0.046760998666
          0.56961297989 -3.3340940475 0.057920999825 0.56146401167 -3.3480129242 0.04784199968
          0.57080000639 -3.3192710876 0.084656998515 0.56497001648 -3.3281769753 0.074308000505
          0.56274098158 -3.3425900936 0.053406000137 0.56390202045 -3.3532381058 0.051683999598
          0.56528502703 -3.3213040829 0.088565997779 0.56719100475 -3.3322839737 0.078625999391
          0.56102097034 -3.3339049816 0.081477999687 0.55359601974 -3.3504951 0.063491001725
          0.57052397728 -3.3130130768 0.065117999911 0.57093197107 -3.3137888908 0.058226998895
          0.57098901272 -3.3165509701 0.05371800065 0.56818002462 -3.3260729313 0.050101999193
          0.56690901518 -3.3307540417 0.047791998833 0.56526297331 -3.3360118866 0.04660499841
          0.56918799877 -3.3122270107 0.076039999723 0.56298398972 -3.3428308964 0.045912001282
          0.56744498014 -3.3135650158 0.080558001995 0.56495499611 -3.332431078 0.057186998427
          0.56408601999 -3.3362619877 0.054062001407 0.56623899937 -3.3166649342 0.084541998804
          0.56019502878 -3.3468470573 0.055629998446 0.56280201674 -3.329351902 0.079198002815
          0.5586720109 -3.3495900631 0.059560000896 0.55747997761 -3.3555378914 0.053924001753
          0.55848097801 -3.3272809982 0.093124002218 0.5514100194 -3.3511691093 0.068956002593
          0.54504698515 -3.3576519489 0.060240998864 0.55404299498 -3.3313379288 0.094362996519
          0.54421597719 -3.3572049141 0.065079003572 0.55685597658 -3.3381409645 0.093657001853
          0.55611997843 -3.3433918953 0.092183001339 0.55426102877 -3.3533000946 0.080943003297
          0.55413299799 -3.3529338837 0.08268199861 0.5515819788 -3.3467190266 0.089339002967
          0.55148297548 -3.3500421047 0.085658997297 0.56514197588 -3.3170170784 0.055776998401
          0.56546497345 -3.3139920235 0.059774998575 0.56414097548 -3.3213090897 0.053270000964
          0.56511497498 -3.3106958866 0.070703998208 0.56530499458 -3.3119580746 0.065099999309
          0.56152200699 -3.3304710388 0.048778001219 0.56118398905 -3.3316180706 0.048376999795
          0.56355899572 -3.3106129169 0.07496599853 0.55990797281 -3.3357980251 0.047207001597
          0.55831098557 -3.3410999775 0.046243000776 0.56062799692 -3.3248119354 0.067763000727
          0.56071698666 -3.3278110027 0.060573998839 0.56008797884 -3.3311738968 0.056915000081
          0.55920702219 -3.3350310326 0.053819000721 0.55805301666 -3.3394188881 0.051327001303
          0.55705201626 -3.3424139023 0.051084000617 0.55643600225 -3.3454320431 0.048154998571
          0.56153702736 -3.3142910004 0.083301998675 0.56003397703 -3.3236150742 0.070936001837
          0.55987799168 -3.3238470554 0.075691998005 0.55535000563 -3.3460299969 0.054166998714
          0.55471098423 -3.3489820957 0.051116999239 0.56011801958 -3.317948103 0.088008001447
          0.55813401937 -3.3257610798 0.080237001181 0.55402797461 -3.3477859497 0.059055000544
          0.55270498991 -3.3540279865 0.052820999175 0.5583140254 -3.3216209412 0.090925000608
          0.55633699894 -3.3323280811 0.081373997033 0.54963499308 -3.3569140434 0.056251998991
          0.55264598131 -3.344315052 0.079424999654 0.55111801624 -3.3486790657 0.076842002571
          0.55086797476 -3.3513040543 0.072343997657 0.54922902584 -3.3567490578 0.070883996785
          0.547532022 -3.3365209103 0.093904003501 0.54487800598 -3.3476259708 0.083585999906
          0.55022400618 -3.3504230976 0.078827999532 0.54956698418 -3.3538429737 0.075232997537
          0.54666602612 -3.3411951065 0.091908998787 0.55960601568 -3.3151199818 0.062256999314
          0.558776021 -3.3186209202 0.058696001768 0.5585359931 -3.3221409321 0.055523999035
          0.55940997601 -3.3264119625 0.052150998265 0.56074398756 -3.3306748867 0.049006998539
          0.55984801054 -3.3102080822 0.071641996503 0.55975598097 -3.3124170303 0.06668099761
          0.55880397558 -3.3260819912 0.059195000678 0.5576980114 -3.3212969303 0.062885001302
          0.55812597275 -3.3296480179 0.055755998939 0.55704599619 -3.3330750465 0.052258998156
          0.5570229888 -3.3368690014 0.048916999251 0.55816298723 -3.3110020161 0.079388998449
          0.55701100826 -3.3181529045 0.065521001816 0.55684202909 -3.3188889027 0.071656003594
          0.5550429821 -3.3436648846 0.049079999328 0.55553197861 -3.3207941055 0.076333001256
          0.55064499378 -3.3452570438 0.051646001637 0.55053198338 -3.3450849056 0.052827000618
          0.55514699221 -3.315787077 0.087232999504 0.55353301764 -3.3236029148 0.080287002027
          0.55000400543 -3.3448801041 0.058968000114 0.54808300734 -3.3524029255 0.052335999906
          0.58909702301 -3.3420228958 0.3558369875 0.5897269845 -3.3449819088 0.35977301002
          0.59138399363 -3.3406569958 0.36053499579 0.54802197218 -3.347935915 0.063244998455
          0.58941501379 -3.3400940895 0.35207599401 0.55122202635 -3.3310990334 0.080545000732
          0.54900300503 -3.3385078907 0.078924000263 0.54672598839 -3.3495640755 0.068256996572
          0.54765897989 -3.3425400257 0.078500002623 0.54628401995 -3.3473598957 0.076499998569
          0.54602098465 -3.3513419628 0.073403000832 0.54571700096 -3.3497850895 0.074634000659
          0.54483902454 -3.3540890217 0.070458002388 0.54445397854 -3.3546009064 0.069834001362
          0.54593801498 -3.3480350971 0.077267996967 0.54457199574 -3.3446979523 0.088367000222
          0.55614197254 -3.3099560738 0.072162002325 0.55532300472 -3.3134739399 0.068703003228
          0.5545039773 -3.3098831177 0.072430998087 0.55556601286 -3.3172380924 0.07253099978
          0.55267798901 -3.3147408962 0.073425002396 0.5530859828 -3.3113880157 0.082145996392
          0.55096000433 -3.3184349537 0.07643199712 0.54873198271 -3.3451619148 0.051950000226
          0.71797502041 -3.2587521076 0.14285300672 0.71843498945 -3.2534849644 0.14515300095
          0.54922300577 -3.3224580288 0.079084999859 0.54518002272 -3.3420329094 0.060125000775
          0.54618299007 -3.3410749435 0.055530998856 0.5454300046 -3.3446819782 0.052149999887
          0.53877902031 -3.3489320278 0.051267001778 0.54702997208 -3.3293790817 0.078579999506
          0.54347497225 -3.3456630707 0.063193999231 0.53745400906 -3.3521800041 0.054618000984
          0.54545497894 -3.3339509964 0.07736799866 0.54344499111 -3.3392140865 0.076320998371
          0.54203099012 -3.34801507 0.067504003644 0.54152697325 -3.3243429661 0.095113001764
          0.59162402153 -3.3356540203 0.35616898537 0.54477000237 -3.3471090794 0.076558999717
          0.54165399075 -3.345140934 0.076884999871 0.54037797451 -3.3524041176 0.068426996469
          0.53933602571 -3.3292489052 0.0950570032 0.53900498152 -3.3441429138 0.083045996726
          0.54229801893 -3.3353190422 0.093896999955 0.54144102335 -3.3396470547 0.091338999569
          0.54881697893 -3.3091030121 0.076640002429 0.54921799898 -3.3094449043 0.073091000319
          0.54804599285 -3.3128800392 0.072973996401 0.54838502407 -3.318434 0.075273998082
          0.54670602083 -3.3164839745 0.073616996408 0.54579597712 -3.3191490173 0.073536999524
          0.54383701086 -3.3244030476 0.075009003282 0.54073697329 -3.3392488956 0.06057099998
          0.54149001837 -3.3394811153 0.054875001311 0.53633499146 -3.3423640728 0.051819998771
          0.54214000702 -3.3312358856 0.075268000364 0.54165899754 -3.3306059837 0.074718996882
          0.54139000177 -3.3313260078 0.074850998819 0.53885501623 -3.3437449932 0.06279899925
          0.53899800777 -3.3383910656 0.074565000832 0.53717499971 -3.3472549915 0.065986000001
          0.53592199087 -3.3533968925 0.060026001185 0.58963298798 -3.3315210342 0.36352398992
          0.53721302748 -3.3423500061 0.077336996794 0.53632801771 -3.3495531082 0.066339999437
          0.53560698032 -3.353096962 0.062887996435 0.53614902496 -3.3425478935 0.080927997828
          0.53667098284 -3.3382019997 0.090853996575 0.53608101606 -3.3414900303 0.087109997869
          0.54408597946 -3.3077321053 0.075714997947 0.54466199875 -3.3075809479 0.072130002081
          0.54328000546 -3.3116800785 0.071883998811 0.54262202978 -3.3093988895 0.081557996571
          0.59300601482 -3.3363978863 0.36310198903 0.54254698753 -3.3138449192 0.071773000062
          0.54309201241 -3.3204040527 0.071161001921 0.54127800465 -3.318459034 0.069537997246
          0.54105597734 -3.3235011101 0.067524001002 0.54034799337 -3.3224089146 0.066547997296
          0.53965097666 -3.324739933 0.065802000463 0.53928601742 -3.3265678883 0.071056999266
          0.5382040143 -3.327105999 0.070097997785 0.53588700294 -3.3384609222 0.059080000967
          0.53656899929 -3.3383300304 0.054724000394 0.53428202868 -3.346321106 0.051453001797
          0.53644102812 -3.3310201168 0.072892002761 0.53411799669 -3.342402935 0.061845999211
          0.532581985 -3.349930048 0.054542001337 0.53432399035 -3.3370630741 0.073585003614
          0.53183501959 -3.3465530872 0.064352996647 0.53102898598 -3.3504641056 0.060904998332
          0.53263098001 -3.3396379948 0.077756002545 0.53440499306 -3.3276801109 0.094650998712
          0.71817201376 -3.2470180988 0.14422899485 0.53173601627 -3.3399078846 0.08404199779
          0.53294199705 -3.3325889111 0.093108996749 0.53190100193 -3.3367578983 0.090369001031
          0.53158301115 -3.3395149708 0.086020000279 0.54045802355 -3.3071680069 0.065330997109
          0.54045301676 -3.30569911 0.068839997053 0.54119700193 -3.3085858822 0.066638000309
          0.53958499432 -3.3099520206 0.064712002873 0.53896802664 -3.307626009 0.073489002883
          0.53941398859 -3.3070690632 0.072705000639 0.54032498598 -3.3119649887 0.07030300051
          0.53893601894 -3.3152859211 0.066761001945 0.53845500946 -3.31321311 0.064726002514
          0.53720200062 -3.3169059753 0.064557000995 0.53864300251 -3.3112618923 0.077188998461
          0.53780198097 -3.3123509884 0.071231000125 0.53593200445 -3.318406105 0.069692999125
          0.53810799122 -3.3224799633 0.067092001438 0.53584498167 -3.3215770721 0.073894001544
          0.53752601147 -3.3259599209 0.070799998939 0.53583502769 -3.3183269501 0.070546999574
          0.7181019783 -3.2715630531 0.14338700473 0.53059202433 -3.3386158943 0.056349001825
          0.5295330286 -3.3421869278 0.052806001157 0.5339319706 -3.3220410347 0.074773997068
          0.53277802467 -3.3264288902 0.072282999754 0.78521800041 -3.2403600216 0.32142299414
          0.78176099062 -3.2448248863 0.31605699658 0.78129702806 -3.2454121113 0.32274100184
          0.52922397852 -3.3418281078 0.060148999095 0.52816599607 -3.3470110893 0.055119000375
          0.77768999338 -3.270524025 0.20987799764 0.52904897928 -3.3422501087 0.060345001519
          0.52760702372 -3.3472011089 0.058495000005 0.52820897102 -3.3367860317 0.077777996659
          0.72463697195 -3.2471079826 0.12011300027 0.72341799736 -3.2395849228 0.11870100349
          0.52713501453 -3.3372778893 0.084549002349 0.53533798456 -3.306210041 0.06608799845
          0.53570997715 -3.3056800365 0.064796000719 0.53622198105 -3.310667038 0.062570996583
          0.5348700285 -3.3094549179 0.061606999487 0.53443402052 -3.3106400967 0.061788998544
          0.53702998161 -3.3108251095 0.069821000099 0.53510797024 -3.3068549633 0.066133998334
          0.53380602598 -3.3117520809 0.06418299675 0.7290880084 -3.2512071133 0.11311600357
          0.52944201231 -3.3193368912 0.076154001057 0.52890700102 -3.3418619633 0.059976000339
          0.52609401941 -3.3446900845 0.056225001812 0.53506499529 -3.3064649105 0.06574100256
          0.53402197361 -3.3099060059 0.062249001116 0.53851497173 -3.3150339127 0.073816999793
          0.72300601006 -3.236823082 0.11430300027 0.5343760252 -3.3200130463 0.082626000047
          0.53202801943 -3.323515892 0.081969000399 0.53654998541 -3.3216269016 0.095103003085
          0.53422802687 -3.3240709305 0.088007003069 0.76945698261 -3.24365592 0.20679099858
          0.7704449892 -3.2503480911 0.20873500407 0.76900202036 -3.2446680069 0.21186499298
          0.72868299484 -3.2576320171 0.11135099828 0.5385209918 -3.3194360733 0.087862998247
          0.5380589962 -3.3160820007 0.081757999957 0.53434801102 -3.3178939819 0.079581998289
          0.53564697504 -3.3163249493 0.077491000295 0.7837690115 -3.2426099777 0.32861799002
          0.59060502052 -3.3374578953 0.3497889936 0.54014599323 -3.3201010227 0.091525003314
          0.54351001978 -3.3189270496 0.089918002486 0.54310297966 -3.3155429363 0.085247002542
          0.54201197624 -3.312443018 0.081601001322 0.72129899263 -3.2751810551 0.12912000716
          0.71836900711 -3.2721219063 0.12940600514 0.72182798386 -3.273113966 0.12374400347
          0.54897499084 -3.3165450096 0.087687000632 0.5512239933 -3.3134419918 0.084774002433
          0.54769802094 -3.3100678921 0.081933997571 0.7884939909 -3.2366669178 0.32560700178
          0.58968102932 -3.3475499153 0.36479398608 0.54835498333 -3.321600914 0.093695998192
          0.72647798061 -3.2603139877 0.10802900046 0.54212200642 -3.3205430508 0.09266500175
          0.52736401558 -3.334856987 0.089363999665 0.53014600277 -3.3349130154 0.073495998979
          0.5349509716 -3.3184919357 0.07620099932 0.78607702255 -3.2387568951 0.3160020113
          0.73534500599 -3.2516160011 0.15512099862 0.72261601686 -3.2816259861 0.11623399705
          0.71288001537 -3.22509408 0.13993099332 0.78468799591 -3.2403309345 0.311304003
          0.71105897427 -3.2262129784 0.11292000115 0.71606200933 -3.2415430546 0.15084299445
          0.7191439867 -3.2339940071 0.1189950034 0.7148900032 -3.228192091 0.1185259968
          0.72385001183 -3.2779619694 0.10550700128 0.79618698359 -3.2258210182 0.31575399637
          0.71525001526 -3.2253930569 0.13320599496 0.72381097078 -3.2789189816 0.1113070026
          0.72576999664 -3.2708389759 0.10867799819 0.59510201216 -3.3226408958 0.34553000331
          0.7855129838 -3.2422139645 0.3364880085 0.7197239995 -3.2513959408 0.14884999394
          0.55385202169 -3.3205630779 0.090552002192 0.58826398849 -3.3240759373 0.34119099379
          0.59213799238 -3.3443360329 0.36370500922 0.7169560194 -3.2653260231 0.13959600031
          0.5360839963 -3.3150629997 0.069231003523 0.71852099895 -3.2650239468 0.14799199998
          0.77899098396 -3.2472000122 0.33428800106 0.59746497869 -3.3378200531 0.36855599284
          0.59375500679 -3.3407070637 0.3647300005 0.59607702494 -3.330395937 0.34417998791
          0.59411102533 -3.3280739784 0.34173500538 0.53094798326 -3.3265910149 0.078754000366
          0.71949201822 -3.2574629784 0.14988200366 0.59379601479 -3.3334701061 0.34802401066
          0.53159600496 -3.3276460171 0.084337003529 0.72558397055 -3.255892992 0.11649300158
          0.72246700525 -3.2557740211 0.12207999825 0.53264898062 -3.3287169933 0.089368000627
          0.59254199266 -3.3205549717 0.34174400568 0.53043800592 -3.3316030502 0.086865998805
          0.77343600988 -3.2507069111 0.33476099372 0.52994000912 -3.3313820362 0.081340998411
          0.52857398987 -3.3343880177 0.083947002888 0.59305202961 -3.3240630627 0.34209999442
          0.53035998344 -3.3312249184 0.076696999371 0.71690797806 -3.2669789791 0.13211899996
          0.72315299511 -3.2616529465 0.11921200156 0.77556598186 -3.2618510723 0.24492500722
          0.76829302311 -3.2432599068 0.21626999974 0.76989102364 -3.2491059303 0.21597200632
          0.77150899172 -3.2633941174 0.19596399367 0.7792069912 -3.249008894 0.31096199155
          0.78326100111 -3.2422220707 0.30592000484 0.7796099782 -3.24801898 0.30497598648
          0.78166699409 -3.2447559834 0.30994901061 0.77868098021 -3.2497680187 0.31497898698
          0.78633600473 -3.2376739979 0.30737099051 0.78895998001 -3.2332160473 0.30595499277
          0.78584200144 -3.2374279499 0.29092699289 0.7787219882 -3.2594261169 0.28339698911
          0.77668398619 -3.2580649853 0.28707298636 0.78055202961 -3.2546679974 0.28298598528
          0.78161901236 -3.2585380077 0.28168299794 0.77444201708 -3.2605280876 0.21833199263
          0.72346502542 -3.2754371166 0.11641000211 0.77205902338 -3.2558670044 0.21383999288
          0.77682501078 -3.2399311066 0.24601000547 0.77407801151 -3.2359700203 0.24266600609
          0.77640801668 -3.2683959007 0.2048600018 0.7746809721 -3.2635290623 0.2101379931
          0.7740830183 -3.2653369904 0.2012269944 0.72332197428 -3.2533690929 0.15322600305
          0.7717859745 -3.2602210045 0.2026309967 0.72946602106 -3.254543066 0.15578299761
          0.77102899551 -3.2542080879 0.20179499686 0.77189397812 -3.2568430901 0.20747999847
          0.77088397741 -3.2432079315 0.20137700438 0.77050501108 -3.2480940819 0.20305100083
          0.71618098021 -3.2311789989 0.1325519979 0.71735602617 -3.2349190712 0.13834899664
          0.71921801567 -3.2640058994 0.12710599601 0.7210329771 -3.2611839771 0.12365300208
          0.72120898962 -3.2663280964 0.12287800014 0.76876801252 -3.2487039566 0.23562300205
          0.76753801107 -3.2437500954 0.23569600284 0.71808999777 -3.2420709133 0.13750399649
          0.73388302326 -3.255740881 0.15711699426 0.71804100275 -3.2367050648 0.12886500359
          0.72023397684 -3.2388629913 0.12353000045 0.76735699177 -3.2369859219 0.2113929987
          0.71775197983 -3.2377510071 0.1334580034 0.71934199333 -3.2687439919 0.12693500519
          0.72550600767 -3.2624070644 0.11346100271 0.72343301773 -3.2683470249 0.11732599884
          0.71685898304 -3.2316009998 0.12494199723 0.71815598011 -3.239825964 0.1428900063
          0.76893699169 -3.238754034 0.20434600115 0.76098799706 -3.2192969322 0.18962499499
          0.76198899746 -3.2027459145 0.22347299755 0.76096999645 -3.2025859356 0.23053100705
          0.7768920064 -3.2649550438 0.21734499931 0.76317501068 -3.2220549583 0.19458499551
          0.76231402159 -3.2175159454 0.19571100175 0.71430897713 -3.2252030373 0.12332800031
          0.71559500694 -3.2268440723 0.12864199281 0.76575297117 -3.226375103 0.19932200015
          0.7692450285 -3.2303850651 0.20010200143 0.76476097107 -3.2294909954 0.24087299407
          0.76819598675 -3.233620882 0.2415689975 0.76855397224 -3.2417759895 0.24002599716
          0.77199602127 -3.2562220097 0.23920199275 0.77170097828 -3.2548620701 0.23320099711
          0.77502900362 -3.2599849701 0.23347100616 0.78018802404 -3.2655379772 0.22618000209
          0.77675002813 -3.2620909214 0.22780300677 0.77723997831 -3.2636399269 0.2223879993
          0.76468598843 -3.2115979195 0.21471400559 0.76508700848 -3.2087800503 0.21896399558
          0.76349198818 -3.2089400291 0.21987499297 0.76713597775 -3.2396440506 0.21913999319
          0.76439702511 -3.2274858952 0.22063100338 0.7650539875 -3.2284359932 0.21431399882
          0.76569402218 -3.2336120605 0.21969300508 0.77124100924 -3.2304730415 0.24187999964
          0.77850300074 -3.2498099804 0.29921099544 0.76405000687 -3.2223460674 0.21049000323
          0.76330900192 -3.2129979134 0.21943800151 0.7696840167 -3.2581720352 0.3300229907
          0.77368402481 -3.2453119755 0.1984860003 0.76293098927 -3.214799881 0.22559699416
          0.763060987 -3.2191259861 0.23010900617 0.7735170126 -3.260915041 0.29125899076
          0.77967602015 -3.2493450642 0.28832900524 0.76325899363 -3.219727993 0.23442199826
          0.76311701536 -3.2138829231 0.23288099468 0.76355797052 -3.2170510292 0.23720300198
          0.76404100657 -3.223526001 0.23871700466 0.77282100916 -3.2419860363 0.2445410043
          0.76554602385 -3.2280499935 0.20704500377 0.76260399818 -3.2084059715 0.22847600281
          0.76276898384 -3.2094531059 0.22331100702 0.76767301559 -3.2329130173 0.20344500244
          0.77735698223 -3.2606379986 0.30860799551 0.77932399511 -3.2468430996 0.27972498536
          0.77531200647 -3.2588799 0.31479299068 0.76393800974 -3.2216770649 0.20407399535
          0.78301602602 -3.2408061028 0.28564798832 0.76293998957 -3.2130599022 0.20779900253
          0.76244300604 -3.2157371044 0.20198899508 0.76322799921 -3.2177109718 0.20746700466
          0.77963197231 -3.2481489182 0.29513001442 0.76340800524 -3.2205879688 0.19901999831
          0.76874297857 -3.2590379715 0.33186799288
        </DataArray>
      </Points>
      <Verts>
        <DataArray type="Int64" Name="connectivity" format="ascii" RangeMin="1e+299" RangeMax="-1e+299">
        </DataArray>
        <DataArray type="Int64" Name="offsets" format="ascii" RangeMin="1e+299" RangeMax="-1e+299">
        </DataArray>
      </Verts>
      <Lines>
        <DataArray type="Int64" Name="connectivity" format="ascii" RangeMin="1e+299" RangeMax="-1e+299">
        </DataArray>
        <DataArray type="Int64" Name="offsets" format="ascii" RangeMin="1e+299" RangeMax="-1e+299">
        </DataArray>
      </Lines>
      <Strips>
        <DataArray type="Int64" Name="connectivity" format="ascii" RangeMin="1e+299" RangeMax="-1e+299">
        </DataArray>
        <DataArray type="Int64" Name="offsets" format="ascii" RangeMin="1e+299" RangeMax="-1e+299">
        </DataArray>
      </Strips>
      <Polys>
        <DataArray type="Int64" Name="connectivity" format="ascii" RangeMin="0" RangeMax="8508">
          0 1 2 2 3 4
          2 1 3 3 5 6
          4 3 6 6 5 7
          8 0 9 1 0 8
          1 8 10 3 1 10
          3 10 11 5 3 11
          5 11 12 7 5 12
          8 9 13 7 12 14
          8 13 15 15 13 16
          10 8 15 10 15 17
          11 10 17 11 17 18
          12 11 18 12 18 19
          14 12 19 15 16 20
          15 20 21 17 15 21
          17 21 22 18 17 22
          19 18 22 19 22 23
          14 19 24 19 23 24
          21 20 25 22 21 25
          22 25 26 22 26 27
          23 22 27 23 27 28
          24 23 28 29 2 30
          30 2 31 2 4 31
          31 4 32 0 29 33
          0 2 29 4 6 32
          32 6 34 6 7 34
          9 33 35 9 0 33
          34 7 36 13 9 35
          13 35 37 7 14 36
          16 13 37 36 14 38
          20 37 39 20 16 37
          14 24 40 38 14 40
          20 39 41 25 20 41
          27 26 42 28 27 42
          24 28 40 40 28 42
          25 41 43 25 43 44
          25 44 45 26 25 45
          42 26 45 30 46 47
          29 30 47 46 31 48
          30 31 46 31 32 49
          48 31 49 29 47 50
          33 29 50 49 32 51
          32 34 51 35 33 50
          35 50 52 34 36 53
          51 34 53 35 52 54
          37 35 54 53 36 55
          37 54 56 36 38 57
          55 36 57 39 37 56
          38 40 58 57 38 58
          41 39 59 40 42 58
          43 59 60 43 41 59
          45 44 61 45 61 62
          42 45 62 43 60 63
          44 43 64 43 63 64
          61 44 64 65 66 67
          66 65 68 68 65 69
          69 70 71 68 69 71
          65 67 72 69 65 72
          69 72 73 69 73 74
          70 69 74 73 72 75
          74 73 75 46 76 77
          47 46 77 46 48 78
          76 46 78 48 49 78
          50 47 77 50 77 79
          78 51 80 49 51 78
          52 50 81 80 51 82
          51 53 82 52 81 83
          54 52 83 53 55 82
          56 54 83 56 83 84
          55 57 85 56 84 86
          39 56 86 57 58 87
          85 57 87 59 39 86
          58 42 88 87 58 88
          62 61 89 42 62 90
          88 42 90 63 60 91
          61 64 92 61 92 93
          89 61 93 94 95 96
          96 97 98 94 96 98
          98 97 99 63 91 100
          64 63 100 64 100 101
          92 64 101 96 95 102
          102 95 103 97 96 102
          97 102 104 99 104 105
          99 97 104 102 103 106
          104 102 106 104 106 107
          104 107 108 105 104 108
          107 106 109 108 107 109
          68 110 111 66 68 111
          110 68 112 67 66 111
          68 71 112 71 70 112
          112 70 113 72 67 114
          70 74 113 113 74 115
          72 114 116 75 72 116
          74 75 117 115 74 117
          79 77 118 77 76 118
          76 78 118 78 80 118
          81 79 119 50 79 81
          79 118 119 118 80 120
          80 82 120 83 81 121
          120 82 122 82 55 122
          84 121 123 84 83 121
          55 85 122 84 123 124
          86 84 124 85 87 125
          86 124 126 59 86 126
          87 88 127 125 87 127
          59 126 128 60 59 128
          62 89 129 62 129 130
          90 62 130 88 90 127
          91 60 128 93 92 131
          89 93 129 95 132 133
          95 94 132 132 98 134
          94 98 132 98 99 134
          134 99 135 101 100 136
          92 101 131 131 101 136
          103 95 133 103 133 137
          99 105 138 135 99 138
          138 105 139 103 137 140
          106 103 140 105 108 139
          106 140 141 106 141 142
          109 106 142 108 142 143
          108 109 142 110 112 144
          67 111 145 112 113 144
          144 113 146 114 67 145
          146 113 147 113 115 147
          116 114 148 115 117 149
          147 115 149 116 148 150
          116 150 151 75 116 151
          117 151 152 117 75 151
          149 117 152 81 119 153
          153 118 154 119 118 153
          118 120 154 121 81 155
          155 81 156 81 153 156
          154 120 157 120 122 157
          123 121 155 157 122 158
          122 85 158 85 125 159
          158 85 159 125 127 160
          159 125 160 90 130 161
          127 90 160 160 90 161
          91 128 162 93 131 163
          129 93 163 132 164 165
          133 132 165 164 134 166
          132 134 164 134 135 166
          166 135 167 166 167 168
          168 167 169 91 162 170
          100 91 170 131 136 171
          137 133 165 137 165 172
          135 138 167 138 139 169
          167 138 169 100 170 173
          136 100 171 171 100 173
          140 137 172 139 108 174
          141 140 175 108 143 174
          141 175 176 142 141 176
          177 111 178 178 110 179
          111 110 178 110 144 179
          145 111 177 179 144 180
          180 146 181 144 146 180
          114 145 182 146 147 183
          181 146 183 114 182 184
          148 114 184 147 149 183
          150 148 184 151 150 185
          152 151 185 156 153 186
          186 154 187 153 154 186
          187 157 188 154 157 187
          123 155 189 157 158 190
          188 157 190 124 123 191
          123 189 191 158 159 190
          124 191 192 126 124 192
          159 160 193 128 126 192
          130 129 163 130 163 194
          161 130 194 160 161 193
          193 161 195 163 131 196
          161 194 195 165 164 197
          197 164 198 198 166 199
          164 166 198 166 168 199
          199 168 200 168 169 201
          201 169 202 170 162 203
          131 171 204 196 131 204
          172 165 205 165 197 205
          202 169 206 169 139 206
          173 170 207 170 203 207
          204 173 207 171 173 204
          172 205 208 140 172 208
          139 174 206 206 174 209
          175 140 208 174 143 210
          209 174 210 142 176 211
          143 142 212 142 211 212
          210 143 212 145 177 213
          180 181 214 182 145 213
          181 183 214 214 183 215
          183 149 216 215 183 216
          150 184 217 149 152 218
          216 149 218 150 217 219
          185 150 219 155 220 221
          155 156 220 220 186 222
          156 186 220 222 187 223
          186 187 222 187 188 223
          189 155 221 188 190 224
          191 189 225 224 159 226
          190 159 224 192 225 227
          192 191 225 159 193 228
          226 159 228 128 192 227
          194 229 230 194 163 229
          194 230 231 195 194 231
          193 195 231 228 193 231
          232 233 234 232 234 235
          235 234 236 234 200 236
          200 168 236 168 201 236
          162 128 237 163 196 229
          234 233 238 199 234 238
          198 199 238 199 200 234
          162 237 239 203 239 240
          203 162 239 205 241 242
          241 205 243 205 197 243
          197 238 243 197 198 238
          202 206 244 207 203 245
          203 240 245 207 245 246
          204 207 246 208 205 242
          208 242 247 206 209 244
          208 247 248 175 208 248
          175 248 249 176 175 249
          177 178 250 178 179 251
          250 178 251 213 177 250
          179 180 251 180 214 252
          252 215 253 214 215 252
          184 182 254 215 216 255
          253 215 255 184 254 256
          217 184 256 216 218 255
          219 256 257 219 217 256
          185 219 258 219 257 258
          152 258 259 152 185 258
          218 152 259 221 220 260
          260 222 261 220 222 260
          222 223 261 189 221 262
          225 189 262 225 262 263
          224 226 264 227 225 263
          226 228 265 264 226 265
          266 267 268 266 268 269
          268 235 269 235 236 269
          269 236 270 128 227 271
          229 272 273 230 229 273
          230 273 274 231 230 274
          228 231 265 265 231 274
          233 232 275 232 268 275
          268 267 275 232 235 268
          236 201 270 270 201 276
          128 271 277 237 128 277
          237 277 278 229 196 279
          229 279 280 272 229 280
          281 282 283 281 283 284
          233 275 285 238 233 285
          201 202 276 276 202 286
          239 237 287 237 278 287
          240 239 287 279 246 288
          204 246 279 196 204 279
          283 282 289 242 283 289
          242 241 283 241 243 290
          284 241 290 283 241 284
          290 238 291 243 238 290
          238 285 291 202 244 292
          286 202 292 240 287 293
          240 293 294 245 240 294
          246 245 288 288 245 294
          247 242 289 244 209 295
          292 244 295 248 247 296
          209 210 297 295 209 297
          248 296 298 249 248 298
          210 212 299 297 210 299
          249 298 300 249 300 301
          176 249 301 176 301 302
          211 176 302 299 211 302
          212 211 299 303 304 305
          303 305 306 305 213 306
          213 250 306 306 251 307
          250 251 306 307 180 308
          251 180 307 180 252 308
          304 182 305 182 304 309
          182 213 305 252 253 310
          254 182 309 310 253 311
          253 255 311 255 218 312
          311 255 312 256 254 313
          257 256 313 312 218 314
          257 313 315 258 257 315
          218 259 314 258 315 316
          259 258 316 221 260 317
          260 261 317 261 223 318
          318 223 319 223 188 319
          188 224 319 319 224 320
          263 262 321 320 224 322
          224 264 322 323 322 324
          322 264 324 264 265 324
          325 326 327 325 327 328
          327 267 328 267 266 328
          266 269 328 329 272 330
          272 329 331 273 272 331
          323 273 331 273 323 324
          274 273 324 265 274 324
          327 326 332 275 267 333
          267 327 333 327 332 333
          270 276 334 271 335 336
          277 271 336 278 277 336
          280 279 337 330 280 337
          272 280 330 282 338 339
          282 281 338 281 284 338
          338 284 340 275 333 341
          285 275 341 276 286 334
          334 286 342 287 278 343
          278 336 343 336 335 343
          287 343 344 293 287 344
          293 344 345 293 345 346
          279 288 346 345 279 346
          337 279 345 289 282 347
          284 290 348 340 284 348
          348 291 349 290 291 348
          291 285 341 291 341 349
          286 292 350 342 286 350
          294 293 346 288 294 346
          247 289 347 292 295 351
          350 292 351 296 247 352
          295 297 353 351 295 353
          298 296 354 296 352 354
          297 299 355 353 297 355
          300 298 356 298 354 356
          300 356 357 301 300 357
          301 357 358 302 301 358
          355 302 358 299 302 355
          304 303 359 359 306 360
          303 306 359 306 307 360
          309 304 359 308 252 361
          252 310 361 361 310 362
          310 311 362 362 312 363
          311 312 362 313 254 364
          312 314 363 313 364 365
          315 313 365 314 259 366
          363 314 366 315 365 367
          316 315 367 366 259 368
          316 367 369 259 316 369
          259 369 370 368 259 370
          262 371 372 262 221 371
          221 317 371 317 261 373
          261 318 373 321 372 374
          321 262 372 319 320 375
          376 263 377 263 321 377
          321 374 377 320 322 378
          375 320 378 379 328 380
          227 263 376 322 323 381
          378 322 381 382 383 384
          379 382 384 326 379 384
          326 325 379 325 328 379
          328 269 385 380 328 385
          269 270 385 385 270 386
          271 227 387 329 330 388
          329 388 389 381 329 389
          331 329 381 323 331 381
          339 390 391 383 339 392
          339 383 390 393 392 394
          384 392 393 384 383 392
          332 326 395 326 384 395
          384 393 395 333 332 395
          333 395 396 270 334 386
          386 334 397 271 387 398
          335 271 398 330 337 388
          339 391 399 282 339 399
          339 338 392 394 392 400
          392 338 400 338 340 400
          333 396 401 341 333 401
          334 342 397 397 342 402
          335 398 403 335 403 404
          343 335 404 343 404 405
          344 343 405 345 344 405
          347 399 406 347 282 399
          340 348 407 400 340 407
          407 349 408 348 349 407
          349 341 401 349 401 408
          342 350 409 402 342 409
          247 347 410 347 406 410
          350 351 411 409 350 411
          247 410 412 352 247 412
          351 353 413 411 351 413
          352 412 414 352 414 415
          354 352 415 353 355 416
          413 353 416 356 354 417
          354 415 417 356 417 418
          357 356 418 357 418 419
          358 357 419 416 358 419
          355 358 416 359 360 420
          307 308 421 309 359 420
          308 361 421 361 362 422
          362 363 423 422 362 423
          423 363 424 363 366 424
          424 366 425 367 365 426
          366 368 427 425 366 427
          367 426 428 369 367 428
          370 369 429 368 370 427
          427 370 429 427 429 430
          369 428 431 429 369 431
          429 431 432 430 429 432
          371 433 434 433 371 435
          372 434 436 372 371 434
          371 317 435 435 373 437
          317 373 435 373 318 438
          437 373 438 439 377 440
          377 436 440 377 374 436
          374 372 436 438 375 441
          318 375 438 318 319 375
          376 439 442 376 377 439
          441 375 443 375 378 443
          382 379 444 444 380 445
          379 380 444 376 442 446
          227 376 446 443 389 447
          381 389 443 378 381 443
          448 449 450 450 449 451
          449 382 451 383 382 449
          380 385 452 445 380 452
          385 386 452 387 446 453
          387 227 446 447 388 454
          389 388 447 391 455 456
          391 448 455 391 390 448
          448 383 449 390 383 448
          393 394 457 395 393 457
          396 395 457 398 387 458
          387 453 458 454 337 459
          388 337 454 399 391 460
          391 456 460 394 400 461
          457 394 461 457 461 462
          396 457 462 401 396 462
          397 402 463 403 398 464
          398 458 464 403 464 465
          404 403 465 405 404 465
          345 405 459 337 345 459
          406 399 460 400 407 461
          461 408 462 407 408 461
          408 401 462 463 402 466
          402 409 466 410 406 467
          409 411 466 412 410 468
          410 467 468 411 413 469
          414 412 470 412 468 470
          414 470 471 415 414 471
          472 416 473 469 416 472
          413 416 469 417 415 474
          415 471 474 417 474 475
          418 417 475 419 418 475
          416 419 473 420 360 476
          360 307 476 307 421 477
          309 420 478 309 478 479
          421 361 480 309 479 481
          361 422 480 254 481 482
          254 309 481 364 254 482
          423 424 483 365 364 484
          424 425 483 426 365 484
          426 484 485 425 427 486
          426 485 487 428 426 487
          427 430 486 486 430 488
          428 487 489 431 428 489
          430 432 490 488 430 490
          432 431 489 432 489 491
          490 432 491 492 493 494
          494 434 495 492 494 495
          495 434 496 434 433 496
          433 435 496 496 435 497
          440 493 498 493 440 494
          440 436 494 436 434 494
          437 438 497 435 437 497
          439 498 499 439 440 498
          438 441 500 501 499 502
          439 499 501 442 439 501
          503 504 505 504 506 507
          504 503 506 506 503 508
          507 506 509 500 441 510
          441 443 510 511 512 513
          511 513 514 513 451 514
          451 382 514 514 444 515
          382 444 514 444 445 515
          501 502 516 442 501 516
          446 442 516 505 504 517
          517 507 518 504 507 517
          507 509 518 510 447 519
          443 447 510 455 448 512
          448 450 512 512 450 513
          450 451 513 445 452 520
          452 386 520 453 446 521
          446 516 521 447 454 519
          519 454 522 456 455 523
          520 386 524 386 397 524
          524 397 525 453 521 526
          453 526 527 458 453 527
          528 459 529 454 459 528
          522 454 528 397 463 530
          525 397 530 464 458 531
          458 527 531 465 464 531
          405 465 529 459 405 529
          406 460 532 463 466 533
          530 463 533 406 532 534
          467 406 534 466 411 535
          533 466 535 467 534 536
          468 467 536 469 472 535
          411 469 535 470 468 537
          468 536 537 470 537 538
          471 470 538 471 538 539
          474 471 539 474 539 540
          475 474 540 473 475 540
          473 419 475 476 307 477
          479 478 541 420 476 478
          481 479 541 480 422 542
          422 423 543 542 422 543
          364 482 544 423 483 543
          484 544 545 484 364 544
          483 425 546 485 484 547
          484 545 547 425 486 548
          546 425 548 485 547 549
          487 485 549 486 488 548
          487 549 550 487 550 551
          489 487 551 488 490 552
          489 551 553 491 489 553
          490 491 552 552 491 553
          554 493 555 555 493 556
          493 492 556 556 495 557
          492 495 556 557 496 558
          495 496 557 496 497 558
          558 497 559 498 554 560
          498 493 554 497 438 561
          559 497 561 562 563 564
          564 565 566 562 564 566
          565 560 566 499 560 565
          499 498 560 506 567 568
          506 508 567 567 508 569
          506 568 570 438 500 561
          564 563 571 571 563 572
          565 564 571 502 565 571
          502 499 565 567 505 573
          505 567 569 503 505 569
          508 503 569 506 570 574
          509 506 574 500 510 575
          576 512 577 577 512 578
          512 511 578 511 514 579
          578 511 579 579 515 580
          514 515 579 515 445 581
          580 515 581 571 582 583
          571 572 582 502 571 584
          571 583 584 516 502 584
          505 517 585 573 505 585
          517 518 585 509 574 586
          518 509 586 510 519 575
          523 587 588 523 576 587
          523 455 576 455 512 576
          581 520 589 445 520 581
          582 590 591 583 582 591
          584 591 592 584 583 591
          584 592 593 521 584 593
          521 516 584 585 518 594
          518 586 594 519 522 595
          456 523 596 523 588 596
          589 597 598 589 524 597
          520 524 589 524 525 597
          591 590 599 599 590 600
          591 599 601 591 601 602
          592 591 602 593 592 602
          526 521 603 521 593 603
          526 603 604 527 526 604
          527 604 605 531 527 605
          531 605 606 522 528 595
          456 596 607 460 456 607
          598 597 608 597 525 608
          525 530 608 599 600 609
          601 599 609 465 531 606
          529 465 606 532 607 610
          532 460 607 530 533 608
          534 532 611 532 610 611
          533 535 612 536 534 613
          534 611 613 537 536 613
          535 472 612 538 537 614
          538 614 615 539 538 615
          540 539 615 541 478 616
          616 476 617 478 476 616
          476 477 617 421 480 618
          481 541 619 618 480 620
          480 542 620 620 542 621
          481 619 622 482 481 622
          542 543 623 621 542 623
          482 622 624 544 482 624
          543 483 623 623 483 625
          545 544 626 544 624 626
          483 546 627 625 483 627
          545 626 628 547 545 628
          546 548 627 547 628 629
          549 547 629 627 548 630
          548 488 630 549 629 631
          550 549 631 550 631 632
          551 550 632 488 552 630
          553 551 633 552 633 634
          552 553 633 555 556 635
          556 557 636 635 556 636
          557 558 636 562 566 637
          637 566 638 566 560 638
          560 554 638 563 562 639
          561 500 640 641 577 642
          642 577 643 577 578 643
          643 578 644 643 644 645
          645 644 646 572 639 647
          572 563 639 567 573 648
          574 570 649 500 575 640
          587 650 651 587 641 650
          587 576 641 576 577 641
          578 579 644 579 580 652
          646 579 652 644 579 646
          580 581 652 652 581 653
          582 572 647 648 573 654
          573 585 654 574 649 655
          586 574 655 575 519 656
          588 651 657 588 587 651
          581 589 653 590 582 647
          654 585 658 658 594 659
          585 594 658 594 586 655
          594 655 659 656 595 660
          519 595 656 596 588 657
          596 657 661 600 590 662
          602 601 663 602 663 664
          602 664 665 593 602 665
          593 665 666 603 593 666
          604 603 666 604 666 667
          605 604 667 605 667 668
          606 605 668 606 668 669
          529 606 669 660 529 669
          595 529 660 528 529 595
          607 596 661 607 661 670
          609 600 671 600 662 671
          601 609 663 663 609 671
          610 607 672 607 670 672
          608 533 673 610 672 674
          611 610 674 533 612 673
          613 611 675 611 674 675
          613 675 676 537 613 676
          614 676 677 614 677 678
          615 614 678 615 678 679
          473 679 680 612 473 680
          472 473 612 614 537 676
          540 615 679 473 540 679
          617 477 681 681 421 682
          477 421 681 421 618 682
          541 616 619 619 616 683
          618 620 684 620 621 684
          684 621 685 619 683 686
          622 619 686 621 623 687
          685 621 687 622 686 688
          624 622 688 623 625 687
          687 625 689 624 688 690
          626 624 690 625 627 691
          689 625 691 628 626 690
          628 690 692 691 627 693
          629 628 692 629 692 694
          627 630 693 631 629 694
          631 694 695 631 695 696
          632 631 696 630 552 697
          693 630 697 551 632 698
          633 551 698 634 633 698
          552 634 697 554 699 700
          699 554 701 554 555 701
          701 635 702 555 635 701
          637 638 700 638 554 700
          635 636 702 558 559 702
          636 558 702 703 562 704
          562 637 704 559 561 705
          639 562 703 639 703 706
          567 707 708 568 567 708
          570 568 708 570 708 709
          705 640 710 561 640 705
          650 711 712 641 642 711
          650 641 711 642 643 713
          642 713 714 713 645 715
          643 645 713 645 646 715
          647 639 716 639 706 716
          567 648 717 707 567 717
          649 570 709 640 575 718
          710 640 718 712 719 720
          651 712 720 651 650 712
          646 652 721 715 646 721
          652 653 721 648 654 722
          717 648 722 649 709 723
          649 723 724 655 649 724
          723 718 724 718 656 724
          575 656 718 657 720 725
          657 725 726 657 651 720
          653 589 727 647 716 728
          590 647 728 729 665 730
          722 654 731 654 658 731
          731 658 732 658 659 733
          732 658 733 733 659 734
          659 655 734 655 724 734
          656 660 724 724 660 734
          657 726 735 661 657 735
          727 598 736 589 598 727
          662 590 728 662 728 737
          664 663 738 664 738 739
          730 664 739 665 664 730
          666 665 729 666 729 731
          667 666 731 667 731 732
          668 667 732 668 732 733
          669 668 733 669 733 734
          660 669 734 670 661 740
          661 735 740 736 598 741
          598 608 741 671 662 742
          662 737 742 663 671 738
          738 671 742 672 670 740
          672 740 743 741 673 744
          608 673 741 674 672 745
          672 743 745 744 746 747
          673 612 746 744 673 746
          675 674 748 674 745 748
          675 748 749 676 675 749
          676 749 750 677 676 750
          677 750 751 678 677 751
          747 678 751 679 678 747
          746 679 747 680 679 746
          612 680 746 616 617 752
          617 681 752 681 682 753
          683 616 754 616 752 754
          753 682 755 755 684 756
          682 684 755 682 618 684
          684 685 756 686 683 754
          685 687 757 756 685 757
          688 686 758 687 689 757
          757 689 759 688 758 760
          690 688 760 689 691 759
          759 691 761 759 761 762
          690 760 763 692 690 763
          691 693 761 762 761 764
          692 763 765 694 692 765
          761 693 766 764 761 767
          761 766 767 695 694 765
          696 695 765 696 765 768
          693 697 766 766 697 769
          767 766 770 766 769 770
          632 696 771 696 768 771
          632 771 772 698 632 772
          698 772 773 634 698 773
          769 773 774 769 697 773
          697 634 773 770 769 774
          700 775 776 775 700 777
          700 699 777 699 701 778
          777 699 778 778 702 779
          701 702 778 704 780 781
          704 637 776 704 776 780
          637 700 776 702 559 782
          779 702 782 704 781 783
          703 704 783 782 705 784
          559 705 782 785 786 787
          711 785 787 785 642 788
          711 642 785 788 714 789
          642 714 788 789 714 790
          706 783 791 706 703 783
          709 708 792 784 705 793
          705 710 793 719 787 794
          719 794 795 719 712 787
          712 711 787 714 713 790
          713 715 796 790 713 796
          706 791 797 716 706 797
          707 717 798 709 792 799
          709 799 800 710 718 800
          799 710 800 793 710 799
          725 795 801 725 719 795
          720 719 725 796 721 802
          715 721 796 716 797 803
          717 722 804 798 717 804
          723 709 800 718 723 800
          726 725 801 726 801 805
          721 727 802 721 653 727
          716 803 806 728 716 806
          729 730 807 729 807 808
          731 729 808 722 731 804
          804 731 808 735 726 809
          726 805 809 737 806 810
          737 728 806 739 738 811
          735 809 812 740 735 812
          736 741 813 742 737 811
          737 810 811 738 742 811
          740 812 814 743 740 814
          741 744 815 813 741 815
          745 743 816 743 814 816
          745 816 817 750 818 819
          750 819 820 751 750 820
          747 751 815 815 751 820
          744 747 815 748 745 817
          749 748 817 749 817 818
          750 749 818 752 681 753
          754 752 821 821 752 822
          752 753 822 753 755 823
          823 756 824 755 756 823
          686 754 825 754 821 825
          756 757 824 824 757 826
          758 686 825 758 825 827
          757 759 826 826 759 828
          758 827 829 760 758 829
          759 762 828 828 762 830
          760 829 831 763 760 831
          830 764 832 762 764 830
          830 832 833 763 831 834
          765 763 834 764 767 832
          832 767 835 833 832 835
          768 765 834 771 768 834
          767 770 836 767 836 837
          835 767 837 838 839 840
          838 840 841 840 775 841
          841 777 842 775 777 841
          777 778 842 842 778 843
          772 771 844 773 772 844
          773 844 845 774 773 845
          836 845 846 836 770 845
          770 774 845 837 836 846
          780 839 847 839 776 840
          780 776 839 776 775 840
          843 779 848 778 779 843
          781 847 849 781 780 847
          848 779 850 779 782 850
          850 782 851 852 786 853
          786 785 854 853 786 854
          854 785 855 783 781 856
          781 849 856 857 858 859
          858 857 860 858 860 861
          861 860 862 851 782 863
          782 784 863 864 794 865
          794 852 865 794 787 852
          787 786 852 785 788 855
          788 789 855 789 790 866
          783 856 867 791 783 867
          859 858 868 858 861 869
          858 869 870 868 858 870
          707 862 871 707 861 862
          861 707 869 708 707 871
          792 863 872 792 708 863
          863 708 871 863 784 872
          784 793 872 794 864 873
          795 794 873 790 796 866
          866 796 874 870 869 875
          875 798 876 869 798 875
          707 798 869 799 792 872
          793 799 872 801 795 873
          796 802 874 874 802 877
          797 791 803 798 804 878
          876 798 878 805 801 879
          877 802 880 802 727 880
          806 881 882 806 803 881
          730 739 883 808 807 878
          804 808 878 879 884 885
          805 879 885 809 805 885
          727 736 880 806 882 886
          806 886 887 810 806 887
          886 883 887 883 811 887
          739 811 883 885 884 888
          812 809 889 809 885 889
          885 888 889 736 813 890
          811 810 887 814 812 891
          812 889 891 820 819 890
          813 815 890 815 820 890
          816 814 892 814 891 892
          816 892 893 817 816 893
          817 893 894 818 817 894
          819 818 894 822 753 895
          895 823 896 753 823 895
          823 824 896 821 822 825
          825 822 897 896 824 898
          898 826 899 824 826 898
          827 825 897 899 828 900
          826 828 899 829 827 901
          828 830 902 900 828 902
          831 829 901 831 901 903
          833 904 905 830 833 905
          902 830 905 905 904 906
          834 903 907 834 831 903
          833 835 904 904 835 908
          906 904 909 904 908 909
          838 910 911 838 841 912
          910 838 912 912 841 913
          771 834 907 908 837 914
          835 837 908 909 908 914
          839 911 915 839 838 911
          841 842 913 842 843 913
          913 843 916 845 844 917
          845 917 918 846 845 918
          837 918 919 837 846 918
          914 837 919 847 915 920
          847 839 915 843 848 916
          921 853 922 922 853 923
          847 920 924 849 847 924
          925 926 927 848 850 928
          850 851 928 929 930 931
          931 865 932 930 865 931
          865 921 932 865 852 921
          852 853 921 853 854 923
          854 855 923 923 855 933
          856 849 934 849 924 934
          935 936 937 935 927 936
          927 859 936 926 859 927
          857 859 926 860 857 926
          925 860 926 860 925 938
          860 938 939 860 939 940
          862 860 940 940 928 941
          939 928 940 928 851 941
          851 863 941 930 929 942
          864 930 942 864 865 930
          855 789 943 933 855 943
          789 866 943 856 934 944
          867 856 944 937 945 946
          937 868 945 936 868 937
          859 868 936 868 870 945
          871 862 940 871 940 941
          863 871 941 864 942 947
          873 864 947 866 874 943
          867 944 948 803 867 948
          803 791 867 946 945 949
          949 875 950 945 875 949
          870 875 945 875 876 950
          950 876 951 873 947 952
          801 873 952 881 948 953
          881 803 948 878 807 954
          876 878 951 951 878 954
          879 801 952 877 880 955
          881 953 956 881 956 957
          882 881 957 883 956 958
          956 883 957 883 958 959
          730 883 959 807 730 959
          884 879 960 884 960 961
          955 880 962 880 736 962
          886 882 957 883 886 957
          888 884 961 888 961 963
          889 888 963 736 890 962
          891 889 964 889 963 964
          891 964 965 892 891 965
          892 965 966 893 892 966
          894 893 966 962 894 966
          819 894 962 890 819 962
          897 822 967 967 822 968
          822 895 968 968 896 969
          895 896 968 969 898 970
          896 898 969 898 899 970
          897 967 971 827 897 971
          970 899 972 899 900 973
          972 899 973 827 971 974
          901 827 974 973 902 975
          900 902 973 901 974 976
          903 901 976 903 976 977
          902 905 978 975 902 978
          905 906 978 907 903 977
          906 909 979 978 906 979
          911 980 981 980 911 982
          911 910 982 982 912 983
          910 912 982 912 913 983
          913 916 983 771 907 984
          771 984 985 917 985 986
          909 914 987 979 909 987
          988 989 990 990 991 992
          988 990 992 991 981 992
          911 981 991 915 911 991
          993 932 994 994 932 995
          844 771 985 917 844 985
          918 917 986 918 986 996
          919 918 996 919 996 997
          914 919 998 987 914 998
          989 920 990 920 989 999
          990 920 991 920 915 991
          916 848 1000 931 993 1001
          931 932 993 932 921 995
          921 922 1002 995 921 1002
          922 923 1002 1002 923 1003
          919 997 1004 998 919 1004
          924 920 1005 920 999 1005
          925 927 1006 925 1006 1007
          925 1007 1008 848 1009 1010
          848 928 1009 1001 1011 1012
          929 1001 1012 929 931 1001
          923 933 1003 934 924 1005
          935 937 1013 927 935 1006
          1006 935 1013 1008 1014 1015
          938 1008 1015 938 925 1008
          1010 1015 1016 1010 938 1015
          1009 938 1010 939 938 1009
          928 939 1009 929 1012 1017
          942 929 1017 933 943 1018
          944 934 1019 937 946 1020
          1020 946 1021 1015 1014 1022
          1016 1015 1022 942 1017 1023
          947 942 1023 1018 943 1024
          943 874 1024 948 944 1025
          944 1019 1025 946 949 1021
          1021 950 1026 949 950 1021
          950 951 1026 1026 951 1027
          952 947 1028 947 1023 1028
          1024 874 1029 874 877 1029
          948 1025 1030 953 948 1030
          959 1031 1032 807 1032 1033
          807 959 1032 954 807 1033
          951 954 1027 1027 954 1033
          879 1028 1034 879 952 1028
          1029 877 1035 877 955 1035
          956 953 1030 958 956 1030
          958 1030 1031 959 958 1031
          879 1034 1036 960 879 1037
          879 1036 1037 961 960 1037
          1035 955 1038 955 962 1038
          961 1037 1039 961 1039 1040
          963 961 1040 963 1040 1041
          964 963 1041 1038 966 1042
          962 966 1038 965 964 1041
          966 965 1042 971 967 1043
          967 968 1043 1043 968 1044
          1043 1044 1045 1044 969 1046
          968 969 1044 1046 970 1047
          969 970 1046 1047 972 1048
          970 972 1047 972 973 1048
          974 971 1043 974 1043 1049
          1043 1045 1050 1049 1043 1050
          1048 973 1051 973 975 1052
          1051 973 1052 976 974 1049
          977 1050 1053 977 976 1050
          976 1049 1050 1052 978 1054
          975 978 1052 1055 1056 1057
          1057 982 1058 1055 1057 1058
          1058 982 1059 907 977 1053
          907 1053 1060 1054 979 1061
          978 979 1054 981 980 1062
          980 1057 1062 1057 1056 1062
          980 982 1057 982 983 1059
          983 916 1059 1059 916 1063
          1064 1065 1066 1065 994 1067
          1066 1065 1067 1067 994 1068
          984 907 1060 984 1060 1069
          985 984 1069 986 985 1069
          979 987 1061 1061 987 1070
          989 988 1071 988 992 1072
          1071 988 1072 1072 992 1073
          992 981 1073 1073 981 1074
          981 1062 1074 916 1000 1063
          1063 1000 1075 1001 1064 1076
          1064 993 1065 1001 993 1064
          993 994 1065 994 995 1068
          1068 995 1077 996 986 1078
          997 996 1078 987 998 1079
          1070 987 1079 1080 1081 1082
          1080 1082 1083 1082 999 1083
          999 1071 1083 999 989 1071
          1071 1072 1084 1083 1071 1084
          1084 1073 1085 1072 1073 1084
          1085 1073 1086 1073 1074 1086
          1086 1074 1087 1086 1087 1088
          1075 1000 1089 1000 848 1089
          1090 1076 1091 1011 1076 1090
          1011 1001 1076 995 1002 1077
          1002 1003 1077 1077 1003 1092
          1004 997 1093 1004 1093 1094
          998 1004 1094 1079 998 1094
          1082 1081 1095 1005 999 1095
          999 1082 1095 1084 1085 1096
          1096 1086 1097 1085 1086 1096
          1086 1088 1098 1097 1086 1098
          1007 1006 1099 1008 1007 1100
          1089 1010 1101 848 1010 1089
          1102 1090 1103 1011 1090 1102
          1012 1011 1102 1092 1003 1104
          1003 933 1104 1005 1095 1105
          934 1005 1105 1096 1097 1106
          1013 937 1107 1013 1107 1108
          1097 1098 1106 1006 1013 1099
          1099 1013 1108 1008 1100 1109
          1014 1008 1109 1010 1016 1110
          1101 1010 1110 1102 1103 1111
          1012 1102 1111 1017 1012 1111
          1104 1018 1112 933 1018 1104
          1019 934 1105 1019 1105 1113
          937 1020 1114 1107 937 1114
          1020 1021 1114 1114 1021 1115
          1022 1014 1116 1014 1109 1116
          1016 1022 1110 1110 1022 1116
          1023 1017 1117 1017 1111 1117
          1018 1024 1112 1025 1019 1118
          1019 1113 1118 1115 1021 1119
          1119 1021 1120 1021 1026 1121
          1120 1021 1121 1026 1027 1121
          1028 1117 1122 1028 1023 1117
          1024 1029 1123 1030 1025 1124
          1030 1124 1125 1031 1030 1125
          1032 1031 1125 1032 1119 1120
          1033 1032 1120 1033 1120 1121
          1027 1033 1121 1034 1028 1126
          1028 1122 1126 1029 1035 1127
          1123 1029 1127 1036 1034 1128
          1034 1126 1128 1036 1128 1129
          1037 1036 1129 1037 1129 1130
          1039 1037 1130 1127 1038 1131
          1035 1038 1127 1040 1039 1130
          1040 1130 1132 1040 1132 1133
          1041 1040 1133 1041 1133 1134
          1131 1042 1134 1038 1042 1131
          965 1041 1134 1042 965 1134
          1045 1044 1135 1044 1046 1136
          1135 1044 1136 1046 1047 1136
          1050 1045 1135 1050 1135 1137
          1135 1136 1137 1137 1136 1138
          1138 1047 1139 1136 1047 1138
          1139 1048 1140 1047 1048 1139
          1140 1051 1141 1048 1051 1140
          1051 1052 1141 1053 1050 1137
          1053 1137 1142 1141 1052 1143
          1052 1054 1143 1056 1055 1144
          1144 1055 1145 1055 1058 1145
          1058 1059 1063 1146 1147 1148
          1146 1148 1149 1149 1148 1150
          1150 1148 1151 1151 1066 1152
          1150 1151 1152 1060 1142 1153
          1060 1053 1142 1054 1061 1154
          1056 1144 1155 1062 1056 1155
          1148 1147 1156 1156 1147 1157
          1076 1148 1156 1148 1064 1151
          1076 1064 1148 1064 1066 1151
          1066 1067 1158 1152 1066 1158
          1067 1068 1158 1060 1153 1159
          1069 1060 1159 986 1069 1160
          1078 986 1160 1078 1160 1161
          1061 1070 1154 1154 1070 1162
          1074 1062 1155 1074 1155 1163
          1063 1075 1164 1156 1157 1165
          1091 1156 1165 1091 1076 1156
          1158 1068 1166 1068 1077 1166
          1078 1161 1167 997 1078 1167
          1070 1079 1162 1162 1079 1168
          1081 1080 1169 1169 1080 1170
          1080 1083 1171 1170 1080 1171
          1083 1084 1171 1087 1074 1163
          1088 1163 1172 1088 1087 1163
          1075 1089 1173 1174 1165 1175
          1091 1165 1174 1090 1091 1174
          1077 1092 1176 1166 1077 1176
          1167 1177 1178 1093 1167 1178
          1093 997 1167 1094 1093 1178
          1079 1094 1179 1168 1079 1179
          1095 1169 1180 1095 1081 1169
          1170 1171 1181 1181 1084 1182
          1171 1084 1181 1084 1096 1182
          1088 1172 1183 1098 1088 1183
          1007 1099 1184 1100 1007 1184
          1089 1101 1173 1173 1101 1185
          1174 1175 1186 1090 1174 1186
          1103 1090 1186 1104 1112 1176
          1092 1104 1176 1178 1177 1187
          1094 1178 1187 1179 1094 1187
          1095 1180 1188 1105 1095 1188
          1106 1189 1190 1096 1106 1190
          1106 1183 1189 1106 1098 1183
          1108 1107 1191 1108 1191 1192
          1099 1108 1192 1099 1192 1193
          1184 1099 1193 1193 1185 1194
          1185 1101 1194 1184 1193 1194
          1109 1184 1194 1109 1100 1184
          1101 1110 1194 1111 1103 1195
          1103 1186 1195 1113 1105 1188
          1107 1114 1191 1192 1191 1196
          1191 1114 1196 1114 1115 1196
          1116 1109 1194 1110 1116 1194
          1111 1195 1197 1117 1111 1197
          1112 1198 1199 1112 1024 1198
          1118 1113 1200 1200 1113 1201
          1118 1200 1202 1124 1118 1202
          1025 1118 1124 1115 1119 1203
          1196 1115 1203 1117 1197 1204
          1122 1117 1204 1024 1123 1198
          1125 1124 1202 1032 1125 1203
          1119 1032 1203 1126 1122 1204
          1126 1204 1205 1123 1127 1206
          1205 1207 1208 1128 1205 1208
          1128 1126 1205 1129 1128 1209
          1128 1208 1209 1209 1208 1210
          1129 1209 1211 1130 1129 1211
          1130 1211 1212 1132 1130 1212
          1132 1212 1213 1206 1131 1214
          1127 1131 1206 1208 1207 1215
          1210 1208 1215 1133 1132 1213
          1134 1133 1213 1134 1213 1214
          1131 1134 1214 1137 1138 1216
          1138 1139 1217 1216 1138 1217
          1139 1140 1217 1218 1219 1220
          1220 1221 1222 1218 1220 1222
          1222 1221 1223 1224 1146 1225
          1225 1146 1226 1146 1149 1226
          1226 1150 1227 1149 1150 1226
          1227 1150 1228 1142 1137 1216
          1142 1216 1229 1216 1217 1229
          1229 1217 1230 1230 1140 1231
          1217 1140 1230 1231 1141 1232
          1140 1141 1231 1141 1143 1232
          1220 1219 1233 1144 1145 1234
          1145 1221 1234 1221 1233 1234
          1221 1220 1233 1145 1058 1223
          1221 1145 1223 1058 1063 1223
          1223 1063 1235 1147 1224 1236
          1147 1236 1237 1147 1146 1224
          1150 1152 1228 1152 1158 1238
          1228 1152 1238 1153 1142 1229
          1155 1144 1239 1144 1234 1239
          1063 1164 1235 1235 1164 1240
          1241 1237 1242 1147 1237 1241
          1157 1147 1241 1158 1166 1243
          1238 1158 1243 1153 1244 1245
          1159 1153 1245 1159 1245 1246
          1069 1159 1246 1160 1069 1246
          1161 1160 1247 1163 1155 1248
          1155 1239 1248 1240 1164 1249
          1164 1075 1249 1241 1242 1250
          1250 1242 1251 1157 1241 1250
          1165 1157 1250 1243 1166 1252
          1161 1247 1253 1167 1161 1253
          1162 1168 1254 1169 1170 1255
          1163 1248 1256 1172 1163 1256
          1249 1075 1257 1075 1173 1257
          1175 1250 1251 1175 1251 1258
          1175 1165 1250 1259 1260 1261
          1260 1259 1262 1166 1176 1252
          1252 1176 1263 1264 1265 1266
          1177 1167 1253 1177 1253 1264
          1177 1264 1266 1168 1179 1267
          1254 1168 1267 1180 1169 1255
          1180 1255 1268 1180 1268 1269
          1255 1181 1268 1170 1181 1255
          1181 1182 1270 1268 1181 1270
          1172 1256 1271 1183 1172 1271
          1173 1185 1257 1186 1175 1272
          1175 1258 1272 1261 1260 1273
          1261 1273 1274 1260 1262 1275
          1273 1260 1275 1176 1112 1263
          1263 1112 1276 1265 1187 1266
          1187 1265 1277 1187 1177 1266
          1179 1187 1278 1278 1187 1279
          1267 1179 1278 1188 1269 1280
          1188 1180 1269 1270 1182 1281
          1281 1190 1282 1182 1190 1281
          1182 1096 1190 1189 1271 1282
          1190 1189 1282 1189 1183 1271
          1257 1192 1283 1193 1192 1257
          1185 1193 1257 1186 1272 1284
          1195 1186 1284 1274 1273 1285
          1273 1275 1285 1112 1199 1276
          1187 1277 1286 1279 1187 1286
          1113 1188 1201 1201 1188 1280
          1192 1196 1287 1283 1192 1287
          1197 1284 1288 1197 1195 1284
          1199 1198 1289 1200 1201 1290
          1200 1290 1291 1202 1200 1291
          1202 1291 1292 1203 1292 1293
          1196 1203 1287 1287 1203 1293
          1204 1197 1294 1197 1288 1294
          1289 1198 1295 1198 1123 1295
          1125 1202 1292 1203 1125 1292
          1204 1294 1296 1205 1204 1296
          1295 1206 1297 1123 1206 1295
          1205 1296 1298 1205 1298 1299
          1207 1205 1299 1209 1298 1300
          1209 1210 1298 1298 1210 1299
          1211 1209 1300 1212 1211 1301
          1212 1301 1302 1213 1212 1302
          1297 1213 1302 1214 1213 1297
          1206 1214 1297 1215 1207 1299
          1210 1215 1299 1303 1304 1305
          1303 1305 1306 1303 1225 1307
          1304 1303 1307 1225 1226 1308
          1307 1225 1308 1226 1227 1309
          1308 1226 1309 1219 1218 1310
          1310 1218 1311 1311 1222 1312
          1218 1222 1311 1222 1223 1312
          1312 1223 1313 1314 1306 1315
          1303 1306 1314 1236 1303 1314
          1236 1224 1303 1224 1225 1303
          1227 1228 1316 1309 1227 1316
          1229 1230 1317 1317 1230 1318
          1318 1231 1319 1230 1231 1318
          1319 1232 1320 1231 1232 1319
          1320 1143 1321 1232 1143 1320
          1233 1219 1310 1313 1223 1322
          1223 1235 1322 1237 1314 1323
          1314 1315 1323 1237 1236 1314
          1228 1238 1324 1316 1228 1324
          1153 1229 1325 1229 1317 1325
          1143 1054 1326 1321 1143 1326
          1054 1154 1326 1239 1234 1327
          1234 1233 1327 1235 1240 1322
          1242 1328 1329 1242 1237 1323
          1242 1323 1328 1324 1238 1330
          1238 1243 1330 1244 1325 1331
          1244 1153 1325 1244 1331 1332
          1245 1244 1332 1246 1245 1333
          1245 1332 1333 1246 1333 1334
          1160 1246 1334 1247 1160 1334
          1326 1154 1335 1154 1162 1335
          1248 1239 1336 1239 1327 1336
          1248 1336 1337 1240 1249 1338
          1251 1242 1329 1251 1329 1339
          1340 1341 1342 1341 1340 1343
          1341 1343 1344 1344 1343 1345
          1330 1252 1346 1243 1252 1330
          1332 1331 1347 1333 1332 1347
          1162 1254 1335 1248 1337 1348
          1256 1248 1348 1249 1257 1338
          1258 1251 1339 1342 1341 1349
          1341 1344 1350 1341 1350 1351
          1349 1341 1351 1259 1344 1345
          1259 1261 1344 1344 1261 1350
          1262 1345 1352 1262 1259 1345
          1252 1263 1346 1346 1263 1353
          1354 1347 1355 1354 1265 1356
          1347 1354 1356 1356 1265 1357
          1265 1264 1357 1264 1253 1357
          1358 1359 1360 1358 1360 1361
          1360 1269 1361 1269 1268 1361
          1268 1270 1362 1361 1268 1362
          1271 1256 1348 1271 1348 1363
          1338 1257 1364 1351 1350 1365
          1351 1365 1366 1350 1261 1365
          1261 1274 1365 1262 1352 1367
          1275 1262 1367 1353 1263 1368
          1263 1276 1368 1354 1355 1369
          1265 1354 1369 1277 1265 1369
          1278 1279 1370 1278 1370 1371
          1267 1278 1371 1360 1359 1372
          1280 1269 1372 1269 1360 1372
          1270 1281 1362 1281 1282 1373
          1282 1271 1373 1271 1363 1373
          1257 1283 1374 1364 1257 1374
          1284 1272 1375 1366 1285 1376
          1365 1285 1366 1274 1285 1365
          1285 1275 1367 1285 1367 1376
          1368 1276 1377 1276 1199 1377
          1277 1369 1378 1286 1277 1379
          1277 1378 1379 1370 1286 1379
          1279 1286 1370 1280 1372 1380
          1201 1280 1380 1283 1287 1293
          1283 1293 1374 1288 1284 1375
          1288 1375 1381 1377 1289 1382
          1199 1289 1377 1290 1201 1383
          1201 1380 1383 1290 1383 1384
          1291 1290 1384 1291 1384 1385
          1292 1291 1385 1293 1292 1385
          1294 1288 1381 1294 1381 1386
          1289 1295 1387 1382 1289 1387
          1296 1294 1386 1296 1386 1388
          1300 1388 1389 1300 1389 1390
          1302 1301 1391 1387 1302 1391
          1297 1302 1387 1295 1297 1387
          1298 1296 1388 1300 1298 1388
          1211 1300 1390 1301 1211 1390
          1392 1393 1394 1394 1393 1395
          1396 1392 1397 1393 1392 1396
          1305 1393 1396 1393 1305 1395
          1305 1304 1395 1304 1307 1398
          1395 1304 1398 1307 1308 1399
          1398 1307 1399 1397 1400 1401
          1396 1397 1401 1306 1305 1402
          1305 1401 1402 1305 1396 1401
          1308 1309 1403 1399 1308 1403
          1403 1309 1404 1310 1311 1405
          1405 1311 1406 1405 1406 1407
          1406 1312 1408 1311 1312 1406
          1408 1312 1409 1312 1313 1409
          1306 1402 1410 1315 1306 1410
          1309 1316 1404 1404 1316 1411
          1317 1318 1412 1412 1319 1413
          1318 1319 1412 1413 1320 1414
          1319 1320 1413 1320 1321 1414
          1233 1310 1415 1310 1405 1415
          1409 1322 1416 1313 1322 1409
          1323 1315 1410 1323 1410 1417
          1417 1410 1418 1316 1324 1419
          1411 1316 1419 1325 1317 1412
          1325 1412 1420 1327 1233 1415
          1416 1322 1421 1322 1240 1421
          1422 1423 1424 1423 1422 1425
          1425 1422 1426 1422 1329 1426
          1329 1328 1426 1426 1328 1427
          1328 1323 1427 1323 1417 1427
          1417 1418 1428 1417 1428 1429
          1427 1417 1429 1428 1430 1431
          1428 1418 1430 1431 1430 1432
          1343 1431 1432 1343 1432 1433
          1324 1330 1434 1419 1324 1434
          1325 1420 1435 1331 1325 1435
          1334 1333 1436 1247 1334 1436
          1437 1438 1439 1336 1437 1439
          1336 1327 1437 1421 1440 1441
          1337 1336 1439 1421 1240 1440
          1240 1338 1440 1339 1422 1424
          1339 1424 1442 1339 1329 1422
          1429 1428 1443 1428 1431 1444
          1443 1428 1444 1340 1342 1431
          1431 1342 1444 1343 1340 1431
          1345 1343 1433 1345 1433 1445
          1330 1346 1434 1434 1346 1446
          1435 1447 1448 1331 1435 1448
          1347 1331 1448 1333 1347 1449
          1333 1449 1450 1436 1333 1450
          1247 1436 1451 1253 1247 1451
          1335 1254 1452 1439 1438 1453
          1348 1337 1453 1337 1439 1453
          1441 1440 1454 1440 1338 1454
          1258 1339 1455 1339 1442 1455
          1444 1456 1457 1444 1349 1456
          1342 1349 1444 1349 1351 1456
          1345 1445 1458 1352 1345 1458
          1446 1346 1459 1346 1353 1459
          1447 1355 1448 1355 1447 1460
          1355 1347 1448 1347 1356 1461
          1449 1347 1461 1461 1357 1462
          1356 1357 1461 1357 1253 1451
          1357 1451 1462 1254 1267 1463
          1452 1254 1463 1464 1465 1466
          1465 1464 1467 1467 1464 1468
          1464 1359 1468 1359 1358 1468
          1468 1361 1469 1358 1361 1468
          1361 1362 1469 1363 1348 1453
          1441 1454 1470 1454 1364 1470
          1338 1364 1454 1258 1455 1471
          1272 1258 1471 1457 1366 1472
          1456 1366 1457 1351 1366 1456
          1352 1458 1473 1352 1473 1474
          1367 1352 1474 1474 1473 1475
          1459 1353 1476 1459 1476 1477
          1353 1368 1476 1355 1460 1478
          1369 1355 1478 1371 1370 1479
          1267 1371 1463 1372 1359 1480
          1359 1464 1480 1362 1281 1481
          1281 1373 1481 1373 1363 1481
          1364 1374 1482 1272 1471 1483
          1375 1272 1483 1472 1366 1484
          1366 1376 1485 1484 1366 1485
          1376 1367 1486 1367 1474 1486
          1474 1475 1487 1486 1474 1487
          1477 1476 1488 1476 1368 1488
          1368 1377 1488 1369 1478 1489
          1369 1489 1490 1378 1369 1490
          1378 1490 1491 1379 1378 1491
          1479 1379 1491 1370 1379 1479
          1380 1372 1492 1372 1480 1492
          1380 1492 1493 1374 1293 1482
          1375 1483 1494 1381 1375 1494
          1485 1376 1495 1495 1486 1496
          1376 1486 1495 1486 1487 1496
          1377 1382 1497 1488 1377 1497
          1383 1380 1498 1380 1493 1498
          1383 1498 1499 1384 1383 1499
          1384 1499 1500 1385 1384 1500
          1293 1385 1500 1386 1381 1501
          1497 1391 1502 1387 1391 1497
          1382 1387 1497 1388 1386 1501
          1388 1501 1503 1389 1388 1503
          1390 1389 1502 1301 1390 1502
          1391 1301 1502 1504 1394 1505
          1506 1507 1508 1507 1504 1508
          1392 1504 1507 1392 1394 1504
          1394 1395 1509 1505 1394 1509
          1395 1398 1509 1509 1398 1510
          1511 1512 1513 1513 1514 1515
          1511 1513 1515 1514 1516 1517
          1515 1514 1517 1517 1516 1518
          1519 1506 1520 1507 1506 1519
          1397 1507 1519 1397 1392 1507
          1398 1399 1510 1512 1521 1522
          1513 1512 1523 1512 1522 1523
          1513 1523 1524 1514 1513 1524
          1516 1514 1524 1525 1526 1527
          1525 1527 1528 1527 1407 1528
          1407 1406 1528 1528 1408 1529
          1406 1408 1528 1519 1520 1530
          1519 1530 1531 1397 1519 1531
          1400 1397 1531 1401 1400 1532
          1402 1401 1532 1399 1403 1533
          1510 1399 1533 1403 1404 1533
          1533 1404 1534 1522 1521 1535
          1535 1521 1536 1522 1535 1537
          1522 1537 1538 1523 1522 1538
          1524 1523 1538 1405 1407 1539
          1407 1527 1539 1527 1526 1539
          1408 1409 1540 1529 1408 1540
          1531 1530 1541 1531 1541 1542
          1400 1531 1542 1400 1542 1543
          1400 1543 1544 1532 1400 1544
          1410 1402 1545 1402 1532 1545
          1532 1544 1545 1410 1545 1546
          1410 1546 1547 1547 1546 1548
          1547 1548 1549 1404 1411 1534
          1413 1550 1551 1412 1413 1551
          1550 1414 1552 1413 1414 1550
          1414 1321 1552 1535 1536 1553
          1537 1535 1553 1415 1405 1539
          1415 1539 1554 1409 1416 1540
          1542 1541 1555 1423 1542 1555
          1542 1423 1543 1543 1423 1556
          1544 1543 1557 1543 1556 1557
          1418 1410 1547 1430 1418 1547
          1430 1547 1549 1432 1430 1549
          1548 1432 1549 1432 1548 1558
          1432 1558 1559 1420 1412 1551
          1420 1551 1560 1552 1321 1561
          1321 1326 1561 1327 1415 1554
          1437 1327 1554 1437 1554 1562
          1416 1421 1563 1424 1555 1564
          1424 1423 1555 1423 1425 1556
          1425 1426 1565 1557 1425 1565
          1556 1425 1557 1426 1427 1566
          1426 1566 1567 1565 1426 1567
          1427 1429 1566 1433 1432 1559
          1433 1559 1568 1419 1434 1569
          1435 1420 1560 1435 1560 1570
          1326 1335 1571 1572 1573 1574
          1572 1574 1575 1437 1562 1576
          1438 1437 1576 1421 1441 1577
          1563 1421 1577 1424 1564 1578
          1442 1424 1578 1567 1566 1579
          1579 1443 1580 1566 1443 1579
          1429 1443 1566 1443 1444 1580
          1445 1568 1581 1445 1433 1568
          1569 1434 1582 1434 1446 1582
          1447 1435 1570 1447 1570 1583
          1436 1450 1584 1451 1436 1584
          1571 1335 1585 1335 1452 1585
          1574 1573 1586 1586 1573 1587
          1575 1574 1586 1575 1586 1588
          1586 1466 1588 1466 1465 1588
          1465 1467 1588 1588 1467 1589
          1438 1576 1590 1453 1438 1590
          1577 1441 1591 1455 1442 1578
          1580 1444 1592 1444 1457 1592
          1592 1457 1593 1458 1445 1594
          1445 1581 1594 1446 1459 1595
          1582 1446 1595 1460 1447 1596
          1447 1583 1596 1450 1449 1461
          1450 1462 1584 1450 1461 1462
          1462 1451 1584 1585 1463 1597
          1452 1463 1585 1464 1466 1598
          1466 1586 1598 1586 1587 1598
          1467 1468 1589 1589 1469 1599
          1468 1469 1589 1469 1362 1599
          1481 1363 1600 1363 1453 1590
          1591 1441 1601 1441 1470 1601
          1470 1364 1601 1471 1455 1602
          1457 1472 1593 1593 1472 1603
          1473 1458 1604 1458 1594 1604
          1475 1595 1605 1475 1473 1595
          1595 1473 1604 1595 1459 1605
          1459 1477 1605 1478 1596 1606
          1478 1460 1596 1371 1479 1607
          1371 1607 1608 1463 1371 1597
          1597 1371 1608 1464 1598 1609
          1480 1464 1609 1480 1609 1610
          1362 1481 1600 1599 1362 1600
          1601 1482 1611 1364 1482 1601
          1483 1471 1612 1471 1602 1612
          1472 1484 1613 1603 1472 1613
          1484 1485 1613 1613 1485 1614
          1487 1475 1605 1487 1605 1615
          1605 1477 1615 1477 1488 1615
          1489 1478 1616 1478 1606 1616
          1489 1616 1617 1490 1489 1617
          1490 1617 1618 1491 1490 1618
          1607 1491 1618 1479 1491 1607
          1492 1480 1619 1480 1610 1619
          1492 1619 1620 1493 1492 1620
          1482 1293 1500 1482 1500 1611
          1494 1483 1621 1483 1612 1621
          1381 1494 1621 1485 1495 1622
          1614 1485 1622 1495 1496 1623
          1495 1623 1624 1622 1495 1624
          1623 1496 1625 1496 1487 1625
          1487 1615 1625 1615 1488 1625
          1488 1497 1625 1498 1493 1626
          1493 1620 1626 1498 1626 1627
          1499 1498 1627 1500 1499 1627
          1501 1381 1621 1501 1621 1628
          1501 1628 1629 1503 1501 1629
          1503 1629 1630 1389 1503 1630
          1623 1389 1630 1624 1623 1630
          1502 1623 1625 1502 1389 1623
          1497 1502 1625 1631 1508 1632
          1632 1508 1633 1508 1504 1633
          1633 1505 1634 1504 1505 1633
          1505 1509 1635 1634 1505 1635
          1636 1515 1637 1515 1638 1639
          1637 1515 1639 1639 1638 1640
          1506 1631 1641 1506 1508 1631
          1509 1510 1642 1635 1509 1642
          1642 1510 1643 1512 1636 1644
          1512 1511 1636 1511 1515 1636
          1515 1517 1638 1640 1518 1645
          1517 1518 1640 1638 1517 1640
          1645 1646 1647 1640 1645 1647
          1647 1646 1648 1520 1641 1649
          1520 1506 1641 1510 1533 1650
          1643 1510 1650 1521 1512 1651
          1512 1644 1651 1516 1524 1652
          1645 1652 1653 1645 1518 1652
          1518 1516 1652 1526 1525 1654
          1525 1646 1654 1646 1653 1654
          1646 1645 1653 1525 1528 1648
          1646 1525 1648 1528 1529 1648
          1530 1520 1649 1530 1649 1655
          1650 1533 1656 1533 1534 1656
          1536 1521 1651 1536 1651 1657
          1538 1537 1658 1538 1658 1659
          1524 1538 1659 1652 1524 1659
          1526 1654 1660 1539 1526 1660
          1529 1540 1661 1529 1661 1662
          1530 1655 1663 1541 1530 1663
          1544 1664 1665 1545 1544 1665
          1545 1665 1666 1546 1545 1666
          1546 1666 1667 1548 1546 1667
          1548 1667 1668 1534 1411 1656
          1411 1419 1656 1669 1551 1670
          1670 1550 1671 1551 1550 1670
          1671 1552 1672 1550 1552 1671
          1553 1657 1673 1553 1536 1657
          1658 1553 1674 1537 1553 1658
          1659 1658 1674 1539 1660 1675
          1554 1539 1675 1540 1416 1661
          1661 1416 1676 1555 1541 1677
          1541 1663 1677 1544 1557 1678
          1664 1544 1678 1558 1548 1668
          1559 1558 1668 1560 1551 1669
          1560 1669 1679 1552 1561 1672
          1553 1673 1680 1553 1680 1681
          1674 1553 1681 1674 1681 1682
          1554 1675 1683 1562 1554 1683
          1562 1683 1684 1416 1563 1676
          1564 1555 1677 1557 1565 1685
          1678 1557 1685 1565 1567 1685
          1568 1559 1686 1568 1686 1687
          1419 1569 1688 1570 1560 1679
          1326 1571 1689 1681 1680 1690
          1682 1681 1690 1573 1682 1690
          1573 1572 1682 1572 1575 1691
          1682 1572 1691 1562 1684 1692
          1576 1562 1692 1563 1577 1693
          1567 1579 1694 1685 1567 1694
          1579 1580 1694 1694 1580 1695
          1568 1687 1696 1581 1568 1696
          1569 1697 1698 1569 1582 1697
          1571 1585 1699 1690 1680 1700
          1573 1690 1700 1587 1573 1700
          1588 1589 1701 1691 1588 1701
          1575 1588 1691 1590 1576 1692
          1590 1692 1702 1577 1591 1703
          1693 1577 1703 1455 1578 1704
          1695 1592 1705 1580 1592 1695
          1592 1593 1705 1705 1593 1706
          1705 1706 1707 1706 1708 1709
          1707 1706 1709 1709 1708 1710
          1696 1709 1710 1581 1696 1710
          1594 1581 1710 1697 1595 1711
          1582 1595 1697 1596 1583 1712
          1585 1597 1713 1699 1585 1713
          1598 1700 1714 1598 1587 1700
          1589 1599 1701 1701 1599 1715
          1599 1600 1715 1715 1600 1716
          1600 1702 1716 1600 1590 1702
          1363 1590 1600 1591 1601 1717
          1703 1591 1717 1602 1455 1704
          1708 1706 1718 1706 1593 1718
          1593 1603 1718 1708 1718 1719
          1708 1719 1720 1710 1708 1720
          1604 1594 1721 1594 1710 1721
          1710 1720 1721 1595 1604 1711
          1711 1604 1721 1606 1596 1722
          1596 1712 1722 1723 1607 1724
          1713 1608 1723 1608 1607 1723
          1597 1608 1713 1609 1598 1725
          1598 1714 1725 1610 1609 1725
          1717 1611 1726 1601 1611 1717
          1612 1602 1727 1612 1727 1728
          1603 1613 1718 1719 1718 1729
          1718 1613 1729 1613 1614 1729
          1606 1722 1730 1606 1730 1731
          1616 1606 1731 1616 1731 1732
          1617 1616 1732 1724 1617 1732
          1618 1617 1724 1607 1618 1724
          1610 1725 1733 1610 1733 1734
          1619 1610 1734 1619 1734 1735
          1620 1619 1735 1620 1735 1736
          1626 1620 1736 1726 1627 1736
          1627 1626 1736 1611 1627 1726
          1611 1500 1627 1621 1612 1728
          1621 1728 1737 1729 1614 1738
          1614 1622 1738 1738 1622 1739
          1622 1624 1739 1628 1621 1740
          1621 1737 1740 1628 1740 1741
          1629 1628 1741 1738 1629 1741
          1629 1738 1739 1630 1629 1739
          1624 1630 1739 1632 1742 1743
          1742 1632 1744 1632 1633 1744
          1744 1634 1745 1633 1634 1744
          1745 1634 1746 1631 1743 1747
          1631 1632 1743 1634 1635 1746
          1635 1642 1748 1746 1635 1748
          1749 1636 1750 1750 1637 1751
          1636 1637 1750 1751 1639 1752
          1637 1639 1751 1639 1640 1752
          1752 1640 1753 1641 1747 1754
          1641 1631 1747 1642 1643 1755
          1748 1642 1755 1644 1749 1756
          1644 1636 1749 1640 1647 1757
          1753 1640 1757 1647 1648 1757
          1757 1648 1758 1649 1754 1759
          1649 1641 1754 1643 1650 1760
          1755 1643 1760 1651 1756 1761
          1651 1644 1756 1653 1652 1762
          1654 1653 1762 1648 1529 1662
          1648 1662 1758 1655 1649 1763
          1649 1759 1763 1650 1656 1764
          1760 1650 1764 1657 1651 1765
          1651 1761 1765 1652 1659 1766
          1762 1652 1766 1660 1654 1767
          1654 1762 1767 1655 1763 1768
          1663 1655 1768 1664 1769 1770
          1665 1664 1770 1665 1770 1771
          1666 1665 1771 1667 1666 1771
          1668 1667 1772 1656 1419 1764
          1657 1765 1773 1673 1657 1773
          1659 1674 1774 1766 1659 1774
          1675 1660 1775 1660 1767 1775
          1677 1768 1776 1677 1663 1768
          1664 1678 1777 1769 1664 1777
          1559 1668 1772 1559 1772 1778
          1419 1688 1764 1679 1779 1780
          1679 1669 1779 1672 1561 1781
          1672 1781 1782 1561 1326 1781
          1680 1773 1783 1680 1673 1773
          1674 1682 1774 1774 1682 1784
          1775 1785 1786 1683 1775 1786
          1683 1675 1775 1684 1683 1786
          1676 1563 1787 1564 1677 1776
          1678 1685 1777 1777 1685 1788
          1686 1778 1789 1686 1559 1778
          1687 1686 1789 1688 1569 1698
          1679 1780 1790 1570 1679 1790
          1326 1689 1781 1682 1691 1784
          1784 1691 1791 1786 1785 1792
          1792 1785 1793 1684 1786 1792
          1692 1684 1792 1563 1693 1794
          1787 1563 1794 1578 1776 1795
          1578 1564 1776 1685 1694 1788
          1694 1695 1796 1797 1789 1798
          1687 1789 1797 1696 1687 1797
          1698 1697 1799 1583 1790 1800
          1583 1570 1790 1689 1571 1801
          1571 1699 1801 1680 1783 1802
          1700 1680 1802 1691 1701 1791
          1791 1701 1803 1702 1792 1793
          1702 1692 1792 1693 1703 1804
          1794 1693 1804 1704 1578 1795
          1796 1705 1805 1695 1705 1796
          1805 1707 1806 1705 1707 1805
          1707 1709 1806 1709 1797 1806
          1797 1798 1806 1709 1696 1797
          1697 1711 1807 1799 1697 1807
          1712 1583 1808 1583 1800 1808
          1801 1713 1809 1699 1713 1801
          1714 1700 1802 1701 1715 1803
          1717 1726 1804 1703 1717 1804
          1602 1704 1810 1720 1719 1811
          1807 1720 1811 1721 1720 1807
          1711 1721 1807 1712 1808 1812
          1722 1712 1812 1813 1724 1814
          1809 1723 1813 1723 1724 1813
          1713 1723 1809 1725 1714 1815
          1725 1815 1816 1727 1602 1810
          1719 1729 1817 1811 1719 1817
          1730 1722 1818 1722 1812 1818
          1730 1818 1819 1731 1730 1819
          1731 1819 1820 1732 1731 1820
          1814 1732 1820 1724 1732 1814
          1733 1725 1821 1725 1816 1821
          1733 1821 1822 1734 1733 1822
          1734 1822 1823 1735 1734 1823
          1735 1823 1824 1736 1735 1824
          1726 1736 1824 1728 1727 1825
          1737 1728 1825 1737 1825 1826
          1826 1817 1827 1729 1738 1827
          1817 1729 1827 1740 1737 1826
          1741 1740 1826 1741 1826 1827
          1738 1741 1827 1744 1745 1828
          1744 1828 1829 1830 1743 1831
          1831 1743 1832 1743 1742 1832
          1742 1744 1832 1744 1829 1832
          1745 1746 1833 1828 1745 1833
          1747 1830 1834 1747 1743 1830
          1746 1748 1835 1833 1746 1835
          1749 1750 1836 1750 1751 1837
          1837 1752 1838 1751 1752 1837
          1838 1753 1839 1752 1753 1838
          1839 1753 1840 1834 1841 1842
          1754 1834 1842 1754 1747 1834
          1748 1755 1835 1756 1749 1843
          1749 1836 1843 1753 1757 1840
          1759 1754 1842 1755 1760 1844
          1835 1755 1844 1761 1756 1843
          1758 1662 1845 1760 1764 1844
          1846 1847 1848 1846 1848 1849
          1762 1766 1850 1767 1762 1850
          1662 1661 1851 1768 1763 1852
          1770 1769 1853 1853 1769 1854
          1770 1853 1855 1771 1770 1855
          1771 1855 1856 1667 1771 1856
          1772 1667 1856 1772 1856 1857
          1848 1847 1858 1670 1848 1858
          1669 1670 1858 1670 1671 1859
          1849 1670 1859 1848 1670 1849
          1672 1782 1859 1671 1672 1859
          1773 1765 1860 1766 1774 1861
          1766 1861 1862 1850 1766 1862
          1767 1850 1862 1767 1862 1863
          1775 1767 1863 1661 1676 1851
          1776 1768 1864 1768 1852 1864
          1769 1777 1865 1854 1769 1865
          1778 1772 1857 1778 1857 1866
          1764 1688 1867 1764 1867 1868
          1780 1869 1870 1869 1779 1871
          1780 1779 1869 1779 1669 1872
          1669 1858 1873 1872 1669 1873
          1782 1781 1874 1773 1860 1875
          1783 1773 1875 1774 1784 1861
          1861 1784 1876 1775 1863 1877
          1785 1775 1877 1777 1788 1865
          1865 1788 1878 1778 1866 1879
          1789 1778 1879 1867 1688 1880
          1688 1698 1880 1790 1780 1881
          1780 1870 1881 1871 1872 1882
          1871 1779 1872 1872 1873 1882
          1781 1689 1883 1874 1781 1883
          1783 1875 1884 1784 1791 1876
          1876 1791 1885 1785 1877 1886
          1793 1785 1886 1787 1794 1887
          1795 1776 1864 1788 1694 1888
          1878 1788 1888 1694 1796 1888
          1888 1796 1889 1890 1806 1891
          1798 1789 1879 1798 1879 1891
          1806 1798 1891 1698 1799 1880
          1790 1881 1892 1800 1790 1892
          1689 1801 1893 1883 1689 1893
          1802 1783 1884 1791 1803 1894
          1885 1791 1894 1803 1895 1896
          1894 1803 1896 1886 1896 1897
          1896 1895 1897 1793 1886 1897
          1702 1793 1897 1794 1804 1887
          1887 1804 1898 1704 1795 1899
          1889 1805 1890 1796 1805 1889
          1805 1806 1890 1799 1807 1900
          1800 1892 1901 1808 1800 1901
          1893 1809 1902 1893 1902 1903
          1801 1809 1893 1714 1802 1904
          1803 1715 1895 1715 1716 1895
          1895 1716 1897 1898 1726 1905
          1898 1905 1906 1716 1702 1897
          1804 1726 1898 1810 1704 1907
          1810 1907 1908 1807 1811 1900
          1900 1811 1909 1812 1808 1910
          1808 1901 1910 1902 1814 1911
          1813 1814 1902 1809 1813 1902
          1815 1714 1912 1714 1904 1912
          1816 1815 1912 1913 1914 1915
          1913 1905 1914 1905 1824 1914
          1726 1824 1905 1727 1810 1916
          1810 1908 1916 1727 1916 1917
          1825 1727 1917 1811 1817 1918
          1909 1811 1918 1818 1812 1919
          1812 1910 1919 1818 1919 1920
          1819 1818 1920 1911 1819 1920
          1820 1819 1911 1814 1820 1911
          1816 1912 1921 1816 1921 1922
          1821 1816 1922 1915 1821 1922
          1822 1821 1915 1914 1822 1915
          1823 1822 1914 1824 1823 1914
          1825 1917 1923 1825 1923 1924
          1826 1825 1924 1918 1826 1924
          1817 1826 1918 1829 1925 1926
          1925 1828 1927 1829 1828 1925
          1928 1929 1930 1930 1929 1931
          1929 1830 1931 1931 1831 1932
          1830 1831 1931 1832 1926 1932
          1831 1832 1932 1832 1829 1926
          1828 1833 1933 1927 1828 1933
          1841 1928 1934 1928 1841 1929
          1841 1834 1929 1834 1830 1929
          1833 1835 1933 1841 1934 1935
          1842 1841 1935 1843 1836 1936
          1840 1758 1845 1757 1758 1840
          1842 1935 1937 1759 1842 1937
          1761 1843 1938 1843 1936 1938
          1845 1662 1939 1763 1759 1940
          1759 1937 1940 1844 1764 1941
          1844 1941 1942 1847 1846 1943
          1846 1849 1944 1761 1938 1945
          1765 1761 1945 1662 1851 1939
          1852 1763 1940 1853 1854 1946
          1853 1946 1947 1855 1853 1947
          1855 1947 1948 1856 1855 1948
          1857 1856 1948 1764 1868 1941
          1941 1868 1949 1950 1951 1952
          1950 1952 1953 1847 1943 1954
          1858 1847 1954 1849 1859 1955
          1944 1849 1955 1859 1782 1956
          1955 1859 1956 1765 1945 1957
          1860 1765 1957 1851 1676 1958
          1854 1865 1946 1946 1865 1959
          1866 1857 1960 1868 1867 1961
          1949 1868 1961 1952 1951 1962
          1962 1951 1963 1953 1952 1962
          1953 1962 1964 1962 1870 1964
          1870 1869 1964 1869 1871 1964
          1964 1871 1965 1858 1954 1966
          1873 1858 1966 1956 1874 1967
          1782 1874 1956 1860 1957 1968
          1875 1860 1968 1862 1861 1876
          1862 1876 1969 1862 1969 1970
          1863 1862 1970 1877 1863 1970
          1676 1787 1971 1958 1676 1971
          1959 1865 1972 1865 1878 1972
          1866 1960 1973 1879 1866 1973
          1867 1880 1974 1961 1867 1974
          1881 1962 1963 1881 1963 1975
          1881 1870 1962 1965 1871 1976
          1976 1882 1977 1871 1882 1976
          1882 1873 1966 1882 1966 1977
          1967 1874 1978 1967 1978 1979
          1874 1883 1978 1875 1968 1980
          1884 1875 1980 1876 1885 1969
          1969 1885 1981 1970 1969 1981
          1970 1981 1982 1877 1970 1982
          1886 1877 1982 1787 1887 1983
          1971 1787 1983 1795 1864 1984
          1878 1888 1985 1972 1878 1985
          1985 1889 1986 1888 1889 1985
          1986 1890 1987 1889 1890 1986
          1890 1891 1987 1891 1973 1987
          1891 1879 1973 1880 1799 1988
          1974 1880 1988 1892 1881 1989
          1881 1975 1989 1978 1903 1979
          1893 1903 1978 1883 1893 1978
          1802 1980 1990 1802 1884 1980
          1885 1894 1981 1981 1896 1982
          1894 1896 1981 1896 1886 1982
          1991 1898 1992 1887 1898 1991
          1983 1887 1991 1899 1795 1984
          1799 1900 1993 1988 1799 1993
          1901 1892 1994 1892 1989 1994
          1903 1902 1995 1904 1802 1996
          1802 1990 1996 1906 1905 1997
          1898 1906 1992 1704 1899 1907
          1908 1907 1998 1993 1909 1999
          1900 1909 1993 1910 1901 2000
          1901 1994 2000 1910 2000 2001
          1919 1910 2001 1919 2001 2002
          1920 1919 2002 1995 1920 2002
          1911 1920 1995 1902 1911 1995
          1904 1996 2003 1904 2003 2004
          1912 1904 2004 1912 2004 2005
          1921 1912 2005 1921 2005 2006
          1922 1921 2006 1922 2006 2007
          1915 1922 2007 1997 1913 2007
          1913 1915 2007 1905 1913 1997
          1908 1998 2008 1916 1908 2008
          1916 2008 2009 1917 1916 2009
          1917 2009 2010 1917 2010 2011
          1923 1917 2011 1923 2011 2012
          1924 1923 2012 1999 1918 2012
          1918 1924 2012 1909 1918 1999
          2013 1930 2014 2014 1930 2015
          1930 1931 2015 2015 1932 2016
          1931 1932 2015 2016 1926 2017
          1932 1926 2016 2017 1925 2018
          1926 1925 2017 2018 1927 2019
          1925 1927 2018 1928 2013 2020
          1928 1930 2013 1927 1933 2021
          2019 1927 2021 1934 2020 2022
          1934 1928 2020 1933 1835 2023
          2021 1933 2023 1836 1750 2024
          2024 1750 2025 2025 1837 2026
          1750 1837 2025 2026 1838 2027
          1837 1838 2026 2027 1839 2028
          1838 1839 2027 1839 1840 2028
          1935 1934 2029 1934 2022 2029
          1936 1836 2024 1935 2029 2030
          1937 1935 2030 1835 1844 1942
          1835 1942 2023 1938 1936 2031
          1940 2030 2032 1940 1937 2030
          1942 1941 2033 2034 2035 2036
          2035 2034 2037 2037 2034 2038
          2037 2038 2039 2040 2041 2042
          2040 2042 2043 2042 1943 2043
          1943 1846 2043 1846 1944 2043
          1938 2031 2044 1945 1938 2044
          1939 1851 2045 1852 1940 2046
          1940 2032 2046 1947 1946 2047
          1947 2047 2048 1948 1947 2048
          1857 1948 2048 1857 2048 2049
          2033 1941 2050 1941 1949 2050
          2034 2036 2051 2051 2036 2052
          2038 2034 2051 1951 2038 2051
          1951 1950 2038 2039 2038 2053
          2038 1950 2053 1950 1953 2053
          1954 1943 2054 1943 2042 2054
          2042 2041 2054 1944 1955 2055
          2043 1944 2055 1955 1956 2055
          2055 1956 2056 1957 1945 2044
          1957 2044 2057 1851 1958 2045
          1864 2046 2058 1864 1852 2046
          1946 1959 2059 2047 1946 2059
          1857 2049 2060 1960 1857 2060
          1949 1961 2050 2050 1961 2061
          1963 2051 2052 1963 1951 2051
          1953 1964 2062 2053 1953 2062
          1964 1965 2062 1966 1954 2054
          2056 1956 2063 1956 1967 2063
          1968 1957 2057 1958 1971 2064
          1984 1864 2058 1959 1972 2059
          2059 1972 2065 2059 2065 2066
          1960 2060 2067 1973 1960 2067
          1961 1974 2061 2061 1974 2068
          1975 1963 2069 1980 1968 2070
          1971 1983 2071 2064 1971 2071
          1972 1985 2065 1985 1986 2072
          2066 1985 2072 2065 1985 2066
          1987 2067 2072 1986 1987 2072
          1987 1973 2067 1974 1988 2068
          2068 1988 2073 1989 2069 2074
          1989 1975 2069 1979 1903 2075
          1990 1980 2070 1991 1992 2071
          1983 1991 2071 1899 1984 2076
          2073 1993 2077 1988 1993 2073
          1994 1989 2078 1989 2074 2078
          2075 1995 2079 1903 1995 2075
          1992 1997 2080 1992 1906 1997
          1907 1899 2081 1899 2076 2081
          1907 2081 2082 1998 1907 2082
          1998 2082 2083 2008 1998 2083
          2077 1999 2084 1993 1999 2077
          2000 1994 2085 1994 2078 2085
          2000 2085 2086 2001 2000 2086
          2002 2001 2086 1995 2002 2079
          2003 1996 2087 2003 2087 2088
          2004 2003 2088 2004 2088 2089
          2005 2004 2089 2005 2089 2090
          2006 2005 2090 2080 2006 2090
          2007 2006 2080 1997 2007 2080
          2009 2008 2083 2009 2083 2091
          2009 2091 2092 2010 2009 2092
          2010 2092 2093 2011 2010 2093
          2084 2011 2093 2012 2011 2084
          1999 2012 2084 2014 2015 2094
          2095 2096 2097 2095 2097 2098
          2097 2013 2098 2013 2014 2098
          2015 2016 2099 2094 2015 2099
          2099 2017 2100 2016 2017 2099
          2100 2018 2101 2017 2018 2100
          2101 2019 2102 2018 2019 2101
          2097 2096 2103 2020 2097 2103
          2020 2013 2097 2019 2021 2102
          2022 2103 2104 2022 2020 2103
          2021 2023 2105 2024 2025 2106
          2106 2025 2107 2025 2026 2107
          2028 1840 2108 2029 2022 2104
          2029 2104 2109 2105 2023 2110
          1936 2024 2111 2024 2106 2111
          1840 1845 2108 2030 2029 2112
          2029 2109 2112 2113 2114 2115
          2114 2035 2115 2115 2037 2116
          2035 2037 2115 2116 2117 2118
          2116 2037 2117 2117 2119 2120
          2118 2117 2120 2120 2119 2121
          2031 2111 2122 2031 1936 2111
          1845 1939 2123 2032 2030 2112
          1942 2033 2124 2052 2036 2114
          2036 2035 2114 2037 2039 2117
          2117 2039 2125 2117 2125 2126
          2117 2126 2127 2119 2117 2127
          2041 2119 2127 2119 2041 2121
          2041 2040 2121 2121 2040 2128
          2128 2043 2129 2040 2043 2128
          2044 2122 2130 2044 2031 2122
          2123 1939 2131 1939 2045 2131
          2046 2032 2132 2048 2047 2133
          2049 2048 2133 2033 2050 2134
          2124 2033 2134 2039 2053 2135
          2039 2135 2136 2125 2039 2136
          2126 2125 2136 2041 2127 2137
          2054 2041 2137 2043 2055 2138
          2129 2043 2138 2055 2056 2138
          2057 2044 2139 2044 2130 2139
          2131 2045 2140 2045 1958 2140
          2046 2132 2141 2058 2046 2141
          2047 2059 2142 2133 2047 2142
          2133 2142 2143 2049 2133 2143
          2060 2049 2143 2050 2061 2144
          2134 2050 2144 1963 2052 2145
          2135 2053 2146 2053 2062 2146
          2062 1965 2146 2054 2137 2147
          1966 2054 2147 2138 2056 2148
          2056 2063 2148 2057 2139 2149
          1968 2057 2149 1958 2064 2140
          2058 2141 2150 2059 2066 2142
          2066 2072 2142 2142 2072 2143
          2072 2067 2143 2067 2060 2143
          2061 2068 2151 2144 2061 2151
          2069 2145 2152 2069 1963 2145
          2146 1976 2153 1965 1976 2146
          2153 1977 2154 1976 1977 2153
          1977 1966 2147 1977 2147 2154
          2148 1979 2155 2063 1979 2148
          1967 1979 2063 2070 1968 2149
          1984 2058 2150 1984 2150 2156
          2151 2073 2157 2068 2073 2151
          2074 2069 2158 2069 2152 2158
          1979 2075 2155 1990 2070 2159
          1992 2160 2161 2071 1992 2161
          1984 2156 2162 2076 1984 2162
          2073 2077 2163 2157 2073 2163
          2074 2158 2164 2078 2074 2164
          2078 2164 2165 2085 2078 2165
          2085 2165 2166 2086 2085 2166
          2079 2086 2166 1996 1990 2167
          1990 2159 2167 1992 2080 2160
          2076 2162 2168 2081 2076 2168
          2081 2168 2169 2082 2081 2169
          2083 2082 2169 2083 2169 2170
          2091 2083 2170 2091 2170 2171
          2092 2091 2171 2092 2171 2172
          2093 2092 2172 2084 2093 2163
          2163 2093 2172 2077 2084 2163
          2079 2002 2086 2087 1996 2173
          1996 2167 2173 2087 2173 2174
          2088 2087 2174 2088 2174 2175
          2089 2088 2175 2089 2175 2176
          2090 2089 2176 2080 2090 2176
          2095 2098 2177 2177 2098 2178
          2098 2014 2178 2014 2094 2178
          2094 2099 2179 2099 2100 2180
          2179 2099 2180 2100 2101 2180
          2103 2096 2181 2182 2183 2184
          2183 2182 2185 2183 2185 2186
          2186 2185 2187 2188 2189 2190
          2190 2191 2192 2188 2190 2192
          2192 2191 2193 2104 2103 2181
          2183 2194 2195 2184 2183 2195
          2194 2186 2196 2183 2186 2194
          2186 2187 2197 2196 2186 2197
          2190 2189 2198 2198 2189 2199
          2191 2190 2198 2106 2191 2198
          2106 2107 2191 2107 2026 2193
          2191 2107 2193 2193 2027 2200
          2026 2027 2193 2027 2028 2200
          2028 2108 2200 2195 2194 2201
          2194 2196 2202 2201 2194 2202
          2196 2197 2203 2202 2196 2203
          2113 2204 2205 2113 2115 2204
          2115 2116 2206 2204 2115 2206
          2206 2118 2207 2116 2118 2206
          2208 2209 2210 2208 2210 2211
          2111 2106 2212 2106 2198 2212
          2198 2199 2212 2108 1845 2213
          2108 2213 2214 2201 2202 2215
          2202 2203 2215 2110 1942 2216
          2023 1942 2110 2114 2113 2217
          2113 2205 2217 2118 2120 2218
          2207 2118 2218 2120 2121 2218
          2218 2121 2219 2210 2209 2220
          2220 2221 2222 2211 2220 2222
          2211 2210 2220 2221 2122 2223
          2222 2221 2223 2223 2122 2224
          2122 2111 2224 2111 2212 2224
          1845 2123 2213 2032 2112 2225
          1942 2124 2216 2216 2124 2226
          2052 2114 2217 2052 2217 2227
          2127 2228 2229 2127 2126 2228
          2219 2121 2230 2121 2128 2230
          2127 2229 2231 2128 2129 2230
          2221 2220 2232 2130 2221 2232
          2130 2122 2221 2132 2225 2233
          2132 2032 2225 2124 2134 2234
          2226 2124 2234 2052 2227 2235
          2228 2135 2236 2136 2135 2228
          2126 2136 2228 2137 2127 2231
          2137 2231 2237 2230 2129 2238
          2129 2138 2238 2130 2232 2239
          2139 2130 2239 2141 2132 2240
          2132 2233 2240 2241 2234 2242
          2234 2134 2242 2134 2144 2242
          2145 2235 2243 2145 2052 2235
          2135 2146 2244 2236 2135 2244
          2137 2237 2245 2147 2137 2245
          2138 2148 2238 2238 2148 2246
          2139 2239 2247 2149 2139 2247
          2140 2064 2248 2150 2141 2240
          2150 2240 2249 2241 2151 2250
          2151 2241 2242 2144 2151 2242
          2152 2145 2251 2145 2243 2251
          2244 2146 2252 2252 2153 2253
          2146 2153 2252 2253 2154 2254
          2153 2154 2253 2154 2147 2245
          2154 2245 2254 2148 2155 2246
          2246 2155 2255 2070 2149 2256
          2149 2247 2256 2070 2256 2257
          2248 2161 2258 2064 2071 2161
          2064 2161 2248 2156 2150 2249
          2156 2249 2259 2151 2157 2250
          2152 2251 2260 2152 2260 2261
          2158 2152 2261 2255 2075 2262
          2155 2075 2255 2070 2257 2263
          2159 2070 2263 2161 2160 2258
          2156 2259 2264 2162 2156 2264
          2162 2264 2265 2170 2266 2267
          2171 2170 2267 2171 2157 2172
          2157 2163 2172 2164 2158 2261
          2164 2261 2268 2164 2268 2269
          2165 2164 2269 2165 2269 2270
          2166 2165 2270 2262 2166 2270
          2079 2166 2262 2075 2079 2262
          2167 2159 2263 2167 2263 2271
          2173 2167 2271 2173 2271 2272
          2175 2272 2273 2175 2273 2274
          2176 2175 2274 2160 2176 2274
          2160 2080 2176 2168 2162 2265
          2168 2265 2266 2169 2168 2266
          2170 2169 2266 2174 2173 2272
          2175 2174 2272 2275 2276 2277
          2275 2277 2278 2277 2095 2278
          2095 2177 2278 2278 2178 2279
          2177 2178 2278 2279 2094 2280
          2178 2094 2279 2094 2179 2280
          2181 2096 2277 2276 2181 2277
          2096 2095 2277 2179 2180 2281
          2101 2102 2180 2282 2283 2284
          2284 2285 2286 2282 2284 2286
          2286 2285 2287 2288 2289 2290
          2182 2288 2291 2182 2184 2288
          2288 2184 2289 2182 2291 2292
          2185 2182 2292 2187 2185 2292
          2187 2292 2293 2102 2021 2294
          2294 2021 2295 2284 2283 2296
          2189 2188 2297 2188 2285 2297
          2285 2296 2297 2285 2284 2296
          2188 2192 2287 2285 2188 2287
          2192 2193 2287 2287 2193 2298
          2290 2195 2299 2289 2195 2290
          2184 2195 2289 2197 2187 2293
          2197 2293 2300 2021 2105 2295
          2295 2105 2301 2205 2302 2303
          2302 2205 2304 2205 2204 2304
          2204 2206 2304 2304 2206 2305
          2306 2307 2308 2306 2308 2309
          2189 2297 2310 2199 2189 2310
          2193 2200 2311 2298 2193 2311
          2200 2214 2312 2311 2200 2312
          2200 2108 2214 2109 2104 2313
          2299 2195 2314 2195 2201 2314
          2203 2197 2315 2197 2300 2316
          2315 2197 2316 2301 2105 2317
          2105 2110 2317 2205 2303 2318
          2206 2207 2319 2305 2206 2319
          2308 2307 2320 2209 2308 2320
          2209 2208 2308 2211 2222 2309
          2208 2211 2309 2308 2208 2309
          2309 2222 2321 2199 2310 2322
          2212 2199 2322 2214 2213 2323
          2314 2201 2324 2324 2215 2325
          2201 2215 2324 2325 2215 2326
          2215 2203 2326 2203 2315 2326
          2315 2316 2326 2317 2110 2327
          2110 2216 2327 2217 2205 2318
          2217 2318 2328 2319 2207 2329
          2207 2218 2329 2329 2218 2330
          2218 2219 2330 2220 2209 2331
          2209 2320 2331 2222 2223 2321
          2223 2224 2321 2224 2212 2322
          2323 2213 2332 2213 2123 2332
          2327 2216 2333 2216 2226 2333
          2227 2217 2334 2217 2328 2334
          2329 2228 2335 2228 2329 2330
          2229 2228 2330 2231 2229 2336
          2229 2330 2336 2330 2219 2336
          2219 2230 2336 2220 2331 2337
          2232 2220 2337 2123 2131 2332
          2233 2225 2338 2333 2234 2339
          2226 2234 2333 2235 2334 2340
          2235 2227 2334 2228 2236 2335
          2237 2231 2341 2231 2336 2341
          2336 2230 2341 2230 2238 2341
          2239 2232 2337 2131 2140 2342
          2332 2131 2342 2233 2338 2343
          2240 2233 2343 2234 2241 2344
          2339 2234 2344 2243 2235 2345
          2235 2340 2345 2236 2244 2346
          2245 2237 2341 2245 2341 2347
          2341 2238 2347 2238 2246 2347
          2247 2239 2348 2140 2248 2342
          2240 2343 2349 2249 2240 2349
          2249 2349 2350 2344 2250 2351
          2241 2250 2344 2243 2345 2352
          2251 2243 2352 2346 2353 2354
          2346 2252 2353 2244 2252 2346
          2252 2253 2353 2253 2254 2355
          2355 2254 2356 2254 2245 2356
          2245 2347 2356 2347 2246 2356
          2246 2255 2356 2256 2247 2357
          2247 2348 2357 2256 2357 2358
          2257 2256 2358 2257 2358 2359
          2249 2350 2360 2249 2360 2361
          2259 2249 2361 2361 2360 2362
          2361 2362 2363 2351 2157 2364
          2250 2157 2351 2260 2251 2365
          2251 2352 2365 2260 2365 2366
          2261 2260 2366 2268 2261 2353
          2353 2261 2354 2354 2261 2366
          2268 2253 2269 2253 2268 2353
          2270 2269 2355 2269 2253 2355
          2262 2355 2356 2262 2270 2355
          2255 2262 2356 2271 2263 2359
          2263 2257 2359 2271 2359 2367
          2274 2368 2369 2160 2369 2370
          2160 2274 2369 2258 2160 2370
          2264 2259 2361 2265 2264 2361
          2266 2265 2363 2265 2361 2363
          2267 2266 2363 2267 2363 2371
          2364 2267 2371 2171 2267 2364
          2157 2171 2364 2272 2271 2367
          2273 2272 2367 2273 2367 2368
          2274 2273 2368 2278 2279 2372
          2372 2279 2373 2276 2275 2374
          2275 2278 2375 2279 2280 2373
          2280 2179 2373 2376 2377 2378
          2276 2374 2379 2181 2276 2379
          2380 2291 2381 2281 2102 2382
          2180 2102 2281 2383 2384 2385
          2378 2383 2385 2376 2378 2385
          2283 2376 2385 2283 2282 2376
          2282 2286 2377 2376 2282 2377
          2286 2287 2377 2377 2287 2386
          2288 2290 2387 2381 2288 2387
          2291 2288 2381 2292 2291 2380
          2292 2380 2388 2293 2292 2388
          2293 2388 2389 2102 2294 2382
          2294 2295 2390 2391 2392 2393
          2393 2394 2395 2391 2393 2395
          2396 2394 2397 2385 2394 2396
          2385 2384 2394 2394 2384 2395
          2296 2283 2398 2283 2385 2398
          2385 2396 2398 2297 2296 2398
          2386 2298 2399 2287 2298 2386
          2104 2181 2313 2290 2299 2400
          2387 2290 2400 2300 2293 2389
          2300 2389 2401 2295 2301 2390
          2303 2302 2402 2402 2302 2403
          2403 2304 2404 2302 2304 2403
          2304 2305 2404 2393 2392 2405
          2307 2393 2405 2307 2306 2393
          2394 2393 2406 2393 2306 2406
          2306 2309 2406 2397 2394 2407
          2394 2406 2407 2297 2398 2408
          2310 2297 2408 2298 2311 2399
          2311 2312 2399 2399 2312 2409
          2109 2313 2410 2299 2314 2411
          2400 2299 2411 2300 2401 2412
          2316 2300 2412 2303 2402 2413
          2318 2303 2413 2305 2319 2414
          2320 2307 2405 2407 2406 2415
          2406 2309 2415 2309 2321 2415
          2310 2408 2416 2322 2310 2416
          2312 2214 2323 2312 2323 2409
          2112 2109 2417 2109 2410 2417
          2314 2324 2418 2411 2314 2418
          2418 2325 2419 2324 2325 2418
          2419 2326 2420 2325 2326 2419
          2326 2316 2412 2326 2412 2420
          2317 2327 2421 2328 2413 2422
          2328 2318 2413 2414 2319 2423
          2319 2329 2423 2331 2320 2424
          2415 2321 2425 2425 2224 2426
          2321 2224 2425 2224 2322 2416
          2224 2416 2426 2323 2332 2427
          2225 2112 2417 2327 2333 2421
          2421 2333 2428 2334 2422 2429
          2334 2429 2430 2334 2328 2422
          2423 2335 2431 2329 2335 2423
          2337 2331 2424 2337 2424 2432
          2427 2332 2433 2338 2225 2434
          2333 2339 2428 2340 2334 2435
          2334 2430 2435 2335 2236 2436
          2431 2335 2436 2337 2432 2437
          2239 2337 2437 2332 2342 2433
          2433 2342 2438 2338 2434 2439
          2343 2338 2439 2343 2439 2440
          2343 2440 2441 2441 2440 2442
          2441 2442 2443 2443 2442 2444
          2339 2344 2351 2340 2435 2445
          2345 2340 2445 2436 2346 2446
          2236 2346 2436 2348 2239 2447
          2348 2447 2448 2438 2248 2449
          2342 2248 2438 2349 2343 2441
          2350 2443 2450 2350 2349 2443
          2349 2441 2443 2444 2362 2450
          2443 2444 2450 2362 2444 2451
          2362 2451 2452 2362 2452 2453
          2352 2345 2454 2345 2445 2454
          2446 2346 2455 2455 2346 2456
          2346 2354 2456 2357 2348 2457
          2348 2448 2457 2357 2457 2458
          2358 2357 2458 2358 2458 2459
          2359 2358 2459 2367 2359 2460
          2359 2459 2460 2367 2460 2461
          2370 2462 2463 2449 2370 2463
          2258 2370 2449 2248 2258 2449
          2360 2350 2450 2362 2360 2450
          2371 2363 2453 2363 2362 2453
          2364 2453 2464 2364 2371 2453
          2351 2364 2464 2365 2352 2465
          2352 2454 2465 2455 2365 2465
          2365 2455 2456 2366 2365 2456
          2354 2366 2456 2368 2367 2461
          2369 2368 2461 2369 2461 2462
          2370 2369 2462 2374 2275 2466
          2275 2375 2466 2278 2372 2375
          2373 2179 2467 2179 2281 2467
          2467 2281 2468 2378 2377 2469
          2281 2382 2468 2384 2470 2471
          2384 2383 2470 2383 2378 2469
          2383 2469 2470 2469 2377 2472
          2377 2386 2472 2181 2379 2473
          2381 2387 2474 2381 2474 2475
          2380 2381 2475 2388 2380 2476
          2476 2380 2477 2389 2388 2476
          2389 2476 2478 2382 2294 2390
          2479 2480 2481 2479 2481 2482
          2483 2484 2485 2485 2484 2486
          2485 2486 2487 2486 2403 2488
          2487 2486 2488 2403 2404 2489
          2488 2403 2489 2392 2391 2490
          2490 2391 2491 2391 2395 2491
          2395 2471 2491 2395 2384 2471
          2396 2397 2492 2396 2492 2493
          2398 2396 2493 2386 2399 2494
          2313 2181 2473 2387 2400 2495
          2474 2387 2495 2401 2389 2478
          2401 2478 2496 2390 2301 2497
          2481 2480 2498 2498 2480 2499
          2498 2500 2501 2482 2498 2501
          2482 2481 2498 2501 2500 2502
          2402 2403 2503 2403 2486 2503
          2489 2404 2504 2404 2305 2504
          2405 2490 2505 2405 2392 2490
          2397 2407 2506 2397 2506 2507
          2492 2397 2507 2493 2492 2507
          2493 2507 2508 2408 2398 2509
          2398 2493 2509 2493 2508 2509
          2494 2399 2510 2399 2409 2510
          2400 2411 2511 2495 2400 2511
          2401 2496 2512 2412 2401 2512
          2497 2301 2513 2301 2317 2513
          2498 2499 2514 2500 2498 2514
          2500 2514 2515 2500 2515 2516
          2516 2517 2518 2502 2516 2518
          2502 2500 2516 2518 2517 2519
          2413 2402 2503 2305 2414 2504
          2405 2505 2520 2320 2405 2520
          2407 2415 2521 2506 2407 2521
          2408 2509 2522 2416 2408 2522
          2510 2409 2523 2409 2323 2523
          2523 2323 2524 2411 2418 2511
          2418 2419 2525 2418 2525 2526
          2511 2418 2526 2419 2420 2527
          2525 2419 2527 2412 2512 2528
          2527 2412 2528 2420 2412 2527
          2513 2317 2529 2529 2317 2530
          2317 2421 2530 2516 2515 2531
          2517 2516 2531 2517 2531 2532
          2517 2532 2533 2533 2429 2534
          2519 2533 2534 2519 2517 2533
          2534 2429 2535 2429 2422 2535
          2422 2413 2535 2414 2423 2536
          2424 2320 2520 2415 2425 2521
          2426 2416 2522 2524 2323 2537
          2323 2427 2537 2225 2417 2538
          2525 2527 2539 2526 2525 2539
          2539 2527 2540 2527 2528 2540
          2529 2530 2541 2530 2421 2541
          2421 2428 2541 2533 2532 2542
          2429 2533 2542 2429 2542 2543
          2429 2543 2544 2430 2429 2544
          2423 2431 2545 2536 2423 2545
          2427 2433 2537 2537 2433 2546
          2434 2225 2538 2434 2538 2547
          2539 2444 2548 2451 2444 2540
          2444 2539 2540 2452 2451 2549
          2451 2540 2549 2452 2549 2550
          2541 2551 2552 2541 2428 2551
          2428 2339 2551 2544 2543 2553
          2430 2544 2554 2544 2553 2554
          2435 2430 2554 2431 2436 2545
          2545 2436 2555 2556 2557 2558
          2557 2556 2559 2546 2560 2561
          2433 2438 2560 2546 2433 2560
          2434 2547 2562 2439 2434 2562
          2439 2562 2563 2440 2439 2563
          2548 2440 2563 2442 2440 2548
          2444 2442 2548 2452 2550 2564
          2564 2552 2565 2550 2552 2564
          2551 2351 2552 2552 2351 2565
          2339 2351 2551 2445 2435 2566
          2435 2554 2566 2436 2446 2567
          2555 2436 2567 2447 2437 2568
          2239 2437 2447 2448 2447 2568
          2569 2458 2570 2459 2458 2569
          2558 2459 2569 2557 2459 2558
          2460 2459 2557 2461 2460 2557
          2461 2557 2559 2461 2559 2561
          2463 2461 2560 2560 2461 2561
          2438 2449 2560 2449 2463 2560
          2453 2452 2564 2464 2453 2564
          2464 2564 2565 2351 2464 2565
          2454 2445 2571 2445 2566 2571
          2454 2571 2572 2454 2572 2573
          2446 2455 2573 2572 2446 2573
          2567 2446 2572 2448 2568 2574
          2570 2448 2574 2457 2448 2570
          2458 2457 2570 2462 2461 2463
          2465 2454 2573 2455 2465 2573
          2466 2375 2575 2375 2372 2575
          2576 2577 2578 2578 2579 2580
          2576 2578 2580 2580 2579 2581
          2379 2374 2582 2468 2382 2583
          2578 2577 2584 2584 2577 2585
          2579 2578 2584 2483 2579 2584
          2483 2485 2579 2485 2586 2587
          2581 2485 2587 2579 2485 2581
          2587 2586 2588 2491 2471 2589
          2471 2470 2589 2470 2469 2590
          2469 2472 2590 2472 2386 2591
          2473 2379 2582 2475 2592 2593
          2475 2474 2592 2477 2593 2594
          2477 2380 2593 2380 2475 2593
          2476 2477 2595 2477 2594 2595
          2478 2476 2595 2583 2390 2596
          2382 2390 2583 2597 2598 2599
          2597 2599 2600 2599 2480 2600
          2480 2479 2600 2479 2482 2600
          2600 2482 2601 2484 2483 2602
          2483 2584 2602 2584 2585 2602
          2486 2602 2603 2486 2484 2602
          2485 2487 2586 2487 2488 2604
          2588 2487 2604 2586 2487 2588
          2488 2489 2605 2604 2488 2605
          2386 2494 2591 2474 2495 2592
          2592 2495 2606 2595 2607 2608
          2478 2595 2608 2496 2478 2608
          2596 2497 2609 2390 2497 2596
          2599 2598 2610 2480 2599 2610
          2499 2480 2610 2482 2501 2601
          2501 2502 2601 2503 2603 2611
          2503 2486 2603 2605 2504 2612
          2489 2504 2605 2505 2490 2613
          2507 2506 2614 2508 2507 2615
          2509 2508 2615 2509 2615 2616
          2494 2510 2617 2606 2495 2618
          2618 2511 2619 2495 2511 2618
          2608 2607 2620 2608 2620 2621
          2496 2608 2621 2496 2621 2622
          2512 2496 2622 2622 2621 2623
          2609 2497 2624 2497 2513 2624
          2514 2610 2625 2514 2499 2610
          2515 2514 2625 2502 2518 2601
          2518 2519 2601 2601 2519 2626
          2413 2503 2627 2503 2611 2627
          2612 2504 2628 2504 2536 2628
          2504 2414 2536 2520 2505 2613
          2520 2613 2629 2506 2521 2630
          2614 2506 2630 2522 2509 2616
          2617 2510 2631 2510 2523 2631
          2523 2524 2631 2417 2410 2632
          2619 2511 2633 2511 2526 2633
          2633 2526 2634 2528 2512 2622
          2528 2622 2635 2622 2623 2635
          2635 2623 2636 2624 2635 2636
          2635 2624 2637 2637 2513 2638
          2624 2513 2637 2513 2529 2638
          2531 2515 2639 2515 2625 2639
          2532 2531 2639 2519 2534 2626
          2626 2535 2640 2534 2535 2626
          2535 2413 2627 2535 2627 2640
          2628 2536 2641 2424 2520 2629
          2424 2629 2642 2521 2425 2643
          2630 2521 2643 2425 2426 2643
          2643 2426 2644 2426 2522 2644
          2631 2524 2645 2524 2537 2645
          2417 2632 2646 2538 2417 2646
          2538 2646 2647 2634 2526 2648
          2648 2526 2649 2526 2539 2649
          2540 2528 2549 2549 2528 2635
          2550 2549 2637 2549 2635 2637
          2550 2638 2650 2550 2637 2638
          2638 2529 2650 2529 2541 2650
          2542 2532 2651 2532 2639 2651
          2543 2542 2651 2536 2545 2652
          2641 2536 2652 2432 2424 2642
          2653 2654 2655 2645 2546 2653
          2645 2653 2655 2537 2546 2645
          2538 2647 2656 2547 2538 2656
          2547 2656 2657 2563 2657 2658
          2648 2563 2658 2563 2648 2649
          2548 2563 2649 2539 2548 2649
          2552 2550 2650 2541 2552 2650
          2553 2543 2659 2543 2651 2659
          2554 2553 2659 2554 2659 2660
          2652 2555 2661 2545 2555 2652
          2654 2556 2662 2556 2558 2662
          2559 2556 2654 2561 2559 2654
          2653 2561 2654 2546 2561 2653
          2562 2547 2657 2563 2562 2657
          2566 2554 2663 2554 2660 2663
          2566 2663 2664 2664 2661 2665
          2555 2567 2665 2661 2555 2665
          2568 2437 2666 2667 2570 2668
          2569 2667 2669 2569 2570 2667
          2662 2569 2669 2558 2569 2662
          2571 2566 2664 2572 2571 2664
          2572 2664 2665 2567 2572 2665
          2568 2666 2670 2668 2568 2670
          2574 2568 2668 2570 2574 2668
          2372 2373 2671 2672 2673 2674
          2674 2675 2676 2672 2674 2676
          2676 2675 2677 2374 2466 2678
          2466 2575 2678 2373 2467 2671
          2467 2468 2679 2680 2681 2682
          2680 2682 2683 2674 2673 2684
          2577 2576 2685 2576 2675 2685
          2675 2684 2685 2675 2674 2684
          2576 2580 2677 2675 2576 2677
          2580 2581 2677 2677 2581 2686
          2687 2582 2688 2582 2374 2688
          2689 2690 2691 2690 2689 2692
          2468 2583 2679 2679 2583 2693
          2682 2681 2694 2694 2681 2695
          2694 2696 2697 2683 2694 2697
          2683 2682 2694 2697 2696 2698
          2577 2685 2699 2585 2577 2699
          2581 2587 2686 2587 2588 2686
          2686 2588 2700 2491 2589 2701
          2589 2470 2702 2470 2590 2702
          2590 2472 2703 2472 2591 2703
          2473 2582 2687 2690 2592 2691
          2593 2592 2690 2594 2593 2690
          2594 2690 2692 2594 2692 2704
          2595 2594 2704 2595 2704 2705
          2583 2596 2693 2693 2596 2706
          2694 2695 2707 2696 2694 2707
          2598 2696 2707 2598 2597 2696
          2597 2600 2708 2698 2597 2708
          2696 2597 2698 2600 2601 2708
          2602 2585 2699 2602 2699 2709
          2602 2709 2710 2603 2602 2710
          2588 2604 2700 2604 2605 2700
          2700 2605 2711 2490 2491 2712
          2491 2701 2712 2591 2494 2713
          2313 2473 2687 2313 2687 2714
          2595 2705 2715 2607 2595 2715
          2706 2596 2716 2596 2609 2716
          2610 2598 2717 2598 2707 2717
          2708 2601 2718 2710 2709 2719
          2611 2603 2720 2603 2710 2720
          2710 2719 2720 2605 2612 2711
          2613 2490 2712 2507 2614 2721
          2507 2721 2722 2615 2507 2722
          2616 2615 2722 2616 2722 2723
          2713 2617 2724 2494 2617 2713
          2410 2313 2714 2606 2618 2725
          2725 2619 2726 2618 2619 2725
          2726 2619 2727 2726 2727 2728
          2715 2728 2729 2728 2727 2729
          2620 2607 2730 2607 2715 2730
          2730 2715 2731 2715 2729 2731
          2620 2730 2732 2621 2620 2732
          2621 2732 2733 2636 2621 2733
          2623 2621 2636 2609 2624 2636
          2609 2636 2733 2716 2609 2733
          2625 2610 2717 2601 2626 2718
          2718 2626 2734 2611 2720 2735
          2627 2611 2735 2612 2628 2736
          2629 2613 2737 2614 2630 2738
          2721 2614 2738 2616 2723 2739
          2522 2616 2739 2724 2617 2740
          2617 2631 2740 2619 2633 2727
          2729 2727 2741 2741 2727 2742
          2727 2633 2742 2633 2634 2742
          2731 2729 2741 2639 2625 2743
          2626 2640 2734 2640 2627 2735
          2736 2628 2744 2628 2641 2744
          2642 2629 2737 2630 2643 2745
          2738 2630 2745 2745 2644 2746
          2643 2644 2745 2644 2522 2739
          2644 2739 2746 2740 2655 2747
          2631 2645 2655 2631 2655 2740
          2634 2648 2748 2742 2634 2748
          2651 2639 2749 2744 2652 2750
          2641 2652 2744 2747 2654 2751
          2655 2654 2747 2647 2752 2753
          2656 2647 2753 2656 2753 2754
          2657 2656 2754 2658 2657 2754
          2648 2658 2748 2659 2651 2749
          2659 2749 2755 2660 2659 2755
          2750 2661 2756 2652 2661 2750
          2437 2432 2757 2662 2669 2751
          2654 2662 2751 2663 2660 2755
          2663 2755 2758 2756 2663 2758
          2664 2663 2756 2661 2664 2756
          2666 2437 2757 2667 2668 2759
          2667 2759 2760 2669 2667 2760
          2668 2670 2759 2761 2762 2763
          2762 2764 2765 2763 2762 2765
          2764 2766 2767 2765 2764 2767
          2767 2766 2768 2769 2770 2771
          2769 2771 2772 2769 2761 2770
          2761 2769 2773 2762 2761 2773
          2762 2773 2774 2762 2774 2775
          2764 2762 2775 2766 2764 2775
          2766 2775 2776 2766 2776 2777
          2777 2778 2779 2768 2777 2779
          2768 2766 2777 2778 2676 2780
          2779 2778 2780 2575 2781 2782
          2781 2575 2783 2575 2372 2783
          2372 2671 2783 2769 2772 2784
          2769 2784 2785 2773 2769 2785
          2773 2785 2786 2773 2786 2787
          2774 2773 2787 2777 2776 2788
          2673 2672 2789 2672 2778 2789
          2778 2788 2789 2778 2777 2788
          2672 2676 2778 2780 2676 2790
          2676 2677 2790 2374 2678 2688
          2688 2678 2782 2678 2575 2782
          2671 2467 2791 2467 2679 2791
          2791 2679 2792 2785 2784 2793
          2785 2793 2794 2786 2785 2794
          2681 2786 2794 2681 2680 2786
          2787 2786 2795 2786 2680 2795
          2680 2683 2795 2684 2673 2789
          2685 2684 2789 2677 2686 2790
          2679 2693 2792 2792 2693 2796
          2794 2793 2797 2681 2794 2797
          2695 2681 2797 2795 2683 2798
          2683 2697 2798 2697 2698 2798
          2699 2685 2799 2686 2700 2800
          2701 2589 2801 2589 2702 2801
          2702 2590 2802 2590 2703 2802
          2691 2592 2803 2704 2692 2804
          2705 2704 2804 2796 2693 2805
          2693 2706 2805 2707 2695 2806
          2695 2797 2806 2698 2708 2798
          2709 2799 2807 2709 2699 2799
          2800 2700 2808 2700 2711 2808
          2703 2591 2809 2591 2713 2809
          2809 2713 2810 2592 2606 2811
          2803 2592 2811 2705 2804 2812
          2715 2705 2812 2805 2706 2813
          2805 2813 2814 2706 2716 2813
          2717 2707 2806 2719 2709 2807
          2720 2719 2807 2711 2612 2815
          2722 2721 2816 2723 2722 2816
          2713 2724 2810 2810 2724 2817
          2410 2714 2818 2811 2725 2819
          2606 2725 2811 2819 2726 2820
          2725 2726 2819 2820 2728 2821
          2726 2728 2820 2728 2715 2812
          2728 2812 2821 2730 2731 2822
          2730 2822 2823 2732 2730 2823
          2814 2732 2823 2813 2732 2814
          2733 2732 2813 2716 2733 2813
          2625 2717 2824 2718 2734 2825
          2815 2612 2826 2612 2736 2826
          2613 2712 2737 2721 2738 2827
          2816 2721 2827 2816 2827 2828
          2723 2816 2828 2739 2723 2828
          2817 2724 2829 2724 2740 2829
          2410 2818 2830 2632 2410 2830
          2741 2742 2831 2731 2741 2822
          2822 2741 2831 2743 2625 2824
          2825 2734 2832 2832 2640 2833
          2734 2640 2832 2640 2735 2833
          2826 2736 2834 2736 2744 2834
          2642 2737 2835 2738 2745 2827
          2827 2746 2828 2745 2746 2827
          2746 2739 2828 2829 2747 2836
          2740 2747 2829 2646 2830 2837
          2646 2632 2830 2647 2646 2837
          2742 2748 2838 2831 2742 2838
          2749 2639 2839 2639 2743 2839
          2834 2750 2840 2744 2750 2834
          2642 2835 2841 2432 2642 2841
          2836 2751 2842 2747 2751 2836
          2752 2647 2843 2647 2837 2843
          2752 2843 2844 2753 2752 2844
          2754 2753 2844 2748 2754 2838
          2748 2658 2754 2749 2839 2845
          2749 2845 2846 2755 2749 2846
          2755 2846 2847 2758 2755 2847
          2840 2758 2847 2756 2758 2840
          2750 2756 2840 2757 2432 2841
          2751 2669 2842 2666 2757 2848
          2760 2759 2849 2666 2848 2850
          2670 2666 2850 2759 2670 2849
          2851 2852 2853 2852 2763 2853
          2853 2763 2854 2763 2765 2855
          2854 2763 2855 2765 2767 2856
          2855 2765 2856 2771 2851 2857
          2851 2771 2852 2771 2770 2852
          2761 2763 2852 2770 2761 2852
          2768 2858 2859 2767 2768 2859
          2856 2767 2859 2859 2858 2860
          2771 2857 2861 2772 2771 2861
          2775 2774 2862 2776 2775 2862
          2768 2779 2858 2779 2780 2860
          2858 2779 2860 2780 2790 2860
          2782 2781 2863 2783 2671 2864
          2772 2861 2865 2784 2772 2865
          2774 2787 2866 2774 2866 2867
          2862 2774 2867 2788 2776 2868
          2776 2862 2868 2789 2788 2868
          2688 2782 2869 2782 2863 2869
          2671 2791 2870 2793 2865 2871
          2793 2784 2865 2787 2795 2866
          2685 2789 2872 2790 2873 2874
          2790 2686 2873 2687 2688 2869
          2689 2875 2876 2689 2691 2875
          2692 2689 2876 2792 2796 2877
          2793 2871 2878 2797 2793 2878
          2795 2798 2879 2799 2685 2872
          2799 2872 2880 2686 2800 2873
          2873 2800 2881 2801 2702 2882
          2702 2802 2882 2883 2803 2884
          2875 2803 2883 2691 2803 2875
          2804 2692 2876 2796 2805 2885
          2877 2796 2885 2806 2797 2878
          2798 2708 2886 2807 2799 2880
          2881 2800 2887 2800 2808 2887
          2808 2711 2887 2884 2811 2888
          2803 2811 2884 2812 2804 2889
          2805 2814 2890 2885 2805 2890
          2717 2806 2891 2708 2718 2892
          2886 2708 2892 2720 2807 2893
          2887 2815 2894 2711 2815 2887
          2888 2811 2895 2811 2819 2895
          2819 2820 2896 2821 2889 2896
          2820 2821 2896 2821 2812 2889
          2823 2822 2890 2814 2823 2890
          2824 2717 2891 2892 2718 2897
          2718 2825 2897 2720 2893 2898
          2735 2720 2898 2815 2826 2899
          2894 2815 2899 2817 2829 2900
          2830 2818 2901 2822 2831 2902
          2743 2824 2903 2897 2832 2904
          2825 2832 2897 2904 2833 2905
          2832 2833 2904 2833 2735 2898
          2833 2898 2905 2826 2834 2906
          2899 2826 2906 2900 2836 2907
          2829 2836 2900 2902 2838 2908
          2831 2838 2902 2743 2903 2909
          2743 2909 2910 2839 2743 2910
          2839 2910 2911 2839 2911 2912
          2912 2911 2913 2912 2913 2914
          2914 2913 2915 2906 2840 2914
          2906 2914 2915 2834 2840 2906
          2907 2842 2916 2836 2842 2907
          2754 2844 2908 2838 2754 2908
          2845 2839 2912 2846 2845 2912
          2846 2912 2914 2847 2846 2914
          2840 2847 2914 2669 2760 2916
          2842 2669 2916 2670 2850 2917
          2849 2670 2917 2853 2918 2919
          2853 2854 2920 2918 2853 2920
          2854 2855 2921 2920 2854 2921
          2851 2919 2922 2851 2853 2919
          2855 2856 2923 2921 2855 2923
          2857 2922 2924 2924 2922 2925
          2857 2851 2922 2856 2859 2926
          2923 2856 2926 2859 2860 2926
          2860 2874 2926 2857 2924 2927
          2861 2857 2927 2860 2790 2874
          2928 2863 2929 2929 2781 2930
          2863 2781 2929 2781 2783 2930
          2783 2864 2930 2861 2927 2931
          2865 2861 2931 2867 2866 2932
          2867 2932 2933 2862 2867 2933
          2862 2933 2934 2868 2862 2934
          2868 2934 2935 2789 2868 2935
          2863 2928 2936 2869 2863 2936
          2864 2671 2870 2871 2931 2937
          2871 2865 2931 2866 2795 2938
          2872 2935 2939 2872 2789 2935
          2874 2873 2940 2874 2940 2941
          2687 2869 2936 2876 2875 2942
          2878 2871 2943 2871 2937 2943
          2795 2879 2938 2880 2872 2939
          2873 2881 2940 2940 2881 2944
          2701 2801 2945 2882 2802 2946
          2802 2703 2946 2804 2876 2947
          2877 2885 2948 2878 2943 2949
          2806 2878 2949 2807 2880 2950
          2807 2950 2951 2881 2887 2952
          2944 2881 2952 2712 2701 2953
          2701 2945 2953 2809 2810 2954
          2687 2955 2956 2714 2687 2956
          2889 2804 2947 2948 2890 2957
          2885 2890 2948 2886 2892 2958
          2807 2951 2959 2807 2959 2960
          2893 2807 2960 2952 2887 2959
          2959 2887 2960 2887 2894 2960
          2954 2810 2961 2810 2817 2961
          2714 2956 2962 2818 2714 2962
          2895 2819 2963 2963 2896 2964
          2819 2896 2963 2896 2889 2964
          2822 2902 2957 2890 2822 2957
          2824 2891 2965 2892 2897 2966
          2898 2893 2960 2898 2960 2967
          2894 2899 2967 2960 2894 2967
          2737 2712 2968 2712 2953 2968
          2961 2900 2969 2817 2900 2961
          2901 2818 2962 2824 2965 2970
          2824 2970 2971 2903 2824 2971
          2903 2971 2972 2966 2897 2973
          2973 2897 2974 2897 2904 2975
          2974 2897 2975 2904 2905 2976
          2975 2904 2976 2905 2915 2976
          2905 2898 2915 2915 2898 2967
          2899 2906 2967 2906 2915 2967
          2835 2737 2977 2900 2907 2978
          2969 2900 2978 2909 2903 2979
          2903 2972 2979 2973 2909 2979
          2909 2973 2974 2910 2909 2974
          2911 2910 2974 2911 2974 2975
          2913 2911 2975 2913 2975 2976
          2915 2913 2976 2835 2977 2980
          2841 2835 2980 2907 2916 2981
          2978 2907 2981 2844 2843 2982
          2908 2844 2982 2841 2980 2983
          2757 2841 2983 2984 2760 2985
          2981 2760 2984 2916 2760 2981
          2757 2983 2986 2848 2757 2986
          2760 2849 2985 2849 2917 2987
          2985 2849 2987 2988 2989 2990
          2990 2991 2992 2988 2990 2992
          2991 2919 2993 2992 2991 2993
          2919 2918 2993 2993 2918 2994
          2994 2920 2995 2918 2920 2994
          2995 2921 2996 2920 2921 2995
          2989 2925 2990 2925 2989 2997
          2990 2925 2991 2925 2922 2991
          2922 2919 2991 2921 2923 2998
          2996 2921 2998 2923 2926 2998
          2924 2925 2997 2924 2997 2999
          2927 2924 2999 2927 2999 3000
          2928 2929 3001 3001 2930 3002
          2929 2930 3001 3002 2930 3003
          2930 2864 3003 2931 2927 3000
          2932 2866 3004 2936 2928 3001
          2936 3001 3005 2864 2870 3003
          2870 2791 3006 2937 2931 3000
          2937 3000 3007 2866 2938 3004
          2941 2940 3008 2942 2875 3009
          2876 2942 3010 3006 2792 3011
          2791 2792 3006 2792 2877 3011
          2943 2937 3007 2938 2879 3012
          2880 2939 3013 2880 3013 3014
          3008 2940 3015 3015 2940 3016
          2940 2944 3016 2687 2936 2955
          2883 2884 3017 3009 2883 3017
          2875 2883 3009 2876 3010 3018
          2947 2876 3018 2877 2948 3011
          2879 2886 3012 2879 2798 2886
          2950 2880 3019 2880 3014 3019
          2951 3016 3020 2951 2950 3016
          2950 3015 3016 3015 2950 3019
          3016 2944 3020 2944 2952 3020
          2946 2703 3021 2703 2809 3021
          2884 2888 3017 2891 2806 2949
          2959 2951 3020 2952 2959 3020
          2954 2961 3022 2888 2895 3023
          3023 2963 3024 2895 2963 3023
          3024 2964 3025 2963 2964 3024
          2964 2889 3025 2965 2891 3026
          2958 3027 3028 2958 2892 3027
          2892 2966 3027 2961 2969 3029
          3022 2961 3029 2957 2902 3030
          2970 2965 3031 2965 3026 3031
          2970 3031 3032 2971 2970 3032
          2972 3027 3033 2972 2971 3027
          3027 2971 3028 3028 2971 3032
          3027 2966 3033 2966 2973 3033
          2737 2968 2977 2969 2978 3034
          3029 2969 3034 2830 2901 3035
          2837 2830 3035 2979 2972 3033
          2973 2979 3033 2978 2981 3036
          3034 2978 3036 2837 3035 3037
          2843 2837 3037 2981 2984 3036
          3038 3039 3040 3039 3038 3041
          3041 3038 3042 3041 3042 3043
          3038 3040 3044 3044 3040 3045
          3042 3038 3044 2989 3042 3044
          2989 2988 3042 2988 2992 3046
          3043 2988 3046 3042 2988 3043
          3046 2993 3047 2992 2993 3046
          3047 2993 3048 2993 2994 3048
          3044 3045 3049 2989 3044 3049
          2997 2989 3049 2998 2926 3050
          2999 2997 3051 2997 3049 3051
          3050 2926 3052 2926 2874 3052
          2874 2941 3052 3052 2941 3053
          3001 3002 3054 3000 2999 3055
          2932 3004 3056 2932 3056 3057
          2933 2932 3057 2933 3057 3058
          2934 2933 3058 2935 2934 3058
          2935 3058 3059 3053 2941 3060
          3060 2941 3061 3005 3062 3063
          3005 3001 3062 3001 3054 3062
          3054 3003 3064 3002 3003 3054
          3064 2870 3065 3003 2870 3064
          2870 3006 3065 3007 3000 3055
          3004 2938 3066 3056 3004 3066
          2939 2935 3059 2939 3059 3067
          3060 3061 3068 3068 3008 3069
          3061 3008 3068 2941 3008 3061
          2955 3005 3063 2955 2936 3005
          2942 3009 3070 3010 2942 3070
          3065 3006 3071 3006 3011 3071
          3071 3011 3072 2943 3007 3073
          2938 3012 3074 3066 2938 3074
          3013 2939 3075 2939 3067 3075
          3013 3075 3076 3013 3076 3077
          3014 3013 3077 3008 3015 3077
          3076 3008 3077 3069 3008 3076
          3018 3010 3078 3010 3070 3078
          2947 3018 3078 2947 3078 3079
          3072 3011 3080 3011 2948 3080
          2949 2943 3073 3012 2886 3081
          3074 3012 3081 3019 3014 3077
          3015 3019 3077 2953 2945 3082
          3082 2801 3083 2945 2801 3082
          3083 2801 3084 2801 2882 3084
          3084 2946 3085 2882 2946 3084
          2946 3021 3085 3021 2809 3086
          2809 2954 3086 2947 3079 3087
          2889 2947 3087 2948 2957 3080
          2891 2949 3088 2886 2958 3081
          3081 2958 3089 2954 3022 3090
          3086 2954 3090 2888 3023 3091
          3025 3092 3093 3024 3025 3093
          3025 2889 3087 3025 3087 3092
          2891 3088 3094 3026 2891 3094
          3089 2958 3095 3095 2958 3096
          2958 3028 3096 3022 3029 3097
          3090 3022 3097 3023 3024 3093
          3026 3094 3098 3026 3098 3099
          3031 3026 3099 3095 3031 3099
          3031 3095 3096 3032 3031 3096
          3028 3032 3096 3029 3034 3100
          3097 3029 3100 2902 2908 3101
          2980 2977 3102 3034 3036 3103
          3100 3034 3103 2843 3037 3104
          2843 3104 3105 2982 2843 3105
          3101 2982 3105 2908 2982 3101
          2983 2980 3102 2984 2985 3106
          3036 2984 3106 2850 2986 3107
          2850 2848 2986 2987 2917 3108
          2917 2850 3107 2917 3107 3108
          3109 3110 3111 3111 3110 3112
          3113 3114 3115 3109 3113 3115
          3039 3109 3115 3109 3041 3110
          3039 3041 3109 3112 3110 3116
          3110 3041 3116 3114 3040 3115
          3040 3114 3117 3040 3039 3115
          3041 3043 3118 3116 3041 3118
          2994 2995 3119 3119 2995 3120
          3045 3040 3117 3045 3117 3121
          3043 3046 3122 3118 3043 3122
          3046 3047 3122 3048 2994 3123
          2995 2996 3120 2996 2998 3124
          3120 2996 3124 3049 3045 3121
          2998 3050 3124 3051 3121 3125
          3051 3049 3121 3050 3052 3126
          3051 3125 3127 2999 3051 3127
          3052 3053 3126 3055 2999 3127
          3053 3060 3128 3063 3062 3129
          3062 3054 3129 3055 3127 3130
          3007 3055 3130 3056 3066 3131
          3056 3131 3132 3057 3056 3132
          3058 3057 3133 3059 3058 3134
          3058 3133 3134 3067 3059 3134
          3128 3060 3135 3060 3068 3135
          3068 3069 3135 2955 3063 3136
          3070 3009 3137 3071 3072 3138
          3073 3007 3130 3066 3074 3139
          3131 3066 3139 3075 3067 3140
          3135 3075 3140 3069 3075 3135
          3075 3069 3076 3009 3017 3141
          3137 3009 3141 3079 3078 3142
          3078 3070 3142 3072 3080 3143
          3138 3072 3143 3073 3130 3144
          2949 3073 3144 3074 3081 3145
          3139 3074 3145 3085 3021 3146
          3021 3086 3146 3017 2888 3141
          2888 3091 3141 3080 2957 3147
          3143 3080 3147 2949 3144 3148
          3088 2949 3148 3081 3089 3149
          3146 3086 3150 3150 3090 3151
          3086 3090 3150 2957 3030 3147
          3088 3148 3152 3088 3152 3153
          3094 3088 3153 3149 3154 3155
          3089 3095 3154 3149 3089 3154
          3090 3097 3156 3151 3090 3156
          3098 3094 3155 3094 3153 3155
          3154 3098 3155 3099 3098 3154
          3095 3099 3154 2977 2968 3157
          3097 3100 3158 3156 3097 3158
          3035 2901 3159 2902 3101 3160
          3100 3103 3158 3037 3035 3161
          3035 3159 3161 3037 3161 3162
          3104 3037 3162 3105 3104 3162
          2986 2983 3163 3107 2986 3163
          2985 2987 3164 3106 2985 3164
          2987 3108 3164 3165 3166 3167
          3165 3167 3168 3166 3169 3170
          3167 3166 3171 3166 3170 3171
          3168 3167 3172 3167 3171 3172
          3170 3169 3173 3173 3169 3174
          3171 3170 3173 3171 3173 3175
          3172 3171 3176 3171 3175 3176
          3173 3174 3177 3177 3174 3178
          3175 3173 3177 3175 3177 3179
          3176 3175 3180 3175 3179 3180
          3177 3178 3181 3179 3177 3181
          3113 3182 3183 3182 3113 3184
          3113 3109 3184 3184 3111 3185
          3109 3111 3184 3111 3112 3185
          3185 3112 3186 3185 3186 3187
          3187 3186 3188 3114 3113 3183
          3112 3116 3189 3112 3189 3190
          3186 3112 3190 3188 3186 3190
          3191 3118 3192 3116 3118 3191
          3189 3116 3191 3123 2994 3193
          2994 3119 3193 3192 3118 3194
          3194 3122 3195 3118 3122 3194
          3195 3047 3196 3122 3047 3195
          3047 3048 3196 3048 3123 3196
          3124 3050 3197 3125 3121 3198
          3050 3126 3197 3126 3053 3199
          3127 3125 3200 3053 3128 3201
          3199 3053 3201 3063 3129 3202
          3129 3054 3203 3054 3064 3203
          3130 3127 3204 3127 3200 3204
          3057 3132 3205 3205 3132 3206
          3133 3057 3205 3134 3133 3207
          3128 3135 3208 3201 3128 3208
          3136 3063 3202 3136 3202 3209
          3070 3137 3210 3142 3070 3210
          3130 3204 3211 3131 3139 3212
          3131 3212 3213 3132 3131 3213
          3206 3132 3213 3208 3207 3214
          3140 3207 3208 3140 3067 3207
          3067 3134 3207 3135 3140 3208
          2955 3136 3215 3079 3142 3216
          3144 3130 3211 3144 3211 3217
          3139 3145 3218 3212 3139 3218
          3082 3083 3219 3219 3084 3220
          3083 3084 3219 3084 3085 3220
          3085 3146 3220 2956 2955 3215
          3087 3079 3216 3148 3144 3221
          3144 3217 3221 3218 3145 3222
          3145 3081 3222 3081 3149 3222
          3157 2953 3223 2953 3082 3223
          3023 3093 3224 3224 3093 3225
          3093 3092 3225 3092 3087 3225
          3152 3148 3226 3148 3221 3226
          3152 3226 3227 3153 3152 3227
          3153 3227 3228 3155 3153 3228
          3222 3155 3228 3149 3155 3222
          2968 2953 3157 3151 3156 3229
          2977 3157 3230 3156 3158 3231
          3229 3156 3231 3160 3101 3232
          3102 2977 3230 3158 3103 3233
          3231 3158 3233 3105 3162 3234
          3232 3105 3234 3101 3105 3232
          2983 3102 3235 3103 3036 3236
          3233 3103 3236 3163 2983 3235
          3036 3106 3237 3106 3164 3238
          3237 3106 3238 3166 3239 3240
          3239 3166 3241 3166 3165 3241
          3165 3168 3241 3241 3168 3242
          3166 3240 3243 3169 3166 3243
          3168 3172 3242 3242 3172 3244
          3174 3243 3245 3174 3169 3243
          3172 3176 3246 3244 3172 3247
          3172 3246 3247 3178 3174 3248
          3174 3245 3248 3176 3180 3246
          3246 3180 3249 3247 3246 3249
          3181 3248 3250 3181 3178 3248
          3181 3250 3251 3179 3181 3251
          3179 3251 3252 3180 3179 3252
          3249 3180 3252 3183 3253 3254
          3183 3182 3253 3182 3184 3253
          3184 3185 3255 3184 3255 3256
          3255 3187 3257 3185 3187 3255
          3187 3188 3257 3257 3188 3258
          3114 3183 3259 3183 3254 3259
          3260 3261 3262 3190 3260 3263
          3190 3189 3260 3260 3189 3261
          3188 3190 3258 3258 3190 3263
          3117 3114 3259 3117 3259 3264
          3261 3192 3262 3191 3192 3261
          3189 3191 3261 3196 3123 3265
          3265 3123 3266 3266 3193 3267
          3123 3193 3266 3193 3119 3268
          3267 3193 3268 3119 3120 3268
          3121 3117 3269 3117 3264 3269
          3192 3194 3270 3270 3195 3271
          3194 3195 3270 3196 3265 3271
          3195 3196 3271 3268 3124 3272
          3120 3124 3268 3121 3269 3273
          3198 3121 3273 3272 3124 3274
          3124 3197 3274 3125 3273 3275
          3125 3198 3273 3126 3199 3276
          3200 3125 3277 3125 3275 3277
          3276 3199 3278 3276 3278 3279
          3199 3201 3278 3202 3129 3280
          3129 3203 3280 3203 3064 3281
          3281 3064 3282 3064 3065 3282
          3282 3065 3283 3200 3277 3284
          3204 3200 3284 3204 3284 3285
          3133 3205 3286 3207 3133 3286
          3287 3286 3288 3279 3287 3288
          3279 3214 3287 3278 3214 3279
          3208 3214 3278 3201 3208 3278
          3210 3137 3289 3065 3071 3290
          3283 3065 3290 3071 3138 3290
          3290 3138 3291 3204 3285 3292
          3211 3204 3292 3213 3212 3293
          3205 3293 3294 3205 3206 3293
          3206 3213 3293 3286 3205 3294
          3207 3286 3287 3214 3207 3287
          3137 3141 3295 3289 3137 3295
          3142 3210 3216 3291 3138 3296
          3138 3143 3296 3217 3211 3292
          3217 3292 3297 3212 3218 3298
          3212 3298 3299 3293 3212 3299
          3219 3220 3300 2956 3215 3301
          3141 3091 3295 3295 3091 3302
          3087 3216 3225 3143 3147 3303
          3296 3143 3303 3221 3217 3297
          3221 3297 3304 3226 3221 3304
          3226 3304 3305 3226 3305 3306
          3306 3298 3307 3305 3298 3306
          3299 3298 3305 3298 3218 3307
          3218 3222 3307 3220 3146 3308
          3146 3150 3309 3308 3146 3309
          3150 3151 3309 2962 2956 3301
          3091 3023 3310 3023 3224 3310
          3147 3030 3311 3303 3147 3311
          3227 3226 3306 3228 3227 3306
          3228 3306 3307 3222 3228 3307
          3309 3229 3312 3151 3229 3309
          2901 2962 3313 3030 2902 3160
          3030 3160 3311 3229 3231 3312
          3312 3231 3314 3159 2901 3313
          3231 3233 3315 3314 3231 3315
          3161 3159 3316 3161 3316 3317
          3162 3161 3317 3234 3162 3317
          3233 3236 3315 3236 3036 3237
          3107 3163 3318 3107 3318 3319
          3107 3319 3320 3108 3107 3320
          3108 3320 3321 3164 3108 3321
          3240 3322 3323 3240 3239 3322
          3322 3241 3324 3239 3241 3322
          3324 3242 3325 3241 3242 3324
          3325 3242 3326 3243 3240 3327
          3240 3323 3327 3242 3244 3326
          3326 3244 3328 3326 3328 3329
          3243 3327 3330 3245 3243 3330
          3244 3247 3328 3328 3247 3331
          3329 3328 3331 3248 3245 3330
          3247 3249 3332 3331 3247 3332
          3248 3330 3333 3250 3248 3333
          3249 3252 3332 3332 3252 3334
          3250 3333 3335 3250 3335 3336
          3251 3250 3336 3334 3252 3336
          3252 3251 3336 3253 3184 3337
          3184 3256 3337 3337 3256 3338
          3337 3338 3339 3339 3338 3340
          3254 3253 3341 3256 3255 3338
          3342 3343 3344 3338 3257 3340
          3255 3257 3338 3343 3342 3345
          3258 3346 3347 3257 3258 3347
          3340 3257 3347 3347 3346 3348
          3344 3349 3350 3344 3262 3349
          3343 3262 3344 3260 3262 3343
          3263 3260 3343 3263 3343 3345
          3346 3351 3352 3346 3345 3351
          3258 3345 3346 3258 3263 3345
          3352 3353 3354 3348 3352 3354
          3348 3346 3352 3354 3353 3355
          3350 3349 3356 3350 3356 3357
          3349 3262 3356 3262 3192 3356
          3352 3351 3358 3265 3266 3358
          3266 3353 3358 3353 3352 3358
          3266 3267 3359 3355 3266 3359
          3353 3266 3355 3267 3268 3359
          3359 3268 3360 3357 3356 3361
          3361 3270 3362 3356 3270 3361
          3192 3270 3356 3270 3271 3362
          3265 3358 3363 3271 3265 3363
          3268 3272 3364 3360 3268 3364
          3273 3269 3365 3362 3271 3363
          3364 3272 3366 3272 3274 3366
          3273 3365 3367 3366 3274 3368
          3368 3197 3369 3274 3197 3368
          3197 3126 3369 3275 3273 3367
          3126 3276 3370 3369 3126 3370
          3275 3367 3371 3277 3275 3371
          3276 3279 3372 3370 3276 3372
          3202 3280 3373 3280 3203 3374
          3203 3281 3374 3281 3282 3375
          3281 3375 3376 3282 3283 3375
          3284 3277 3377 3277 3371 3377
          3284 3377 3378 3284 3378 3379
          3285 3284 3379 3379 3378 3380
          3381 3382 3383 3382 3381 3384
          3286 3382 3384 3372 3286 3384
          3288 3286 3372 3279 3288 3372
          3375 3290 3376 3283 3290 3375
          3292 3285 3379 3292 3379 3385
          3379 3380 3385 3383 3293 3386
          3382 3293 3383 3294 3293 3382
          3286 3294 3382 3215 3136 3387
          3297 3292 3385 3304 3297 3385
          3305 3304 3388 3304 3385 3388
          3386 3299 3388 3299 3305 3388
          3293 3299 3386 3301 3215 3387
          3082 3219 3300 3302 3091 3310
          3303 3311 3389 3157 3223 3390
          3309 3312 3391 3311 3160 3389
          3230 3157 3390 3312 3314 3392
          3102 3230 3393 3314 3315 3392
          3392 3315 3394 3316 3159 3395
          3102 3393 3396 3235 3102 3396
          3315 3236 3394 3235 3396 3397
          3163 3235 3397 3318 3163 3397
          3237 3238 3398 3324 3399 3400
          3322 3400 3401 3323 3322 3401
          3322 3324 3400 3324 3325 3402
          3399 3324 3402 3325 3326 3402
          3402 3326 3403 3327 3323 3401
          3403 3326 3404 3326 3329 3404
          3330 3327 3405 3329 3331 3406
          3404 3329 3406 3333 3330 3405
          3331 3332 3406 3406 3332 3407
          3332 3334 3408 3407 3332 3408
          3333 3409 3410 3335 3333 3410
          3335 3410 3411 3336 3335 3411
          3334 3336 3408 3408 3336 3411
          3253 3337 3412 3337 3339 3413
          3413 3340 3414 3339 3340 3413
          3414 3340 3415 3254 3341 3416
          3341 3253 3412 3417 3344 3418
          3342 3417 3419 3342 3344 3417
          3345 3342 3419 3345 3419 3420
          3340 3347 3415 3259 3254 3416
          3344 3350 3418 3351 3345 3420
          3351 3420 3421 3348 3354 3422
          3354 3355 3422 3422 3355 3423
          3358 3421 3424 3358 3351 3421
          3355 3359 3425 3423 3355 3425
          3359 3360 3425 3425 3360 3426
          3269 3264 3365 3357 3361 3427
          3361 3362 3427 3363 3358 3428
          3358 3424 3428 3426 3360 3429
          3429 3360 3430 3360 3364 3430
          3362 3363 3428 3429 3430 3431
          3366 3368 3431 3430 3366 3431
          3364 3366 3430 3367 3365 3432
          3431 3368 3433 3433 3368 3434
          3368 3369 3434 3367 3432 3435
          3369 3370 3434 3434 3370 3436
          3371 3367 3437 3367 3435 3437
          3371 3437 3438 3377 3371 3438
          3377 3438 3439 3440 3439 3441
          3440 3441 3442 3440 3442 3443
          3443 3444 3445 3436 3372 3446
          3370 3372 3436 3209 3202 3373
          3373 3280 3447 3280 3374 3447
          3281 3376 3448 3378 3377 3439
          3380 3378 3440 3378 3439 3440
          3380 3443 3445 3380 3440 3443
          3444 3386 3445 3383 3386 3444
          3383 3444 3449 3381 3449 3450
          3381 3383 3449 3446 3381 3450
          3384 3381 3446 3372 3384 3446
          3136 3209 3451 3290 3291 3376
          3385 3380 3445 3388 3385 3445
          3386 3388 3445 3387 3136 3451
          3289 3295 3452 3289 3452 3453
          3289 3453 3454 3210 3289 3454
          3216 3210 3454 3216 3454 3455
          3291 3296 3456 3295 3302 3452
          3216 3455 3457 3225 3216 3457
          3456 3303 3458 3296 3303 3456
          3223 3082 3459 3082 3300 3459
          3300 3220 3460 3220 3308 3460
          3308 3309 3461 2962 3301 3462
          3302 3310 3463 3463 3224 3464
          3310 3224 3463 3224 3225 3457
          3224 3457 3464 3303 3389 3458
          3390 3223 3465 3223 3459 3465
          3309 3391 3461 3313 2962 3462
          3313 3462 3466 3391 3312 3467
          3312 3392 3467 3159 3313 3395
          3395 3313 3466 3468 3232 3469
          3160 3232 3468 3467 3392 3470
          3470 3394 3471 3392 3394 3470
          3316 3395 3472 3316 3472 3473
          3317 3316 3473 3469 3317 3473
          3234 3317 3469 3232 3234 3469
          3394 3236 3474 3471 3394 3474
          3236 3237 3474 3474 3237 3475
          3318 3397 3476 3237 3398 3475
          3319 3318 3476 3164 3321 3477
          3238 3164 3477 3400 3478 3479
          3401 3400 3479 3478 3400 3480
          3400 3399 3480 3480 3402 3481
          3399 3402 3480 3402 3403 3482
          3481 3402 3482 3327 3401 3483
          3482 3404 3484 3403 3404 3482
          3405 3327 3483 3405 3483 3485
          3404 3406 3486 3484 3404 3486
          3405 3485 3487 3333 3405 3487
          3486 3407 3488 3406 3407 3486
          3333 3487 3489 3488 3407 3490
          3407 3408 3490 3409 3489 3491
          3409 3333 3489 3490 3411 3492
          3408 3411 3490 3409 3491 3493
          3410 3409 3494 3409 3493 3494
          3492 3410 3494 3411 3410 3492
          3412 3337 3495 3413 3414 3495
          3337 3413 3495 3414 3415 3496
          3496 3415 3497 3497 3415 3498
          3417 3418 3499 3417 3499 3500
          3417 3500 3501 3419 3417 3501
          3420 3419 3501 3348 3422 3502
          3347 3348 3502 3498 3347 3502
          3415 3347 3498 3259 3416 3503
          3418 3350 3504 3499 3418 3504
          3502 3422 3505 3422 3423 3505
          3259 3503 3506 3264 3259 3506
          3504 3350 3507 3350 3357 3507
          3505 3423 3508 3423 3425 3508
          3425 3426 3508 3365 3264 3506
          3507 3427 3509 3357 3427 3507
          3428 3510 3511 3428 3424 3510
          3508 3426 3512 3426 3429 3512
          3427 3362 3511 3362 3428 3511
          3513 3512 3514 3512 3429 3514
          3429 3431 3514 3432 3365 3515
          3515 3365 3516 3513 3517 3518
          3517 3514 3519 3513 3514 3517
          3519 3431 3520 3514 3431 3519
          3431 3433 3520 3520 3433 3521
          3433 3434 3521 3432 3515 3522
          3435 3432 3522 3435 3522 3523
          3518 3441 3524 3442 3441 3518
          3517 3443 3518 3443 3442 3518
          3443 3519 3525 3443 3517 3519
          3525 3520 3526 3519 3520 3525
          3526 3521 3527 3520 3521 3526
          3434 3436 3527 3521 3434 3527
          3437 3435 3523 3437 3523 3528
          3438 3437 3528 3524 3438 3528
          3439 3438 3524 3441 3439 3524
          3444 3443 3525 3449 3444 3526
          3444 3525 3526 3450 3449 3527
          3449 3526 3527 3436 3446 3527
          3446 3450 3527 3209 3373 3529
          3373 3447 3529 3376 3291 3530
          3453 3452 3531 3454 3453 3532
          3453 3531 3532 3455 3454 3532
          3455 3532 3533 3530 3456 3534
          3291 3456 3530 3452 3302 3535
          3531 3452 3535 3455 3533 3536
          3457 3455 3536 3456 3458 3534
          3459 3300 3537 3537 3460 3538
          3300 3460 3537 3538 3308 3539
          3460 3308 3538 3308 3461 3539
          3302 3463 3540 3535 3302 3540
          3540 3464 3541 3463 3464 3540
          3464 3457 3536 3464 3536 3541
          3230 3390 3542 3390 3465 3542
          3230 3542 3543 3393 3230 3543
          3467 3470 3471 3393 3543 3544
          3396 3393 3544 3471 3474 3545
          3396 3544 3546 3397 3396 3546
          3474 3475 3547 3545 3474 3547
          3476 3397 3546 3475 3398 3548
          3320 3319 3549 3320 3549 3550
          3321 3320 3550 3477 3321 3550
          3481 3482 3551 3401 3479 3483
          3483 3479 3552 3551 3482 3553
          3482 3484 3553 3485 3483 3552
          3553 3486 3554 3484 3486 3553
          3487 3485 3555 3554 3488 3556
          3486 3488 3554 3489 3487 3555
          3488 3490 3557 3556 3488 3557
          3491 3489 3558 3490 3492 3559
          3557 3490 3559 3493 3491 3560
          3491 3558 3560 3493 3560 3561
          3494 3493 3561 3559 3494 3561
          3492 3494 3559 3412 3495 3562
          3495 3414 3496 3496 3497 3563
          3500 3499 3564 3500 3564 3565
          3500 3565 3566 3501 3500 3566
          3420 3501 3566 3498 3502 3567
          3568 3504 3569 3499 3504 3564
          3564 3504 3568 3421 3420 3570
          3502 3505 3571 3567 3502 3571
          3504 3507 3572 3569 3504 3572
          3421 3570 3573 3424 3421 3573
          3505 3508 3574 3571 3505 3574
          3365 3506 3575 3507 3509 3572
          3509 3427 3576 3511 3510 3577
          3510 3573 3577 3510 3424 3573
          3578 3579 3580 3508 3512 3579
          3578 3508 3579 3574 3508 3578
          3516 3365 3575 3427 3511 3577
          3576 3427 3577 3579 3513 3581
          3580 3579 3581 3512 3513 3579
          3581 3518 3582 3513 3518 3581
          3522 3515 3583 3583 3515 3584
          3522 3583 3585 3523 3522 3585
          3528 3585 3586 3524 3586 3587
          3524 3528 3586 3582 3524 3587
          3518 3524 3582 3528 3523 3585
          3209 3529 3588 3374 3281 3448
          3451 3209 3589 3209 3588 3589
          3448 3376 3530 3448 3530 3590
          3387 3451 3589 3532 3531 3591
          3533 3532 3591 3531 3535 3592
          3591 3592 3593 3591 3531 3592
          3533 3591 3593 3536 3533 3593
          3534 3458 3594 3535 3540 3592
          3592 3541 3593 3540 3541 3592
          3541 3536 3593 3458 3389 3595
          3465 3459 3596 3459 3537 3596
          3461 3391 3597 3389 3160 3598
          3595 3389 3598 3542 3465 3599
          3465 3596 3599 3597 3391 3600
          3391 3467 3600 3395 3466 3601
          3472 3395 3601 3468 3469 3602
          3468 3602 3603 3598 3468 3603
          3160 3468 3598 3543 3542 3599
          3467 3471 3604 3600 3467 3604
          3472 3605 3606 3473 3472 3606
          3602 3473 3606 3469 3473 3602
          3471 3545 3607 3604 3471 3607
          3545 3547 3608 3607 3545 3608
          3476 3546 3609 3547 3475 3608
          3475 3548 3608 3319 3476 3610
          3476 3609 3610 3238 3477 3611
          3398 3238 3611 3478 3612 3613
          3479 3478 3613 3612 3480 3614
          3478 3480 3612 3614 3481 3615
          3480 3481 3614 3481 3551 3615
          3552 3479 3613 3552 3613 3616
          3551 3553 3617 3615 3551 3617
          3485 3552 3618 3553 3554 3619
          3617 3553 3619 3555 3485 3618
          3619 3556 3620 3554 3556 3619
          3556 3557 3621 3620 3556 3621
          3558 3489 3622 3557 3559 3623
          3621 3557 3623 3558 3622 3624
          3560 3558 3625 3558 3624 3625
          3560 3625 3626 3561 3560 3626
          3623 3561 3626 3559 3561 3623
          3412 3562 3627 3562 3495 3628
          3496 3563 3628 3495 3496 3628
          3563 3497 3629 3497 3498 3629
          3629 3498 3630 3341 3627 3631
          3416 3341 3631 3341 3412 3627
          3565 3564 3632 3420 3566 3633
          3498 3567 3634 3630 3498 3634
          3503 3416 3631 3568 3569 3635
          3564 3568 3632 3632 3568 3635
          3570 3420 3633 3567 3571 3636
          3634 3567 3636 3506 3503 3637
          3571 3574 3638 3636 3571 3638
          3575 3506 3637 3572 3509 3639
          3509 3576 3639 3577 3573 3640
          3638 3580 3641 3578 3580 3638
          3574 3578 3638 3641 3581 3642
          3580 3581 3641 3515 3516 3584
          3582 3587 3642 3581 3582 3642
          3583 3584 3643 3583 3643 3644
          3585 3583 3644 3586 3585 3644
          3530 3534 3645 3534 3594 3645
          3594 3458 3595 3537 3538 3646
          3538 3539 3646 3539 3461 3597
          3595 3598 3647 3472 3601 3605
          3543 3599 3648 3544 3543 3648
          3604 3607 3649 3546 3544 3650
          3607 3608 3651 3649 3607 3651
          3609 3546 3650 3608 3548 3651
          3651 3548 3652 3548 3398 3653
          3652 3548 3653 3549 3319 3610
          3550 3549 3654 3477 3550 3654
          3613 3612 3655 3614 3615 3656
          3552 3616 3657 3657 3616 3658
          3616 3613 3655 3616 3655 3658
          3656 3615 3659 3615 3617 3659
          3618 3552 3657 3618 3657 3660
          3659 3619 3661 3617 3619 3659
          3555 3618 3662 3618 3660 3662
          3619 3620 3661 3555 3662 3663
          3489 3555 3663 3620 3621 3661
          3622 3663 3664 3622 3489 3663
          3621 3623 3661 3661 3623 3665
          3624 3622 3666 3622 3664 3666
          3624 3666 3667 3625 3624 3667
          3625 3667 3668 3626 3625 3668
          3623 3626 3665 3665 3626 3668
          3627 3562 3669 3563 3629 3670
          3631 3627 3669 3565 3632 3671
          3565 3671 3672 3633 3565 3672
          3566 3565 3633 3630 3634 3673
          3503 3631 3674 3635 3569 3675
          3635 3675 3676 3632 3635 3671
          3671 3635 3676 3570 3633 3677
          3673 3634 3678 3634 3636 3678
          3637 3503 3674 3569 3572 3679
          3675 3569 3679 3570 3677 3680
          3573 3570 3680 3678 3638 3681
          3636 3638 3678 3572 3639 3679
          3639 3576 3682 3576 3640 3682
          3682 3640 3683 3640 3573 3680
          3640 3680 3683 3684 3641 3685
          3638 3641 3684 3681 3638 3684
          3576 3577 3640 3641 3642 3685
          3685 3587 3686 3642 3587 3685
          3643 3584 3687 3586 3644 3686
          3587 3586 3686 3588 3529 3688
          3589 3588 3688 3590 3530 3645
          3645 3594 3689 3594 3595 3689
          3596 3537 3690 3537 3646 3690
          3646 3539 3691 3539 3597 3691
          3691 3597 3692 3597 3600 3692
          3598 3603 3647 3692 3600 3693
          3600 3604 3693 3544 3648 3694
          3604 3649 3695 3650 3544 3694
          3649 3651 3696 3695 3649 3696
          3609 3650 3697 3651 3652 3696
          3609 3697 3698 3610 3609 3698
          3549 3610 3698 3654 3549 3699
          3655 3612 3700 3612 3614 3656
          3612 3656 3700 3657 3658 3701
          3701 3658 3702 3702 3658 3703
          3658 3655 3703 3655 3700 3703
          3700 3656 3704 3704 3659 3705
          3656 3659 3704 3660 3701 3706
          3660 3657 3701 3659 3661 3707
          3705 3659 3707 3662 3660 3706
          3707 3661 3708 3664 3663 3709
          3664 3709 3710 3664 3710 3711
          3666 3664 3711 3666 3711 3712
          3667 3666 3712 3667 3712 3713
          3668 3667 3713 3665 3668 3713
          3628 3563 3670 3670 3629 3714
          3629 3630 3714 3714 3630 3715
          3672 3671 3716 3672 3716 3717
          3633 3672 3717 3630 3673 3718
          3715 3630 3718 3676 3675 3719
          3671 3676 3716 3716 3676 3719
          3633 3717 3720 3677 3633 3720
          3673 3678 3721 3718 3673 3721
          3678 3681 3722 3721 3678 3722
          3679 3639 3723 3639 3682 3723
          3683 3680 3724 3684 3685 3725
          3722 3684 3725 3681 3684 3722
          3516 3575 3726 3682 3683 3727
          3725 3685 3728 3683 3724 3727
          3584 3516 3687 3687 3516 3726
          3685 3686 3729 3728 3685 3729
          3643 3687 3730 3643 3730 3731
          3644 3643 3731 3729 3644 3731
          3686 3644 3729 3387 3589 3732
          3387 3732 3733 3301 3387 3733
          3301 3733 3734 3462 3301 3734
          3466 3462 3734 3603 3602 3735
          3648 3599 3736 3599 3596 3736
          3694 3648 3736 3694 3736 3737
          3694 3737 3738 3650 3694 3738
          3695 3696 3739 3697 3650 3738
          3696 3652 3740 3739 3696 3740
          3698 3697 3741 3652 3653 3740
          3549 3698 3699 3398 3611 3742
          3653 3398 3742 3701 3702 3743
          3743 3702 3744 3744 3703 3745
          3702 3703 3744 3745 3700 3746
          3703 3700 3745 3700 3704 3747
          3746 3700 3747 3704 3705 3747
          3706 3701 3743 3747 3707 3748
          3705 3707 3747 3707 3708 3748
          3663 3662 3749 3708 3661 3750
          3709 3749 3751 3709 3663 3749
          3750 3665 3752 3661 3665 3750
          3710 3709 3753 3709 3751 3753
          3710 3753 3754 3711 3710 3754
          3711 3754 3755 3712 3711 3755
          3752 3712 3755 3713 3712 3752
          3665 3713 3752 3717 3716 3756
          3715 3718 3757 3719 3675 3758
          3719 3758 3759 3716 3719 3756
          3756 3719 3759 3720 3717 3756
          3677 3720 3760 3718 3721 3761
          3757 3718 3761 3675 3679 3762
          3758 3675 3762 3677 3760 3763
          3680 3677 3763 3721 3722 3764
          3761 3721 3764 3575 3637 3765
          3679 3723 3762 3723 3682 3766
          3724 3680 3763 3724 3763 3767
          3724 3767 3768 3722 3725 3769
          3764 3722 3769 3726 3575 3765
          3682 3727 3766 3766 3727 3768
          3769 3725 3770 3725 3728 3770
          3727 3724 3768 3728 3729 3771
          3770 3728 3771 3729 3731 3771
          3688 3529 3772 3589 3688 3773
          3688 3772 3773 3732 3589 3773
          3689 3595 3774 3466 3734 3775
          3595 3647 3774 3690 3646 3776
          3646 3691 3776 3466 3775 3777
          3601 3466 3777 3736 3596 3778
          3736 3778 3779 3605 3601 3780
          3605 3780 3781 3606 3605 3781
          3735 3606 3781 3602 3606 3735
          3736 3779 3782 3737 3736 3782
          3693 3695 3783 3693 3604 3695
          3738 3737 3782 3738 3782 3784
          3695 3739 3783 3738 3784 3785
          3697 3738 3785 3739 3740 3786
          3741 3697 3785 3740 3653 3787
          3786 3740 3787 3698 3741 3788
          3699 3698 3788 3653 3742 3789
          3787 3653 3789 3699 3788 3790
          3654 3699 3790 3611 3477 3791
          3742 3611 3791 3743 3792 3793
          3743 3744 3792 3744 3745 3792
          3745 3746 3794 3745 3794 3795
          3746 3747 3794 3796 3706 3797
          3706 3743 3797 3743 3793 3797
          3795 3794 3798 3798 3748 3799
          3794 3748 3798 3747 3748 3794
          3662 3706 3796 3662 3796 3800
          3748 3708 3799 3799 3708 3801
          3749 3662 3800 3801 3750 3802
          3708 3750 3801 3751 3749 3803
          3750 3752 3804 3802 3750 3804
          3751 3803 3805 3751 3805 3806
          3753 3751 3806 3753 3806 3807
          3754 3753 3807 3754 3807 3808
          3755 3754 3808 3804 3755 3808
          3752 3755 3804 3669 3562 3809
          3809 3628 3810 3562 3628 3809
          3628 3670 3810 3670 3714 3811
          3714 3715 3811 3631 3669 3812
          3715 3757 3811 3674 3631 3812
          3674 3812 3813 3759 3758 3814
          3759 3814 3815 3756 3759 3815
          3720 3756 3760 3637 3674 3816
          3758 3762 3817 3814 3758 3817
          3761 3764 3818 3765 3637 3816
          3762 3723 3819 3817 3762 3819
          3723 3766 3819 3768 3767 3820
          3820 3767 3821 3767 3763 3821
          3764 3769 3822 3818 3764 3822
          3819 3766 3823 3766 3768 3820
          3766 3820 3823 3769 3770 3824
          3822 3769 3824 3770 3771 3824
          3730 3687 3825 3731 3730 3825
          3771 3731 3826 3448 3590 3827
          3827 3590 3828 3590 3645 3829
          3645 3689 3829 3734 3733 3830
          3775 3734 3830 3596 3690 3831
          3690 3776 3831 3691 3692 3832
          3603 3735 3833 3647 3603 3833
          3779 3778 3834 3778 3596 3831
          3601 3777 3835 3780 3601 3835
          3779 3834 3836 3782 3779 3836
          3784 3782 3836 3783 3739 3837
          3785 3784 3838 3739 3786 3839
          3837 3739 3839 3785 3838 3840
          3741 3785 3840 3786 3787 3841
          3839 3786 3841 3788 3741 3840
          3787 3789 3841 3654 3790 3842
          3654 3842 3843 3477 3654 3843
          3791 3477 3843 3793 3844 3845
          3793 3792 3844 3792 3745 3846
          3745 3795 3846 3796 3797 3845
          3797 3793 3845 3798 3847 3848
          3846 3798 3848 3795 3798 3846
          3798 3799 3847 3848 3847 3849
          3799 3801 3847 3847 3802 3849
          3801 3802 3847 3803 3749 3850
          3805 3803 3851 3803 3850 3851
          3805 3851 3852 3806 3805 3852
          3806 3852 3853 3807 3806 3853
          3807 3853 3854 3808 3807 3854
          3804 3808 3854 3669 3809 3855
          3670 3811 3856 3811 3757 3857
          3815 3858 3859 3815 3814 3858
          3815 3859 3860 3756 3815 3860
          3760 3756 3860 3757 3761 3861
          3857 3757 3861 3674 3813 3816
          3858 3817 3862 3814 3817 3858
          3761 3818 3861 3862 3817 3863
          3817 3819 3863 3820 3821 3864
          3864 3821 3865 3821 3763 3865
          3819 3823 3866 3823 3820 3864
          3823 3864 3866 3731 3825 3867
          3826 3731 3867 3772 3529 3868
          3868 3447 3869 3529 3447 3868
          3447 3374 3870 3869 3447 3870
          3374 3827 3870 3374 3448 3827
          3732 3773 3871 3828 3590 3872
          3590 3829 3872 3774 3647 3873
          3776 3691 3832 3833 3735 3874
          3647 3833 3873 3778 3831 3834
          3781 3780 3875 3874 3781 3875
          3735 3781 3874 3836 3834 3876
          3784 3836 3876 3877 3878 3879
          3878 3880 3881 3878 3877 3880
          3881 3880 3882 3879 3878 3883
          3883 3881 3884 3878 3881 3883
          3881 3882 3884 3839 3841 3885
          3788 3840 3886 3841 3789 3885
          3885 3789 3887 3790 3788 3886
          3789 3742 3888 3887 3789 3888
          3845 3889 3890 3845 3844 3889
          3844 3792 3891 3792 3846 3891
          3796 3890 3892 3796 3845 3890
          3891 3848 3893 3846 3848 3891
          3796 3892 3894 3800 3796 3894
          3848 3849 3893 3893 3849 3895
          3749 3894 3896 3749 3800 3894
          3895 3849 3897 3849 3802 3897
          3850 3749 3898 3749 3896 3898
          3802 3804 3899 3897 3802 3899
          3850 3898 3900 3850 3900 3901
          3851 3850 3901 3851 3901 3902
          3852 3851 3902 3852 3902 3903
          3853 3852 3903 3899 3853 3903
          3854 3853 3899 3804 3854 3899
          3810 3670 3904 3670 3856 3904
          3812 3669 3905 3669 3855 3905
          3858 3906 3907 3859 3858 3907
          3859 3907 3908 3860 3859 3908
          3760 3860 3908 3760 3908 3909
          3763 3760 3910 3760 3909 3910
          3861 3818 3911 3862 3863 3912
          3863 3819 3912 3864 3865 3913
          3865 3910 3913 3865 3763 3910
          3818 3822 3911 3911 3822 3914
          3912 3819 3915 3819 3866 3915
          3866 3864 3913 3822 3824 3914
          3914 3824 3916 3824 3771 3917
          3825 3687 3918 3771 3826 3917
          3773 3772 3871 3871 3772 3919
          3772 3868 3919 3732 3871 3920
          3733 3732 3920 3733 3920 3921
          3829 3689 3922 3830 3733 3921
          3689 3774 3922 3834 3831 3923
          3832 3692 3924 3692 3693 3924
          3876 3834 3923 3924 3693 3925
          3693 3783 3925 3784 3876 3926
          3927 3928 3929 3880 3927 3930
          3927 3880 3928 3880 3930 3931
          3838 3784 3932 3929 3879 3933
          3928 3879 3929 3877 3879 3928
          3880 3877 3928 3880 3931 3934
          3882 3880 3934 3837 3839 3935
          3838 3932 3936 3840 3838 3936
          3879 3883 3937 3933 3879 3937
          3937 3884 3938 3883 3884 3937
          3884 3882 3934 3884 3934 3938
          3839 3885 3935 3935 3885 3939
          3886 3840 3936 3885 3887 3939
          3888 3742 3940 3742 3791 3940
          3941 3890 3942 3942 3889 3943
          3890 3889 3942 3889 3844 3944
          3943 3889 3944 3892 3890 3941
          3944 3891 3945 3844 3891 3944
          3891 3893 3945 3945 3893 3946
          3894 3892 3947 3893 3895 3948
          3946 3893 3948 3896 3894 3949
          3894 3947 3949 3948 3895 3950
          3895 3897 3950 3898 3949 3951
          3898 3896 3949 3897 3899 3950
          3950 3899 3952 3898 3951 3953
          3900 3898 3953 3903 3902 3954
          3954 3902 3955 3952 3903 3954
          3899 3903 3952 3902 3901 3955
          3809 3810 3956 3810 3904 3956
          3904 3856 3957 3957 3856 3958
          3856 3811 3959 3958 3856 3959
          3811 3857 3959 3857 3861 3960
          3959 3857 3960 3858 3862 3961
          3910 3909 3962 3861 3911 3960
          3862 3912 3961 3913 3910 3963
          3910 3962 3963 3726 3765 3964
          3912 3915 3965 3965 3866 3966
          3915 3866 3965 3866 3913 3963
          3866 3963 3966 3825 3918 3967
          3867 3825 3967 3775 3830 3968
          3777 3775 3969 3775 3968 3969
          3873 3833 3970 3923 3831 3971
          3971 3776 3972 3831 3776 3971
          3776 3832 3972 3835 3777 3969
          3874 3875 3973 3833 3874 3970
          3970 3874 3973 3876 3923 3974
          3926 3876 3974 3927 3929 3975
          3927 3975 3976 3927 3976 3977
          3930 3927 3977 3931 3930 3977
          3931 3977 3978 3783 3837 3925
          3979 3980 3981 3929 3933 3980
          3979 3929 3980 3975 3929 3979
          3931 3978 3982 3934 3931 3982
          3981 3980 3983 3983 3984 3985
          3983 3937 3984 3980 3937 3983
          3933 3937 3980 3937 3938 3984
          3934 3982 3986 3938 3934 3986
          3935 3939 3987 3886 3936 3988
          3984 3938 3989 3938 3986 3989
          3939 3887 3990 3987 3939 3990
          3790 3886 3988 3790 3988 3991
          3888 3940 3992 3887 3888 3990
          3990 3888 3992 3790 3991 3993
          3842 3790 3993 3941 3994 3995
          3941 3942 3994 3994 3943 3996
          3942 3943 3994 3943 3944 3996
          3892 3995 3997 3892 3941 3995
          3996 3944 3998 3944 3945 3999
          3998 3944 3999 3945 3946 3999
          3947 4000 4001 3947 3892 3997
          3947 3997 4000 3999 3948 4002
          3946 3948 3999 3949 3947 4001
          3949 4001 4003 3948 3950 4004
          4002 3948 4004 3949 4003 4005
          3951 3949 4005 3950 3952 4006
          4004 3950 4006 3951 4005 4007
          3951 4007 4008 3953 3951 4008
          3900 3953 4008 3954 3955 4009
          3952 3954 4006 4006 3954 4009
          3900 4008 4010 3901 3900 4010
          3901 4010 4011 3955 3901 4011
          4009 3955 4011 3855 3809 4012
          3809 3956 4012 3956 3904 4013
          3904 3957 4014 4013 3904 4014
          3957 3958 4014 4013 4014 4015
          4014 3959 4015 3958 3959 4014
          3906 3858 4016 3906 4016 4017
          3906 4017 4018 3907 3906 4018
          3907 4018 4019 3908 3907 4019
          3909 3908 4019 3858 3961 4020
          4016 3858 4020 3960 3911 4021
          3961 3912 4022 4020 3961 4022
          3963 3962 4023 3911 3914 4021
          4022 3912 4024 4024 3965 4025
          3912 3965 4024 4025 3966 4026
          3965 3966 4025 3966 3963 4023
          3966 4023 4026 3687 3726 4027
          3916 3824 3917 3918 3687 4027
          3826 3867 4028 3826 4028 4029
          3917 3826 4029 3867 3967 4028
          3919 3868 4030 3868 3869 4030
          3829 3922 4031 3872 3829 4031
          3922 3774 4032 4031 3922 4032
          3774 3873 4032 4032 3873 4033
          3873 3970 4033 3832 3924 4034
          3974 3923 4035 3923 3971 4035
          3875 3780 4036 3973 3875 4036
          3976 3975 4037 3976 4037 4038
          3976 4038 4039 3977 3976 4039
          3978 3977 4039 3978 4039 4040
          3784 3926 3932 3932 3926 4041
          3979 3981 4042 3979 4042 4043
          3975 3979 4037 4037 3979 4043
          3978 4040 4044 3982 3978 4044
          3925 3837 4045 3837 3935 4045
          3932 4041 4046 3936 3932 4046
          4042 3981 4047 3981 3983 4047
          3983 3985 4047 3982 4044 4048
          3986 3982 4048 3935 3987 4045
          3988 3936 4046 3985 3984 4049
          3984 3989 4049 3989 3986 4048
          3987 3990 4050 3990 3992 4051
          4050 3990 4051 3843 3842 4052
          3791 3843 4052 4053 3995 4054
          4054 3994 4055 3995 3994 4054
          4055 3996 4056 3994 3996 4055
          3997 3995 4053 3997 4053 4057
          3997 4057 4058 3996 3998 4059
          4056 3996 4059 3998 3999 4059
          4058 4057 4060 4001 4058 4060
          4001 4000 4058 4000 3997 4058
          4059 3999 4061 3999 4002 4061
          4003 4060 4062 4003 4001 4060
          4061 4002 4063 4061 4063 4064
          4002 4004 4063 4005 4062 4065
          4005 4003 4062 4064 4063 4066
          4063 4004 4066 4004 4006 4066
          4007 4065 4067 4007 4005 4065
          4066 4009 4068 4006 4009 4066
          4008 4007 4069 4007 4067 4069
          4008 4069 4070 4010 4008 4070
          4010 4070 4071 4010 4071 4072
          4011 4010 4072 4009 4011 4068
          4068 4011 4072 4012 3956 4073
          3956 4013 4073 4015 3959 4074
          4075 3813 4076 3813 3812 4076
          3909 4019 4077 3959 3960 4078
          3813 4075 4079 3816 3813 4079
          4016 4020 4080 3909 4077 4081
          3962 3909 4081 3960 4021 4078
          3816 4079 4082 3765 3816 4082
          4020 4022 4083 4080 4020 4083
          4023 3962 4081 4021 3914 4084
          3964 3765 4082 4022 4024 4083
          4024 4025 4085 4085 4026 4086
          4025 4026 4085 4026 4023 4086
          3914 3916 4084 4027 3964 4087
          3726 3964 4027 4027 4087 4088
          3918 4027 4088 3870 3827 4089
          3827 3828 4089 3828 3872 4089
          3921 3920 4090 3921 4090 4091
          3830 3921 4091 3968 3830 4091
          4033 3970 4092 3972 3832 4034
          4034 3924 4093 3924 3925 4093
          3926 3974 4035 4038 4037 4043
          4039 4038 4094 4044 4040 4095
          4040 4039 4095 4039 4094 4095
          4042 4047 4096 4044 4095 4097
          4048 4044 4097 4045 3987 4098
          3988 4046 4099 4047 3985 4100
          4096 4047 4100 3985 4049 4101
          4100 3985 4101 4048 4097 4102
          3989 4048 4102 3987 4050 4098
          3991 3988 4099 4050 4051 4103
          4051 3992 4103 3842 3993 4104
          4052 3842 4104 3791 4052 4105
          3940 3791 4105 4053 4054 4106
          4106 4055 4107 4054 4055 4106
          4055 4056 4107 4057 4053 4108
          4056 4059 4109 4062 4060 4110
          4060 4108 4110 4060 4057 4108
          4109 4059 4111 4059 4061 4111
          4062 4110 4112 4113 4114 4115
          4114 4113 4116 4114 4116 4117
          4111 4061 4118 4061 4064 4118
          4062 4112 4119 4119 4112 4120
          4065 4062 4119 4115 4114 4121
          4114 4117 4121 4118 4066 4122
          4064 4066 4118 4119 4120 4123
          4065 4119 4124 4119 4123 4124
          4067 4065 4124 4067 4124 4125
          4066 4068 4126 4122 4066 4126
          4067 4125 4127 4067 4127 4128
          4069 4067 4128 4069 4128 4129
          4070 4069 4129 4070 4129 4130
          4071 4070 4130 4071 4130 4131
          4072 4071 4131 4068 4072 4126
          4126 4072 4131 4073 4013 4132
          4015 4074 4132 4013 4015 4132
          4017 4016 4133 4074 3959 4078
          4016 4080 4133 4023 4081 4134
          4021 4084 4135 3964 4082 4136
          4083 4024 4137 4024 4085 4137
          4086 4023 4134 4086 4134 4138
          3964 4136 4139 4087 3964 4139
          4137 4085 4140 4085 4086 4140
          4088 4087 4139 3918 4088 4139
          3918 4139 4141 4029 4028 4142
          4029 4142 4143 4029 4143 4144
          3917 4029 4144 3918 4141 4145
          3967 3918 4145 4142 3967 4145
          4028 3967 4142 3919 4146 4147
          3871 3919 4147 3919 4030 4146
          3920 3871 4148 4089 3872 4149
          3872 4031 4149 4149 4031 4150
          4031 4032 4151 4150 4031 4151
          4032 4033 4151 3969 3968 4152
          3835 3969 4152 3970 3973 4153
          4092 3970 4153 3971 3972 4154
          4154 3972 4155 3972 4034 4155
          4155 4093 4156 4034 4093 4155
          3780 3835 4157 4036 3780 4157
          3973 4036 4158 4153 3973 4158
          3926 4035 4159 4093 3925 4160
          4041 3926 4159 4043 4042 4161
          4043 4161 4162 4038 4043 4162
          4038 4162 4163 4094 4038 4163
          4095 4094 4163 4095 4163 4164
          3925 4045 4165 4160 3925 4165
          4046 4041 4166 4042 4096 4167
          4161 4042 4167 4097 4095 4164
          4097 4164 4168 4045 4098 4165
          4099 4046 4166 4167 4096 4169
          4096 4100 4169 4169 4100 4170
          4100 4101 4170 4102 4097 4171
          4097 4168 4172 4171 4097 4172
          4098 4050 4173 3991 4099 4174
          4101 4049 4170 4049 3989 4175
          4102 4171 4175 3989 4102 4175
          4050 4103 4173 3993 4174 4176
          3993 3991 4174 4103 3992 4177
          4104 3993 4176 3940 4105 4178
          4177 3992 4178 3992 3940 4178
          4053 4179 4180 4179 4106 4181
          4053 4106 4179 4181 4107 4182
          4106 4107 4181 4107 4056 4182
          4182 4056 4183 4180 4184 4185
          4108 4180 4185 4108 4053 4180
          4056 4109 4183 4184 4110 4185
          4110 4108 4185 4186 4187 4188
          4186 4188 4189 4186 4189 4190
          4190 4189 4191 4109 4111 4192
          4112 4184 4193 4112 4193 4194
          4112 4110 4184 4195 4187 4196
          4186 4113 4187 4113 4115 4187
          4187 4115 4196 4116 4113 4186
          4116 4186 4190 4117 4191 4197
          4117 4116 4191 4116 4190 4191
          4111 4118 4198 4192 4111 4198
          4120 4112 4194 4195 4196 4199
          4195 4199 4200 4196 4115 4199
          4115 4121 4199 4121 4117 4201
          4117 4197 4201 4198 4118 4202
          4118 4122 4202 4123 4120 4203
          4203 4120 4204 4200 4123 4203
          4199 4123 4200 4124 4123 4199
          4125 4205 4206 4125 4121 4205
          4124 4121 4125 4121 4124 4199
          4121 4201 4205 4202 4122 4207
          4202 4207 4208 4122 4126 4207
          4206 4209 4210 4127 4206 4210
          4127 4125 4206 4127 4210 4211
          4128 4127 4211 4129 4128 4212
          4128 4211 4212 4129 4212 4213
          4130 4129 4213 4208 4130 4213
          4207 4130 4208 4131 4130 4207
          4126 4131 4207 4210 4209 4214
          4211 4210 4214 4012 4215 4216
          3855 4012 4216 4012 4073 4215
          3812 3905 4076 3905 3855 4216
          4073 4132 4217 4132 4074 4217
          4074 4078 4218 4078 4135 4218
          4078 4021 4135 4080 4083 4219
          4135 4084 4220 4219 4083 4221
          4083 4137 4221 4084 3916 4220
          4139 4136 4222 4086 4138 4140
          3916 3917 4144 4139 4222 4223
          4141 4139 4223 4030 3869 4224
          4224 3870 4225 3869 3870 4224
          3870 4089 4225 3871 4147 4148
          4090 3920 4148 4033 4092 4226
          4035 3971 4227 3971 4154 4227
          4156 4093 4160 4041 4159 4228
          4163 4162 4229 4164 4163 4229
          4164 4229 4230 4166 4041 4228
          4161 4167 4231 4161 4231 4232
          4168 4164 4230 4168 4230 4233
          4165 4098 4234 4099 4166 4235
          4167 4169 4236 4231 4167 4236
          4172 4168 4233 4098 4173 4234
          4174 4099 4235 4236 4169 4237
          4169 4170 4237 4170 4049 4238
          4237 4170 4238 4049 4175 4238
          4175 4171 4239 4239 4172 4240
          4171 4172 4239 4173 4103 4241
          4174 4242 4243 4176 4174 4243
          4238 4175 4244 4244 4175 4245
          4175 4239 4245 4239 4240 4245
          4103 4177 4246 4103 4246 4247
          4241 4103 4247 4104 4176 4248
          4052 4104 4248 4180 4249 4250
          4249 4179 4251 4180 4179 4249
          4251 4181 4252 4179 4181 4251
          4182 4183 4252 4181 4182 4252
          4250 4253 4254 4184 4250 4254
          4184 4180 4250 4183 4109 4255
          4193 4184 4256 4184 4254 4256
          4257 4187 4258 4187 4257 4259
          4188 4187 4259 4188 4259 4260
          4189 4188 4260 4191 4189 4260
          4191 4260 4261 4255 4192 4262
          4109 4192 4255 4193 4256 4263
          4194 4193 4263 4187 4195 4264
          4258 4187 4264 4191 4261 4265
          4197 4191 4265 4192 4198 4266
          4262 4192 4266 4194 4263 4267
          4120 4194 4267 4195 4200 4268
          4264 4195 4268 4197 4265 4269
          4198 4202 4266 4204 4267 4270
          4204 4120 4267 4204 4270 4271
          4203 4204 4271 4271 4272 4273
          4268 4271 4273 4268 4203 4271
          4200 4203 4268 4272 4205 4273
          4206 4205 4272 4197 4269 4274
          4201 4197 4274 4205 4201 4274
          4202 4208 4275 4271 4270 4276
          4272 4271 4276 4272 4276 4277
          4273 4205 4274 4209 4206 4272
          4209 4272 4278 4272 4277 4278
          4275 4212 4279 4213 4212 4275
          4208 4213 4275 4214 4209 4280
          4209 4278 4280 4214 4280 4281
          4211 4214 4281 4212 4211 4281
          4215 4073 4282 4073 4217 4282
          4017 4133 4283 4017 4283 4284
          4018 4017 4284 4018 4284 4285
          4019 4018 4285 4077 4019 4285
          4218 4135 4286 4082 4079 4287
          4135 4220 4286 4136 4082 4287
          4141 4288 4289 4145 4141 4289
          4142 4145 4289 4146 4030 4290
          4030 4224 4290 4225 4089 4291
          4089 4149 4291 4149 4150 4291
          4150 4151 4292 3968 4091 4293
          4151 4033 4226 4151 4226 4292
          4152 3968 4294 3968 4293 4294
          3835 4152 4295 4154 4155 4296
          4155 4156 4296 4157 3835 4295
          4036 4157 4297 4158 4036 4297
          4159 4035 4298 4035 4227 4298
          4228 4159 4298 4162 4161 4299
          4162 4299 4300 4229 4162 4300
          4230 4229 4300 4230 4300 4301
          4160 4165 4302 4166 4228 4303
          4161 4232 4299 4233 4230 4301
          4165 4234 4302 4235 4166 4303
          4231 4236 4304 4232 4231 4304
          4233 4305 4306 4172 4233 4306
          4306 4305 4307 4234 4173 4308
          4174 4235 4242 4236 4237 4309
          4304 4236 4309 4240 4172 4306
          4306 4307 4310 4240 4306 4310
          4173 4241 4308 4243 4242 4311
          4309 4237 4312 4237 4238 4312
          4245 4240 4313 4240 4310 4313
          4247 4246 4314 4241 4247 4314
          4176 4243 4315 4243 4311 4315
          4248 4176 4315 4244 4245 4316
          4177 4178 4317 4177 4317 4318
          4245 4313 4316 4314 4246 4318
          4246 4177 4318 4248 4315 4319
          4248 4319 4320 4052 4248 4320
          4052 4320 4321 4105 4052 4321
          4105 4321 4322 4178 4105 4322
          4317 4178 4322 4251 4323 4324
          4253 4250 4325 4325 4250 4326
          4250 4249 4326 4249 4251 4324
          4251 4252 4323 4252 4183 4323
          4254 4253 4327 4183 4255 4328
          4254 4327 4329 4256 4254 4329
          4256 4329 4330 4257 4331 4332
          4257 4258 4331 4257 4332 4333
          4259 4257 4333 4259 4333 4334
          4260 4259 4334 4261 4260 4334
          4328 4255 4335 4255 4262 4335
          4256 4330 4336 4256 4336 4337
          4263 4256 4337 4331 4264 4337
          4336 4331 4337 4331 4336 4338
          4258 4264 4331 4265 4261 4339
          4262 4266 4335 4340 4341 4342
          4340 4342 4343 4342 4341 4344
          4341 4267 4344 4267 4337 4344
          4267 4263 4337 4344 4264 4345
          4337 4264 4344 4264 4268 4345
          4265 4339 4346 4269 4265 4346
          4266 4202 4347 4341 4340 4348
          4267 4341 4348 4270 4267 4348
          4268 4273 4349 4345 4268 4349
          4274 4269 4350 4269 4346 4350
          4347 4202 4351 4202 4275 4351
          4270 4348 4352 4276 4270 4352
          4277 4276 4353 4349 4273 4350
          4273 4274 4350 4278 4277 4353
          4279 4212 4354 4279 4354 4355
          4351 4279 4355 4275 4279 4351
          4280 4278 4356 4278 4353 4356
          4354 4280 4356 4281 4280 4354
          4212 4281 4354 4216 4215 4357
          4357 4282 4358 4215 4282 4357
          3905 4216 4359 4216 4357 4359
          4282 4217 4358 4360 4133 4361
          4283 4133 4360 4077 4285 4362
          4079 4075 4363 4133 4080 4364
          4361 4133 4364 4077 4362 4365
          4081 4077 4365 4287 4079 4363
          4080 4219 4364 4134 4081 4365
          4220 3916 4366 4221 4137 4367
          4137 4140 4367 3916 4144 4366
          4292 4226 4368 4226 4092 4368
          4298 4227 4369 4227 4154 4370
          4154 4296 4370 4296 4156 4371
          4156 4160 4372 4371 4156 4372
          4300 4299 4373 4373 4299 4374
          4301 4300 4373 4301 4373 4375
          4160 4302 4372 4299 4232 4374
          4233 4301 4375 4233 4375 4376
          4302 4234 4377 4235 4303 4378
          4232 4304 4379 4305 4233 4376
          4307 4305 4376 4307 4376 4380
          4234 4308 4377 4242 4378 4381
          4242 4235 4378 4304 4309 4382
          4379 4304 4382 4307 4380 4383
          4310 4307 4383 4308 4241 4384
          4311 4242 4381 4309 4312 4382
          4310 4383 4385 4313 4310 4385
          4241 4314 4386 4384 4241 4386
          4312 4238 4387 4387 4244 4388
          4238 4244 4387 4244 4316 4388
          4318 4317 4389 4316 4313 4385
          4314 4318 4389 4314 4389 4390
          4389 4322 4390 4386 4314 4390
          4317 4322 4389 4391 4253 4392
          4253 4325 4392 4326 4249 4393
          4249 4324 4393 4323 4183 4394
          4391 4395 4396 4327 4253 4391
          4327 4391 4396 4183 4328 4394
          4396 4395 4397 4397 4395 4398
          4396 4397 4399 4329 4396 4399
          4329 4327 4396 4330 4329 4399
          4338 4400 4401 4331 4401 4402
          4331 4338 4401 4331 4402 4403
          4332 4331 4403 4332 4403 4404
          4333 4332 4404 4334 4333 4404
          4334 4404 4405 4261 4334 4405
          4328 4335 4406 4397 4398 4407
          4407 4398 4408 4397 4407 4409
          4397 4409 4410 4399 4397 4410
          4400 4338 4410 4338 4336 4410
          4336 4330 4410 4330 4399 4410
          4339 4261 4411 4261 4405 4411
          4335 4266 4412 4406 4335 4412
          4340 4343 4413 4343 4407 4413
          4407 4408 4413 4343 4342 4414
          4409 4343 4414 4407 4343 4409
          4342 4344 4415 4414 4342 4415
          4344 4345 4415 4339 4411 4416
          4346 4339 4416 4266 4347 4412
          4340 4413 4417 4348 4340 4417
          4415 4345 4418 4418 4349 4419
          4345 4349 4418 4350 4346 4416
          4347 4351 4420 4352 4348 4417
          4349 4350 4419 4355 4354 4421
          4420 4355 4421 4351 4355 4420
          4276 4352 4422 4276 4422 4423
          4353 4276 4423 4353 4423 4424
          4356 4353 4424 4421 4356 4424
          4354 4356 4421 4076 3905 4425
          4425 3905 4426 4426 4359 4427
          3905 4359 4426 4427 4359 4428
          4359 4357 4428 4357 4358 4428
          4428 4358 4429 4428 4429 4430
          4358 4217 4429 4283 4427 4428
          4284 4283 4428 4285 4284 4428
          4285 4428 4430 4362 4285 4430
          4217 4074 4431 4217 4431 4432
          4074 4218 4431 4364 4219 4433
          4134 4365 4434 4219 4221 4435
          4433 4219 4435 4138 4134 4434
          4435 4221 4436 4221 4367 4436
          4367 4140 4437 4140 4138 4437
          4141 4223 4438 4143 4142 4439
          4144 4143 4439 4288 4141 4438
          4150 4292 4440 4292 4368 4440
          4152 4294 4441 4441 4294 4442
          4295 4152 4441 4295 4441 4443
          4157 4295 4443 4369 4227 4370
          4370 4296 4444 4296 4371 4444
          4297 4157 4445 4158 4297 4445
          4228 4298 4446 4375 4447 4448
          4375 4448 4449 4228 4446 4450
          4303 4228 4450 4374 4232 4451
          4373 4374 4447 4375 4373 4447
          4376 4449 4452 4376 4375 4449
          4372 4302 4453 4302 4377 4453
          4378 4303 4450 4380 4376 4452
          4377 4308 4454 4453 4377 4454
          4379 4382 4455 4383 4380 4456
          4308 4384 4454 4311 4381 4457
          4455 4382 4458 4382 4312 4458
          4383 4456 4459 4385 4383 4459
          4384 4386 4460 4315 4311 4461
          4311 4457 4461 4458 4312 4462
          4312 4387 4462 4388 4316 4463
          4385 4464 4465 4463 4385 4465
          4316 4385 4463 4385 4459 4464
          4386 4390 4460 4460 4390 4466
          4315 4461 4467 4319 4315 4467
          4322 4468 4469 4390 4322 4469
          4466 4390 4469 4320 4319 4467
          4321 4320 4470 4321 4470 4471
          4322 4321 4471 4468 4322 4471
          4393 4324 4472 4324 4323 4472
          4472 4323 4473 4391 4392 4474
          4392 4325 4475 4475 4326 4476
          4325 4326 4475 4326 4393 4476
          4323 4394 4473 4395 4391 4477
          4391 4474 4477 4394 4328 4478
          4398 4395 4477 4398 4477 4479
          4401 4400 4480 4401 4480 4481
          4401 4481 4482 4402 4401 4482
          4402 4482 4483 4403 4402 4483
          4403 4483 4484 4404 4403 4484
          4405 4404 4484 4328 4406 4485
          4478 4328 4485 4408 4398 4486
          4398 4479 4486 4410 4409 4487
          4410 4487 4488 4400 4410 4480
          4480 4410 4488 4411 4405 4489
          4411 4489 4490 4406 4412 4491
          4485 4406 4491 4413 4486 4492
          4413 4408 4486 4409 4414 4487
          4414 4415 4487 4487 4415 4493
          4411 4490 4494 4416 4411 4494
          4412 4347 4495 4491 4412 4495
          4413 4492 4496 4417 4413 4496
          4418 4419 4493 4415 4418 4493
          4350 4497 4498 4350 4416 4497
          4416 4494 4497 4347 4420 4495
          4417 4496 4499 4352 4417 4499
          4419 4350 4498 4420 4421 4500
          4352 4499 4501 4422 4352 4501
          4424 4423 4502 4502 4423 4503
          4500 4424 4502 4421 4424 4500
          4423 4422 4503 4425 4426 4504
          4426 4427 4505 4426 4505 4506
          4504 4426 4506 4430 4429 4507
          4507 4429 4508 4429 4217 4432
          4429 4432 4508 4075 4076 4425
          4509 4360 4510 4360 4361 4510
          4506 4360 4509 4505 4360 4506
          4283 4360 4505 4427 4283 4505
          4430 4507 4511 4362 4430 4511
          4361 4364 4512 4510 4361 4512
          4218 4286 4431 4363 4513 4514
          4287 4363 4514 4364 4433 4512
          4434 4365 4515 4286 4220 4516
          4136 4287 4514 4434 4515 4517
          4220 4366 4516 4367 4437 4518
          4437 4517 4518 4437 4138 4517
          4138 4434 4517 4144 4439 4519
          4366 4144 4519 4223 4222 4438
          4439 4142 4520 4439 4520 4521
          4519 4439 4521 4289 4288 4522
          4289 4522 4523 4142 4289 4523
          4520 4142 4523 4090 4148 4524
          4291 4150 4525 4090 4524 4526
          4091 4090 4526 4150 4440 4525
          4091 4526 4527 4293 4091 4527
          4442 4294 4527 4294 4293 4527
          4368 4092 4528 4092 4153 4529
          4528 4092 4529 4153 4158 4529
          4369 4370 4530 4530 4444 4531
          4370 4444 4530 4444 4371 4532
          4444 4532 4533 4531 4444 4533
          4157 4443 4534 4445 4157 4534
          4298 4369 4446 4533 4447 4535
          4532 4447 4533 4448 4447 4532
          4449 4448 4536 4448 4532 4536
          4532 4371 4536 4371 4372 4536
          4374 4451 4535 4447 4374 4535
          4452 4449 4536 4452 4536 4537
          4452 4537 4538 4536 4453 4537
          4372 4453 4536 4232 4379 4539
          4380 4452 4538 4380 4538 4540
          4453 4454 4541 4381 4378 4542
          4379 4455 4539 4456 4380 4540
          4454 4384 4541 4541 4384 4543
          4381 4542 4544 4457 4381 4544
          4455 4458 4545 4459 4456 4546
          4384 4460 4543 4461 4544 4547
          4461 4457 4544 4545 4458 4548
          4458 4462 4548 4462 4387 4549
          4548 4462 4549 4465 4464 4550
          4459 4546 4551 4550 4459 4551
          4464 4459 4550 4460 4466 4552
          4467 4461 4547 4549 4388 4553
          4387 4388 4549 4553 4463 4554
          4388 4463 4553 4554 4463 4555
          4463 4465 4555 4465 4550 4555
          4550 4551 4555 4466 4469 4552
          4320 4467 4556 4468 4471 4557
          4469 4468 4557 4470 4320 4556
          4393 4472 4558 4558 4472 4559
          4472 4473 4559 4474 4392 4560
          4560 4392 4561 4392 4475 4561
          4476 4393 4558 4559 4473 4562
          4473 4394 4562 4477 4474 4563
          4474 4560 4563 4394 4478 4564
          4477 4563 4565 4479 4477 4565
          4481 4480 4566 4481 4566 4567
          4481 4567 4568 4482 4481 4568
          4482 4568 4569 4483 4482 4569
          4483 4569 4570 4484 4483 4570
          4405 4484 4570 4405 4570 4571
          4564 4485 4572 4478 4485 4564
          4486 4479 4573 4479 4565 4573
          4488 4487 4574 4488 4574 4575
          4480 4488 4566 4566 4488 4575
          4489 4405 4576 4405 4571 4576
          4489 4576 4577 4489 4577 4578
          4490 4489 4578 4485 4491 4578
          4577 4485 4578 4572 4485 4577
          4492 4486 4573 4492 4573 4579
          4574 4487 4580 4487 4493 4580
          4580 4493 4581 4494 4490 4578
          4494 4578 4582 4578 4491 4582
          4491 4495 4582 4496 4492 4579
          4579 4573 4583 4496 4579 4583
          4581 4493 4584 4584 4419 4585
          4493 4419 4584 4585 4419 4586
          4586 4498 4587 4419 4498 4586
          4587 4497 4588 4498 4497 4587
          4582 4420 4589 4494 4582 4589
          4588 4494 4589 4497 4494 4588
          4495 4420 4582 4499 4583 4590
          4499 4496 4583 4420 4500 4589
          4589 4500 4591 4499 4590 4592
          4501 4499 4592 4501 4592 4593
          4502 4503 4594 4500 4502 4591
          4591 4502 4594 4422 4501 4595
          4422 4595 4596 4503 4422 4596
          4594 4503 4596 4504 4506 4597
          4504 4597 4598 4598 4597 4599
          4507 4508 4600 4600 4508 4601
          4508 4432 4601 4075 4425 4602
          4597 4509 4603 4506 4509 4597
          4599 4597 4603 4511 4507 4604
          4507 4600 4604 4362 4511 4605
          4511 4604 4605 4513 4363 4602
          4363 4075 4602 4365 4362 4605
          4431 4286 4606 4515 4365 4607
          4286 4516 4606 4515 4607 4608
          4517 4515 4608 4436 4367 4609
          4367 4518 4609 4518 4517 4610
          4517 4608 4610 4608 4519 4610
          4519 4608 4611 4366 4519 4611
          4609 4518 4612 4609 4612 4613
          4521 4518 4610 4520 4518 4521
          4518 4520 4612 4519 4521 4610
          4288 4438 4614 4288 4614 4615
          4522 4288 4615 4613 4522 4615
          4612 4522 4613 4523 4522 4612
          4520 4523 4612 4147 4146 4616
          4146 4290 4616 4440 4368 4617
          4368 4528 4617 4441 4442 4618
          4443 4441 4619 4529 4158 4620
          4158 4445 4620 4369 4530 4621
          4621 4531 4622 4530 4531 4621
          4622 4623 4624 4622 4535 4623
          4531 4535 4622 4531 4533 4535
          4535 4451 4625 4623 4625 4626
          4623 4535 4625 4538 4623 4626
          4538 4626 4627 4623 4538 4624
          4538 4537 4624 4624 4537 4628
          4537 4453 4629 4628 4537 4629
          4450 4446 4630 4378 4450 4630
          4451 4232 4539 4540 4538 4627
          4453 4541 4629 4542 4378 4630
          4539 4455 4631 4456 4540 4632
          4541 4543 4633 4544 4542 4634
          4455 4545 4631 4456 4632 4635
          4546 4456 4635 4543 4460 4636
          4633 4543 4636 4545 4548 4637
          4548 4549 4637 4637 4549 4638
          4546 4635 4639 4551 4546 4639
          4460 4552 4636 4638 4553 4640
          4549 4553 4638 4553 4554 4640
          4554 4555 4641 4555 4551 4639
          4555 4639 4641 4552 4469 4642
          4467 4547 4643 4469 4557 4644
          4642 4469 4644 4556 4467 4643
          4470 4556 4645 4470 4645 4646
          4471 4470 4646 4557 4646 4647
          4557 4471 4646 4644 4557 4647
          4561 4475 4648 4475 4476 4649
          4560 4561 4650 4561 4648 4650
          4476 4558 4649 4649 4558 4651
          4558 4559 4651 4559 4562 4651
          4563 4560 4652 4560 4650 4652
          4562 4564 4653 4562 4394 4564
          4563 4652 4654 4565 4563 4654
          4655 4654 4656 4567 4656 4657
          4567 4566 4656 4566 4655 4656
          4567 4657 4658 4568 4567 4658
          4569 4568 4658 4569 4658 4659
          4570 4569 4659 4571 4570 4659
          4653 4564 4660 4564 4572 4660
          4573 4565 4654 4573 4654 4661
          4575 4654 4655 4575 4574 4654
          4654 4574 4661 4566 4575 4655
          4659 4658 4662 4659 4662 4663
          4660 4576 4663 4576 4571 4663
          4571 4659 4663 4577 4576 4660
          4572 4577 4660 4573 4661 4664
          4661 4574 4664 4574 4580 4664
          4664 4580 4665 4580 4581 4665
          4583 4573 4664 4583 4664 4666
          4664 4665 4666 4666 4665 4667
          4667 4584 4668 4665 4584 4667
          4581 4584 4665 4668 4585 4669
          4584 4585 4668 4669 4586 4670
          4585 4586 4669 4670 4587 4671
          4586 4587 4670 4587 4588 4672
          4587 4672 4673 4671 4587 4673
          4588 4589 4672 4590 4583 4666
          4590 4666 4674 4673 4591 4675
          4672 4591 4673 4589 4591 4672
          4592 4590 4674 4592 4674 4676
          4593 4592 4676 4593 4676 4677
          4591 4594 4675 4675 4594 4678
          4501 4593 4679 4593 4677 4679
          4501 4679 4680 4595 4501 4680
          4595 4680 4681 4596 4595 4681
          4594 4596 4678 4678 4596 4681
          4425 4504 4682 4504 4598 4682
          4598 4599 4683 4683 4599 4684
          4599 4600 4684 4600 4601 4684
          4509 4510 4685 4603 4509 4685
          4599 4603 4686 4604 4600 4687
          4600 4599 4687 4599 4686 4687
          4684 4601 4688 4601 4432 4688
          4605 4604 4689 4604 4687 4689
          4432 4431 4688 4510 4512 4685
          4605 4689 4690 4365 4605 4690
          4431 4606 4688 4512 4433 4691
          4365 4690 4692 4607 4365 4692
          4433 4435 4693 4691 4433 4693
          4607 4692 4694 4608 4607 4694
          4516 4366 4695 4435 4436 4696
          4693 4435 4696 4436 4609 4696
          4611 4608 4694 4366 4611 4695
          4696 4609 4697 4609 4613 4697
          4697 4613 4698 4614 4438 4699
          4614 4699 4700 4615 4614 4700
          4613 4615 4698 4698 4615 4700
          4147 4616 4701 4441 4618 4702
          4619 4441 4702 4534 4443 4619
          4446 4369 4703 4369 4621 4703
          4621 4622 4704 4622 4624 4705
          4622 4705 4706 4704 4622 4706
          4625 4451 4707 4625 4707 4708
          4626 4625 4708 4706 4705 4709
          4627 4626 4708 4709 4705 4710
          4705 4628 4710 4624 4628 4705
          4628 4629 4710 4630 4446 4711
          4451 4539 4712 4707 4451 4712
          4540 4627 4713 4627 4708 4713
          4629 4541 4714 4542 4630 4715
          4539 4631 4712 4712 4631 4716
          4632 4540 4713 4632 4713 4717
          4541 4633 4718 4714 4541 4718
          4634 4542 4715 4631 4545 4719
          4716 4631 4719 4632 4717 4720
          4635 4632 4720 4633 4636 4721
          4718 4633 4721 4545 4637 4719
          4637 4638 4719 4635 4720 4722
          4639 4635 4722 4636 4552 4723
          4721 4636 4723 4547 4544 4724
          4544 4634 4724 4554 4641 4725
          4639 4722 4725 4641 4639 4725
          4552 4642 4723 4547 4724 4726
          4643 4547 4726 4640 4554 4727
          4554 4725 4727 4642 4644 4728
          4646 4645 4729 4647 4646 4729
          4475 4730 4731 4648 4475 4731
          4475 4649 4730 4650 4648 4732
          4650 4732 4733 4648 4731 4732
          4730 4649 4734 4734 4649 4735
          4735 4651 4736 4649 4651 4735
          4651 4562 4736 4736 4562 4737
          4652 4650 4738 4650 4733 4738
          4737 4562 4739 4562 4653 4739
          4654 4652 4656 4656 4652 4738
          4657 4656 4738 4657 4738 4740
          4658 4657 4740 4739 4660 4741
          4653 4660 4739 4658 4740 4742
          4742 4740 4743 4658 4742 4744
          4662 4658 4744 4662 4744 4745
          4663 4662 4745 4660 4663 4741
          4741 4663 4745 4741 4745 4746
          4742 4743 4747 4747 4743 4748
          4744 4742 4747 4744 4747 4749
          4744 4749 4750 4746 4744 4750
          4745 4744 4746 4668 4751 4752
          4667 4668 4752 4668 4669 4751
          4669 4747 4751 4747 4748 4751
          4747 4670 4749 4669 4670 4747
          4750 4749 4753 4749 4670 4753
          4670 4671 4753 4671 4673 4753
          4666 4667 4674 4667 4752 4754
          4674 4667 4754 4753 4675 4755
          4673 4675 4753 4677 4754 4756
          4677 4676 4754 4676 4674 4754
          4755 4678 4757 4675 4678 4755
          4679 4677 4758 4677 4756 4758
          4679 4758 4759 4680 4679 4759
          4757 4680 4759 4681 4680 4757
          4678 4681 4757 4425 4682 4760
          4682 4598 4683 4683 4684 4761
          4683 4761 4762 4602 4425 4760
          4686 4603 4763 4761 4684 4764
          4686 4763 4765 4687 4686 4765
          4687 4765 4766 4689 4687 4766
          4764 4684 4767 4684 4688 4767
          4685 4512 4768 4690 4689 4769
          4689 4766 4769 4688 4606 4770
          4767 4688 4770 4512 4691 4768
          4690 4769 4771 4692 4690 4771
          4606 4516 4772 4770 4606 4772
          4692 4771 4773 4695 4692 4773
          4694 4692 4695 4516 4695 4773
          4772 4516 4773 4693 4696 4774
          4611 4694 4695 4438 4775 4776
          4438 4222 4775 4774 4777 4778
          4774 4697 4777 4696 4697 4774
          4697 4698 4777 4699 4438 4776
          4777 4699 4778 4700 4699 4777
          4698 4700 4777 4616 4290 4779
          4290 4224 4779 4526 4524 4780
          4525 4440 4781 4527 4526 4782
          4440 4617 4783 4781 4440 4783
          4442 4527 4784 4527 4782 4784
          4617 4528 4785 4783 4617 4785
          4618 4442 4784 4528 4529 4786
          4785 4528 4786 4529 4620 4787
          4529 4787 4788 4786 4529 4788
          4534 4619 4789 4534 4789 4790
          4445 4534 4790 4787 4445 4790
          4620 4445 4787 4703 4621 4791
          4791 4704 4792 4621 4704 4791
          4704 4706 4792 4792 4706 4793
          4446 4703 4794 4709 4710 4795
          4793 4709 4795 4706 4709 4793
          4710 4629 4795 4629 4714 4795
          4711 4446 4794 4707 4712 4796
          4707 4796 4797 4708 4707 4797
          4713 4708 4797 4630 4711 4715
          4713 4797 4798 4717 4713 4798
          4716 4719 4799 4799 4719 4800
          4719 4638 4800 4722 4720 4801
          4721 4723 4802 4800 4638 4803
          4638 4640 4803 4725 4722 4801
          4725 4801 4804 4723 4642 4805
          4802 4723 4805 4803 4640 4806
          4640 4727 4806 4727 4725 4807
          4725 4804 4807 4642 4728 4805
          4643 4726 4808 4556 4643 4809
          4643 4808 4809 4645 4556 4809
          4645 4809 4810 4647 4729 4811
          4647 4811 4812 4644 4647 4812
          4729 4645 4810 4729 4810 4813
          4811 4729 4813 4731 4730 4814
          4733 4732 4815 4814 4816 4817
          4731 4814 4817 4815 4731 4817
          4732 4731 4815 4816 4734 4818
          4814 4734 4816 4730 4734 4814
          4818 4735 4819 4734 4735 4818
          4819 4736 4820 4735 4736 4819
          4736 4737 4820 4820 4737 4821
          4738 4733 4815 4815 4817 4822
          4738 4815 4822 4737 4739 4823
          4821 4737 4823 4740 4738 4822
          4739 4741 4824 4823 4739 4824
          4740 4822 4825 4743 4740 4825
          4741 4746 4826 4824 4741 4826
          4743 4825 4827 4743 4827 4828
          4748 4743 4828 4828 4827 4829
          4746 4750 4830 4826 4746 4830
          4752 4751 4831 4751 4748 4831
          4748 4828 4831 4831 4828 4832
          4828 4829 4832 4829 4830 4832
          4750 4753 4832 4830 4750 4832
          4754 4752 4833 4833 4831 4834
          4752 4831 4833 4834 4832 4835
          4831 4832 4834 4832 4753 4835
          4753 4755 4835 4756 4754 4833
          4756 4833 4836 4836 4834 4837
          4833 4834 4836 4835 4757 4837
          4834 4835 4837 4755 4757 4835
          4758 4756 4836 4759 4758 4836
          4759 4836 4837 4757 4759 4837
          4760 4682 4838 4838 4683 4839
          4682 4683 4838 4683 4762 4839
          4762 4761 4840 4603 4685 4841
          4841 4685 4842 4603 4841 4843
          4763 4603 4843 4840 4761 4844
          4761 4764 4844 4765 4763 4845
          4763 4843 4845 4764 4767 4846
          4844 4764 4846 4685 4768 4842
          4766 4765 4847 4765 4845 4847
          4769 4766 4847 4846 4770 4848
          4767 4770 4846 4768 4691 4849
          4769 4847 4850 4771 4769 4850
          4770 4772 4851 4848 4770 4851
          4136 4514 4852 4691 4693 4853
          4849 4691 4853 4773 4771 4850
          4772 4773 4851 4773 4850 4851
          4775 4136 4852 4222 4136 4775
          4693 4774 4854 4853 4693 4854
          4854 4774 4855 4774 4778 4855
          4855 4778 4856 4855 4856 4857
          4699 4776 4858 4856 4778 4858
          4778 4699 4858 4148 4147 4701
          4148 4701 4859 4524 4148 4859
          4702 4618 4860 4787 4790 4861
          4792 4862 4863 4791 4792 4863
          4862 4793 4864 4792 4793 4862
          4864 4793 4865 4790 4789 4861
          4794 4703 4863 4703 4791 4863
          4793 4795 4865 4795 4714 4865
          4712 4716 4866 4714 4718 4867
          4714 4867 4868 4634 4715 4869
          4716 4799 4870 4866 4716 4870
          4717 4798 4871 4720 4717 4871
          4718 4721 4872 4867 4718 4872
          4799 4800 4873 4870 4799 4873
          4801 4720 4871 4801 4871 4874
          4721 4802 4872 4872 4802 4875
          4724 4634 4876 4873 4800 4877
          4800 4803 4877 4801 4874 4878
          4804 4801 4878 4875 4802 4879
          4802 4805 4879 4726 4724 4876
          4803 4806 4877 4807 4804 4880
          4804 4878 4880 4805 4728 4881
          4879 4805 4881 4881 4728 4882
          4809 4808 4883 4728 4644 4812
          4728 4812 4882 4810 4809 4884
          4809 4883 4884 4813 4810 4884
          4811 4813 4885 4811 4885 4886
          4812 4811 4886 4813 4884 4887
          4885 4813 4887 4885 4887 4888
          4886 4885 4888 4817 4816 4889
          4816 4818 4890 4889 4816 4890
          4818 4819 4891 4890 4818 4891
          4820 4892 4893 4891 4820 4893
          4819 4820 4891 4820 4821 4892
          4892 4821 4894 4822 4817 4889
          4822 4890 4895 4822 4889 4890
          4890 4891 4895 4895 4891 4896
          4891 4893 4896 4821 4823 4897
          4894 4821 4897 4822 4895 4898
          4898 4895 4899 4900 4899 4901
          4823 4824 4900 4823 4900 4901
          4897 4823 4901 4825 4822 4898
          4825 4899 4902 4825 4898 4899
          4900 4826 4902 4899 4900 4902
          4824 4826 4900 4830 4829 4902
          4829 4827 4902 4827 4825 4902
          4826 4830 4902 4760 4838 4903
          4903 4838 4904 4838 4839 4905
          4904 4838 4905 4839 4762 4905
          4762 4840 4905 4602 4760 4903
          4843 4841 4906 4845 4843 4906
          4840 4844 4846 4840 4846 4907
          4842 4768 4908 4842 4908 4909
          4841 4842 4909 4847 4845 4910
          4845 4906 4910 4847 4910 4911
          4846 4848 4907 4768 4849 4908
          4847 4911 4912 4847 4912 4913
          4850 4847 4913 4848 4851 4913
          4912 4848 4913 4851 4850 4913
          4854 4855 4914 4914 4857 4915
          4855 4857 4914 4857 4856 4915
          4856 4858 4916 4915 4856 4916
          4701 4616 4917 4616 4779 4917
          4780 4524 4859 4291 4525 4918
          4526 4780 4919 4525 4781 4918
          4782 4526 4919 4781 4783 4920
          4783 4785 4921 4920 4783 4921
          4785 4786 4922 4921 4785 4922
          4618 4784 4860 4786 4788 4923
          4922 4786 4923 4702 4860 4924
          4619 4702 4924 4788 4787 4925
          4925 4787 4926 4923 4788 4925
          4864 4927 4928 4862 4864 4928
          4864 4865 4927 4619 4924 4929
          4789 4619 4929 4787 4861 4926
          4863 4862 4928 4865 4714 4868
          4797 4796 4930 4798 4797 4931
          4797 4930 4931 4866 4870 4932
          4798 4931 4933 4871 4798 4933
          4870 4873 4934 4932 4870 4934
          4874 4933 4935 4874 4871 4933
          4872 4875 4936 4873 4877 4937
          4934 4873 4937 4874 4935 4938
          4878 4874 4938 4875 4879 4936
          4937 4877 4939 4877 4806 4939
          4878 4938 4940 4880 4878 4940
          4726 4876 4941 4939 4806 4942
          4806 4727 4942 4727 4807 4943
          4807 4880 4944 4880 4940 4944
          4881 4882 4945 4808 4726 4946
          4726 4941 4946 4883 4808 4946
          4942 4727 4943 4882 4812 4947
          4883 4946 4948 4884 4883 4948
          4887 4884 4948 4812 4886 4949
          4947 4812 4949 4887 4948 4950
          4887 4950 4951 4888 4887 4951
          4886 4888 4951 4949 4886 4951
          4893 4892 4952 4892 4894 4952
          4895 4896 4953 4953 4896 4954
          4896 4893 4954 4893 4952 4954
          4952 4894 4954 4894 4897 4954
          4899 4895 4953 4901 4899 4953
          4901 4953 4954 4897 4901 4954
          4955 4956 4957 4955 4957 4958
          4957 4956 4959 4959 4956 4960
          4958 4957 4961 4957 4959 4961
          4959 4960 4962 4959 4962 4963
          4961 4959 4964 4959 4963 4964
          4963 4962 4965 4964 4963 4965
          4903 4966 4967 4903 4904 4966
          4966 4905 4968 4904 4905 4966
          4602 4903 4967 4602 4967 4969
          4513 4602 4969 4841 4909 4970
          4906 4841 4971 4841 4970 4971
          4910 4906 4971 4910 4971 4972
          4910 4972 4973 4911 4910 4973
          4907 4848 4974 4908 4849 4975
          4973 4972 4976 4912 4911 4977
          4911 4973 4977 4973 4976 4977
          4848 4912 4974 4974 4912 4977
          4975 4853 4978 4849 4853 4975
          4853 4854 4978 4978 4854 4979
          4854 4914 4979 4914 4915 4980
          4858 4776 4981 4858 4981 4982
          4916 4858 4982 4915 4916 4980
          4980 4916 4982 4859 4701 4983
          4782 4919 4984 4782 4984 4985
          4784 4782 4985 4860 4784 4986
          4860 4986 4987 4924 4860 4987
          4928 4927 4988 4927 4865 4988
          4794 4863 4989 4863 4928 4989
          4988 4865 4990 4865 4868 4990
          4715 4711 4991 4711 4794 4991
          4712 4866 4992 4712 4992 4993
          4796 4712 4993 4796 4993 4994
          4930 4796 4994 4930 4994 4995
          4931 4930 4995 4869 4715 4991
          4869 4991 4996 4866 4932 4997
          4992 4866 4997 4933 4931 4998
          4931 4995 4998 4867 4872 4999
          4869 4996 5000 4634 4869 5000
          4932 4934 5001 4997 4932 5001
          4935 4933 4998 4872 4936 4999
          4634 5000 5002 4876 4634 5002
          4934 4937 5003 5001 4934 5003
          4938 4935 5004 4936 4879 5005
          4876 5002 5006 5003 4937 5007
          4937 4939 5007 4938 5004 5008
          4940 4938 5008 4879 4881 5009
          5005 4879 5009 4941 4876 5006
          4944 4940 5008 4881 4945 5009
          4946 5010 5011 4946 4941 5010
          4943 4807 4944 4882 4947 5012
          4945 4882 5012 4948 5011 5013
          4948 4946 5011 4950 4948 5014
          4948 5013 5014 4950 5014 5015
          4951 4950 5015 4956 4955 5016
          4955 4958 5016 5017 4960 5018
          5018 4960 5019 4960 4956 5019
          4956 5016 5019 5016 4961 5019
          4958 4961 5016 4962 4960 5017
          4962 5017 5020 4961 4964 5021
          5019 4961 5021 5020 5022 5023
          4962 5020 5023 4965 4962 5023
          4964 4965 5021 5021 4965 5024
          5023 5022 5025 4965 5023 5025
          4965 5025 5026 5024 4965 5026
          4966 5027 5028 4967 4966 5028
          4966 4968 5027 4968 4905 5029
          4969 4967 5028 4905 4840 5029
          4909 4908 5030 4909 5030 5031
          4970 4909 5031 4972 4971 5032
          4907 4974 5033 4908 4975 5030
          5030 4975 5034 4976 4972 5032
          4976 5032 5035 4977 4976 5035
          4974 4977 5033 5033 4977 5035
          4775 4852 5036 4775 5036 5037
          4776 4775 5037 4979 4914 5038
          5038 4980 5039 4914 4980 5038
          5039 4980 5040 5039 5040 5041
          5041 5040 5042 4776 5037 5043
          4981 4776 5043 4981 5043 5044
          4981 5044 5045 4982 4981 5045
          4982 5045 5046 4980 4982 5046
          4980 5046 5047 5040 4980 5047
          5042 5040 5047 4701 4917 5048
          4224 4225 5049 4224 5049 5050
          4225 4291 5049 5049 4291 5051
          5052 4780 5053 4780 4859 5053
          4291 4918 5051 5051 4918 5054
          4780 5052 5055 4919 4780 5055
          4918 4781 5056 4984 4919 5055
          4984 5055 5057 4781 4920 5058
          5056 4781 5058 4985 4984 5057
          4920 4921 5059 5058 4920 5059
          4921 4922 5060 5059 4921 5060
          4784 4985 4986 4922 4923 5060
          4789 4929 5061 4926 4861 5061
          4861 4789 5061 4991 4794 5062
          4995 4994 5063 4868 4867 5064
          4992 4997 5065 4992 5065 5066
          4998 4995 5067 4995 5063 5067
          4867 4999 5064 4997 5001 5068
          5065 4997 5068 4998 5067 5069
          4935 4998 5069 4999 4936 5070
          5001 5003 5071 5068 5001 5071
          5004 5069 5072 5004 4935 5069
          4936 5005 5070 5070 5005 5073
          5003 5007 5074 5071 5003 5074
          5004 5072 5075 5008 5004 5075
          5005 5009 5073 4941 5006 5010
          5010 5006 5076 5074 5007 5077
          5007 4939 5077 4944 5008 5078
          5008 5075 5078 5009 4945 5079
          5010 5076 5080 5011 5010 5080
          5077 4939 5081 5081 4942 5082
          4939 4942 5081 4942 4943 5082
          4943 4944 5083 4944 5078 5083
          4945 5012 5079 5013 5011 5084
          4947 4949 5085 4947 5085 5086
          5012 4947 5086 5014 5013 5084
          5014 5084 5087 4949 4951 5088
          4949 5088 5089 5085 4949 5089
          5015 5014 5087 4951 5015 5088
          5017 5018 5090 5090 5018 5091
          5018 5019 5092 5091 5018 5092
          5093 5020 5094 5020 5017 5090
          5020 5090 5094 5092 5019 5095
          5095 5021 5096 5019 5021 5095
          5022 5093 5097 5022 5020 5093
          5021 5024 5098 5096 5021 5098
          5022 5097 5099 5025 5022 5099
          5024 5026 5100 5098 5024 5100
          5025 5099 5101 5026 5025 5102
          5025 5101 5102 5100 5026 5102
          5028 5027 5103 5103 5027 5104
          5104 4968 5105 5027 4968 5104
          4968 5029 5105 5028 5103 5106
          4969 5028 5106 5029 4840 5107
          4840 4907 5107 4969 5106 5108
          4513 4969 5108 4970 5031 5109
          4971 4970 5109 5032 4971 5110
          4907 5033 5111 5111 5033 5112
          4514 5108 5113 4514 4513 5108
          5032 5110 5114 5111 5032 5114
          5032 5111 5112 5035 5032 5112
          5033 5035 5112 4852 4514 5113
          4975 4978 5115 5034 4975 5115
          5115 4978 5116 4978 4979 5116
          5037 5036 5117 4979 5038 5116
          5038 5039 5118 5039 5041 5119
          5041 5042 5119 5118 5039 5120
          5039 5119 5120 5120 5119 5121
          5047 5046 5122 5121 5119 5123
          5119 5042 5123 5042 5047 5123
          5047 5122 5123 5044 5043 5124
          5044 5124 5125 5045 5044 5125
          5122 5125 5126 5122 5046 5125
          5046 5045 5125 5123 5122 5126
          4859 4983 5053 4983 4701 5048
          5057 5055 5127 4985 5057 5127
          4986 4985 5128 4923 4925 5129
          4925 4926 5130 4989 4928 5131
          4928 4988 5131 4794 4989 5062
          4990 4868 5132 4991 5062 5133
          4993 4992 5134 4994 4993 5134
          4868 5064 5132 5066 5065 5135
          4992 5066 5134 5063 4994 5136
          5063 5136 5137 5067 5063 5137
          5064 4999 5138 5000 4996 5139
          5065 5068 5135 5069 5067 5140
          4999 5070 5138 5000 5139 5141
          5002 5000 5141 5142 5071 5143
          5068 5071 5142 5072 5069 5140
          5002 5141 5144 5006 5002 5144
          5143 5071 5145 5143 5145 5146
          5071 5074 5145 5073 5009 5147
          5006 5144 5148 5076 5145 5149
          5076 5006 5145 5145 5006 5146
          5146 5006 5148 5145 5074 5149
          5074 5077 5149 5078 5075 5150
          5009 5079 5147 5080 5076 5149
          5080 5149 5151 5080 5151 5152
          5151 5081 5153 5149 5081 5151
          5077 5081 5149 4943 5083 5154
          5154 5083 5155 5083 5078 5155
          5078 5150 5156 5155 5078 5156
          5079 5012 5157 5011 5080 5158
          5080 5152 5158 5084 5011 5158
          5153 5081 5159 5159 5082 5160
          5081 5082 5159 5082 4943 5160
          5160 4943 5161 5161 5154 5162
          4943 5154 5161 5154 5155 5163
          5154 5163 5164 5162 5154 5164
          5086 5156 5165 5086 5155 5156
          5086 5085 5155 5155 5085 5163
          5157 5012 5165 5012 5086 5165
          5084 5158 5166 5087 5084 5166
          5087 5166 5167 5089 5088 5168
          5164 5089 5168 5163 5089 5164
          5085 5089 5163 5087 5167 5169
          5015 5087 5169 5015 5169 5170
          5088 5015 5171 5168 5088 5171
          5015 5170 5172 5171 5015 5172
          5173 5174 5175 5173 5175 5176
          5175 5174 5177 5177 5174 5178
          5176 5175 5179 5175 5177 5179
          5094 5180 5181 5094 5090 5180
          5090 5091 5180 5092 5182 5183
          5091 5092 5183 5180 5091 5183
          5182 5184 5185 5183 5182 5185
          5177 5178 5186 5178 5185 5186
          5185 5184 5186 5179 5177 5186
          5092 5095 5182 5184 5182 5187
          5182 5095 5187 5095 5096 5187
          5186 5184 5187 5096 5098 5188
          5187 5096 5188 5099 5097 5189
          5098 5100 5190 5188 5098 5190
          5099 5189 5191 5101 5099 5192
          5099 5191 5192 5101 5192 5193
          5102 5101 5193 5100 5102 5190
          5190 5102 5193 5103 5104 5194
          5104 5105 5194 5105 5029 5194
          5108 5106 5195 5031 5030 5196
          5031 5196 5197 5109 5031 5197
          4971 5109 5110 5107 5111 5198
          5107 4907 5111 5113 5108 5195
          5199 5034 5200 5030 5034 5196
          5196 5034 5199 5114 5110 5201
          5111 5114 5198 5198 5114 5201
          5034 5115 5200 5036 4852 5202
          5115 5116 5203 5117 5036 5202
          5116 5038 5204 5038 5118 5204
          5043 5037 5205 5204 5120 5206
          5118 5120 5204 5206 5121 5207
          5120 5121 5206 5121 5123 5207
          5207 5123 5208 5043 5205 5209
          5124 5043 5209 5123 5126 5208
          5048 4917 5210 5210 4779 5211
          4917 4779 5210 4779 4224 5050
          4779 5050 5211 5054 4918 5056
          5058 5059 5212 5059 5060 5212
          5060 4923 5129 5129 4925 5213
          4987 4986 5214 5131 4988 5215
          4988 4990 5215 5062 4989 5216
          5215 4990 5217 4990 5132 5217
          5133 5062 5216 4994 5134 5218
          5132 5064 5219 4996 5133 5220
          4996 4991 5133 5066 5135 5221
          5134 5066 5221 5136 4994 5218
          5067 5137 5222 5219 5064 5223
          5223 5138 5224 5064 5138 5223
          5139 4996 5225 4996 5220 5225
          5135 5068 5226 5140 5067 5222
          5138 5070 5227 5224 5138 5227
          5142 5143 5228 5068 5142 5226
          5226 5142 5228 5070 5073 5229
          5227 5070 5229 5143 5146 5230
          5075 5072 5231 5073 5147 5229
          5148 5144 5232 5146 5148 5230
          5230 5148 5232 5150 5075 5231
          5150 5231 5233 5147 5079 5234
          5152 5151 5235 5151 5153 5235
          5156 5150 5236 5079 5157 5237
          5234 5079 5237 5158 5152 5235
          5159 5158 5235 5153 5159 5235
          5159 5160 5238 5238 5160 5239
          5239 5161 5240 5160 5161 5239
          5161 5162 5241 5240 5161 5241
          5162 5164 5241 5165 5156 5242
          5156 5236 5242 5165 5242 5243
          5157 5165 5243 5237 5157 5243
          5158 5159 5166 5167 5238 5244
          5167 5166 5238 5166 5159 5238
          5238 5239 5244 5240 5168 5245
          5168 5240 5241 5164 5168 5241
          5167 5244 5246 5167 5246 5247
          5169 5167 5247 5170 5169 5247
          5168 5171 5248 5245 5168 5248
          5247 5246 5249 5249 5250 5251
          5247 5249 5251 5172 5247 5251
          5172 5170 5247 5172 5251 5252
          5171 5172 5252 5248 5171 5252
          5253 5254 5255 5255 5256 5257
          5253 5255 5257 5256 5258 5259
          5257 5256 5259 5259 5258 5260
          5258 5174 5260 5174 5173 5260
          5173 5176 5260 5260 5176 5261
          5181 5254 5262 5254 5181 5255
          5181 5180 5255 5255 5183 5256
          5180 5183 5255 5256 5183 5258
          5258 5183 5263 5174 5258 5263
          5178 5174 5263 5176 5179 5264
          5261 5176 5264 5094 5181 5265
          5181 5262 5265 5183 5185 5263
          5185 5178 5263 5179 5186 5266
          5264 5179 5266 5093 5265 5267
          5093 5094 5265 5186 5187 5268
          5266 5186 5268 5093 5267 5269
          5097 5093 5269 5187 5188 5270
          5268 5187 5270 5189 5269 5271
          5189 5097 5269 5188 5190 5272
          5270 5188 5272 5191 5189 5271
          5193 5192 5273 5273 5192 5274
          5190 5193 5272 5272 5193 5273
          5192 5191 5275 5274 5192 5275
          5103 5276 5277 5106 5103 5277
          5103 5194 5276 5029 5278 5279
          5194 5029 5279 5029 5107 5278
          5278 5107 5280 5195 5106 5277
          5109 5197 5281 5110 5109 5281
          5110 5281 5282 5107 5198 5280
          5280 5198 5283 5201 5110 5284
          5110 5282 5284 5198 5201 5283
          5283 5201 5284 4852 5113 5285
          5200 5115 5286 5202 4852 5285
          5115 5203 5286 5117 5202 5287
          5116 5204 5288 5037 5117 5205
          5205 5117 5287 5204 5206 5289
          5289 5207 5290 5206 5207 5289
          5207 5208 5290 5290 5208 5291
          5290 5291 5292 5292 5291 5293
          5124 5209 5294 5124 5294 5295
          5125 5124 5295 5125 5295 5296
          5126 5125 5296 5291 5296 5297
          5291 5208 5296 5208 5126 5296
          5293 5291 5297 5055 5052 5127
          4985 5127 5298 5128 4985 5298
          5212 5060 5299 5060 5129 5299
          4925 5130 5213 4989 5131 5216
          4924 4987 5300 4929 4924 5300
          5061 4929 5301 5130 4926 5301
          4926 5061 5301 5217 5132 5219
          5217 5219 5302 5134 5221 5303
          5134 5303 5304 5218 5134 5304
          5218 5304 5305 5136 5218 5305
          5136 5305 5306 5137 5136 5306
          5302 5219 5307 5219 5223 5307
          5222 5137 5306 5307 5224 5308
          5223 5224 5307 5225 5220 5309
          5135 5226 5310 5221 5135 5310
          5224 5227 5308 5141 5139 5225
          5141 5225 5311 5228 5143 5312
          5228 5312 5313 5226 5228 5310
          5310 5228 5313 5140 5222 5314
          5072 5140 5314 5141 5311 5315
          5144 5141 5315 5143 5230 5316
          5312 5143 5316 5231 5072 5314
          5231 5314 5317 5229 5147 5318
          5315 5319 5320 5232 5315 5320
          5232 5144 5315 5230 5232 5316
          5316 5232 5320 5316 5320 5321
          5231 5317 5322 5233 5231 5322
          5147 5234 5318 5320 5319 5323
          5321 5320 5323 5150 5233 5236
          5324 5325 5326 5324 5326 5327
          5328 5236 5329 5242 5236 5328
          5243 5242 5328 5236 5233 5329
          5237 5243 5330 5326 5325 5331
          5327 5326 5331 5244 5239 5332
          5332 5239 5333 5239 5240 5333
          5240 5245 5333 5328 5329 5334
          5334 5329 5335 5328 5334 5336
          5328 5336 5337 5243 5328 5337
          5330 5243 5337 5338 5339 5340
          5338 5340 5341 5340 5246 5341
          5246 5244 5341 5244 5332 5341
          5332 5333 5342 5342 5343 5344
          5342 5248 5343 5333 5248 5342
          5245 5248 5333 5343 5345 5346
          5344 5343 5346 5347 5345 5348
          5334 5345 5347 5334 5335 5345
          5345 5335 5346 5336 5334 5347
          5340 5339 5349 5250 5340 5349
          5250 5249 5340 5249 5246 5340
          5248 5252 5343 5343 5252 5348
          5345 5343 5348 5250 5349 5350
          5251 5250 5350 5252 5251 5351
          5348 5252 5351 5254 5253 5352
          5352 5253 5353 5353 5257 5354
          5253 5257 5353 5354 5259 5355
          5257 5259 5354 5355 5260 5356
          5259 5260 5355 5260 5261 5356
          5262 5254 5357 5254 5352 5357
          5261 5264 5358 5265 5262 5357
          5265 5357 5359 5264 5266 5360
          5358 5264 5360 5267 5265 5359
          5266 5268 5360 5360 5268 5361
          5268 5270 5361 5191 5271 5362
          5273 5274 5363 5272 5273 5363
          5191 5362 5364 5191 5364 5365
          5275 5191 5365 5274 5275 5363
          5363 5275 5365 5276 5194 5366
          5194 5279 5366 5278 5280 5367
          5197 5196 5368 5282 5281 5369
          5280 5283 5370 5199 5200 5371
          5196 5199 5368 5284 5282 5372
          5284 5372 5373 5283 5284 5370
          5370 5284 5373 5200 5286 5371
          5203 5116 5288 5289 5290 5374
          5374 5292 5375 5290 5292 5374
          5292 5293 5375 5375 5293 5376
          5295 5294 5377 5296 5295 5378
          5295 5377 5378 5297 5296 5378
          5293 5297 5376 5049 5051 5379
          5051 5054 5379 5379 5054 5380
          5054 5056 5381 5127 5052 5382
          5056 5058 5381 5127 5382 5383
          5298 5127 5383 5298 5383 5384
          5128 5298 5384 5299 5129 5385
          5385 5213 5386 5129 5213 5385
          4986 5128 5214 5213 5130 5387
          5386 5213 5387 5387 5130 5388
          5216 5131 5389 5131 5215 5389
          5215 5217 5390 5133 5216 5391
          5390 5217 5392 5217 5302 5392
          5220 5133 5393 5133 5391 5393
          5306 5305 5394 5392 5302 5395
          5302 5307 5395 5306 5394 5396
          5307 5308 5395 5220 5393 5397
          5309 5220 5397 5221 5310 5398
          5222 5306 5399 5306 5396 5399
          5308 5227 5400 5311 5225 5397
          5225 5309 5397 5310 5313 5398
          5398 5313 5401 5222 5399 5402
          5314 5222 5402 5227 5229 5403
          5315 5311 5404 5312 5316 5405
          5401 5312 5405 5313 5312 5401
          5317 5314 5402 5229 5318 5403
          5319 5315 5404 5316 5321 5406
          5405 5316 5406 5318 5234 5407
          5323 5404 5408 5323 5319 5404
          5321 5323 5406 5406 5323 5408
          5406 5408 5409 5234 5237 5410
          5407 5234 5410 5325 5408 5411
          5325 5411 5412 5408 5325 5409
          5325 5324 5409 5324 5327 5413
          5329 5233 5414 5237 5330 5410
          5415 5416 5417 5415 5417 5418
          5412 5419 5420 5331 5412 5420
          5331 5325 5412 5327 5331 5413
          5413 5331 5420 5413 5420 5421
          5335 5329 5414 5335 5414 5422
          5417 5416 5423 5423 5416 5424
          5418 5423 5425 5418 5417 5423
          5418 5425 5426 5420 5419 5427
          5421 5420 5427 5421 5427 5428
          5427 5339 5428 5339 5338 5428
          5428 5341 5429 5338 5341 5428
          5429 5332 5430 5341 5332 5429
          5430 5342 5431 5332 5342 5430
          5431 5344 5432 5342 5344 5431
          5346 5422 5432 5344 5346 5432
          5346 5335 5422 5347 5348 5433
          5336 5347 5433 5337 5336 5433
          5423 5424 5434 5434 5424 5435
          5423 5434 5436 5425 5423 5436
          5426 5425 5436 5427 5419 5437
          5349 5427 5437 5349 5339 5427
          5434 5435 5438 5436 5434 5438
          5349 5437 5439 5350 5349 5439
          5251 5350 5440 5351 5251 5440
          5352 5353 5441 5441 5354 5442
          5353 5354 5441 5442 5355 5443
          5354 5355 5442 5443 5356 5444
          5355 5356 5443 5356 5261 5444
          5357 5352 5445 5261 5358 5444
          5359 5357 5445 5358 5360 5446
          5446 5361 5447 5360 5361 5446
          5269 5267 5448 5361 5270 5449
          5447 5361 5449 5271 5269 5450
          5269 5448 5450 5270 5272 5451
          5449 5270 5451 5362 5271 5450
          5272 5363 5451 5366 5279 5452
          5278 5367 5452 5279 5278 5452
          5453 5195 5454 5195 5277 5454
          5197 5368 5455 5369 5197 5455
          5281 5197 5369 5113 5195 5453
          5370 5373 5456 5373 5372 5457
          5456 5373 5457 5202 5285 5287
          5205 5287 5458 5288 5204 5459
          5204 5289 5460 5459 5204 5460
          5460 5374 5461 5289 5374 5460
          5461 5375 5462 5374 5375 5461
          5375 5376 5462 5462 5376 5463
          5205 5458 5464 5209 5205 5464
          5297 5378 5465 5376 5297 5463
          5463 5297 5465 5048 5210 5466
          5211 5050 5467 5377 5294 5468
          5378 5377 5468 5053 4983 5469
          4983 5466 5469 4983 5048 5466
          5467 5049 5470 5050 5049 5467
          5049 5379 5470 5052 5053 5471
          5380 5054 5381 5382 5052 5471
          5385 5386 5472 5472 5386 5473
          5214 5128 5474 5473 5386 5475
          5386 5387 5475 5387 5388 5475
          5389 5215 5476 5215 5390 5476
          4987 5214 5477 5300 4987 5477
          5216 5389 5391 5303 5221 5478
          5303 5478 5479 5304 5303 5479
          5305 5304 5480 5394 5305 5480
          5394 5480 5481 5396 5394 5481
          5397 5393 5482 5221 5398 5478
          5399 5396 5483 5396 5481 5483
          5311 5397 5482 5400 5227 5403
          5404 5311 5484 5402 5399 5485
          5317 5402 5485 5403 5318 5486
          5405 5406 5487 5401 5405 5487
          5317 5485 5488 5322 5317 5488
          5318 5407 5486 5406 5409 5487
          5233 5322 5488 5233 5488 5489
          5407 5410 5490 5411 5404 5491
          5408 5404 5411 5409 5324 5492
          5412 5411 5491 5324 5413 5492
          5414 5233 5489 5414 5489 5493
          5410 5330 5494 5490 5410 5494
          5416 5415 5495 5495 5415 5496
          5415 5418 5496 5496 5418 5497
          5497 5418 5498 5419 5412 5491
          5413 5421 5499 5422 5414 5500
          5414 5493 5500 5330 5337 5494
          5416 5495 5501 5424 5416 5501
          5418 5426 5502 5498 5418 5502
          5437 5419 5491 5421 5428 5499
          5499 5429 5503 5428 5429 5499
          5429 5430 5503 5432 5422 5504
          5424 5501 5505 5435 5424 5505
          5426 5436 5506 5502 5426 5506
          5503 5430 5507 5507 5431 5508
          5430 5431 5507 5432 5504 5508
          5431 5432 5508 5433 5348 5509
          5438 5435 5510 5435 5505 5510
          5436 5510 5511 5436 5438 5510
          5506 5436 5511 5350 5439 5512
          5440 5350 5512 5348 5351 5513
          5509 5348 5513 5352 5441 5514
          5441 5442 5515 5442 5443 5515
          5443 5444 5516 5445 5352 5514
          5516 5444 5517 5444 5358 5517
          5517 5446 5518 5358 5446 5517
          5267 5359 5445 5267 5445 5519
          5446 5447 5518 5448 5267 5519
          5447 5449 5451 5447 5451 5518
          5362 5450 5520 5451 5363 5521
          5362 5520 5522 5364 5362 5522
          5364 5522 5523 5365 5364 5524
          5363 5365 5521 5521 5365 5524
          5364 5523 5524 5525 5277 5526
          5526 5276 5527 5277 5276 5526
          5527 5366 5528 5276 5366 5527
          5366 5452 5528 5452 5367 5529
          5529 5367 5530 5453 5454 5525
          5454 5277 5525 5455 5368 5531
          5367 5280 5530 5280 5370 5530
          5530 5370 5532 5113 5453 5533
          5368 5199 5531 5282 5369 5534
          5372 5282 5534 5370 5456 5535
          5532 5370 5535 5285 5113 5533
          5371 5286 5536 5457 5372 5537
          5372 5534 5537 5456 5457 5535
          5535 5457 5537 5536 5286 5538
          5286 5203 5538 5287 5285 5539
          5203 5288 5538 5458 5287 5539
          5461 5462 5540 5462 5463 5540
          5540 5463 5541 5463 5465 5541
          5466 5210 5542 5210 5211 5542
          5211 5467 5543 5294 5209 5544
          5468 5294 5544 5053 5469 5545
          5471 5053 5545 5381 5058 5546
          5058 5212 5546 5383 5382 5547
          5384 5383 5547 5299 5385 5548
          5128 5384 5549 5472 5473 5550
          5385 5472 5548 5474 5128 5549
          5550 5475 5551 5473 5475 5550
          5475 5388 5551 5551 5388 5552
          5477 5214 5553 5388 5130 5554
          5552 5388 5554 5476 5390 5555
          5555 5392 5556 5390 5392 5555
          5301 4929 5557 5554 5130 5557
          5130 5301 5557 5393 5391 5558
          5479 5478 5559 5479 5559 5560
          5304 5479 5560 5480 5304 5561
          5304 5560 5561 5481 5480 5561
          5481 5561 5562 5392 5395 5556
          5482 5393 5563 5393 5558 5563
          5478 5398 5564 5559 5478 5564
          5560 5559 5564 5481 5562 5565
          5483 5481 5565 5483 5565 5566
          5308 5400 5567 5395 5308 5567
          5311 5482 5568 5564 5398 5569
          5400 5403 5570 5484 5311 5568
          5398 5401 5569 5399 5483 5571
          5485 5399 5571 5403 5486 5572
          5570 5403 5572 5404 5484 5573
          5401 5487 5574 5569 5401 5574
          5488 5485 5571 5488 5571 5575
          5486 5407 5576 5572 5486 5576
          5404 5573 5577 5487 5409 5578
          5487 5578 5579 5574 5487 5579
          5489 5488 5575 5407 5490 5576
          5491 5404 5577 5409 5492 5578
          5492 5413 5580 5413 5499 5581
          5580 5413 5581 5494 5337 5582
          5498 5502 5583 5583 5502 5584
          5499 5503 5585 5581 5499 5585
          5422 5500 5504 5337 5433 5509
          5337 5509 5582 5502 5506 5586
          5584 5502 5586 5437 5491 5587
          5585 5507 5588 5503 5507 5585
          5588 5508 5589 5507 5508 5588
          5508 5504 5589 5511 5510 5590
          5506 5511 5586 5586 5511 5590
          5437 5587 5591 5439 5437 5591
          5439 5591 5592 5512 5439 5592
          5440 5512 5593 5440 5593 5594
          5351 5440 5594 5513 5351 5594
          5514 5441 5595 5595 5441 5596
          5596 5515 5597 5441 5515 5596
          5597 5443 5598 5515 5443 5597
          5443 5516 5598 5445 5514 5599
          5514 5595 5599 5516 5517 5600
          5517 5518 5601 5600 5517 5601
          5519 5445 5599 5518 5451 5602
          5601 5518 5602 5602 5451 5603
          5451 5521 5603 5603 5521 5604
          5521 5524 5605 5604 5521 5605
          5524 5523 5605 5527 5528 5606
          5528 5452 5607 5606 5528 5607
          5452 5529 5607 5455 5531 5608
          5369 5455 5608 5369 5608 5609
          5199 5371 5531 5534 5369 5609
          5532 5535 5610 5371 5536 5611
          5537 5534 5612 5535 5537 5610
          5610 5537 5612 5458 5539 5613
          5460 5461 5614 5614 5540 5615
          5461 5540 5614 5540 5541 5615
          5615 5541 5616 5464 5458 5613
          5288 5459 5617 5459 5460 5617
          5541 5465 5616 5542 5211 5543
          5209 5464 5618 5544 5209 5618
          5378 5468 5619 5465 5619 5620
          5465 5378 5619 5469 5466 5621
          5621 5542 5622 5466 5542 5621
          5542 5543 5622 5543 5467 5623
          5467 5470 5623 5380 5381 5624
          5546 5212 5625 5212 5299 5625
          5384 5547 5626 5549 5384 5626
          5472 5550 5627 5548 5472 5628
          5472 5627 5628 5550 5551 5629
          5627 5550 5629 5551 5552 5630
          5629 5551 5630 5552 5554 5630
          5391 5389 5631 5631 5476 5632
          5389 5476 5631 5632 5555 5633
          5476 5555 5632 5555 5556 5633
          5554 5557 5634 5558 5391 5631
          5562 5561 5635 5556 5395 5636
          5395 5567 5636 4929 5300 5637
          5634 5557 5637 5557 4929 5637
          5560 5564 5638 5635 5638 5639
          5635 5561 5638 5561 5560 5638
          5565 5562 5635 5565 5635 5639
          5566 5565 5640 5567 5400 5641
          5482 5563 5568 5564 5569 5642
          5638 5564 5642 5566 5640 5643
          5483 5566 5643 5400 5570 5641
          5484 5568 5644 5642 5569 5645
          5571 5483 5646 5483 5643 5646
          5573 5484 5644 5569 5574 5647
          5645 5569 5647 5575 5571 5646
          5575 5646 5648 5572 5576 5649
          5577 5573 5650 5574 5579 5647
          5647 5579 5651 5489 5575 5648
          5576 5490 5652 5649 5576 5652
          5578 5492 5579 5651 5579 5653
          5579 5492 5653 5492 5580 5653
          5493 5489 5654 5490 5494 5652
          5652 5494 5655 5495 5496 5656
          5656 5496 5657 5657 5497 5658
          5496 5497 5657 5497 5498 5658
          5658 5498 5659 5491 5577 5660
          5580 5581 5653 5493 5654 5661
          5500 5493 5661 5494 5582 5655
          5501 5656 5662 5501 5495 5656
          5498 5583 5659 5504 5500 5663
          5500 5661 5663 5582 5509 5664
          5505 5501 5662 5505 5662 5665
          5587 5491 5660 5581 5585 5666
          5666 5588 5667 5585 5588 5666
          5667 5589 5668 5588 5589 5667
          5504 5663 5668 5589 5504 5668
          5664 5509 5669 5510 5505 5670
          5505 5665 5670 5590 5510 5670
          5591 5587 5671 5672 5509 5673
          5669 5509 5672 5592 5591 5671
          5592 5671 5674 5509 5513 5675
          5673 5509 5675 5592 5674 5676
          5592 5676 5677 5512 5592 5677
          5593 5512 5677 5513 5594 5678
          5675 5513 5678 5599 5595 5679
          5595 5596 5680 5680 5597 5681
          5596 5597 5680 5681 5598 5682
          5597 5598 5681 5598 5600 5682
          5598 5516 5600 5600 5601 5683
          5682 5600 5683 5519 5599 5684
          5683 5601 5685 5448 5519 5684
          5601 5602 5685 5602 5603 5686
          5522 5520 5687 5604 5605 5688
          5603 5604 5688 5522 5687 5689
          5523 5522 5689 5605 5523 5690
          5688 5605 5690 5527 5606 5691
          5526 5692 5693 5525 5526 5693
          5526 5527 5692 5606 5607 5694
          5691 5606 5694 5694 5529 5695
          5607 5529 5694 5529 5530 5695
          5525 5693 5696 5453 5525 5696
          5695 5530 5697 5530 5532 5697
          5531 5371 5698 5697 5610 5699
          5532 5610 5697 5371 5611 5698
          5612 5534 5700 5610 5612 5699
          5699 5612 5700 5536 5538 5701
          5611 5536 5701 5701 5538 5702
          5538 5288 5702 5614 5615 5703
          5615 5616 5703 5703 5616 5704
          5703 5704 5705 5705 5704 5706
          5464 5613 5707 5288 5617 5708
          5616 5465 5709 5704 5616 5709
          5706 5704 5709 5622 5710 5711
          5464 5707 5712 5618 5464 5712
          5621 5711 5713 5469 5621 5713
          5621 5622 5711 5622 5543 5710
          5623 5470 5714 5714 5379 5715
          5470 5379 5714 5545 5469 5713
          5379 5380 5716 5715 5379 5716
          5380 5624 5716 5382 5471 5717
          5381 5546 5624 5382 5717 5718
          5547 5382 5718 5625 5299 5719
          5626 5547 5718 5299 5548 5719
          5627 5629 5720 5629 5630 5720
          5214 5474 5553 5631 5632 5721
          5632 5633 5721 5633 5556 5722
          5477 5553 5723 5558 5631 5724
          5722 5636 5725 5556 5636 5722
          5636 5567 5725 5300 5477 5726
          5637 5300 5726 5563 5558 5724
          5639 5638 5727 5640 5639 5727
          5565 5639 5640 5568 5563 5728
          5638 5642 5729 5727 5638 5729
          5640 5727 5730 5643 5730 5731
          5643 5640 5730 5644 5568 5728
          5642 5645 5732 5729 5642 5732
          5643 5731 5733 5646 5643 5733
          5646 5733 5734 5573 5644 5735
          5645 5647 5736 5645 5736 5737
          5732 5645 5737 5648 5646 5734
          5648 5734 5738 5650 5573 5739
          5573 5735 5739 5647 5651 5740
          5736 5647 5740 5648 5738 5741
          5489 5648 5741 5649 5652 5742
          5651 5653 5743 5740 5651 5743
          5489 5741 5744 5654 5489 5744
          5652 5655 5745 5742 5652 5745
          5577 5650 5660 5653 5581 5743
          5743 5581 5746 5661 5654 5747
          5654 5744 5747 5655 5582 5745
          5659 5583 5748 5583 5584 5748
          5581 5666 5746 5663 5661 5749
          5749 5661 5750 5750 5661 5751
          5661 5747 5751 5584 5586 5752
          5748 5584 5752 5666 5667 5753
          5746 5666 5753 5753 5668 5754
          5667 5668 5753 5663 5749 5754
          5668 5663 5754 5664 5669 5755
          5664 5755 5756 5590 5670 5757
          5752 5590 5757 5586 5590 5752
          5671 5587 5758 5672 5673 5759
          5669 5672 5755 5755 5672 5759
          5755 5759 5760 5674 5671 5758
          5674 5758 5761 5673 5675 5760
          5759 5673 5760 5676 5674 5761
          5595 5680 5762 5681 5682 5763
          5599 5762 5764 5599 5679 5762
          5679 5595 5762 5682 5683 5765
          5684 5599 5764 5683 5685 5766
          5765 5683 5766 5448 5684 5767
          5685 5602 5768 5766 5685 5768
          5448 5767 5769 5450 5448 5769
          5602 5686 5768 5520 5769 5770
          5520 5450 5769 5687 5520 5770
          5686 5603 5688 5523 5689 5771
          5690 5523 5771 5693 5692 5772
          5692 5527 5773 5773 5527 5774
          5527 5691 5774 5774 5694 5775
          5691 5694 5774 5694 5695 5775
          5696 5693 5772 5608 5531 5776
          5609 5608 5776 5609 5776 5777
          5534 5609 5777 5697 5699 5778
          5533 5453 5696 5700 5534 5779
          5699 5700 5778 5778 5700 5779
          5778 5779 5780 5285 5533 5781
          5780 5779 5782 5285 5781 5783
          5539 5285 5783 5702 5288 5708
          5705 5784 5785 5703 5705 5785
          5705 5706 5784 5784 5706 5786
          5613 5539 5707 5708 5617 5787
          5617 5460 5788 5788 5614 5789
          5460 5614 5788 5614 5703 5789
          5706 5709 5786 5620 5619 5790
          5713 5711 5791 5791 5711 5792
          5711 5710 5792 5792 5543 5793
          5710 5543 5792 5793 5623 5794
          5543 5623 5793 5623 5714 5794
          5468 5544 5795 5790 5619 5795
          5619 5468 5795 5545 5713 5796
          5713 5791 5796 5471 5545 5717
          5624 5546 5797 5546 5625 5797
          5626 5718 5798 5719 5548 5799
          5549 5626 5798 5548 5628 5799
          5553 5474 5800 5630 5554 5801
          5721 5633 5802 5633 5722 5802
          5723 5553 5800 5554 5634 5801
          5724 5721 5803 5631 5721 5724
          5803 5802 5804 5721 5802 5803
          5804 5722 5805 5802 5722 5804
          5805 5725 5806 5722 5725 5805
          5806 5725 5807 5725 5567 5807
          5477 5723 5808 5726 5477 5808
          5634 5637 5809 5563 5724 5810
          5637 5726 5809 5728 5563 5811
          5563 5810 5811 5727 5729 5812
          5727 5812 5813 5730 5727 5813
          5731 5730 5813 5641 5570 5814
          5644 5728 5811 5729 5732 5815
          5812 5729 5815 5812 5815 5816
          5813 5812 5816 5813 5816 5817
          5813 5817 5818 5731 5813 5818
          5731 5818 5819 5733 5731 5819
          5734 5733 5819 5570 5572 5814
          5735 5644 5820 5732 5737 5821
          5815 5821 5822 5815 5732 5821
          5816 5815 5822 5817 5816 5822
          5734 5819 5823 5738 5734 5823
          5738 5823 5824 5572 5649 5825
          5825 5649 5826 5739 5735 5820
          5737 5740 5827 5737 5736 5740
          5737 5827 5828 5737 5828 5829
          5821 5737 5829 5822 5821 5829
          5738 5824 5830 5741 5738 5830
          5649 5742 5826 5650 5739 5831
          5740 5743 5827 5743 5832 5833
          5828 5743 5833 5827 5743 5828
          5833 5832 5834 5744 5741 5830
          5742 5745 5835 5656 5836 5837
          5656 5657 5836 5657 5658 5836
          5658 5659 5838 5838 5659 5839
          5743 5746 5832 5834 5832 5840
          5841 5842 5843 5843 5844 5845
          5841 5843 5845 5845 5844 5846
          5844 5747 5846 5747 5744 5846
          5745 5582 5847 5835 5745 5847
          5662 5656 5848 5656 5837 5848
          5659 5748 5849 5839 5659 5849
          5650 5831 5850 5660 5650 5850
          5840 5832 5851 5832 5746 5851
          5840 5851 5852 5749 5750 5853
          5750 5843 5853 5843 5842 5853
          5843 5751 5844 5750 5751 5843
          5751 5747 5844 5582 5664 5854
          5847 5582 5854 5662 5848 5855
          5665 5662 5855 5748 5752 5856
          5849 5748 5856 5660 5850 5857
          5587 5660 5857 5746 5753 5851
          5753 5754 5852 5851 5753 5852
          5852 5749 5858 5754 5749 5852
          5749 5853 5858 5664 5756 5854
          5665 5855 5859 5665 5859 5860
          5670 5665 5860 5670 5860 5861
          5757 5670 5861 5856 5757 5861
          5752 5757 5856 5758 5587 5857
          5758 5857 5862 5755 5760 5863
          5756 5863 5864 5756 5755 5863
          5761 5758 5862 5761 5862 5865
          5863 5760 5866 5676 5865 5867
          5676 5761 5865 5760 5675 5866
          5866 5675 5868 5677 5676 5869
          5676 5867 5869 5593 5677 5869
          5678 5594 5870 5870 5594 5871
          5675 5678 5868 5868 5678 5870
          5593 5869 5872 5594 5593 5872
          5871 5594 5872 5762 5680 5873
          5680 5681 5763 5680 5763 5873
          5764 5762 5874 5762 5873 5874
          5763 5682 5875 5682 5765 5875
          5684 5764 5876 5875 5766 5877
          5765 5766 5875 5767 5684 5876
          5766 5768 5878 5877 5766 5878
          5768 5686 5879 5878 5768 5879
          5687 5770 5880 5686 5688 5881
          5879 5686 5881 5689 5687 5880
          5688 5690 5882 5881 5688 5882
          5771 5689 5883 5771 5883 5884
          5690 5771 5884 5772 5692 5885
          5692 5773 5885 5773 5774 5886
          5886 5775 5887 5774 5775 5886
          5775 5695 5887 5696 5772 5888
          5696 5888 5889 5772 5885 5888
          5887 5695 5890 5695 5697 5890
          5696 5889 5891 5531 5698 5892
          5776 5892 5893 5776 5531 5892
          5777 5776 5893 5534 5777 5894
          5890 5697 5895 5697 5778 5895
          5895 5778 5896 5533 5696 5891
          5779 5534 5894 5782 5779 5894
          5782 5894 5897 5778 5780 5896
          5896 5780 5898 5896 5898 5899
          5781 5533 5891 5611 5701 5900
          5898 5782 5901 5780 5782 5898
          5899 5898 5901 5701 5702 5902
          5900 5701 5902 5902 5702 5903
          5702 5708 5903 5703 5785 5789
          5789 5785 5904 5904 5784 5905
          5785 5784 5904 5784 5786 5905
          5707 5539 5906 5709 5465 5907
          5786 5709 5907 5712 5707 5906
          5465 5620 5907 5792 5908 5909
          5791 5792 5909 5908 5793 5910
          5792 5793 5908 5910 5794 5911
          5793 5794 5910 5911 5714 5912
          5794 5714 5911 5912 5715 5913
          5714 5715 5912 5544 5618 5914
          5795 5544 5914 5796 5791 5909
          5796 5909 5915 5715 5716 5916
          5913 5715 5916 5916 5716 5917
          5918 5545 5919 5545 5796 5915
          5545 5915 5919 5716 5624 5917
          5717 5545 5918 5624 5797 5917
          5717 5918 5920 5797 5625 5921
          5717 5920 5922 5718 5717 5922
          5625 5719 5921 5718 5922 5923
          5798 5718 5923 5799 5628 5924
          5549 5798 5925 5628 5627 5924
          5627 5720 5924 5474 5549 5925
          5800 5474 5925 5720 5630 5801
          5804 5926 5927 5803 5804 5927
          5926 5805 5928 5804 5805 5926
          5928 5806 5929 5805 5806 5928
          5810 5803 5927 5724 5803 5810
          5806 5807 5929 5807 5567 5930
          5567 5641 5931 5930 5567 5931
          5641 5814 5931 5644 5811 5932
          5814 5572 5825 5820 5644 5932
          5820 5932 5933 5817 5822 5934
          5817 5934 5935 5818 5817 5935
          5818 5935 5936 5819 5818 5936
          5823 5819 5937 5819 5936 5937
          5824 5823 5937 5824 5937 5938
          5825 5826 5939 5739 5820 5940
          5829 5828 5833 5829 5833 5941
          5822 5829 5941 5934 5822 5941
          5934 5941 5942 5935 5934 5942
          5935 5942 5943 5936 5935 5943
          5824 5938 5944 5830 5824 5944
          5826 5742 5939 5939 5742 5945
          5831 5739 5946 5833 5834 5941
          5941 5834 5947 5942 5941 5947
          5943 5942 5948 5943 5948 5949
          5830 5944 5950 5744 5830 5950
          5742 5835 5945 5945 5835 5951
          5836 5658 5952 5658 5838 5952
          5838 5839 5953 5834 5840 5947
          5942 5947 5954 5948 5942 5954
          5842 5948 5954 5842 5841 5948
          5841 5845 5955 5949 5841 5955
          5948 5841 5949 5955 5846 5956
          5845 5846 5955 5846 5744 5950
          5846 5950 5956 5951 5835 5957
          5835 5847 5957 5848 5837 5958
          5839 5849 5959 5953 5839 5959
          5850 5831 5960 5840 5852 5947
          5947 5852 5954 5954 5852 5961
          5842 5954 5961 5853 5842 5961
          5847 5854 5962 5957 5847 5962
          5848 5958 5963 5855 5848 5963
          5964 5856 5965 5849 5856 5959
          5959 5856 5964 5857 5850 5966
          5852 5858 5961 5858 5853 5961
          5854 5756 5967 5967 5756 5968
          5962 5854 5967 5859 5855 5969
          5855 5963 5969 5859 5969 5970
          5860 5859 5970 5965 5860 5970
          5861 5860 5965 5856 5861 5965
          5862 5857 5966 5864 5863 5971
          5756 5864 5968 5972 5973 5974
          5865 5862 5975 5863 5866 5971
          5971 5866 5976 5867 5865 5975
          5866 5868 5976 5869 5867 5977
          5872 5869 5978 5869 5977 5978
          5872 5978 5979 5871 5872 5979
          5870 5871 5979 5873 5763 5980
          5763 5875 5980 5876 5764 5981
          5764 5874 5981 5980 5875 5982
          5875 5877 5982 5982 5877 5983
          5767 5876 5984 5876 5981 5984
          5877 5878 5985 5983 5877 5985
          5767 5984 5986 5769 5767 5986
          5878 5879 5987 5985 5878 5987
          5770 5769 5986 5879 5881 5988
          5689 5880 5989 5881 5882 5988
          5988 5882 5990 5883 5689 5989
          5882 5690 5884 5885 5773 5991
          5773 5886 5991 5889 5888 5992
          5992 5888 5993 5888 5885 5993
          5889 5992 5994 5891 5889 5994
          5890 5895 5995 5896 5899 5996
          5782 5897 5997 5901 5782 5997
          5901 5997 5998 5901 5998 5999
          5899 5901 5996 5996 5901 5999
          5996 5999 6000 5783 5781 6001
          5999 5998 6002 6002 5998 6003
          6000 5999 6004 5999 6002 6004
          5902 5903 6005 5789 5904 6006
          5904 5905 6006 5905 6002 6006
          6002 6003 6006 6004 6002 6007
          6002 5905 6007 5905 5786 6007
          5539 5783 5906 5903 5787 6008
          5708 5787 5903 5786 5907 6007
          5712 5906 6009 6008 5787 6010
          6010 5617 6011 5787 5617 6010
          6011 5788 6012 5617 5788 6011
          5788 5789 6012 5907 5620 6013
          5908 5910 6014 6014 5911 6015
          5910 5911 6014 6015 5912 6016
          5911 5912 6015 5912 5913 6016
          5712 6009 6017 5618 5712 6017
          5795 5914 6018 5790 5795 6018
          5620 5790 6019 6013 5620 6019
          5909 6020 6021 5915 5909 6021
          6020 5908 6022 5909 5908 6020
          5908 6014 6022 6016 5913 6023
          6023 5916 6024 5913 5916 6023
          5916 5917 6024 6024 5917 6025
          5915 6021 6026 5919 5915 6026
          6025 5917 6027 5918 5919 6028
          5919 6026 6028 5917 5797 6027
          6027 5797 6029 5918 6028 6030
          5918 6030 6031 5920 5918 6031
          5797 5921 6029 5922 5920 6031
          5922 6031 6032 5921 5719 6033
          6029 5921 6033 5922 6032 6034
          5923 5922 6034 5719 5799 6035
          6033 5719 6035 5923 6034 6036
          5798 5923 6036 5799 5924 6037
          6035 5799 6037 5798 6036 6038
          5925 5798 6038 5924 5720 6039
          5800 5925 6040 5720 5801 6041
          5723 5800 6040 5723 6040 6042
          6041 5801 6043 5808 5723 6042
          5801 5634 6043 6043 5634 6044
          5810 5927 6045 6045 5926 6046
          5927 5926 6045 6046 5928 6047
          5926 5928 6046 6047 5929 6048
          5928 5929 6047 6048 5807 6049
          5929 5807 6048 6049 5930 6050
          5807 5930 6049 5808 6042 6051
          5808 6051 6052 5726 5808 6052
          5726 6052 6053 5809 5726 6053
          6044 5634 6053 5634 5809 6053
          5811 5810 6054 5810 6045 6054
          5930 5931 6050 5932 5811 6054
          5931 5814 6055 5814 5825 6055
          5933 5932 6054 5937 5936 6056
          5938 5937 6056 6055 5825 6057
          5825 5939 6057 5936 5943 6058
          5936 6058 6059 6056 5936 6059
          5944 5938 6060 5938 6056 6060
          6056 6059 6060 6057 5939 6061
          5939 5945 6061 5943 5949 6062
          5943 6062 6063 6058 5943 6063
          5944 6060 6064 5950 5944 6064
          6061 5951 6065 5945 5951 6061
          5836 6066 6067 5837 5836 6067
          5836 5952 6066 6066 5952 6068
          5952 5838 6069 6068 5952 6069
          5838 5953 6069 6069 5953 6070
          5949 5955 6062 6062 5956 6071
          5955 5956 6062 5956 5950 6064
          5956 6064 6071 5951 5957 6072
          6065 5951 6072 5958 5837 6067
          5958 6067 6073 5953 5959 6074
          6070 5953 6074 5957 5962 6072
          6072 5962 6075 5963 5958 6073
          5963 6073 6076 5964 5965 6077
          5964 6077 6078 5959 5964 6074
          6074 5964 6078 5967 5968 6079
          5967 6079 6080 6075 5962 6080
          5962 5967 6080 5963 6076 6081
          5969 5963 6082 5963 6081 6082
          5969 6082 6083 5970 5969 6083
          6077 5970 6083 5965 5970 6077
          5971 6084 6085 5864 5971 6085
          6079 5864 6085 5968 5864 6079
          5971 5976 6084 6084 5976 6086
          5976 5868 6087 6086 5976 6087
          5977 5867 6088 5977 6088 6089
          5868 5870 6087 6087 5870 6090
          5978 5977 6091 5977 6089 6091
          5978 6091 6092 5979 5978 6092
          6090 5870 6092 5870 5979 6092
          5981 5874 6093 6093 5873 6094
          5874 5873 6093 5873 5980 6094
          5980 5982 6095 5982 5983 6095
          6095 5983 6096 5984 5981 6097
          5983 5985 6098 6096 5983 6098
          5986 5984 6097 5985 5987 6098
          6098 5987 6099 5987 5879 6099
          5989 5880 6100 5882 5884 6101
          5885 5991 6102 5991 5886 6103
          5886 5887 6103 6103 5887 6104
          5887 5890 6104 5892 5698 6105
          5892 6105 6106 5892 6106 6107
          5893 5892 6107 5893 6107 6108
          5777 5893 6108 5894 5777 6108
          5995 5895 6109 5895 5896 6109
          6109 5896 6110 5891 5994 6111
          5698 5611 6112 5896 5996 6113
          6110 5896 6113 5891 6111 6114
          5781 5891 6114 5611 5900 6115
          6112 5611 6115 5997 5897 6116
          5998 5997 6116 5996 6000 6117
          6113 5996 6117 5781 6114 6118
          6001 5781 6118 5900 5902 6119
          6115 5900 6119 5998 6116 6120
          6003 5998 6120 6000 6004 6121
          6117 6000 6121 5902 6005 6119
          6006 6003 6120 6006 6120 6122
          6004 6007 6123 6121 6004 6123
          5783 6001 6124 5906 5783 6124
          6006 6122 6125 5789 6006 6125
          6007 5907 6123 6009 5906 6124
          6012 5789 6125 6022 6014 6126
          6126 6014 6127 6014 6015 6127
          6015 6016 6127 6127 6016 6128
          6128 6023 6129 6016 6023 6128
          6023 6024 6129 6024 6025 6130
          5618 6017 6131 5914 5618 6131
          5790 6018 6019 6026 6021 6132
          6132 6020 6133 6021 6020 6132
          6133 6022 6134 6020 6022 6133
          6022 6126 6134 6130 6025 6135
          6025 6027 6135 6028 6026 6136
          6026 6132 6136 6135 6027 6137
          6027 6029 6137 6030 6136 6138
          6030 6028 6136 6138 6136 6139
          6137 6029 6140 6032 6031 6141
          6031 6030 6141 6141 6138 6142
          6030 6138 6141 6138 6139 6143
          6142 6138 6143 6140 6033 6144
          6029 6033 6140 6034 6032 6145
          6032 6141 6145 6145 6141 6146
          6145 6146 6147 6146 6142 6148
          6141 6142 6146 6142 6143 6148
          6033 6035 6149 6144 6033 6149
          6036 6034 6145 6036 6145 6150
          6145 6147 6150 6035 6037 6149
          6149 6037 6151 6038 6036 6152
          6037 5924 6153 6038 6152 6154
          5925 6038 6154 5925 6154 6155
          6040 5925 6155 6039 6041 6156
          6039 5720 6041 6042 6040 6155
          6042 6155 6157 6041 6043 6158
          6041 6158 6159 6156 6041 6159
          6042 6157 6160 6043 6044 6161
          6158 6043 6161 6046 6047 6162
          6047 6048 6163 6162 6047 6163
          6163 6049 6164 6048 6049 6163
          6049 6050 6164 6051 6042 6165
          6042 6160 6165 6052 6051 6165
          6044 6053 6161 6054 6045 6166
          6166 6045 6167 6045 6046 6167
          6167 6162 6168 6046 6162 6167
          6162 6163 6168 6168 6163 6169
          6163 6164 6169 6164 6050 6170
          6170 5931 6171 6050 5931 6170
          5931 6055 6172 6171 5931 6172
          6173 6054 6166 6174 6175 6176
          6177 6178 6179 6166 6167 6180
          6179 6178 6181 6167 6168 6182
          6183 6184 6185 6186 6168 6187
          6055 6057 6172 6059 6058 6188
          6060 6059 6188 6189 6190 6191
          6071 6192 6062 6192 6063 6062
          6192 6058 6063 6188 6058 6192
          6060 6188 6192 6064 6060 6192
          6061 6065 6177 6193 6067 6194
          6194 6066 6195 6067 6066 6194
          6066 6068 6195 6069 6070 6196
          6071 6064 6192 6065 6072 6178
          6177 6065 6178 6073 6067 6193
          6073 6193 6197 6070 6074 6198
          6196 6070 6198 6072 6075 6199
          6178 6072 6199 6073 6197 6200
          6076 6073 6200 6078 6077 6201
          6078 6201 6202 6074 6078 6198
          6198 6078 6202 6080 6079 6183
          6080 6183 6203 6199 6080 6203
          6075 6080 6199 6081 6076 6204
          6076 6200 6204 6081 6204 6205
          6082 6081 6205 6082 6205 6206
          6083 6082 6206 6201 6083 6206
          6077 6083 6201 6091 6207 5973
          6208 6090 6209 6085 6084 6184
          6183 6085 6184 6079 6085 6183
          6084 6086 6210 6211 6208 6191
          6086 6087 6211 6190 6086 6211
          6212 5973 5972 6091 6089 6207
          6087 6090 6208 6211 6087 6208
          6092 6091 6212 6090 6092 6212
          5981 6093 6213 5980 6095 6214
          6095 6096 6214 6097 5981 6213
          6214 6098 6215 6096 6098 6214
          5986 6097 6216 6215 6098 6217
          6098 6099 6217 5986 6216 6218
          5770 5986 6218 6099 5879 6219
          6217 6099 6219 5880 6218 6220
          5880 5770 6218 5879 5988 6221
          6219 5879 6221 6100 5880 6220
          5988 5990 6221 5882 6101 6222
          5990 5882 6222 5883 5989 6223
          5883 6223 6224 5884 5883 6224
          6101 5884 6224 5992 5993 6225
          5993 6102 6225 5993 5885 6102
          5890 5995 6104 5994 5992 6225
          5994 6225 6226 6111 5994 6226
          6105 5698 6112 6227 6228 6229
          6112 6115 6228 6227 6112 6228
          6113 6117 6230 6118 6114 6231
          6228 6119 6229 6229 6119 6232
          6115 6119 6228 6116 6233 6234
          6120 6116 6234 6117 6121 6230
          6230 6121 6235 6119 6005 6232
          6122 6120 6234 6121 6123 6235
          6118 6231 6236 6124 6001 6236
          6001 6118 6236 6005 6237 6238
          6005 5903 6237 5903 6008 6237
          6123 5907 6239 6009 6124 6236
          6011 6012 6240 6012 6125 6240
          5907 6013 6239 6017 6009 6241
          6127 6128 6242 6242 6129 6243
          6128 6129 6242 6129 6024 6130
          6129 6130 6243 6017 6241 6244
          6131 6017 6244 6134 6126 6245
          6126 6127 6246 6245 6126 6246
          6127 6242 6246 6130 6135 6247
          6132 6133 6136 6136 6133 6248
          6133 6134 6248 6247 6137 6249
          6135 6137 6247 6139 6136 6248
          6139 6248 6250 6249 6140 6251
          6137 6140 6249 6139 6250 6252
          6143 6139 6252 6140 6144 6251
          6251 6144 6253 6146 6148 6254
          6148 6143 6252 6148 6252 6254
          6144 6149 6253 6147 6146 6255
          6150 6147 6255 6146 6254 6255
          6036 6150 6152 6152 6150 6256
          6150 6255 6256 6151 6037 6153
          6257 6039 6258 5924 6039 6153
          6259 6260 6261 6155 6154 6262
          6263 6259 6261 6258 6156 6264
          6039 6156 6258 6157 6155 6262
          6157 6262 6265 6160 6157 6265
          6266 6161 6267 6158 6161 6266
          6165 6160 6268 6053 6052 6269
          6053 6269 6270 6267 6053 6270
          6161 6053 6267 6169 6164 6271
          6164 6170 6271 6212 5972 6272
          6170 6171 6273 6052 6165 6269
          6165 6268 6269 6168 6169 6187
          6209 6090 6272 6181 6274 6275
          6276 6185 6277 6171 6172 6278
          6276 6277 6275 6195 6068 6279
          6279 6068 6280 6068 6069 6280
          6193 6194 6281 6195 6279 6282
          6281 6195 6282 6194 6195 6281
          6069 6196 6283 6284 6174 6176
          6197 6285 6286 6197 6193 6285
          6193 6281 6285 6281 6282 6285
          6196 6198 6287 6178 6199 6181
          6181 6199 6274 6197 6286 6288
          6200 6197 6288 6202 6201 6289
          6198 6202 6289 6198 6289 6290
          6287 6198 6290 6203 6185 6276
          6203 6183 6185 6274 6203 6276
          6199 6203 6274 6204 6200 6288
          6204 6288 6291 6205 6204 6291
          6205 6291 6292 6206 6205 6292
          6206 6292 6293 6201 6206 6293
          6289 6201 6293 6190 6211 6191
          6294 6295 6296 6212 6091 5973
          6090 6212 6272 6297 6277 6298
          6094 5980 6299 5980 6214 6299
          6299 6214 6300 6214 6215 6300
          6300 6215 6301 6215 6217 6302
          6301 6215 6302 6217 6219 6303
          6302 6217 6303 6219 6221 6303
          6303 6221 6304 6100 6220 6305
          6221 5990 6306 6304 6221 6306
          5989 6100 6307 6100 6305 6307
          5990 6222 6306 6223 5989 6307
          6101 6224 6308 6222 6101 6308
          6102 5991 6309 6225 6102 6310
          6226 6225 6310 6226 6310 6311
          6106 6105 6312 6106 6312 6313
          6107 6106 6313 6108 6107 6314
          6108 6314 6315 6111 6226 6311
          6105 6112 6316 6312 6105 6316
          5894 6108 6315 5897 5894 6315
          5897 6315 6317 6114 6111 6318
          6227 6229 6319 6112 6227 6316
          6316 6227 6319 6116 5897 6317
          6233 6116 6317 6114 6318 6320
          6231 6114 6320 6229 6232 6321
          6319 6229 6321 6232 6238 6321
          6232 6005 6238 6122 6234 6322
          6236 6231 6323 6125 6122 6324
          6122 6322 6324 6236 6323 6325
          6009 6236 6325 6237 6008 6326
          6008 6010 6326 6240 6125 6327
          6125 6324 6327 6241 6009 6325
          6010 6011 6328 6244 6241 6329
          6019 6018 6330 6246 6242 6331
          6331 6243 6332 6242 6243 6331
          6332 6130 6333 6243 6130 6332
          6130 6247 6333 5914 6131 6334
          6330 5914 6334 6018 5914 6330
          6248 6134 6335 6335 6245 6336
          6134 6245 6335 6336 6246 6337
          6245 6246 6336 6246 6331 6337
          6333 6247 6338 6247 6249 6338
          6248 6335 6339 6250 6248 6339
          6338 6249 6340 6249 6251 6340
          6252 6250 6341 6252 6341 6342
          6250 6339 6341 6340 6251 6343
          6251 6253 6343 6254 6252 6342
          6254 6342 6344 6343 6253 6345
          6253 6149 6345 6255 6254 6344
          6255 6344 6346 6345 6151 6347
          6149 6151 6345 6255 6346 6348
          6256 6255 6348 6349 6350 6351
          6154 6152 6256 6154 6256 6352
          6256 6348 6352 6257 6258 6353
          6262 6154 6352 6349 6351 6354
          6265 6355 6356 6265 6262 6355
          6160 6265 6356 6160 6356 6357
          6358 6359 6360 6268 6160 6357
          6268 6357 6361 6269 6268 6361
          6362 6363 6364 6270 6269 6361
          6362 6364 6365 6267 6270 6366
          6279 6280 6367 6280 6069 6368
          6282 6279 6369 6279 6367 6369
          6069 6283 6370 6368 6069 6370
          6283 6196 6370 6370 6196 6371
          6286 6285 6372 6285 6282 6369
          6285 6369 6372 6196 6287 6371
          6371 6287 6373 6371 6373 6374
          6298 6296 6375 6286 6372 6376
          6288 6286 6376 6373 6290 6377
          6287 6290 6373 6374 6373 6377
          6297 6298 6375 6274 6276 6275
          6291 6288 6376 6291 6376 6378
          6292 6291 6378 6292 6378 6379
          6293 6292 6380 6293 6380 6381
          6289 6293 6381 6289 6381 6382
          6290 6289 6382 6377 6290 6382
          6292 6379 6383 6380 6292 6383
          6380 6383 6384 6381 6380 6384
          6213 6093 6385 6093 6094 6385
          6216 6097 6386 6301 6302 6387
          6218 6216 6386 6218 6386 6388
          6387 6303 6389 6302 6303 6387
          6218 6388 6390 6220 6218 6390
          6303 6304 6389 6305 6220 6390
          6222 6308 6391 6224 6223 6392
          6308 6224 6392 5991 6103 6309
          6310 6102 6393 6309 6103 6394
          6394 6104 6395 6103 6104 6394
          6395 5995 6396 6104 5995 6395
          6311 6310 6393 6311 6393 6397
          6315 6314 6398 5995 6109 6399
          6396 5995 6399 6111 6311 6400
          6109 6110 6399 6318 6111 6400
          6233 6317 6401 6113 6230 6402
          6233 6401 6403 6234 6233 6403
          6230 6235 6402 6321 6238 6404
          6322 6234 6403 6235 6123 6405
          6231 6320 6323 6238 6237 6404
          6123 6239 6405 6237 6326 6406
          6326 6010 6328 6328 6011 6407
          6011 6240 6407 6329 6325 6408
          6241 6325 6329 6019 6330 6409
          6244 6329 6410 6244 6410 6411
          6131 6244 6411 6334 6131 6411
          6335 6336 6412 6337 6331 6413
          6413 6332 6414 6331 6332 6413
          6414 6333 6415 6332 6333 6414
          6333 6338 6415 6339 6335 6412
          6339 6412 6416 6412 6336 6417
          6417 6337 6418 6336 6337 6417
          6418 6413 6419 6337 6413 6418
          6415 6338 6420 6338 6340 6420
          6342 6341 6421 6341 6339 6416
          6341 6416 6421 6344 6342 6421
          6344 6421 6422 6343 6345 6423
          6346 6344 6422 6346 6422 6359
          6424 6362 6365 6346 6359 6358
          6348 6346 6358 6425 6426 6427
          6415 6420 6428 6356 6363 6362
          6357 6356 6362 6361 6357 6362
          6420 6429 6430 6367 6431 6432
          6367 6280 6431 6431 6368 6433
          6280 6368 6431 6369 6367 6434
          6367 6432 6434 6368 6370 6435
          6433 6368 6435 6370 6371 6435
          6435 6371 6436 6435 6436 6437
          6369 6434 6438 6372 6369 6438
          6371 6374 6439 6436 6371 6439
          6376 6372 6438 6374 6377 6439
          6439 6377 6440 6378 6376 6441
          6379 6378 6441 6379 6441 6442
          6377 6382 6443 6377 6443 6444
          6440 6377 6444 6383 6379 6445
          6379 6442 6445 6384 6383 6445
          6384 6445 6446 6384 6446 6447
          6381 6384 6447 6382 6447 6448
          6382 6381 6447 6443 6382 6448
          6385 6094 6449 6094 6299 6449
          6299 6300 6450 6300 6301 6450
          6097 6213 6386 6386 6213 6451
          6450 6387 6452 6301 6387 6450
          6452 6387 6453 6387 6389 6453
          6453 6389 6454 6389 6304 6455
          6454 6389 6455 6305 6390 6456
          6304 6306 6455 6307 6305 6456
          6306 6222 6457 6222 6391 6457
          6223 6307 6458 6392 6223 6458
          6308 6392 6459 6391 6308 6459
          6102 6460 6461 6393 6102 6461
          6460 6309 6462 6102 6309 6460
          6309 6394 6462 6395 6396 6463
          6311 6397 6464 6464 6397 6465
          6397 6393 6461 6397 6461 6465
          6313 6312 6466 6107 6313 6467
          6314 6107 6467 6463 6396 6468
          6396 6399 6468 6400 6311 6464
          6312 6316 6466 6317 6315 6469
          6399 6110 6470 6110 6113 6470
          6470 6113 6471 6318 6400 6472
          6316 6319 6473 6317 6469 6474
          6401 6317 6474 6113 6402 6475
          6471 6113 6475 6319 6321 6476
          6473 6319 6476 6403 6401 6477
          6321 6404 6476 6403 6477 6478
          6322 6403 6478 6404 6237 6479
          6322 6478 6480 6324 6322 6480
          6237 6406 6479 6327 6324 6480
          6327 6480 6481 6239 6013 6482
          6326 6328 6483 6240 6327 6481
          6013 6019 6484 6482 6013 6484
          6325 6323 6408 6019 6409 6484
          6329 6408 6485 6410 6329 6485
          6409 6330 6486 6410 6485 6487
          6410 6487 6488 6411 6410 6488
          6334 6411 6488 6330 6334 6486
          6416 6412 6489 6489 6412 6490
          6490 6417 6491 6412 6417 6490
          6491 6418 6492 6417 6418 6491
          6492 6419 6425 6418 6419 6492
          6425 6419 6426 6419 6413 6426
          6413 6414 6426 6360 6493 6494
          6421 6489 6495 6421 6416 6489
          6422 6495 6496 6422 6421 6495
          6420 6340 6429 6497 6427 6498
          6340 6423 6429 6340 6343 6423
          6359 6496 6493 6359 6422 6496
          6359 6493 6360 6499 6497 6498
          6494 6500 6501 6502 6499 6503
          6504 6505 6506 6431 6507 6508
          6432 6431 6508 6431 6433 6509
          6507 6431 6509 6432 6508 6510
          6434 6432 6510 6509 6435 6511
          6433 6435 6509 6435 6437 6512
          6435 6512 6513 6511 6435 6513
          6437 6436 6512 6438 6434 6510
          6438 6510 6514 6513 6439 6515
          6512 6439 6513 6436 6439 6512
          6438 6514 6516 6376 6438 6516
          6439 6440 6517 6515 6439 6517
          6442 6516 6518 6442 6441 6516
          6441 6376 6516 6440 6444 6517
          6517 6444 6519 6445 6442 6520
          6442 6518 6520 6446 6445 6520
          6446 6520 6521 6444 6443 6522
          6519 6444 6522 6446 6521 6523
          6447 6446 6523 6447 6523 6524
          6447 6524 6525 6448 6447 6525
          6443 6448 6525 6443 6525 6526
          6522 6443 6526 6449 6299 6527
          6299 6450 6527 6451 6213 6528
          6213 6385 6528 6527 6450 6529
          6450 6452 6529 6388 6386 6530
          6386 6451 6530 6452 6453 6531
          6453 6454 6531 6390 6388 6530
          6390 6530 6532 6456 6390 6532
          6455 6306 6533 6307 6456 6534
          6306 6457 6533 6391 6459 6535
          6394 6395 6536 6395 6463 6536
          6536 6463 6537 6313 6466 6538
          6467 6313 6538 6314 6467 6539
          6537 6463 6540 6463 6468 6540
          6398 6314 6539 6540 6399 6541
          6468 6399 6540 6400 6464 6542
          6466 6316 6543 6399 6470 6541
          6472 6400 6542 6316 6473 6543
          6401 6474 6477 6402 6235 6544
          6475 6402 6544 6318 6472 6545
          6320 6318 6545 6476 6404 6546
          6235 6405 6544 6544 6405 6547
          6323 6320 6545 6404 6479 6546
          6480 6478 6548 6405 6239 6547
          6479 6406 6549 6481 6480 6548
          6326 6483 6549 6406 6326 6549
          6240 6481 6550 6481 6548 6550
          6408 6323 6551 6328 6407 6552
          6407 6240 6552 6552 6240 6553
          6240 6550 6553 6484 6409 6554
          6484 6554 6555 6485 6408 6556
          6409 6486 6554 6557 6490 6558
          6490 6491 6499 6558 6490 6499
          6499 6491 6497 6485 6556 6559
          6487 6485 6559 6334 6488 6560
          6334 6560 6561 6486 6334 6561
          6489 6490 6557 6491 6492 6497
          6497 6425 6427 6492 6425 6497
          6495 6557 6562 6495 6489 6557
          6496 6562 6563 6496 6495 6562
          6493 6563 6494 6493 6496 6563
          6500 6564 6506 6508 6507 6565
          6510 6508 6565 6510 6565 6566
          6566 6509 6567 6565 6509 6566
          6507 6509 6565 6567 6511 6568
          6509 6511 6567 6511 6513 6568
          6514 6510 6566 6568 6513 6569
          6513 6515 6570 6569 6513 6570
          6516 6514 6571 6515 6517 6570
          6518 6516 6571 6518 6571 6572
          6517 6519 6573 6521 6572 6574
          6521 6520 6572 6520 6518 6572
          6519 6522 6573 6573 6522 6575
          6523 6521 6574 6524 6523 6574
          6524 6574 6576 6526 6525 6577
          6526 6577 6578 6522 6526 6575
          6575 6526 6578 6524 6576 6577
          6525 6524 6577 6451 6528 6579
          6530 6451 6579 6529 6531 6580
          6529 6452 6531 6531 6454 6580
          6454 6455 6581 6580 6454 6581
          6456 6532 6582 6455 6533 6581
          6534 6456 6582 6533 6457 6583
          6457 6391 6584 6583 6457 6584
          6391 6535 6584 6392 6458 6585
          6459 6392 6585 6461 6460 6586
          6462 6394 6536 6536 6537 6587
          6464 6465 6588 6465 6586 6588
          6465 6461 6586 6538 6466 6589
          6538 6589 6590 6538 6590 6591
          6467 6538 6591 6467 6591 6592
          6539 6467 6592 6537 6540 6587
          6398 6539 6593 6539 6592 6593
          6540 6541 6587 6542 6464 6588
          6542 6588 6594 6466 6543 6595
          6466 6595 6596 6589 6466 6596
          6315 6398 6597 6398 6593 6597
          6469 6315 6597 6542 6594 6598
          6472 6542 6598 6543 6473 6599
          6595 6543 6599 6473 6476 6600
          6599 6473 6600 6477 6474 6601
          6476 6546 6600 6478 6601 6602
          6478 6477 6601 6546 6479 6603
          6548 6478 6602 6548 6602 6604
          6547 6239 6605 6323 6545 6606
          6479 6549 6607 6603 6479 6607
          6548 6604 6608 6239 6482 6605
          6551 6323 6606 6549 6483 6607
          6607 6483 6609 6548 6608 6610
          6550 6548 6610 6482 6484 6611
          6609 6328 6612 6483 6328 6609
          6612 6552 6613 6328 6552 6612
          6553 6610 6613 6552 6553 6613
          6553 6550 6610 6484 6555 6611
          6408 6551 6556 6557 6614 6615
          6557 6558 6614 6559 6556 6616
          6561 6560 6617 6557 6615 6618
          6501 6500 6619 6620 6621 6622
          6487 6559 6623 6487 6623 6624
          6488 6487 6624 6617 6560 6624
          6560 6488 6624 6562 6618 6625
          6562 6557 6618 6562 6625 6504
          6563 6562 6504 6563 6504 6564
          6494 6563 6564 6494 6564 6500
          6626 6503 6627 6566 6567 6628
          6567 6568 6629 6628 6567 6629
          6514 6566 6630 6566 6628 6630
          6629 6569 6631 6568 6569 6629
          6569 6570 6631 6631 6570 6632
          6571 6514 6630 6570 6517 6632
          6632 6517 6633 6517 6573 6634
          6633 6517 6634 6574 6572 6635
          6574 6635 6636 6637 6575 6638
          6573 6575 6634 6634 6575 6637
          6574 6636 6639 6576 6574 6639
          6576 6639 6640 6577 6576 6640
          6638 6578 6640 6578 6577 6640
          6575 6578 6638 6579 6528 6641
          6527 6529 6642 6529 6580 6642
          6532 6530 6643 6579 6641 6643
          6530 6579 6643 6580 6581 6644
          6582 6532 6643 6582 6643 6645
          6581 6533 6646 6644 6581 6646
          6534 6582 6645 6533 6583 6646
          6307 6534 6647 6458 6307 6647
          6584 6535 6648 6459 6585 6649
          6535 6459 6649 6462 6536 6650
          6536 6587 6650 6650 6587 6651
          6588 6586 6652 6590 6589 6653
          6590 6653 6654 6591 6590 6654
          6591 6654 6655 6592 6591 6655
          6593 6592 6655 6594 6588 6652
          6594 6652 6656 6596 6595 6657
          6653 6596 6658 6589 6596 6653
          6654 6653 6658 6597 6593 6659
          6593 6655 6659 6594 6656 6660
          6598 6594 6660 6595 6599 6657
          6657 6599 6661 6469 6597 6662
          6597 6659 6662 6474 6469 6662
          6599 6600 6661 6601 6662 6663
          6601 6474 6662 6475 6544 6664
          6472 6598 6665 6545 6472 6665
          6602 6601 6666 6601 6663 6666
          6544 6547 6664 6600 6546 6603
          6604 6602 6666 6604 6666 6667
          6603 6607 6668 6608 6604 6667
          6608 6667 6669 6668 6607 6670
          6607 6609 6670 6610 6608 6669
          6610 6669 6671 6558 6672 6673
          6670 6612 6674 6609 6612 6670
          6674 6613 6675 6612 6613 6674
          6675 6613 6676 6613 6610 6676
          6610 6671 6676 6611 6555 6677
          6614 6673 6621 6614 6558 6673
          6558 6499 6502 6672 6558 6502
          6502 6503 6626 6556 6551 6678
          6554 6486 6679 6615 6621 6620
          6615 6614 6621 6616 6556 6678
          6561 6617 6680 6486 6561 6679
          6679 6561 6680 6618 6620 6681
          6618 6615 6620 6559 6616 6682
          6623 6559 6682 6623 6682 6683
          6624 6623 6684 6617 6624 6684
          6625 6681 6685 6625 6618 6681
          6623 6683 6684 6504 6625 6505
          6625 6685 6505 6351 6350 6686
          6564 6504 6506 6686 6687 6351
          6629 6688 6689 6628 6689 6690
          6630 6628 6690 6628 6629 6689
          6629 6631 6691 6688 6629 6691
          6631 6632 6691 6691 6632 6692
          6571 6630 6693 6630 6690 6693
          6632 6633 6692 6692 6633 6694
          6572 6571 6693 6635 6572 6693
          6633 6634 6695 6694 6633 6695
          6636 6635 6696 6637 6638 6697
          6634 6637 6695 6639 6636 6696
          6640 6639 6696 6638 6640 6697
          6385 6449 6698 6449 6527 6698
          6643 6641 6699 6642 6580 6700
          6580 6644 6700 6645 6643 6699
          6534 6645 6701 6646 6583 6702
          6647 6534 6701 6583 6584 6703
          6702 6583 6703 6458 6647 6704
          6584 6648 6703 6585 6458 6704
          6649 6585 6705 6649 6705 6706
          6535 6649 6706 6648 6535 6706
          6586 6460 6707 6707 6462 6708
          6460 6462 6707 6462 6650 6708
          6652 6586 6709 6651 6541 6710
          6587 6541 6651 6656 6652 6709
          6656 6709 6711 6658 6596 6712
          6596 6657 6712 6658 6712 6713
          6654 6658 6713 6654 6713 6714
          6655 6654 6714 6659 6655 6714
          6659 6714 6715 6541 6470 6716
          6710 6541 6716 6470 6471 6716
          6660 6656 6711 6660 6711 6717
          6657 6661 6718 6712 6657 6718
          6662 6715 6719 6662 6659 6715
          6716 6471 6720 6471 6475 6720
          6665 6660 6717 6598 6660 6665
          6663 6662 6721 6662 6719 6721
          6661 6600 6722 6718 6661 6722
          6666 6721 6723 6666 6663 6721
          6664 6547 6724 6600 6603 6725
          6722 6600 6725 6667 6666 6726
          6666 6723 6726 6547 6605 6724
          6603 6668 6725 6725 6668 6727
          6669 6726 6728 6669 6667 6726
          6605 6482 6729 6668 6670 6727
          6727 6670 6730 6671 6728 6731
          6671 6669 6728 6482 6611 6732
          6482 6732 6733 6729 6482 6733
          6673 6734 6622 6673 6672 6734
          6672 6502 6734 6734 6502 6735
          6502 6626 6736 6735 6502 6736
          6670 6674 6737 6730 6670 6737
          6737 6675 6738 6674 6675 6737
          6676 6731 6738 6675 6676 6738
          6676 6671 6731 6732 6611 6739
          6733 6732 6739 6740 6741 6354
          6621 6673 6622 6351 6687 6740
          6736 6626 6627 6555 6554 6679
          6677 6555 6679 6682 6616 6742
          6680 6617 6684 6685 6681 6743
          6740 6354 6351 6689 6744 6745
          6689 6688 6744 6688 6691 6744
          6744 6691 6746 6746 6691 6747
          6690 6689 6748 6689 6745 6748
          6691 6692 6747 6747 6692 6749
          6690 6748 6750 6693 6690 6750
          6749 6692 6751 6692 6694 6751
          6693 6750 6752 6693 6752 6753
          6635 6693 6753 6753 6752 6754
          6755 6695 6756 6694 6695 6755
          6751 6694 6755 6696 6635 6753
          6753 6754 6757 6696 6753 6757
          6756 6697 6757 6695 6697 6756
          6695 6637 6697 6640 6696 6757
          6697 6640 6757 6641 6528 6758
          6758 6385 6759 6528 6385 6758
          6385 6698 6759 6698 6527 6760
          6760 6642 6761 6527 6642 6760
          6699 6641 6758 6699 6758 6762
          6699 6762 6763 6642 6700 6764
          6700 6644 6764 6764 6644 6765
          6699 6763 6766 6645 6699 6766
          6644 6646 6767 6765 6644 6767
          6701 6645 6766 6646 6702 6767
          6702 6703 6768 6703 6648 6769
          6768 6703 6769 6704 6647 6770
          6585 6704 6770 6585 6770 6771
          6648 6706 6772 6769 6648 6772
          6705 6585 6771 6586 6773 6774
          6709 6586 6774 6773 6707 6775
          6586 6707 6773 6707 6708 6775
          6708 6650 6776 6776 6651 6777
          6650 6651 6776 6777 6710 6778
          6651 6710 6777 6711 6774 6779
          6711 6709 6774 6713 6712 6780
          6713 6780 6781 6714 6713 6781
          6715 6714 6781 6710 6716 6778
          6717 6711 6779 6717 6779 6782
          6712 6718 6783 6780 6712 6783
          6781 6780 6784 6781 6784 6785
          6715 6781 6785 6719 6715 6785
          6720 6475 6786 6783 6718 6787
          6785 6788 6789 6719 6785 6789
          6721 6719 6789 6475 6664 6786
          6786 6664 6790 6665 6717 6791
          6718 6722 6787 6789 6788 6792
          6721 6789 6792 6723 6721 6792
          6664 6724 6790 6545 6665 6791
          6722 6725 6787 6787 6725 6793
          6726 6792 6794 6726 6723 6792
          6724 6605 6795 6606 6545 6791
          6793 6725 6796 6725 6727 6796
          6728 6794 6797 6728 6726 6794
          6605 6729 6795 6727 6730 6796
          6730 6798 6799 6796 6730 6799
          6798 6797 6799 6731 6728 6797
          6729 6733 6800 6734 6735 6801
          6735 6736 6802 6803 6804 6350
          6551 6606 6805 6730 6737 6798
          6738 6797 6798 6737 6738 6798
          6738 6731 6797 6611 6677 6800
          6739 6611 6800 6733 6739 6800
          6551 6805 6806 6678 6551 6806
          6616 6678 6806 6616 6806 6807
          6685 6743 6808 6505 6685 6808
          6742 6616 6807 6680 6684 6809
          6734 6801 6810 6682 6742 6811
          6683 6682 6811 6684 6683 6809
          6744 6812 6813 6744 6746 6814
          6812 6744 6814 6814 6746 6815
          6816 6745 6817 6745 6744 6817
          6744 6813 6817 6746 6747 6815
          6815 6747 6818 6745 6816 6819
          6748 6745 6819 6818 6747 6820
          6747 6749 6820 6748 6819 6821
          6750 6748 6821 6749 6751 6822
          6820 6749 6822 6752 6750 6823
          6750 6821 6823 6754 6752 6823
          6754 6823 6824 6755 6756 6825
          6751 6755 6822 6757 6754 6824
          6757 6824 6825 6756 6757 6825
          6758 6759 6762 6761 6642 6764
          6766 6763 6826 6765 6767 6827
          6766 6826 6828 6701 6766 6828
          6767 6702 6827 6827 6702 6829
          6701 6828 6830 6647 6701 6830
          6702 6768 6829 6771 6770 6831
          6771 6831 6832 6705 6771 6832
          6705 6832 6833 6706 6705 6833
          6772 6706 6833 6773 6775 6834
          6834 6708 6835 6775 6708 6834
          6835 6776 6836 6708 6776 6835
          6836 6777 6837 6776 6777 6836
          6837 6778 6838 6777 6778 6837
          6778 6716 6838 6782 6779 6839
          6779 6774 6839 6780 6783 6840
          6784 6780 6840 6717 6782 6841
          6783 6787 6842 6840 6783 6842
          6840 6842 6843 6784 6840 6843
          6784 6843 6844 6788 6784 6844
          6785 6784 6788 6717 6841 6845
          6791 6717 6845 6842 6787 6846
          6843 6842 6846 6843 6846 6847
          6844 6843 6847 6844 6847 6848
          6788 6844 6848 6788 6848 6849
          6792 6788 6849 6790 6724 6850
          6787 6793 6846 6846 6793 6851
          6847 6846 6851 6847 6851 6852
          6848 6847 6852 6848 6852 6853
          6849 6848 6853 6794 6849 6853
          6794 6792 6849 6724 6795 6850
          6793 6796 6851 6796 6799 6851
          6851 6799 6852 6852 6797 6853
          6797 6794 6853 6795 6729 6854
          6606 6791 6855 6799 6797 6852
          6800 6677 6856 6677 6679 6857
          6856 6677 6857 6806 6805 6807
          6679 6680 6858 6857 6679 6858
          6742 6807 6859 6680 6809 6858
          6811 6742 6859 6809 6683 6860
          6683 6811 6860 6814 6861 6862
          6861 6814 6863 6813 6862 6864
          6813 6812 6862 6812 6814 6862
          6814 6815 6863 6863 6865 6866
          6863 6815 6865 6816 6817 6864
          6817 6813 6864 6815 6818 6867
          6865 6815 6867 6818 6820 6868
          6867 6818 6868 6820 6822 6869
          6868 6820 6869 6825 6824 6870
          6869 6825 6870 6755 6825 6869
          6822 6755 6869 6759 6698 6871
          6698 6760 6871 6760 6761 6872
          6872 6764 6873 6761 6764 6872
          6764 6765 6873 6763 6762 6826
          6826 6762 6874 6765 6827 6873
          6828 6826 6874 6768 6769 6875
          6769 6772 6876 6875 6769 6876
          6833 6832 6877 6772 6833 6877
          6876 6772 6877 6836 6878 6879
          6835 6836 6879 6878 6837 6880
          6836 6837 6878 6880 6838 6881
          6837 6838 6880 6774 6773 6882
          6882 6773 6883 6773 6834 6883
          6835 6879 6883 6834 6835 6883
          6838 6716 6884 6881 6838 6884
          6839 6774 6882 6716 6720 6884
          6850 6795 6885 6791 6845 6855
          6795 6854 6885 6729 6800 6886
          6854 6729 6886 6606 6855 6887
          6856 6888 6889 6800 6856 6889
          6886 6800 6889 6805 6606 6887
          6856 6857 6890 6888 6856 6890
          6805 6887 6891 6807 6805 6891
          6890 6857 6892 6857 6858 6892
          6859 6807 6891 6859 6891 6893
          6859 6893 6894 6811 6859 6894
          6809 6860 6895 6858 6809 6895
          6811 6894 6896 6895 6811 6896
          6860 6811 6895 6862 6861 6897
          6897 6863 6898 6861 6863 6897
          6863 6866 6898 6864 6862 6899
          6866 6865 6900 6816 6864 6901
          6900 6865 6902 6865 6867 6902
          6816 6901 6903 6819 6816 6903
          6867 6868 6904 6902 6867 6904
          6819 6903 6905 6821 6819 6905
          6868 6869 6904 6823 6821 6905
          6823 6905 6906 6824 6823 6906
          6870 6824 6906 6762 6759 6907
          6759 6871 6907 6871 6760 6908
          6760 6872 6908 6874 6762 6909
          6762 6907 6909 6873 6827 6910
          6910 6827 6911 6828 6874 6912
          6827 6829 6913 6911 6827 6913
          6830 6828 6912 6829 6768 6914
          6913 6829 6914 6647 6830 6915
          6768 6875 6914 6647 6915 6916
          6770 6647 6916 6831 6770 6916
          6877 6832 6917 6883 6879 6918
          6879 6878 6918 6918 6880 6919
          6878 6880 6918 6919 6881 6920
          6880 6881 6919 6920 6884 6921
          6881 6884 6920 6782 6839 6922
          6839 6882 6922 6884 6720 6923
          6921 6884 6923 6841 6782 6922
          6841 6922 6924 6720 6786 6925
          6923 6720 6925 6786 6790 6925
          6845 6841 6926 6841 6924 6926
          6790 6850 6927 6925 6790 6927
          6850 6885 6928 6927 6850 6928
          6855 6845 6929 6885 6854 6930
          6928 6885 6930 6855 6929 6931
          6854 6886 6930 6930 6886 6932
          6888 6933 6934 6889 6888 6934
          6886 6889 6932 6932 6889 6934
          6933 6888 6935 6888 6890 6935
          6935 6892 6936 6890 6892 6935
          6893 6891 6937 6892 6858 6938
          6936 6892 6938 6894 6893 6939
          6893 6937 6939 6858 6895 6940
          6858 6940 6941 6938 6858 6941
          6896 6894 6942 6894 6939 6942
          6940 6896 6942 6895 6896 6940
          6898 6866 6943 6943 6866 6944
          6944 6866 6945 6866 6900 6945
          6901 6864 6946 6900 6902 6947
          6945 6900 6947 6903 6901 6948
          6902 6904 6949 6947 6902 6949
          6903 6948 6950 6905 6903 6950
          6904 6869 6949 6905 6950 6951
          6906 6905 6951 6870 6906 6951
          6908 6872 6952 6872 6873 6953
          6952 6872 6953 6953 6910 6954
          6873 6910 6953 6910 6911 6954
          6954 6911 6955 6874 6909 6912
          6912 6909 6956 6911 6913 6955
          6912 6956 6957 6830 6912 6957
          6915 6957 6958 6915 6830 6957
          6916 6915 6959 6915 6958 6959
          6875 6876 6960 6831 6916 6961
          6876 6877 6962 6960 6876 6962
          6831 6961 6963 6832 6831 6963
          6832 6963 6964 6917 6832 6964
          6877 6917 6962 6965 6922 6966
          6966 6882 6967 6922 6882 6966
          6967 6882 6968 6882 6883 6968
          6968 6918 6969 6883 6918 6968
          6969 6918 6970 6918 6919 6970
          6970 6920 6971 6919 6920 6970
          6971 6921 6972 6920 6921 6971
          6972 6923 6973 6921 6923 6972
          6924 6922 6965 6973 6925 6974
          6923 6925 6973 6974 6927 6975
          6925 6927 6974 6845 6926 6929
          6927 6928 6976 6975 6927 6976
          6928 6930 6977 6976 6928 6977
          6977 6932 6978 6930 6932 6977
          6933 6979 6980 6933 6980 6981
          6934 6933 6981 6932 6934 6978
          6978 6934 6981 6982 6983 6984
          6933 6935 6985 6935 6936 6986
          6937 6891 6987 6937 6987 6988
          6936 6938 6989 6939 6937 6988
          6939 6988 6990 6941 6940 6991
          6941 6991 6992 6938 6941 6989
          6989 6941 6992 6942 6939 6990
          6942 6990 6991 6940 6942 6991
          6862 6993 6994 6862 6897 6993
          6993 6898 6995 6897 6898 6993
          6898 6943 6995 6899 6862 6994
          6943 6944 6996 6864 6899 6946
          6944 6945 6997 6996 6944 6997
          6901 6946 6998 6945 6947 6999
          6997 6945 6999 6901 6998 7000
          6948 6901 7000 6999 6949 7001
          6947 6949 6999 6948 7000 7002
          6950 6948 7002 6950 7002 7003
          6951 6950 7003 6870 7003 7004
          6870 6951 7003 7001 6870 7004
          6949 6870 7001 6869 6870 6949
          6908 7005 7006 6871 6908 7006
          6908 6952 7005 6909 6907 7007
          6907 7006 7007 6907 6871 7006
          6952 6953 7008 6953 6954 7008
          6954 6955 7009 6956 6909 7010
          6909 7007 7010 6955 6913 7009
          7009 6913 7011 6957 6956 7012
          7013 7014 7015 7014 7013 7016
          6913 6914 7011 7017 7018 7019
          7018 7014 7020 7017 7014 7018
          7015 7014 7017 7014 7016 7021
          7020 7014 7021 6959 6958 7022
          7019 7018 7023 7023 7020 7024
          7018 7020 7023 7020 7021 7024
          6916 6959 6961 6961 6959 7022
          6960 6962 7025 6965 6966 7026
          7026 6967 7027 6966 6967 7026
          7027 6968 7028 6967 6968 7027
          7028 6969 7029 6968 6969 7028
          6969 6970 7030 6924 6965 7031
          7031 6965 7032 6965 7026 7032
          7029 7030 7033 7029 6969 7030
          6983 5946 7034 7030 6970 7033
          7035 6971 7036 6970 6971 7035
          6971 6972 7036 6972 6973 7037
          6973 6974 7037 6926 6924 7031
          6926 7031 7038 6974 6975 7037
          6929 6926 7038 7039 6975 7040
          6975 6976 7040 7040 6977 7041
          6976 6977 7040 6977 6978 7041
          7034 7042 6984 6984 6983 7034
          6981 6980 7043 6978 6981 7043
          6986 6936 7044 6988 6987 7045
          7046 7047 7042 6936 6989 7044
          6988 7045 7048 6990 6988 7048
          6990 7048 7049 6991 6990 7049
          7050 6992 7049 6992 6991 7049
          6989 6992 7050 6995 6943 7051
          7051 6943 7052 7053 6899 7054
          6899 6994 7054 6943 6996 7055
          7052 6943 7055 6899 7053 7056
          6946 6899 7056 6996 6997 7057
          7055 6996 7057 6946 7056 7058
          6998 6946 7058 6999 7001 7059
          6997 6999 7057 7057 6999 7059
          6998 7058 7060 7000 6998 7060
          7002 7000 7060 7003 7002 7060
          7007 7006 7061 7005 6952 7008
          7008 6954 7062 6954 7009 7062
          7007 7061 7063 7010 7007 7063
          7009 7011 7064 7062 7009 7064
          7064 7011 7065 6956 7010 7012
          7012 7010 7063 7066 7067 7068
          7013 7066 7069 7013 7015 7066
          7066 7015 7067 7016 7013 7069
          7016 7069 7070 7011 6914 7071
          7065 7011 7071 6957 7012 7072
          7068 7019 7073 7067 7019 7068
          7017 7019 7067 7015 7017 7067
          7021 7016 7070 6914 6875 7074
          7071 6914 7074 6958 6957 7072
          7022 6958 7072 7022 7072 7075
          7019 7023 7076 7073 7019 7076
          7023 7024 7076 7024 7021 7077
          6875 6960 7078 7074 6875 7078
          6961 7075 7079 6961 7022 7075
          7076 7024 7080 7024 7077 7080
          6960 7025 7078 6961 7079 7081
          6963 6961 7081 6962 6917 7082
          7025 6962 7082 6917 6964 7083
          7082 6917 7083 7084 7026 7085
          7085 7027 7086 7026 7027 7085
          7086 7028 7087 7027 7028 7086
          7028 7029 7088 7034 7046 7042
          7032 7026 7084 7089 7090 7091
          7038 7031 7092 7038 7092 7093
          6929 7038 7093 7091 7094 7089
          7090 7095 7091 7095 7096 7091
          7096 7094 7091 7089 7097 7090
          7049 7048 7098 6994 6993 7099
          7099 6995 7100 6993 6995 7099
          6995 7051 7100 7054 6994 7101
          7051 7102 7103 7051 7052 7102
          7053 7054 7104 7054 7101 7104
          7052 7055 7105 7102 7052 7105
          7053 7104 7106 7056 7053 7106
          7055 7057 7059 7055 7059 7105
          7056 7106 7107 7058 7056 7107
          7058 7107 7108 7060 7058 7108
          7004 7003 7109 7001 7004 7109
          7003 7060 7108 7006 7005 7110
          7005 7008 7111 7008 7062 7111
          7063 7061 7112 7012 7063 7113
          7063 7112 7113 7066 7068 7114
          7066 7114 7115 7069 7066 7115
          7070 7069 7115 7070 7115 7116
          7072 7012 7113 7068 7073 7117
          7070 7116 7118 7021 7070 7118
          7118 7116 7119 7117 7073 7120
          7073 7076 7120 7077 7021 7118
          7077 7118 7121 7118 7119 7122
          7121 7118 7122 7076 7080 7123
          7123 7080 7124 7080 7077 7124
          7077 7121 7124 7121 7122 7124
          7025 7082 7125 6963 7081 7126
          6964 6963 7126 6964 7126 7127
          7031 7084 7128 7031 7032 7084
          7092 7128 7129 7092 7031 7128
          7092 7129 7130 7093 7092 7130
          7093 7130 7131 6929 7093 7131
          6931 6929 7131 7132 7133 7134
          7135 7095 7090 7136 6986 7137
          6994 7138 7139 6994 7099 7138
          7100 7051 7140 7051 7103 7140
          7140 7103 7141 7101 7139 7142
          7101 6994 7139 7103 7102 7143
          7141 7103 7143 7101 7142 7144
          7104 7101 7144 7102 7105 7145
          7143 7102 7145 7104 7144 7146
          7106 7104 7146 7147 7059 7148
          7105 7059 7145 7145 7059 7147
          7106 7146 7149 7107 7106 7149
          7001 7109 7148 7059 7001 7148
          7108 7107 7149 7003 7108 7149
          7003 7149 7150 7109 7003 7150
          7061 7006 7151 7151 7006 7152
          7006 7110 7152 7110 7005 7111
          7111 7062 7153 7112 7061 7151
          7153 7064 7154 7062 7064 7153
          7064 7065 7154 7115 7114 7155
          7116 7115 7155 7116 7155 7156
          7065 7071 7157 7154 7065 7157
          7072 7113 7158 7068 7117 7159
          7114 7068 7159 7119 7116 7156
          7119 7156 7160 7071 7074 7161
          7157 7071 7161 7072 7158 7162
          7075 7072 7162 7117 7120 7163
          7159 7117 7163 7119 7160 7164
          7119 7164 7165 7122 7119 7165
          7074 7078 7166 7161 7074 7166
          7079 7075 7167 7075 7162 7167
          7120 7076 7168 7163 7120 7168
          7076 7123 7168 7123 7124 7169
          7165 7170 7171 7122 7165 7171
          7169 7122 7171 7124 7122 7169
          7165 7164 7170 7078 7025 7172
          7166 7078 7172 7081 7079 7167
          7168 7123 7173 7173 7169 7174
          7123 7169 7173 7169 7171 7174
          7025 7125 7172 7172 7125 7175
          7125 7082 7176 7175 7125 7176
          7083 6964 7127 7082 7083 7177
          7176 7082 7177 7178 7084 7179
          7179 7085 7180 7084 7085 7179
          7085 7086 7180 7180 7086 7181
          6986 7044 7137 7045 7182 7183
          7128 7178 7184 7128 7084 7178
          7129 7128 7184 7182 7185 7183
          7048 7045 7098 7138 7186 7187
          7186 7138 7188 7138 7099 7188
          7099 7100 7188 7139 7187 7189
          7139 7138 7187 7140 7141 7190
          7139 7189 7191 7142 7139 7191
          7141 7143 7192 7190 7141 7192
          7144 7142 7191 7143 7145 7193
          7192 7143 7193 7146 7144 7194
          7145 7147 7193 7149 7146 7195
          7146 7194 7195 7150 7149 7195
          7109 7150 7196 7148 7109 7196
          7153 7154 7197 7113 7112 7198
          7155 7114 7199 7156 7155 7200
          7154 7157 7197 7158 7113 7198
          7114 7159 7201 7199 7114 7201
          7160 7156 7200 7159 7163 7202
          7201 7159 7202 7164 7160 7203
          7161 7166 7204 7202 7163 7205
          7163 7168 7205 7171 7170 7206
          7164 7203 7207 7206 7164 7207
          7170 7164 7206 7166 7172 7208
          7204 7166 7208 7205 7173 7209
          7168 7173 7205 7173 7174 7209
          7174 7171 7210 7171 7206 7210
          7206 7207 7210 7172 7175 7208
          7208 7175 7211 7081 7167 7212
          7126 7081 7212 7211 7176 7213
          7175 7176 7211 7126 7212 7214
          7127 7126 7214 7127 7214 7215
          7176 7177 7213 7213 7177 7216
          7127 7215 7217 7083 7127 7217
          7083 7217 7218 7177 7083 7218
          7177 7218 7219 7216 7177 7219
          7049 7098 7220 7050 7049 7220
          7188 7100 7221 7100 7140 7221
          7221 7140 7222 7189 7187 7223
          7222 7140 7224 7140 7190 7224
          7191 7189 7223 7191 7223 7225
          7190 7192 7224 7144 7191 7226
          7191 7225 7226 7192 7193 7227
          7194 7144 7226 7148 7196 7228
          7227 7148 7228 7193 7148 7227
          7147 7148 7193 7150 7195 7229
          7196 7150 7229 7112 7151 7230
          7151 7152 7230 7198 7112 7230
          7155 7199 7231 7200 7155 7231
          7197 7157 7232 7199 7201 7233
          7199 7233 7234 7231 7199 7234
          7200 7231 7235 7200 7235 7236
          7160 7200 7236 7160 7236 7237
          7157 7161 7232 7232 7161 7238
          7201 7202 7239 7233 7201 7239
          7160 7237 7240 7160 7240 7241
          7203 7160 7241 7241 7240 7242
          7161 7204 7243 7238 7161 7243
          7239 7205 7244 7202 7205 7239
          7207 7203 7241 7241 7242 7245
          7207 7241 7245 7204 7208 7246
          7243 7204 7246 7167 7162 7247
          7210 7207 7248 7246 7211 7249
          7208 7211 7246 7211 7245 7249
          7245 7211 7248 7207 7245 7248
          7212 7167 7247 7209 7174 7250
          7250 7210 7251 7174 7210 7250
          7251 7210 7252 7210 7248 7252
          7252 7248 7253 7248 7211 7253
          7211 7213 7253 7253 7213 7254
          7213 7216 7254 7216 7219 7254
          7179 7255 7256 7179 7180 7255
          7180 7181 7255 7178 7179 7257
          7179 7256 7257 6931 7131 7258
          7186 7259 7260 7259 7188 7261
          7186 7188 7259 7188 7221 7261
          7261 7221 7262 7262 7221 7263
          7187 7260 7264 7187 7186 7260
          7221 7222 7263 7223 7187 7264
          7223 7264 7265 7225 7223 7266
          7223 7265 7266 7224 7192 7267
          7225 7266 7268 7226 7225 7268
          7192 7227 7267 7226 7268 7269
          7194 7226 7269 7270 7196 7271
          7228 7196 7270 7195 7194 7269
          7229 7195 7269 7196 7229 7271
          7230 7152 7272 7110 7111 7273
          7273 7153 7274 7111 7153 7273
          7153 7197 7274 7198 7230 7272
          7198 7272 7275 7274 7197 7276
          7197 7232 7276 7276 7232 7277
          7198 7275 7278 7158 7198 7278
          7234 7233 7279 7231 7234 7280
          7235 7231 7281 7231 7280 7281
          7235 7281 7282 7236 7235 7282
          7237 7236 7282 7232 7238 7277
          7277 7238 7283 7279 7239 7284
          7233 7239 7279 7240 7237 7285
          7242 7240 7285 7238 7243 7283
          7162 7158 7286 7239 7244 7284
          7245 7242 7287 7243 7246 7288
          7247 7162 7286 7244 7205 7289
          7287 7290 7291 7249 7287 7291
          7249 7245 7287 7246 7249 7288
          7288 7249 7291 7288 7291 7292
          7205 7209 7289 7252 7293 7294
          7251 7252 7294 7252 7253 7293
          7293 7253 7295 7290 7293 7295
          7291 7290 7295 7292 7291 7296
          7291 7295 7296 7212 7247 7297
          7214 7212 7297 7250 7251 7298
          7251 7294 7298 7253 7254 7299
          7253 7299 7300 7295 7253 7300
          7296 7295 7300 7254 7219 7301
          7254 7301 7302 7299 7254 7302
          7217 7215 7303 7218 7217 7303
          7219 7218 7304 7301 7219 7304
          7136 7137 7305 7256 7255 7306
          7305 7137 7307 7255 7181 7308
          7134 6804 7132 7309 7260 7310
          7260 7259 7310 7262 7263 7311
          7264 7260 7309 7263 7222 7312
          7311 7263 7312 7222 7224 7313
          7312 7222 7313 7224 7267 7313
          7268 7266 7314 7267 7227 7315
          7269 7268 7314 7269 7314 7316
          7271 7269 7316 7227 7228 7315
          7229 7269 7271 7272 7152 7317
          7317 7110 7318 7152 7110 7317
          7110 7273 7318 7276 7277 7319
          7234 7279 7320 7234 7320 7321
          7280 7234 7321 7237 7282 7322
          7277 7283 7319 7158 7278 7323
          7279 7284 7324 7320 7279 7324
          7285 7237 7322 7242 7285 7325
          7283 7243 7326 7286 7158 7323
          7284 7244 7327 7242 7325 7328
          7287 7242 7328 7243 7288 7329
          7326 7243 7329 7327 7289 7330
          7244 7289 7327 7287 7328 7331
          7290 7287 7331 7288 7292 7332
          7329 7288 7332 7330 7289 7333
          7289 7209 7333 7294 7293 7334
          7290 7331 7335 7334 7290 7335
          7293 7290 7334 7292 7296 7336
          7332 7292 7336 7333 7209 7337
          7337 7250 7338 7209 7250 7337
          7250 7298 7339 7338 7250 7339
          7339 7298 7340 7298 7294 7340
          7294 7334 7340 7300 7335 7341
          7300 7334 7335 7300 7299 7334
          7334 7299 7340 7296 7300 7336
          7336 7300 7341 7214 7297 7342
          7215 7214 7342 7338 7339 7343
          7343 7301 7344 7339 7301 7343
          7302 7301 7339 7302 7339 7340
          7299 7302 7340 7215 7342 7345
          7303 7215 7345 7301 7304 7344
          7344 7304 7346 7218 7303 7347
          7304 7218 7347 7304 7347 7348
          7346 7304 7348 7259 7261 7349
          7261 7262 7350 7349 7261 7350
          7262 7311 7350 7264 7309 7351
          7264 7351 7352 7265 7264 7352
          7312 7313 7353 7265 7352 7354
          7266 7265 7354 7313 7267 7355
          7314 7266 7356 7266 7354 7356
          7316 7314 7356 7318 7273 7357
          7357 7274 7358 7273 7274 7357
          7358 7276 7359 7274 7276 7358
          7276 7319 7359 7359 7319 7360
          7278 7275 7361 7280 7321 7362
          7280 7362 7363 7281 7280 7363
          7281 7363 7364 7282 7281 7364
          7322 7282 7364 7360 7319 7365
          7319 7283 7365 7323 7278 7361
          7285 7322 7325 7283 7326 7365
          7284 7327 7366 7324 7284 7366
          7326 7329 7367 7327 7330 7366
          7331 7328 7368 7367 7329 7369
          7329 7332 7369 7247 7286 7370
          7331 7368 7371 7335 7331 7371
          7332 7336 7372 7332 7372 7373
          7369 7332 7373 7297 7247 7374
          7247 7370 7374 7333 7337 7375
          7371 7376 7377 7341 7371 7377
          7341 7335 7371 7336 7341 7372
          7372 7341 7377 7342 7374 7378
          7342 7297 7374 7337 7338 7379
          7338 7343 7380 7379 7338 7380
          7343 7344 7380 7377 7376 7381
          7381 7376 7382 7372 7377 7383
          7377 7381 7383 7345 7378 7384
          7345 7342 7378 7346 7382 7385
          7380 7346 7385 7344 7346 7380
          7381 7346 7386 7346 7381 7382
          7383 7381 7386 7303 7345 7387
          7345 7384 7387 7347 7303 7387
          7346 7348 7388 7386 7346 7388
          7347 7387 7389 7348 7347 7389
          7348 7389 7390 7388 7348 7390
          7310 7259 7391 7259 7349 7391
          7350 7311 7392 7311 7312 7353
          7311 7353 7392 7354 7352 7393
          7356 7393 7394 7356 7354 7393
          7355 7315 7395 7267 7315 7355
          7316 7356 7396 7356 7394 7396
          7271 7316 7396 7228 7270 7395
          7315 7228 7395 7275 7272 7397
          7272 7317 7397 7317 7318 7398
          7318 7357 7398 7358 7359 7399
          7399 7360 7400 7359 7360 7399
          7361 7275 7397 7321 7320 7401
          7362 7321 7401 7360 7365 7400
          7400 7365 7402 7323 7361 7403
          7320 7324 7401 7401 7324 7404
          7325 7322 7405 7402 7365 7406
          7365 7326 7406 7324 7366 7407
          7404 7324 7407 7325 7405 7408
          7328 7325 7408 7326 7367 7406
          7286 7323 7370 7407 7366 7409
          7366 7330 7409 7368 7328 7408
          7409 7333 7410 7330 7333 7409
          7371 7368 7411 7369 7373 7412
          7410 7333 7413 7333 7375 7413
          7376 7371 7414 7414 7371 7415
          7371 7411 7415 7373 7372 7416
          7412 7373 7416 7375 7337 7417
          7382 7376 7414 7382 7414 7418
          7382 7418 7419 7416 7383 7420
          7372 7383 7416 7414 7415 7418
          7378 7374 7421 7384 7378 7421
          7384 7421 7422 7417 7379 7423
          7337 7379 7417 7423 7385 7424
          7379 7385 7423 7379 7380 7385
          7424 7382 7425 7385 7382 7424
          7382 7419 7425 7383 7386 7426
          7420 7383 7426 7384 7422 7427
          7387 7384 7427 7387 7427 7428
          7386 7388 7429 7426 7386 7429
          7389 7428 7430 7389 7387 7428
          7388 7390 7431 7429 7388 7431
          7390 7389 7430 7432 7310 7433
          7310 7391 7433 7349 7350 7434
          7309 7310 7432 7350 7392 7434
          7351 7309 7435 7351 7435 7436
          7392 7353 7437 7351 7436 7438
          7352 7351 7438 7393 7438 7439
          7393 7352 7438 7394 7393 7440
          7393 7439 7440 7394 7440 7441
          7396 7394 7441 7396 7441 7442
          7271 7396 7442 7271 7442 7443
          7270 7271 7443 7395 7270 7443
          7397 7317 7444 7317 7398 7444
          7398 7357 7445 7357 7358 7445
          7399 7400 7446 7361 7397 7447
          7397 7444 7447 7364 7363 7448
          7322 7364 7448 7322 7448 7449
          7446 7402 7450 7400 7402 7446
          7403 7361 7447 7405 7322 7449
          7402 7406 7451 7450 7402 7451
          7404 7407 7452 7406 7367 7451
          7370 7323 7403 7407 7409 7453
          7452 7407 7453 7368 7408 7454
          7367 7369 7455 7453 7409 7456
          7409 7410 7456 7456 7410 7457
          7368 7454 7458 7411 7368 7458
          7369 7412 7459 7455 7369 7459
          7374 7370 7460 7374 7460 7461
          7410 7413 7462 7457 7410 7462
          7411 7458 7463 7415 7411 7463
          7412 7416 7464 7459 7412 7464
          7374 7461 7465 7374 7465 7466
          7462 7413 7465 7465 7413 7466
          7413 7375 7466 7466 7375 7467
          7375 7417 7467 7418 7415 7463
          7419 7418 7463 7416 7420 7468
          7464 7416 7468 7421 7374 7466
          7422 7469 7470 7422 7467 7469
          7422 7421 7467 7421 7466 7467
          7469 7417 7471 7467 7417 7469
          7417 7423 7471 7420 7426 7468
          7468 7426 7472 7427 7422 7473
          7422 7470 7473 7428 7427 7473
          7426 7429 7474 7472 7426 7474
          7428 7473 7475 7430 7428 7475
          7429 7431 7476 7474 7429 7476
          7430 7475 7477 7430 7477 7478
          7390 7430 7478 7431 7478 7479
          7431 7390 7478 7476 7431 7479
          7433 7391 7480 7480 7349 7481
          7391 7349 7480 7481 7434 7482
          7349 7434 7481 7309 7432 7435
          7434 7392 7437 7434 7437 7482
          7436 7435 7483 7436 7483 7484
          7438 7436 7484 7353 7313 7485
          7438 7484 7486 7439 7438 7486
          7313 7355 7485 7440 7439 7486
          7440 7486 7487 7441 7440 7487
          7358 7399 7488 7399 7446 7488
          7362 7401 7489 7363 7362 7490
          7362 7489 7490 7490 7489 7491
          7363 7490 7492 7448 7363 7492
          7449 7448 7492 7449 7492 7493
          7446 7450 7494 7403 7447 7495
          7401 7404 7496 7489 7496 7497
          7489 7401 7496 7491 7489 7497
          7449 7493 7498 7405 7449 7498
          7404 7452 7496 7496 7452 7499
          7405 7498 7500 7408 7405 7500
          7451 7367 7501 7370 7403 7502
          7452 7453 7503 7499 7452 7503
          7454 7408 7500 7454 7500 7504
          7367 7455 7501 7501 7455 7505
          7453 7456 7503 7503 7456 7506
          7456 7457 7506 7458 7454 7504
          7455 7459 7507 7455 7507 7508
          7505 7455 7508 7460 7370 7509
          7460 7509 7510 7460 7510 7511
          7461 7460 7511 7457 7462 7511
          7510 7457 7511 7506 7457 7510
          7463 7458 7512 7459 7464 7513
          7507 7459 7513 7465 7461 7511
          7462 7465 7511 7419 7463 7512
          7464 7468 7513 7470 7469 7514
          7514 7469 7515 7469 7471 7515
          7471 7423 7516 7423 7424 7517
          7516 7423 7517 7424 7425 7517
          7473 7470 7518 7470 7514 7518
          7473 7518 7519 7472 7474 7520
          7475 7519 7521 7475 7473 7519
          7474 7476 7522 7520 7474 7522
          7477 7475 7521 7478 7477 7523
          7479 7478 7524 7476 7479 7522
          7522 7479 7524 7478 7523 7524
          7432 7433 7525 7433 7480 7525
          7435 7526 7527 7435 7432 7526
          7482 7437 7528 7482 7528 7529
          7483 7435 7530 7435 7527 7530
          7531 7532 7533 7532 7531 7534
          7528 7437 7535 7437 7353 7535
          7483 7530 7536 7484 7483 7536
          7533 7532 7537 7532 7534 7537
          7353 7485 7535 7486 7484 7536
          7485 7355 7538 7355 7395 7538
          7441 7487 7539 7444 7398 7540
          7398 7445 7540 7445 7358 7541
          7358 7488 7541 7488 7446 7542
          7447 7444 7543 7490 7491 7544
          7490 7544 7545 7492 7490 7545
          7493 7492 7545 7446 7494 7542
          7495 7447 7543 7497 7496 7546
          7544 7491 7546 7491 7497 7546
          7545 7544 7547 7545 7547 7548
          7498 7545 7548 7498 7493 7545
          7450 7451 7549 7494 7450 7549
          7403 7495 7550 7496 7499 7551
          7546 7496 7551 7500 7498 7552
          7498 7548 7552 7451 7501 7553
          7549 7451 7553 7502 7403 7550
          7499 7503 7554 7551 7499 7554
          7504 7500 7552 7504 7552 7555
          7501 7505 7556 7553 7501 7556
          7502 7557 7558 7370 7502 7558
          7503 7506 7559 7554 7503 7559
          7504 7555 7560 7458 7504 7560
          7508 7507 7561 7508 7561 7562
          7505 7508 7556 7556 7508 7562
          7509 7370 7558 7510 7509 7558
          7510 7558 7563 7506 7510 7559
          7559 7510 7563 7512 7458 7560
          7507 7513 7564 7561 7507 7564
          7419 7512 7565 7513 7468 7566
          7564 7513 7566 7514 7515 7567
          7515 7471 7568 7567 7515 7568
          7471 7516 7568 7425 7419 7565
          7468 7472 7569 7566 7468 7569
          7518 7514 7567 7519 7570 7571
          7519 7568 7570 7519 7518 7568
          7518 7567 7568 7570 7516 7572
          7568 7516 7570 7516 7517 7572
          7472 7520 7569 7519 7571 7573
          7521 7519 7573 7521 7573 7574
          7477 7521 7574 7523 7477 7574
          7522 7524 7575 7523 7574 7576
          7523 7576 7577 7524 7523 7577
          7575 7524 7577 7432 7525 7578
          7525 7480 7579 7480 7481 7579
          7579 7481 7580 7526 7432 7578
          7481 7482 7581 7580 7481 7581
          7482 7529 7581 7527 7526 7582
          7583 7584 7585 7584 7583 7586
          7529 7528 7587 7530 7527 7582
          7585 7588 7589 7585 7533 7588
          7584 7533 7585 7531 7533 7584
          7534 7586 7590 7534 7531 7586
          7531 7584 7586 7587 7528 7591
          7528 7535 7591 7536 7530 7592
          7589 7588 7593 7593 7537 7594
          7588 7537 7593 7533 7537 7588
          7537 7534 7590 7537 7590 7594
          7535 7485 7591 7486 7536 7592
          7486 7592 7595 7487 7486 7596
          7486 7595 7596 7539 7487 7596
          7443 7442 7597 7395 7443 7597
          7541 7488 7598 7488 7542 7598
          7543 7444 7599 7444 7540 7599
          7495 7543 7600 7544 7546 7601
          7547 7544 7601 7494 7549 7602
          7550 7495 7600 7546 7551 7603
          7546 7603 7604 7601 7546 7604
          7548 7547 7605 7552 7548 7605
          7552 7605 7606 7549 7553 7607
          7602 7549 7607 7502 7550 7608
          7551 7554 7609 7603 7551 7609
          7552 7606 7610 7555 7552 7610
          7555 7610 7611 7553 7556 7612
          7607 7553 7612 7502 7608 7613
          7557 7502 7613 7557 7613 7614
          7558 7557 7614 7554 7559 7614
          7613 7554 7614 7609 7554 7613
          7555 7611 7615 7560 7555 7615
          7612 7562 7615 7562 7561 7615
          7561 7560 7615 7556 7562 7612
          7563 7558 7614 7559 7563 7614
          7512 7560 7616 7560 7561 7616
          7561 7564 7616 7565 7512 7616
          7565 7616 7617 7565 7617 7618
          7617 7566 7619 7616 7566 7617
          7564 7566 7616 7517 7425 7620
          7620 7425 7621 7565 7618 7621
          7425 7565 7621 7566 7569 7622
          7619 7566 7622 7571 7570 7623
          7623 7570 7624 7624 7572 7625
          7570 7572 7624 7517 7620 7625
          7572 7517 7625 7569 7520 7626
          7622 7569 7626 7571 7623 7627
          7573 7571 7627 7520 7522 7628
          7626 7520 7628 7574 7573 7627
          7574 7627 7629 7522 7575 7628
          7576 7574 7629 7630 7526 7631
          7526 7578 7631 7582 7526 7630
          7632 7585 7633 7583 7585 7632
          7586 7583 7634 7633 7589 7635
          7585 7589 7633 7586 7634 7636
          7590 7586 7636 7587 7591 7637
          7592 7530 7638 7589 7593 7639
          7635 7589 7639 7639 7594 7640
          7593 7594 7639 7594 7590 7636
          7594 7636 7640 7591 7485 7641
          7637 7591 7641 7595 7592 7638
          7595 7638 7642 7485 7538 7641
          7596 7595 7642 7442 7441 7539
          7442 7539 7643 7597 7442 7643
          7540 7445 7644 7445 7541 7645
          7644 7445 7645 7541 7598 7645
          7542 7494 7646 7600 7543 7647
          7646 7602 7648 7494 7602 7646
          7550 7600 7649 7601 7604 7650
          7601 7650 7651 7547 7601 7651
          7547 7651 7652 7605 7547 7652
          7606 7605 7652 7648 7602 7653
          7602 7607 7653 7550 7649 7654
          7608 7550 7654 7655 7609 7656
          7604 7655 7657 7604 7603 7655
          7603 7609 7655 7650 7604 7657
          7652 7651 7658 7610 7606 7659
          7606 7652 7659 7652 7658 7659
          7610 7659 7660 7610 7660 7661
          7611 7610 7661 7653 7612 7661
          7660 7653 7661 7607 7612 7653
          7613 7608 7662 7608 7654 7662
          7609 7613 7656 7656 7613 7662
          7615 7611 7661 7612 7615 7661
          7618 7617 7663 7663 7617 7664
          7617 7619 7664 7620 7621 7665
          7665 7621 7666 7618 7663 7666
          7621 7618 7666 7619 7622 7667
          7623 7624 7668 7625 7669 7670
          7668 7625 7670 7624 7625 7668
          7620 7665 7669 7625 7620 7669
          7622 7626 7671 7667 7622 7671
          7627 7623 7668 7668 7670 7672
          7627 7668 7672 7626 7628 7671
          7671 7628 7673 7629 7627 7672
          7628 7575 7673 7673 7575 7674
          7576 7629 7675 5960 5946 6983
          7577 7576 7676 7674 7575 7676
          7575 7577 7676 7525 7579 7677
          7579 7580 7677 7632 7678 7679
          7632 7633 7678 7632 7679 7680
          7583 7632 7680 7634 7583 7680
          7634 7680 7681 7529 7587 7682
          7530 7582 7683 7684 7678 7685
          7678 7633 7685 7633 7635 7685
          7634 7681 7686 7636 7634 7686
          7587 7637 7687 7682 7587 7687
          7530 7683 7688 7638 7530 7688
          7684 7685 7689 7689 7639 7690
          7685 7639 7689 7635 7639 7685
          7690 7640 7691 7639 7640 7690
          7640 7636 7686 7640 7686 7691
          7637 7641 7687 7642 7638 7688
          7641 7538 7692 7395 7597 7692
          7538 7395 7692 7543 7599 7693
          7693 7540 7694 7599 7540 7693
          7540 7644 7694 7598 7542 7695
          7542 7646 7695 7695 7646 7696
          7647 7543 7693 7696 7646 7697
          7646 7648 7697 7600 7647 7649
          7649 7647 7698 7698 7647 7699
          7697 7648 7700 7697 7700 7701
          7648 7653 7700 7654 7649 7698
          7654 7698 7702 7655 7699 7703
          7655 7698 7699 7655 7656 7698
          7698 7656 7702 7655 7703 7704
          7657 7655 7704 7650 7657 7704
          7650 7704 7705 7650 7705 7706
          7651 7650 7706 7651 7706 7707
          7658 7651 7707 7659 7658 7708
          7658 7707 7708 7708 7707 7709
          7701 7659 7708 7700 7659 7701
          7660 7659 7700 7653 7660 7700
          7662 7654 7702 7656 7662 7702
          7706 7705 7710 7707 7706 7710
          7707 7710 7711 7709 7707 7711
          5960 6983 6982 7712 7664 7713
          7663 7664 7712 7714 6189 7715
          7665 7666 7716 7716 7663 7712
          7666 7663 7716 7713 7667 7717
          7664 7667 7713 7664 7619 7667
          7670 7669 7718 7669 7665 7718
          7665 7719 7718 7717 7667 7720
          7667 7671 7720 7670 7718 7721
          7720 7673 7722 7671 7673 7720
          7673 7674 7723 7722 7673 7723
          7715 7724 7725 7578 7525 7726
          7525 7677 7726 7727 7631 7728
          7631 7578 7728 7677 7580 7729
          7580 7581 7729 7631 7727 7730
          7630 7631 7730 7581 7529 7731
          7630 7730 7732 7582 7630 7732
          7733 7678 7734 7678 7733 7735
          7679 7678 7735 7679 7735 7736
          7680 7679 7736 7681 7680 7736
          7529 7682 7731 7683 7582 7732
          7678 7684 7737 7734 7678 7737
          7682 7687 7738 7684 7689 7739
          7737 7684 7739 7689 7690 7739
          7690 7691 7740 7687 7641 7741
          7738 7687 7741 7739 7690 7740
          7641 7692 7741 7692 7597 7742
          7693 7694 7743 7743 7644 7744
          7694 7644 7743 7744 7645 7745
          7644 7645 7744 7645 7598 7745
          7598 7695 7746 7695 7696 7746
          7746 7696 7747 7647 7693 7748
          7693 7743 7748 7696 7697 7749
          7747 7696 7749 7699 7647 7748
          7699 7748 7750 7750 7748 7751
          7697 7701 7752 7749 7697 7752
          7703 7699 7750 7704 7703 7750
          7704 7750 7751 7704 7751 7753
          7705 7704 7753 7708 7709 7754
          7701 7708 7752 7752 7708 7754
          7705 7753 7755 7710 7705 7755
          7710 7755 7756 7711 7710 7757
          7709 7711 7754 7754 7711 7757
          7754 7757 7758 7710 7756 7759
          7757 7710 7759 7757 7759 7760
          7725 7714 7715 7758 7757 7761
          7757 7762 7761 7763 7712 7764
          7765 7047 7766 7712 7713 7764
          7713 7717 7767 7768 7765 7766
          7717 7720 7769 7721 7718 7770
          7771 7772 6982 7720 7722 7773
          6982 6984 7774 7722 7723 7775
          7728 7578 7776 7578 7726 7776
          7727 7728 7777 7729 7581 7778
          7727 7777 7779 7730 7727 7779
          7780 7781 7782 7781 7780 7783
          7735 7781 7783 7581 7731 7778
          7732 7730 7779 7782 7784 7785
          7782 7734 7784 7781 7734 7782
          7733 7734 7781 7735 7733 7781
          7736 7735 7783 7736 7783 7786
          7681 7736 7786 7731 7682 7787
          7683 7732 7788 7785 7784 7789
          7789 7737 7790 7784 7737 7789
          7734 7737 7784 7681 7786 7791
          7686 7681 7791 7682 7738 7792
          7787 7682 7792 7688 7683 7788
          7737 7739 7793 7790 7737 7793
          7739 7740 7793 7793 7740 7794
          7794 7740 7795 7740 7691 7795
          7691 7686 7791 7691 7791 7795
          7738 7741 7796 7792 7738 7796
          7692 7742 7796 7741 7692 7796
          7596 7642 7797 7596 7797 7798
          7539 7596 7798 7643 7539 7798
          7597 7643 7742 7743 7744 7799
          7799 7745 7800 7744 7745 7799
          7800 7598 7801 7745 7598 7800
          7801 7746 7802 7598 7746 7801
          7746 7747 7802 7802 7747 7803
          7748 7743 7804 7743 7799 7804
          7747 7749 7803 7803 7749 7805
          7803 7805 7806 7806 7805 7807
          7751 7748 7804 7751 7804 7808
          7808 7804 7809 7749 7752 7810
          7805 7749 7810 7807 7805 7810
          7753 7751 7808 7753 7808 7809
          7753 7809 7811 7752 7754 7810
          7810 7754 7812 7755 7753 7811
          7756 7811 7813 7756 7755 7811
          7754 7758 7814 7812 7754 7814
          7759 7756 7813 7774 7771 6982
          7814 7758 7815 7816 7728 7817
          7728 7776 7817 7777 7728 7816
          7729 7778 7818 7780 7782 7819
          7780 7819 7820 7780 7820 7821
          7783 7780 7821 7783 7821 7822
          7778 7731 7823 7732 7779 7824
          7782 7785 7819 7786 7783 7825
          7783 7822 7825 7788 7732 7824
          7785 7789 7826 7789 7790 7826
          7791 7786 7825 7792 7796 7827
          7642 7688 7828 7797 7642 7828
          7796 7742 7829 7827 7796 7829
          7799 7800 7830 7830 7801 7831
          7800 7801 7830 7831 7802 7832
          7801 7802 7831 7802 7803 7832
          7832 7803 7833 7832 7833 7834
          7804 7799 7835 7835 7830 7836
          7799 7830 7835 7830 7831 7836
          7803 7806 7833 7807 7837 7838
          7806 7807 7838 7834 7806 7838
          7833 7806 7834 7838 7837 7839
          7809 7804 7835 7809 7835 7840
          7837 7810 7841 7807 7810 7837
          7839 7837 7842 7837 7841 7842
          7809 7840 7843 7811 7809 7843
          7844 7843 7845 7844 7845 7846
          7810 7812 7847 7841 7810 7847
          7841 7847 7848 7842 7841 7849
          7841 7848 7849 7813 7811 7843
          7850 7725 7724 7843 7844 7851
          7812 7846 7852 7812 7844 7846
          7812 7814 7844 7844 7814 7853
          7847 7852 7854 7847 7812 7852
          7848 7847 7854 7715 7855 7724
          7776 7726 7856 7817 7776 7856
          7726 7677 7857 7677 7729 7857
          7818 7778 7823 7821 7820 7858
          7822 7821 7858 7823 7731 7859
          7819 7785 7860 7731 7787 7859
          7785 7826 7860 7826 7790 7861
          7791 7825 7862 7791 7862 7863
          7787 7792 7864 7688 7788 7828
          7790 7793 7865 7861 7790 7865
          7865 7794 7866 7793 7794 7865
          7794 7795 7866 7795 7863 7866
          7795 7791 7863 7792 7827 7867
          7864 7792 7867 7827 7829 7867
          7643 7798 7868 7829 7643 7868
          7742 7643 7829 7831 7832 7869
          7832 7834 7870 7869 7832 7870
          7835 7836 7871 7836 7831 7871
          7831 7869 7871 7871 7869 7872
          7872 7870 7873 7869 7870 7872
          7873 7838 7874 7870 7838 7873
          7834 7838 7870 7838 7839 7874
          7874 7839 7875 7840 7871 7876
          7840 7835 7871 7839 7842 7875
          7875 7842 7877 7875 7877 7878
          7878 7877 7879 7843 7840 7845
          7845 7840 7876 7845 7876 7880
          7845 7880 7881 7846 7845 7881
          7881 7880 7882 7842 7849 7877
          7877 7849 7883 7879 7877 7884
          7877 7883 7884 7852 7846 7881
          7854 7852 7881 7854 7881 7882
          7854 7882 7885 7848 7854 7885
          7848 7885 7886 7848 7886 7887
          7883 7887 7888 7883 7849 7887
          7849 7848 7887 7884 7883 7889
          7883 7888 7889 7887 7886 7890
          7888 7887 7890 7888 7890 7891
          7889 7888 7891 7856 7892 7893
          7892 7726 7894 7856 7726 7892
          7726 7857 7894 7816 7817 7893
          7817 7856 7893 7857 7729 7895
          7777 7816 7896 7818 7823 7897
          7777 7896 7898 7779 7777 7898
          7819 7899 7900 7820 7819 7900
          7858 7820 7900 7858 7901 7902
          7822 7858 7902 7823 7859 7897
          7779 7898 7903 7824 7779 7903
          7824 7903 7904 7825 7822 7902
          7862 7902 7905 7862 7825 7902
          7859 7787 7906 7824 7904 7907
          7788 7824 7907 7860 7826 7908
          7826 7861 7908 7863 7862 7905
          7863 7905 7909 7787 7864 7910
          7906 7787 7910 7828 7788 7907
          7861 7865 7911 7908 7861 7911
          7865 7866 7911 7866 7863 7909
          7864 7867 7912 7910 7864 7912
          7867 7829 7912 7871 7872 7913
          7872 7873 7914 7913 7872 7914
          7873 7874 7915 7914 7873 7915
          7874 7875 7915 7876 7871 7913
          7876 7913 7916 7913 7914 7916
          7916 7914 7917 7916 7917 7918
          7917 7915 7919 7914 7915 7917
          7919 7920 7921 7919 7878 7920
          7915 7878 7919 7875 7878 7915
          7878 7879 7920 7880 7876 7916
          7916 7918 7922 7880 7916 7922
          7880 7922 7923 7882 7880 7923
          7923 7922 7924 7921 7920 7925
          7925 7884 7926 7920 7884 7925
          7879 7884 7920 7885 7882 7923
          7923 7924 7927 7885 7923 7927
          7885 7927 7928 7886 7885 7928
          7928 7927 7929 7884 7889 7930
          7926 7884 7930 7890 7886 7928
          7891 7890 7928 7891 7928 7929
          7891 7929 7931 7889 7891 7930
          7930 7891 7931 7932 7893 7933
          7893 7892 7933 7816 7932 7934
          7816 7893 7932 7895 7818 7935
          7729 7818 7895 7935 7818 7936
          7896 7816 7934 7900 7899 7937
          7900 7937 7938 7858 7900 7938
          7901 7858 7938 7901 7938 7939
          7818 7897 7936 7899 7819 7940
          7902 7901 7941 7901 7939 7941
          7897 7859 7942 7898 7943 7944
          7903 7898 7944 7904 7903 7944
          7940 7945 7946 7819 7860 7945
          7940 7819 7945 7902 7941 7947
          7905 7902 7947 7859 7906 7942
          7946 7945 7948 7907 7904 7944
          7907 7944 7949 7944 7943 7949
          7948 7908 7950 7945 7908 7948
          7860 7908 7945 7909 7905 7947
          7828 7949 7951 7828 7907 7949
          7950 7908 7952 7952 7911 7953
          7908 7911 7952 7953 7866 7954
          7911 7866 7953 7866 7909 7954
          7797 7828 7951 7829 7868 7955
          7912 7829 7955 7798 7797 7956
          7917 7919 7957 7918 7917 7957
          7919 7921 7957 7924 7957 7958
          7924 7922 7957 7922 7918 7957
          7957 7921 7958 7921 7925 7958
          7958 7925 7959 7925 7926 7959
          7927 7924 7958 7929 7959 7960
          7929 7927 7959 7927 7958 7959
          7959 7926 7960 7926 7930 7960
          7931 7929 7960 7930 7931 7960
          7933 7892 7961 7892 7894 7961
          7935 7936 7962 7896 7934 7963
          7937 7899 7964 7936 7897 7965
          7962 7936 7965 7896 7963 7966
          7898 7896 7966 7941 7939 7967
          7897 7942 7965 7898 7966 7968
          7943 7898 7968 7940 7946 7969
          7941 7967 7970 7947 7941 7970
          7943 7968 7971 7969 7946 7972
          7946 7948 7972 7949 7943 7973
          7943 7971 7973 7948 7950 7972
          7972 7950 7974 7909 7970 7975
          7909 7947 7970 7906 7910 7976
          7942 7906 7976 7949 7973 7977
          7951 7949 7977 7950 7952 7978
          7974 7950 7978 7978 7953 7979
          7952 7953 7978 7954 7975 7979
          7953 7954 7979 7954 7909 7975
          7910 7912 7980 7976 7910 7980
          7951 7977 7981 7797 7951 7981
          7912 7955 7982 7980 7912 7982
          7868 7798 7955 7961 7894 7983
          7984 7932 7985 7932 7933 7985
          7894 7857 7983 7932 7984 7986
          7934 7932 7986 7963 7934 7986
          7964 7899 7987 7939 7938 7988
          7899 7940 7987 7987 7940 7989
          7967 7939 7988 7940 7969 7990
          7989 7940 7990 7970 7967 7991
          7971 7968 7992 7969 7972 7990
          7975 7970 7993 7970 7991 7993
          7977 7973 7994 7973 7971 7994
          7981 7977 7994 7797 7981 7995
          7956 7797 7995 7933 7961 7996
          7961 7983 7996 7984 7985 7997
          7985 7933 7998 7857 7895 7999
          7999 7895 8000 7986 7984 7997
          7986 7997 8001 8002 7937 8003
          7938 7937 8002 7895 7935 8000
          7935 7962 8000 8000 7962 8004
          7986 8001 8005 7963 7986 8005
          7964 8006 8007 7964 7987 8006
          7937 7964 8003 8003 7964 8007
          7966 7963 8005 7987 7989 8006
          7967 7988 8008 7989 7990 8009
          7991 7967 8008 7990 7972 8010
          8009 7990 8010 7972 7974 8010
          8010 7974 8011 7942 7976 8012
          7971 7992 7994 7974 7978 8013
          8011 7974 8013 8013 7979 8014
          7978 7979 8013 7979 7975 8014
          7976 7980 8015 8012 7976 8015
          7981 7994 8016 7995 7981 8016
          7980 7982 8015 7955 7798 8017
          7998 7933 8018 7933 7996 8018
          7997 7998 8019 7997 7985 7998
          8001 7997 8020 8002 8003 8021
          8021 8003 8022 7938 8002 8023
          7938 8023 8024 8005 8001 8020
          8006 8021 8022 8007 8006 8022
          8003 8007 8022 7988 7938 8024
          8004 7962 8025 8005 8020 8026
          7966 8005 8026 8006 7989 8027
          7962 7965 8028 8025 7962 8028
          7966 8026 8029 7968 7966 8029
          7991 8008 8030 7965 7942 8028
          7992 7968 8029 7993 8030 8031
          7993 7991 8030 7942 8012 8028
          7994 7992 8032 7975 7993 8031
          8016 7994 8032 7995 8016 8033
          7956 7995 8033 7798 7956 8017
          8018 8034 8035 8019 7998 8036
          7998 8018 8036 8018 8035 8036
          8018 7996 8034 7996 7983 8037
          7996 8037 8038 8034 7996 8038
          8037 7857 8039 7983 7857 8037
          7857 7999 8039 7999 8000 8040
          8020 7997 8041 8000 8004 8040
          8040 8004 8042 8020 8041 8043
          7988 8024 8044 8004 8025 8045
          8042 8004 8045 8026 8043 8046
          8026 8020 8043 8027 7989 8047
          8008 7988 8044 8026 8046 8048
          8029 8026 8048 7989 8009 8049
          8047 7989 8049 7992 8029 8048
          8009 8010 8050 8049 8009 8050
          8010 8011 8050 8032 7992 8051
          8011 8013 8052 8050 8011 8052
          8052 8014 8053 8013 8014 8052
          8053 7975 8054 8014 7975 8053
          7975 8031 8054 7955 8017 8055
          8015 7955 8055 7982 7955 8015
          8035 8034 8056 8034 8038 8056
          8056 8038 8057 8056 8057 8058
          8019 8036 8059 8038 8037 8057
          8037 8039 8058 8057 8037 8058
          7997 8019 8059 7997 8059 8060
          8041 8060 8061 8041 7997 8060
          8062 8021 8063 8002 8021 8062
          8023 8002 8064 8024 8023 8064
          8043 8041 8061 8043 8061 8065
          8006 8027 8063 8021 8006 8063
          8046 8043 8065 8045 8025 8066
          8025 8028 8066 8048 8046 8067
          7992 8048 8067 8028 8012 8068
          8051 7992 8067 8012 8015 8068
          8068 8015 8069 8032 8051 8070
          8016 8032 8070 8016 8070 8071
          8055 8017 8072 8033 8016 8071
          7956 8033 8072 8017 7956 8072
          8035 8073 8074 8036 8035 8074
          8073 8056 8075 8035 8056 8073
          8056 8058 8075 8075 8058 8076
          8059 8074 8077 8059 8036 8074
          8058 8039 8076 8039 7999 8076
          8076 7999 8078 8060 8059 8077
          7999 8040 8079 8078 7999 8079
          8002 8062 8080 8064 8002 8080
          8079 8040 8081 8040 8042 8081
          8065 8061 8082 8063 8027 8083
          8044 8024 8084 8042 8045 8085
          8081 8042 8085 8065 8082 8086
          8046 8065 8086 8027 8047 8087
          8083 8027 8087 8045 8066 8085
          8087 8049 8088 8047 8049 8087
          8049 8050 8088 8031 8030 8089
          8066 8028 8068 8015 8055 8069
          8090 8074 8091 8091 8073 8092
          8074 8073 8091 8073 8075 8092
          8075 8076 8093 8092 8075 8093
          8077 8074 8090 8093 8076 8094
          8076 8078 8095 8094 8076 8095
          8060 8077 8096 8095 8079 8097
          8078 8079 8095 8060 8096 8098
          8061 8060 8098 8080 8062 8099
          8080 8099 8100 8064 8080 8100
          8084 8064 8100 8024 8064 8084
          8079 8081 8097 8082 8061 8098
          8082 8098 8101 8044 8084 8102
          8086 8082 8101 8083 8087 8103
          8044 8102 8104 8008 8044 8104
          8085 8066 8105 8081 8085 8105
          8087 8088 8103 8089 8008 8104
          8030 8008 8089 8046 8086 8106
          8067 8046 8106 8031 8089 8107
          8066 8068 8108 8051 8067 8109
          8067 8106 8109 8054 8031 8107
          8069 8055 8110 8068 8069 8108
          8108 8069 8110 8051 8109 8111
          8070 8051 8111 8070 8111 8112
          8113 8072 8114 8071 8070 8115
          8070 8112 8115 8071 8115 8116
          8033 8071 8116 8072 8033 8114
          8114 8033 8116 8092 8117 8118
          8091 8092 8118 8117 8092 8119
          8092 8093 8119 8077 8090 8120
          8120 8090 8121 8090 8118 8121
          8090 8091 8118 8119 8093 8122
          8093 8094 8122 8094 8095 8122
          8122 8095 8123 8096 8077 8124
          8077 8120 8124 8123 8095 8125
          8095 8097 8126 8125 8095 8126
          8098 8096 8124 8063 8127 8128
          8062 8063 8128 8062 8128 8129
          8099 8062 8129 8099 8129 8130
          8100 8099 8130 8100 8130 8131
          8084 8100 8131 8084 8131 8132
          8126 8081 8133 8097 8081 8126
          8101 8098 8134 8135 8083 8136
          8063 8083 8127 8127 8083 8135
          8084 8132 8137 8102 8084 8137
          8133 8081 8138 8086 8134 8139
          8086 8101 8134 8083 8103 8140
          8136 8083 8140 8102 8137 8141
          8104 8102 8141 8081 8105 8138
          8138 8105 8142 8086 8139 8143
          8103 8088 8144 8140 8103 8144
          8089 8104 8141 8142 8105 8145
          8105 8066 8145 8144 8050 8146
          8088 8050 8144 8066 8108 8145
          8050 8052 8146 8146 8053 8147
          8052 8053 8146 8147 8054 8148
          8053 8054 8147 8054 8107 8148
          8110 8055 8149 8112 8111 8150
          8113 8114 8151 8113 8151 8152
          8113 8152 8153 8072 8113 8153
          8149 8072 8153 8055 8072 8149
          8112 8150 8154 8115 8112 8154
          8114 8116 8151 8121 8118 8155
          8155 8117 8156 8118 8117 8155
          8156 8119 8157 8117 8119 8156
          8119 8122 8158 8157 8119 8158
          8158 8122 8159 8122 8123 8159
          8124 8120 8160 8160 8120 8161
          8120 8121 8161 8121 8155 8161
          8157 8162 8163 8156 8157 8163
          8162 8158 8164 8157 8158 8162
          8164 8159 8165 8158 8159 8164
          8159 8123 8165 8123 8125 8165
          8165 8125 8166 8125 8126 8166
          8098 8124 8167 8168 8135 8169
          8163 8135 8168 8127 8135 8163
          8128 8127 8163 8162 8128 8163
          8129 8128 8162 8129 8162 8164
          8130 8129 8164 8130 8164 8165
          8131 8130 8165 8131 8165 8166
          8132 8131 8170 8131 8166 8170
          8166 8126 8170 8126 8133 8170
          8134 8098 8167 8169 8140 8171
          8136 8140 8169 8135 8136 8169
          8137 8132 8170 8137 8170 8172
          8137 8172 8173 8170 8138 8172
          8133 8138 8170 8139 8134 8174
          8171 8140 8175 8141 8137 8173
          8141 8173 8176 8138 8142 8177
          8178 8179 8180 8140 8144 8175
          8089 8176 8181 8089 8141 8176
          8142 8145 8177 8182 7773 8178
          8175 8144 8183 8183 8146 8184
          8144 8146 8183 8089 8181 8185
          8107 8089 8185 8184 8146 8186
          8186 8147 8187 8146 8147 8186
          8147 8148 8188 8147 8188 8189
          8187 8147 8189 8107 8185 8190
          8188 8107 8190 8148 8107 8188
          8110 8149 8191 8111 8109 8150
          8152 8151 8192 8189 8152 8192
          8188 8152 8189 8153 8152 8188
          8149 8153 8188 8149 8188 8190
          8149 8190 8191 8115 8154 8193
          8151 8115 8193 8116 8115 8151
          8124 8160 8194 8160 8161 8195
          8194 8160 8195 8161 8168 8195
          8156 8163 8168 8161 8156 8168
          8155 8156 8161 8167 8124 8194
          8167 8194 8196 8194 8195 8197
          8194 8197 8198 8196 8194 8198
          8168 8169 8195 8195 8169 8197
          8134 8167 8199 8198 8171 8200
          8197 8171 8198 8169 8171 8197
          8173 8172 8201 8172 8138 8201
          7135 8202 8203 8171 8175 8200
          8200 8175 8204 8205 8176 8206
          8206 8176 8207 8176 8173 8207
          8173 8201 8207 8207 8177 8208
          8201 8177 8207 8138 8177 8201
          8175 8183 8209 8204 8175 8209
          8176 8205 8210 8181 8176 8210
          8208 8177 8211 8177 8145 8211
          8183 8184 8212 8209 8183 8212
          8212 8184 8213 8181 8210 8214
          8185 8181 8214 8145 8108 8211
          8109 8106 8215 8216 8182 8178
          8184 8186 8213 8186 8187 8217
          8186 8217 8218 8213 8186 8218
          8187 8189 8217 8185 8214 8219
          8191 8185 8219 8190 8185 8191
          8110 8191 8219 8109 8215 8220
          8150 8109 8220 8218 8151 8221
          8217 8151 8218 8192 8151 8217
          8189 8192 8217 8150 8220 8222
          8154 8150 8223 8150 8222 8223
          8193 8154 8223 8151 8193 8221
          8167 8196 8224 8224 8196 8225
          8196 8198 8225 8225 8198 8226
          8199 8167 8224 8198 8200 8226
          8226 8200 8227 8226 8227 8228
          8228 8227 8229 8200 8204 8227
          8229 8204 8230 8227 8204 8229
          8205 8206 8231 8231 8206 8232
          8232 8207 8233 8206 8207 8232
          8207 8208 8233 8204 8209 8230
          8209 8234 8235 8230 8209 8235
          8235 8234 8236 8205 8231 8237
          8210 8205 8237 8209 8212 8234
          8212 8213 8238 8236 8212 8238
          8234 8212 8236 8210 8237 8239
          8214 8210 8239 8211 8108 8240
          8241 7770 8216 8238 8213 8242
          8213 8218 8242 8219 8214 8243
          8214 8239 8243 8219 8243 8244
          8110 8219 8244 8108 8110 8240
          8240 8110 8244 8218 8221 8242
          8242 8221 8245 8223 8222 8246
          8223 8246 8247 8193 8223 8247
          8221 8193 8247 8224 8225 8248
          8248 8225 8249 8225 8226 8249
          8249 8226 8250 8224 8248 8251
          8252 8241 8216 8226 8228 8253
          8250 8226 8253 8228 8229 8253
          8253 8229 8254 8253 8254 8255
          8254 8256 8257 8255 8254 8257
          8257 8256 8258 8256 8254 8259
          8254 8229 8259 8229 8230 8259
          8258 8256 8260 8256 8259 8260
          8231 8232 8261 8261 8232 8262
          8232 8233 8262 8233 8208 8263
          8230 8235 8259 8260 8259 8264
          8259 8235 8264 8235 8236 8264
          8231 8261 8265 8237 8231 8265
          8208 8211 8266 8263 8208 8266
          8236 8238 8267 8264 8236 8267
          8237 8265 8268 8239 8237 8268
          8211 8240 8269 8266 8211 8269
          8238 8242 8270 8267 8238 8270
          8243 8239 8268 8243 8268 8269
          8244 8243 8269 8240 8244 8269
          8220 8215 8271 8203 8272 7135
          8245 8221 8273 8242 8245 8270
          8222 8220 8274 8272 7095 7135
          8222 8274 8275 8246 8222 8275
          8246 8275 8276 8247 8246 8276
          8221 8247 8273 8273 8247 8276
          8277 8278 8279 8277 8279 8280
          8248 8249 8281 8281 8249 8282
          8249 8250 8282 8282 8250 8283
          8278 8282 8283 8279 8278 8283
          8283 8284 8285 8280 8283 8285
          8280 8279 8283 8285 8284 8286
          8248 8281 8287 8287 8281 8288
          8250 8253 8283 8283 8255 8284
          8253 8255 8283 8284 8255 8289
          8289 8255 8290 8255 8257 8290
          8257 8258 8290 8291 8290 8292
          8293 8290 8291 8294 7307 7137
          8290 8258 8292 8258 8260 8292
          8261 8262 8295 8295 8233 8296
          8262 8233 8295 8233 8263 8296
          8297 8292 8298 8291 8292 8297
          8299 8300 8301 8260 8264 8292
          8261 8295 8302 8265 8261 8302
          8263 8266 8303 8296 8263 8303
          8304 6153 6257 8265 8302 8305
          8268 8265 8305 8268 8305 8306
          8269 8268 8306 8266 8269 8306
          8303 8266 8306 8267 8270 8307
          7050 7220 8294 8270 8273 8307
          8270 8245 8273 7087 8308 8309
          8276 8275 8310 8273 8276 8310
          8278 8277 8311 8311 8277 8312
          8277 8280 8312 8312 8280 8313
          8312 8313 8314 8314 8313 8315
          8281 8282 8316 8282 8278 8316
          8316 8278 8317 8278 8311 8317
          8316 8317 8318 8280 8285 8313
          7087 7088 8308 8313 8286 8315
          8285 8286 8313 8288 8281 8316
          7088 8319 8308 8288 8316 8318
          8297 8298 8320 8302 8295 8321
          8321 8296 8322 8295 8296 8321
          8296 8303 8322 8305 8302 8321
          8306 8305 8321 8306 8321 8322
          8303 8306 8322 8311 8312 8323
          8312 8314 8324 8323 8312 8324
          8314 8315 8324 8317 8311 8323
          8318 8317 8323 8318 8323 8324
          8315 8318 8324 8325 8288 8318
          8309 8326 7087 7137 7044 8294
          8327 8320 8328 7044 7050 8294
          8271 8329 8330 8331 8332 8333
          8334 8319 7033 8335 8327 8330
          8335 8336 8327 8330 8329 8335
          8337 8338 8320 8337 8336 8338
          8301 7850 8339 8336 8287 8338
          7769 7773 8182 8339 8299 8301
          8340 7769 8182 8327 8336 8337
          8337 8320 8327 8335 8341 8342
          8342 8343 8335 8340 8182 8216
          8343 8336 8335 8335 8329 8341
          8344 8336 8343 8344 8287 8336
          8345 8346 8347 8345 7136 8346
          8348 8174 8349 8350 8348 8349
          7136 7305 8346 7774 6984 8351
          7033 7035 8334 7672 7670 7721
          7674 7676 8352 8342 8353 8348
          8348 8343 8342 7757 7760 7762
          7761 7763 7764 8351 8299 8339
          7035 8354 8334 8339 7774 8351
          8329 8355 8341 7762 7763 7761
          7764 7713 7767 7718 7719 7770
          8315 8286 8318 8310 8275 8356
          8275 8274 8356 8307 8273 8310
          7767 7717 7769 8348 8350 8343
          8357 8267 8307 8264 8267 8357
          8292 8264 8298 8358 8291 8297
          8343 8350 8344 8289 8290 8293
          8358 8293 8291 8286 8284 8289
          7721 7770 8241 8287 8288 8325
          8251 8248 8287 8220 8271 8274
          8215 8329 8271 8350 8224 8251
          8215 8353 8329 7769 7720 7773
          8199 8224 8350 8106 8353 8215
          8174 8134 8199 7773 7722 7775
          8106 8086 8143 8143 8139 8174
          7723 7674 7775 8359 8300 8299
          8351 6984 7042 8351 7042 7047
          8299 8351 7047 8347 6985 8345
          8347 6979 6985 8359 8299 7047
          6887 6855 8360 6855 6931 8360
          8359 7047 7765 6979 6933 6985
          6985 6935 6986 6891 6887 6987
          7033 6970 7035 7036 6972 7037
          7037 6975 7039 7041 6978 7043
          6980 6979 8361 7129 7184 8362
          7130 7129 8362 7184 7178 7257
          8363 8300 8359 7255 7308 7306
          7043 6980 8361 6987 7182 7045
          7044 6989 7050 7308 7181 8364
          7257 7256 7306 7086 7087 8326
          7181 7086 8326 7131 7130 8365
          7258 7131 8365 7765 8363 8359
          7181 8366 8367 7087 7028 7088
          7088 7029 8319 7029 7033 8319
          7035 7036 8354 7039 7040 8368
          7040 7041 8368 8367 8364 7181
          7181 8326 8366 7046 5940 8369
          6173 6180 7766 8362 7184 8370
          7184 7257 8370 6986 7136 8345
          8345 6985 6986 8369 6173 7766
          8371 8368 7041 7766 7046 8369
          5933 6173 8369 8369 5940 5933
          7039 8368 8372 7759 7813 8373
          7760 7759 8373 7774 8374 7771
          8329 8353 8355 8272 8375 7258
          7758 7761 7815 7813 7843 7851
          7851 7844 7853 7258 8365 8272
          8325 8289 8293 8174 8348 8376
          8376 8143 8174 7853 7814 8377
          8376 8106 8143 7814 7815 8377
          7676 7675 8378 8379 7307 8294
          8352 7676 8378 8289 8325 8380
          8325 8293 8358 8381 8202 8379
          8379 8294 8381 8358 8297 8320
          8382 6207 6088 7675 8383 8384
          8385 7763 7762 8386 7764 8385
          8328 8320 8387 8320 8298 8387
          8386 8385 7762 8272 8203 8375
          6088 8374 8382 8355 8353 8342
          8355 8342 8341 7132 6804 6803
          7770 7719 8216 8381 7183 8388
          8327 8328 8330 8385 7716 7763
          5974 7855 7715 8389 7716 8385
          7764 7767 8389 8385 7764 8389
          8216 7719 8389 8390 8330 8328
          8308 8319 8391 8340 8216 8389
          8392 7094 8308 8393 8271 8330
          8330 8390 8393 7767 7769 8340
          8394 8373 7813 7813 7851 8394
          8393 8390 8395 8396 7855 5974
          8397 8307 8398 8398 8356 8395
          8395 8390 8397 8398 8395 8397
          8399 8373 8394 7629 7672 8383
          7629 8383 7675 7576 7675 7676
          8380 8325 8318 8387 8390 8328
          8400 8307 8397 8387 8298 8400
          8397 8390 8387 8397 8387 8400
          7716 7712 7763 8289 8318 8286
          7665 7716 7719 7853 8377 8399
          8394 7851 7853 8394 7853 8399
          5973 6207 8396 8399 8377 7815
          8298 8264 8357 8400 8298 8357
          8357 8307 8400 8308 8391 8392
          5973 8396 5974 8398 8307 8310
          8310 8356 8398 6153 6039 6257
          8395 8356 8274 8274 8271 8393
          8274 8393 8395 8325 8358 8338
          8287 8325 8338 6156 6159 6264
          8399 7760 8373 8358 8320 8338
          6159 6158 6266 8251 8287 8344
          8350 8251 8344 8380 8318 8289
          8399 7815 8386 6151 6153 6347
          8353 8106 8376 8348 8353 8376
          7762 7760 8399 6257 6353 8304
          8399 8386 7762 8386 7815 7761
          7761 7764 8386 8349 8174 8199
          8199 8350 8349 8401 7307 8379
          8180 8216 8178 8178 7775 8179
          8379 8202 7090 7773 7775 8178
          8401 8379 7090 7097 8401 7090
          8216 8180 8252 6262 6352 6355
          6258 6264 6353 8378 8384 8180
          8391 8402 8392 8180 8179 8378
          6266 6267 6366 8179 8352 8378
          8372 7036 7037 7037 7039 8372
          8252 8180 8384 8371 7041 7043
          7043 8361 8371 8252 8384 8383
          6270 6361 8403 8202 8381 8388
          8388 8375 8203 8388 8203 8202
          6366 6270 8403 6803 8404 8405
          6345 6347 6423 6352 6348 6358
          7721 8383 7672 8294 7220 8381
          6356 6355 6363 7721 8252 8383
          7721 8241 8252 6361 6362 6424
          6414 6415 6426 7675 8384 8378
          7775 7674 8179 7674 8352 8179
          6429 6423 8406 8381 7220 7098
          8405 7132 6803 8389 7719 7716
          8389 7767 8340 7098 7183 8381
          6430 6429 8406 6294 8407 6295
          6186 6175 6174 8408 6174 6284
          8408 6284 8409 8409 8407 8410
          8410 8408 8409 6295 8407 8409
          7850 7724 7855 8396 6207 8382
          8382 7850 7855 8382 7855 8396
          8339 7850 8382 8382 8374 8339
          8339 8374 7774 8411 8407 6294
          7098 7045 7183 7725 8411 6294
          7725 6294 7714 8411 7725 8300
          8407 8411 8300 8363 8408 8410
          8410 8407 8300 8410 8300 8363
          8412 8408 8363 8363 7765 8412
          7090 8202 7135 8413 6186 6174
          8412 7765 8413 6174 8408 8412
          6174 8412 8413 8413 7765 7768
          6180 8413 7768 7034 5946 5940
          7046 7034 5940 7766 6180 7768
          7766 7047 7046 6187 6271 8414
          8414 6175 6187 6177 6179 8415
          7725 7850 8301 8301 8300 7725
          8415 6179 8416 8417 6057 8418
          6057 6177 8418 6177 8415 8418
          8415 8417 8418 6506 6505 6808
          8419 7133 7132 8371 8420 8372
          8419 7132 8421 8422 6363 6355
          6355 6352 8422 6358 6360 8423
          6352 6358 8423 8424 8304 8425
          8426 6347 8424 8425 8426 8424
          8427 7258 8375 8426 8425 8428
          6931 7258 8427 8304 6353 8425
          8360 6931 8429 8421 7132 8405
          8430 6430 8428 8431 8332 8430
          7089 7094 8392 8430 8428 8431
          7182 6987 8429 8427 7182 8429
          8425 8421 8431 8388 7183 7185
          8388 7185 8427 8375 8388 8427
          8428 8425 8431 8429 6931 8427
          8427 7185 7182 8432 6428 8433
          8362 8434 8435 8435 7130 8362
          8430 8433 6428 8401 7305 7307
          8436 8401 7097 8436 7097 7089
          7089 8392 8437 8436 7089 8437
          8438 8436 8437 8402 8438 8437
          6350 6804 8439 8402 8437 8392
          8440 6350 8439 8441 7095 8272
          8426 8406 6423 6423 6347 8426
          8405 8404 8333 8421 8405 8332
          8431 8421 8332 8333 8332 8405
          8428 6430 8406 8426 8428 8406
          8442 6987 6887 8308 7094 7096
          7096 8443 8444 8308 7096 8444
          8309 8308 8444 8333 8404 8445
          8446 8443 7096 7096 7095 8441
          8446 7096 8441 8435 8446 8441
          8333 8445 8331 8436 8438 8447
          8401 8436 8447 8391 8319 8334
          8334 8354 8448 8391 8334 8448
          8402 8391 8448 8424 6347 6153
          8448 8449 8402 8304 8424 6153
          8449 8438 8402 8366 8326 8309
          8444 8443 8450 8444 8450 8366
          8366 8309 8444 8272 8365 8451
          8441 8272 8451 8441 8451 8435
          8443 8434 8450 8452 8331 8445
          8446 8435 8434 8443 8446 8434
          6622 6734 6810 6801 6735 6802
          6802 6736 8453 6736 6627 8453
          6681 8454 8455 6681 6620 8454
          6743 6681 8455 8448 8354 8372
          8425 6353 8456 8449 8448 8372
          8346 7305 8401 8419 8421 8425
          8346 8401 8447 8347 8346 8447
          8447 8438 8347 8420 6979 8347
          8449 8372 8420 8347 8438 8449
          8420 8347 8449 8425 8456 8419
          8452 6498 8432 8433 8332 8331
          8432 8433 8331 8331 8452 8432
          8453 6627 8457 8453 8457 8458
          8459 8450 8460 8461 6627 6503
          8434 8460 8450 8462 8461 6503
          8442 6887 8360 8360 8429 8442
          8429 6987 8442 8451 8365 7130
          7130 8435 8451 8361 6979 8420
          8372 8368 8371 6501 6619 8463
          8464 6501 8463 6687 8465 8464
          8371 8361 8420 8464 8463 6687
          8466 6365 8439 8466 8439 8467
          8366 8450 8367 8468 6266 6366
          7308 8364 8367 8367 8450 8459
          7308 8367 8459 7306 7308 8459
          8434 8362 8370 8370 7257 8460
          8460 8434 8370 7257 7306 8459
          7257 8459 8460 8468 6366 8466
          8466 8467 8468 8469 6266 8470
          8372 8354 7036 8471 6264 8469
          6620 6622 8472 6620 8472 8473
          8473 8454 6620 8474 8454 8473
          8473 8472 8474 8465 6686 8440
          8475 6803 6349 8476 6259 8477
          8477 8478 8476 6375 6296 6295
          6360 6494 8479 6375 6295 8409
          6375 8409 8480 6297 6375 8480
          6503 6499 8462 6499 6498 8462
          8480 8409 6284 6263 8481 6259
          6261 8482 6263 6259 8476 6260
          8483 5972 5974 8476 6354 6260
          6420 6430 8430 8430 6428 6420
          6427 8484 8432 8432 6498 6427
          8484 6428 8432 6802 8453 8458
          8458 6801 6802 8430 8332 8433
          7715 6208 8483 6260 8485 6261
          8483 5974 7715 8485 8482 6261
          6260 6741 8486 6354 6741 6260
          8486 8485 6260 8416 8487 6297
          8417 8416 8488 8489 8490 8486
          8490 8485 8486 8486 6741 8489
          8484 6427 6426 6415 6428 8484
          8484 6426 6415 6159 6266 8469
          8469 6264 6159 8415 8416 8417
          6506 8491 8492 6506 6808 8491
          6298 6277 6185 6619 6500 8492
          6500 6506 8492 8423 6360 8479
          5820 5933 5940 8493 6363 8422
          8493 6364 6363 5739 5940 5946
          5831 5946 5960 6361 6424 8403
          5850 5960 5966 5862 5966 7772
          8477 8445 8478 6259 8481 8477
          8478 6354 8476 5862 7772 5975
          5933 6054 6173 8494 8445 8477
          8477 8481 8494 8495 8496 8485
          8496 8482 8485 5867 5975 6088
          8495 8454 8496 6173 6166 6180
          6180 6167 6182 6182 6168 6186
          8489 6741 8492 6186 6187 6175
          8497 8452 8445 8445 8494 8497
          6057 6061 6177 8498 6084 6210
          8497 6498 8452 6084 8498 6184
          6210 6086 6190 8467 6804 7134
          6089 6088 6207 8470 8468 7134
          8468 8467 7134 8470 6266 8468
          7134 7133 8470 8470 7133 8471
          6271 6170 6273 6187 6169 6271
          8471 8419 8456 8471 7133 8419
          6273 6171 6278 6278 6172 8499
          6172 6057 8499 8439 6804 8467
          6298 6185 6296 8500 6189 7714
          6294 6296 8498 6294 8498 8500
          8500 7714 6294 8475 6349 8478
          8478 8445 8475 8445 8404 8475
          6349 6354 8478 6494 6501 8479
          6803 6350 6349 8475 8404 6803
          8440 8439 8465 6686 6350 8440
          8465 6687 6686 8439 6365 8465
          8416 6179 6181 8492 6740 8463
          6740 6687 8463 8492 6741 6740
          8463 6619 8492 8469 8470 8471
          8456 6353 6264 6264 8471 8456
          8462 6498 8497 8497 8494 8461
          8461 8462 8497 8496 8454 8474
          8474 8472 8482 8496 8474 8482
          8461 8494 8501 8502 8499 8488
          8494 8481 8501 8503 6810 8504
          8501 8481 8505 8505 8503 8504
          8501 8505 8504 6176 8502 8488
          6176 8488 8506 8505 8481 6263
          6284 6176 8506 8503 8505 6263
          8506 8488 6297 8480 6284 8506
          6297 8480 8506 6263 8482 8472
          8503 6263 8472 8488 8499 8417
          8491 6808 8490 8491 8490 8489
          8491 8489 8492 8487 6277 6297
          8495 8485 8490 6297 8488 8416
          8479 6501 8464 8464 8465 8423
          8423 8479 8464 8465 6365 6364
          8465 6364 8493 8493 8423 8465
          8499 6057 8417 8466 6366 8403
          8403 6424 8466 6424 6365 8466
          8504 6810 6801 6278 8499 8502
          8507 8461 8501 8507 8501 8504
          6176 6175 8414 8414 6271 8502
          8414 8502 6176 6622 6810 8503
          6273 6278 8502 8472 6622 8503
          8502 6271 6273 8490 6808 6743
          6743 8455 8495 8495 8490 6743
          8455 8454 8495 6275 6277 8487
          6181 6275 8487 8422 6352 8423
          6181 8487 8416 6272 5972 8508
          8423 8493 8422 6209 6272 8508
          8504 6801 8458 8457 6627 8461
          8507 8504 8458 8507 8458 8457
          8507 8457 8461 6184 8498 6296
          6185 6184 6296 6190 6189 8500
          8500 8498 6210 6210 6190 8500
          7715 6189 6191 6191 6208 7715
          8508 5972 8483 8483 6208 6209
          5966 5960 6982 6982 7772 5966
          6182 6186 8413 8413 6180 6182
          5975 7771 8374 5975 7772 7771
          8374 6088 5975 6209 8508 8483
        </DataArray>
        <DataArray type="Int64" Name="offsets" format="ascii" RangeMin="3" RangeMax="51138">
          3 6 9 12 15 18
          21 24 27 30 33 36
          39 42 45 48 51 54
          57 60 63 66 69 72
          75 78 81 84 87 90
          93 96 99 102 105 108
          111 114 117 120 123 126
          129 132 135 138 141 144
          147 150 153 156 159 162
          165 168 171 174 177 180
          183 186 189 192 195 198
          201 204 207 210 213 216
          219 222 225 228 231 234
          237 240 243 246 249 252
          255 258 261 264 267 270
          273 276 279 282 285 288
          291 294 297 300 303 306
          309 312 315 318 321 324
          327 330 333 336 339 342
          345 348 351 354 357 360
          363 366 369 372 375 378
          381 384 387 390 393 396
          399 402 405 408 411 414
          417 420 423 426 429 432
          435 438 441 444 447 450
          453 456 459 462 465 468
          471 474 477 480 483 486
          489 492 495 498 501 504
          507 510 513 516 519 522
          525 528 531 534 537 540
          543 546 549 552 555 558
          561 564 567 570 573 576
          579 582 585 588 591 594
          597 600 603 606 609 612
          615 618 621 624 627 630
          633 636 639 642 645 648
          651 654 657 660 663 666
          669 672 675 678 681 684
          687 690 693 696 699 702
          705 708 711 714 717 720
          723 726 729 732 735 738
          741 744 747 750 753 756
          759 762 765 768 771 774
          777 780 783 786 789 792
          795 798 801 804 807 810
          813 816 819 822 825 828
          831 834 837 840 843 846
          849 852 855 858 861 864
          867 870 873 876 879 882
          885 888 891 894 897 900
          903 906 909 912 915 918
          921 924 927 930 933 936
          939 942 945 948 951 954
          957 960 963 966 969 972
          975 978 981 984 987 990
          993 996 999 1002 1005 1008
          1011 1014 1017 1020 1023 1026
          1029 1032 1035 1038 1041 1044
          1047 1050 1053 1056 1059 1062
          1065 1068 1071 1074 1077 1080
          1083 1086 1089 1092 1095 1098
          1101 1104 1107 1110 1113 1116
          1119 1122 1125 1128 1131 1134
          1137 1140 1143 1146 1149 1152
          1155 1158 1161 1164 1167 1170
          1173 1176 1179 1182 1185 1188
          1191 1194 1197 1200 1203 1206
          1209 1212 1215 1218 1221 1224
          1227 1230 1233 1236 1239 1242
          1245 1248 1251 1254 1257 1260
          1263 1266 1269 1272 1275 1278
          1281 1284 1287 1290 1293 1296
          1299 1302 1305 1308 1311 1314
          1317 1320 1323 1326 1329 1332
          1335 1338 1341 1344 1347 1350
          1353 1356 1359 1362 1365 1368
          1371 1374 1377 1380 1383 1386
          1389 1392 1395 1398 1401 1404
          1407 1410 1413 1416 1419 1422
          1425 1428 1431 1434 1437 1440
          1443 1446 1449 1452 1455 1458
          1461 1464 1467 1470 1473 1476
          1479 1482 1485 1488 1491 1494
          1497 1500 1503 1506 1509 1512
          1515 1518 1521 1524 1527 1530
          1533 1536 1539 1542 1545 1548
          1551 1554 1557 1560 1563 1566
          1569 1572 1575 1578 1581 1584
          1587 1590 1593 1596 1599 1602
          1605 1608 1611 1614 1617 1620
          1623 1626 1629 1632 1635 1638
          1641 1644 1647 1650 1653 1656
          1659 1662 1665 1668 1671 1674
          1677 1680 1683 1686 1689 1692
          1695 1698 1701 1704 1707 1710
          1713 1716 1719 1722 1725 1728
          1731 1734 1737 1740 1743 1746
          1749 1752 1755 1758 1761 1764
          1767 1770 1773 1776 1779 1782
          1785 1788 1791 1794 1797 1800
          1803 1806 1809 1812 1815 1818
          1821 1824 1827 1830 1833 1836
          1839 1842 1845 1848 1851 1854
          1857 1860 1863 1866 1869 1872
          1875 1878 1881 1884 1887 1890
          1893 1896 1899 1902 1905 1908
          1911 1914 1917 1920 1923 1926
          1929 1932 1935 1938 1941 1944
          1947 1950 1953 1956 1959 1962
          1965 1968 1971 1974 1977 1980
          1983 1986 1989 1992 1995 1998
          2001 2004 2007 2010 2013 2016
          2019 2022 2025 2028 2031 2034
          2037 2040 2043 2046 2049 2052
          2055 2058 2061 2064 2067 2070
          2073 2076 2079 2082 2085 2088
          2091 2094 2097 2100 2103 2106
          2109 2112 2115 2118 2121 2124
          2127 2130 2133 2136 2139 2142
          2145 2148 2151 2154 2157 2160
          2163 2166 2169 2172 2175 2178
          2181 2184 2187 2190 2193 2196
          2199 2202 2205 2208 2211 2214
          2217 2220 2223 2226 2229 2232
          2235 2238 2241 2244 2247 2250
          2253 2256 2259 2262 2265 2268
          2271 2274 2277 2280 2283 2286
          2289 2292 2295 2298 2301 2304
          2307 2310 2313 2316 2319 2322
          2325 2328 2331 2334 2337 2340
          2343 2346 2349 2352 2355 2358
          2361 2364 2367 2370 2373 2376
          2379 2382 2385 2388 2391 2394
          2397 2400 2403 2406 2409 2412
          2415 2418 2421 2424 2427 2430
          2433 2436 2439 2442 2445 2448
          2451 2454 2457 2460 2463 2466
          2469 2472 2475 2478 2481 2484
          2487 2490 2493 2496 2499 2502
          2505 2508 2511 2514 2517 2520
          2523 2526 2529 2532 2535 2538
          2541 2544 2547 2550 2553 2556
          2559 2562 2565 2568 2571 2574
          2577 2580 2583 2586 2589 2592
          2595 2598 2601 2604 2607 2610
          2613 2616 2619 2622 2625 2628
          2631 2634 2637 2640 2643 2646
          2649 2652 2655 2658 2661 2664
          2667 2670 2673 2676 2679 2682
          2685 2688 2691 2694 2697 2700
          2703 2706 2709 2712 2715 2718
          2721 2724 2727 2730 2733 2736
          2739 2742 2745 2748 2751 2754
          2757 2760 2763 2766 2769 2772
          2775 2778 2781 2784 2787 2790
          2793 2796 2799 2802 2805 2808
          2811 2814 2817 2820 2823 2826
          2829 2832 2835 2838 2841 2844
          2847 2850 2853 2856 2859 2862
          2865 2868 2871 2874 2877 2880
          2883 2886 2889 2892 2895 2898
          2901 2904 2907 2910 2913 2916
          2919 2922 2925 2928 2931 2934
          2937 2940 2943 2946 2949 2952
          2955 2958 2961 2964 2967 2970
          2973 2976 2979 2982 2985 2988
          2991 2994 2997 3000 3003 3006
          3009 3012 3015 3018 3021 3024
          3027 3030 3033 3036 3039 3042
          3045 3048 3051 3054 3057 3060
          3063 3066 3069 3072 3075 3078
          3081 3084 3087 3090 3093 3096
          3099 3102 3105 3108 3111 3114
          3117 3120 3123 3126 3129 3132
          3135 3138 3141 3144 3147 3150
          3153 3156 3159 3162 3165 3168
          3171 3174 3177 3180 3183 3186
          3189 3192 3195 3198 3201 3204
          3207 3210 3213 3216 3219 3222
          3225 3228 3231 3234 3237 3240
          3243 3246 3249 3252 3255 3258
          3261 3264 3267 3270 3273 3276
          3279 3282 3285 3288 3291 3294
          3297 3300 3303 3306 3309 3312
          3315 3318 3321 3324 3327 3330
          3333 3336 3339 3342 3345 3348
          3351 3354 3357 3360 3363 3366
          3369 3372 3375 3378 3381 3384
          3387 3390 3393 3396 3399 3402
          3405 3408 3411 3414 3417 3420
          3423 3426 3429 3432 3435 3438
          3441 3444 3447 3450 3453 3456
          3459 3462 3465 3468 3471 3474
          3477 3480 3483 3486 3489 3492
          3495 3498 3501 3504 3507 3510
          3513 3516 3519 3522 3525 3528
          3531 3534 3537 3540 3543 3546
          3549 3552 3555 3558 3561 3564
          3567 3570 3573 3576 3579 3582
          3585 3588 3591 3594 3597 3600
          3603 3606 3609 3612 3615 3618
          3621 3624 3627 3630 3633 3636
          3639 3642 3645 3648 3651 3654
          3657 3660 3663 3666 3669 3672
          3675 3678 3681 3684 3687 3690
          3693 3696 3699 3702 3705 3708
          3711 3714 3717 3720 3723 3726
          3729 3732 3735 3738 3741 3744
          3747 3750 3753 3756 3759 3762
          3765 3768 3771 3774 3777 3780
          3783 3786 3789 3792 3795 3798
          3801 3804 3807 3810 3813 3816
          3819 3822 3825 3828 3831 3834
          3837 3840 3843 3846 3849 3852
          3855 3858 3861 3864 3867 3870
          3873 3876 3879 3882 3885 3888
          3891 3894 3897 3900 3903 3906
          3909 3912 3915 3918 3921 3924
          3927 3930 3933 3936 3939 3942
          3945 3948 3951 3954 3957 3960
          3963 3966 3969 3972 3975 3978
          3981 3984 3987 3990 3993 3996
          3999 4002 4005 4008 4011 4014
          4017 4020 4023 4026 4029 4032
          4035 4038 4041 4044 4047 4050
          4053 4056 4059 4062 4065 4068
          4071 4074 4077 4080 4083 4086
          4089 4092 4095 4098 4101 4104
          4107 4110 4113 4116 4119 4122
          4125 4128 4131 4134 4137 4140
          4143 4146 4149 4152 4155 4158
          4161 4164 4167 4170 4173 4176
          4179 4182 4185 4188 4191 4194
          4197 4200 4203 4206 4209 4212
          4215 4218 4221 4224 4227 4230
          4233 4236 4239 4242 4245 4248
          4251 4254 4257 4260 4263 4266
          4269 4272 4275 4278 4281 4284
          4287 4290 4293 4296 4299 4302
          4305 4308 4311 4314 4317 4320
          4323 4326 4329 4332 4335 4338
          4341 4344 4347 4350 4353 4356
          4359 4362 4365 4368 4371 4374
          4377 4380 4383 4386 4389 4392
          4395 4398 4401 4404 4407 4410
          4413 4416 4419 4422 4425 4428
          4431 4434 4437 4440 4443 4446
          4449 4452 4455 4458 4461 4464
          4467 4470 4473 4476 4479 4482
          4485 4488 4491 4494 4497 4500
          4503 4506 4509 4512 4515 4518
          4521 4524 4527 4530 4533 4536
          4539 4542 4545 4548 4551 4554
          4557 4560 4563 4566 4569 4572
          4575 4578 4581 4584 4587 4590
          4593 4596 4599 4602 4605 4608
          4611 4614 4617 4620 4623 4626
          4629 4632 4635 4638 4641 4644
          4647 4650 4653 4656 4659 4662
          4665 4668 4671 4674 4677 4680
          4683 4686 4689 4692 4695 4698
          4701 4704 4707 4710 4713 4716
          4719 4722 4725 4728 4731 4734
          4737 4740 4743 4746 4749 4752
          4755 4758 4761 4764 4767 4770
          4773 4776 4779 4782 4785 4788
          4791 4794 4797 4800 4803 4806
          4809 4812 4815 4818 4821 4824
          4827 4830 4833 4836 4839 4842
          4845 4848 4851 4854 4857 4860
          4863 4866 4869 4872 4875 4878
          4881 4884 4887 4890 4893 4896
          4899 4902 4905 4908 4911 4914
          4917 4920 4923 4926 4929 4932
          4935 4938 4941 4944 4947 4950
          4953 4956 4959 4962 4965 4968
          4971 4974 4977 4980 4983 4986
          4989 4992 4995 4998 5001 5004
          5007 5010 5013 5016 5019 5022
          5025 5028 5031 5034 5037 5040
          5043 5046 5049 5052 5055 5058
          5061 5064 5067 5070 5073 5076
          5079 5082 5085 5088 5091 5094
          5097 5100 5103 5106 5109 5112
          5115 5118 5121 5124 5127 5130
          5133 5136 5139 5142 5145 5148
          5151 5154 5157 5160 5163 5166
          5169 5172 5175 5178 5181 5184
          5187 5190 5193 5196 5199 5202
          5205 5208 5211 5214 5217 5220
          5223 5226 5229 5232 5235 5238
          5241 5244 5247 5250 5253 5256
          5259 5262 5265 5268 5271 5274
          5277 5280 5283 5286 5289 5292
          5295 5298 5301 5304 5307 5310
          5313 5316 5319 5322 5325 5328
          5331 5334 5337 5340 5343 5346
          5349 5352 5355 5358 5361 5364
          5367 5370 5373 5376 5379 5382
          5385 5388 5391 5394 5397 5400
          5403 5406 5409 5412 5415 5418
          5421 5424 5427 5430 5433 5436
          5439 5442 5445 5448 5451 5454
          5457 5460 5463 5466 5469 5472
          5475 5478 5481 5484 5487 5490
          5493 5496 5499 5502 5505 5508
          5511 5514 5517 5520 5523 5526
          5529 5532 5535 5538 5541 5544
          5547 5550 5553 5556 5559 5562
          5565 5568 5571 5574 5577 5580
          5583 5586 5589 5592 5595 5598
          5601 5604 5607 5610 5613 5616
          5619 5622 5625 5628 5631 5634
          5637 5640 5643 5646 5649 5652
          5655 5658 5661 5664 5667 5670
          5673 5676 5679 5682 5685 5688
          5691 5694 5697 5700 5703 5706
          5709 5712 5715 5718 5721 5724
          5727 5730 5733 5736 5739 5742
          5745 5748 5751 5754 5757 5760
          5763 5766 5769 5772 5775 5778
          5781 5784 5787 5790 5793 5796
          5799 5802 5805 5808 5811 5814
          5817 5820 5823 5826 5829 5832
          5835 5838 5841 5844 5847 5850
          5853 5856 5859 5862 5865 5868
          5871 5874 5877 5880 5883 5886
          5889 5892 5895 5898 5901 5904
          5907 5910 5913 5916 5919 5922
          5925 5928 5931 5934 5937 5940
          5943 5946 5949 5952 5955 5958
          5961 5964 5967 5970 5973 5976
          5979 5982 5985 5988 5991 5994
          5997 6000 6003 6006 6009 6012
          6015 6018 6021 6024 6027 6030
          6033 6036 6039 6042 6045 6048
          6051 6054 6057 6060 6063 6066
          6069 6072 6075 6078 6081 6084
          6087 6090 6093 6096 6099 6102
          6105 6108 6111 6114 6117 6120
          6123 6126 6129 6132 6135 6138
          6141 6144 6147 6150 6153 6156
          6159 6162 6165 6168 6171 6174
          6177 6180 6183 6186 6189 6192
          6195 6198 6201 6204 6207 6210
          6213 6216 6219 6222 6225 6228
          6231 6234 6237 6240 6243 6246
          6249 6252 6255 6258 6261 6264
          6267 6270 6273 6276 6279 6282
          6285 6288 6291 6294 6297 6300
          6303 6306 6309 6312 6315 6318
          6321 6324 6327 6330 6333 6336
          6339 6342 6345 6348 6351 6354
          6357 6360 6363 6366 6369 6372
          6375 6378 6381 6384 6387 6390
          6393 6396 6399 6402 6405 6408
          6411 6414 6417 6420 6423 6426
          6429 6432 6435 6438 6441 6444
          6447 6450 6453 6456 6459 6462
          6465 6468 6471 6474 6477 6480
          6483 6486 6489 6492 6495 6498
          6501 6504 6507 6510 6513 6516
          6519 6522 6525 6528 6531 6534
          6537 6540 6543 6546 6549 6552
          6555 6558 6561 6564 6567 6570
          6573 6576 6579 6582 6585 6588
          6591 6594 6597 6600 6603 6606
          6609 6612 6615 6618 6621 6624
          6627 6630 6633 6636 6639 6642
          6645 6648 6651 6654 6657 6660
          6663 6666 6669 6672 6675 6678
          6681 6684 6687 6690 6693 6696
          6699 6702 6705 6708 6711 6714
          6717 6720 6723 6726 6729 6732
          6735 6738 6741 6744 6747 6750
          6753 6756 6759 6762 6765 6768
          6771 6774 6777 6780 6783 6786
          6789 6792 6795 6798 6801 6804
          6807 6810 6813 6816 6819 6822
          6825 6828 6831 6834 6837 6840
          6843 6846 6849 6852 6855 6858
          6861 6864 6867 6870 6873 6876
          6879 6882 6885 6888 6891 6894
          6897 6900 6903 6906 6909 6912
          6915 6918 6921 6924 6927 6930
          6933 6936 6939 6942 6945 6948
          6951 6954 6957 6960 6963 6966
          6969 6972 6975 6978 6981 6984
          6987 6990 6993 6996 6999 7002
          7005 7008 7011 7014 7017 7020
          7023 7026 7029 7032 7035 7038
          7041 7044 7047 7050 7053 7056
          7059 7062 7065 7068 7071 7074
          7077 7080 7083 7086 7089 7092
          7095 7098 7101 7104 7107 7110
          7113 7116 7119 7122 7125 7128
          7131 7134 7137 7140 7143 7146
          7149 7152 7155 7158 7161 7164
          7167 7170 7173 7176 7179 7182
          7185 7188 7191 7194 7197 7200
          7203 7206 7209 7212 7215 7218
          7221 7224 7227 7230 7233 7236
          7239 7242 7245 7248 7251 7254
          7257 7260 7263 7266 7269 7272
          7275 7278 7281 7284 7287 7290
          7293 7296 7299 7302 7305 7308
          7311 7314 7317 7320 7323 7326
          7329 7332 7335 7338 7341 7344
          7347 7350 7353 7356 7359 7362
          7365 7368 7371 7374 7377 7380
          7383 7386 7389 7392 7395 7398
          7401 7404 7407 7410 7413 7416
          7419 7422 7425 7428 7431 7434
          7437 7440 7443 7446 7449 7452
          7455 7458 7461 7464 7467 7470
          7473 7476 7479 7482 7485 7488
          7491 7494 7497 7500 7503 7506
          7509 7512 7515 7518 7521 7524
          7527 7530 7533 7536 7539 7542
          7545 7548 7551 7554 7557 7560
          7563 7566 7569 7572 7575 7578
          7581 7584 7587 7590 7593 7596
          7599 7602 7605 7608 7611 7614
          7617 7620 7623 7626 7629 7632
          7635 7638 7641 7644 7647 7650
          7653 7656 7659 7662 7665 7668
          7671 7674 7677 7680 7683 7686
          7689 7692 7695 7698 7701 7704
          7707 7710 7713 7716 7719 7722
          7725 7728 7731 7734 7737 7740
          7743 7746 7749 7752 7755 7758
          7761 7764 7767 7770 7773 7776
          7779 7782 7785 7788 7791 7794
          7797 7800 7803 7806 7809 7812
          7815 7818 7821 7824 7827 7830
          7833 7836 7839 7842 7845 7848
          7851 7854 7857 7860 7863 7866
          7869 7872 7875 7878 7881 7884
          7887 7890 7893 7896 7899 7902
          7905 7908 7911 7914 7917 7920
          7923 7926 7929 7932 7935 7938
          7941 7944 7947 7950 7953 7956
          7959 7962 7965 7968 7971 7974
          7977 7980 7983 7986 7989 7992
          7995 7998 8001 8004 8007 8010
          8013 8016 8019 8022 8025 8028
          8031 8034 8037 8040 8043 8046
          8049 8052 8055 8058 8061 8064
          8067 8070 8073 8076 8079 8082
          8085 8088 8091 8094 8097 8100
          8103 8106 8109 8112 8115 8118
          8121 8124 8127 8130 8133 8136
          8139 8142 8145 8148 8151 8154
          8157 8160 8163 8166 8169 8172
          8175 8178 8181 8184 8187 8190
          8193 8196 8199 8202 8205 8208
          8211 8214 8217 8220 8223 8226
          8229 8232 8235 8238 8241 8244
          8247 8250 8253 8256 8259 8262
          8265 8268 8271 8274 8277 8280
          8283 8286 8289 8292 8295 8298
          8301 8304 8307 8310 8313 8316
          8319 8322 8325 8328 8331 8334
          8337 8340 8343 8346 8349 8352
          8355 8358 8361 8364 8367 8370
          8373 8376 8379 8382 8385 8388
          8391 8394 8397 8400 8403 8406
          8409 8412 8415 8418 8421 8424
          8427 8430 8433 8436 8439 8442
          8445 8448 8451 8454 8457 8460
          8463 8466 8469 8472 8475 8478
          8481 8484 8487 8490 8493 8496
          8499 8502 8505 8508 8511 8514
          8517 8520 8523 8526 8529 8532
          8535 8538 8541 8544 8547 8550
          8553 8556 8559 8562 8565 8568
          8571 8574 8577 8580 8583 8586
          8589 8592 8595 8598 8601 8604
          8607 8610 8613 8616 8619 8622
          8625 8628 8631 8634 8637 8640
          8643 8646 8649 8652 8655 8658
          8661 8664 8667 8670 8673 8676
          8679 8682 8685 8688 8691 8694
          8697 8700 8703 8706 8709 8712
          8715 8718 8721 8724 8727 8730
          8733 8736 8739 8742 8745 8748
          8751 8754 8757 8760 8763 8766
          8769 8772 8775 8778 8781 8784
          8787 8790 8793 8796 8799 8802
          8805 8808 8811 8814 8817 8820
          8823 8826 8829 8832 8835 8838
          8841 8844 8847 8850 8853 8856
          8859 8862 8865 8868 8871 8874
          8877 8880 8883 8886 8889 8892
          8895 8898 8901 8904 8907 8910
          8913 8916 8919 8922 8925 8928
          8931 8934 8937 8940 8943 8946
          8949 8952 8955 8958 8961 8964
          8967 8970 8973 8976 8979 8982
          8985 8988 8991 8994 8997 9000
          9003 9006 9009 9012 9015 9018
          9021 9024 9027 9030 9033 9036
          9039 9042 9045 9048 9051 9054
          9057 9060 9063 9066 9069 9072
          9075 9078 9081 9084 9087 9090
          9093 9096 9099 9102 9105 9108
          9111 9114 9117 9120 9123 9126
          9129 9132 9135 9138 9141 9144
          9147 9150 9153 9156 9159 9162
          9165 9168 9171 9174 9177 9180
          9183 9186 9189 9192 9195 9198
          9201 9204 9207 9210 9213 9216
          9219 9222 9225 9228 9231 9234
          9237 9240 9243 9246 9249 9252
          9255 9258 9261 9264 9267 9270
          9273 9276 9279 9282 9285 9288
          9291 9294 9297 9300 9303 9306
          9309 9312 9315 9318 9321 9324
          9327 9330 9333 9336 9339 9342
          9345 9348 9351 9354 9357 9360
          9363 9366 9369 9372 9375 9378
          9381 9384 9387 9390 9393 9396
          9399 9402 9405 9408 9411 9414
          9417 9420 9423 9426 9429 9432
          9435 9438 9441 9444 9447 9450
          9453 9456 9459 9462 9465 9468
          9471 9474 9477 9480 9483 9486
          9489 9492 9495 9498 9501 9504
          9507 9510 9513 9516 9519 9522
          9525 9528 9531 9534 9537 9540
          9543 9546 9549 9552 9555 9558
          9561 9564 9567 9570 9573 9576
          9579 9582 9585 9588 9591 9594
          9597 9600 9603 9606 9609 9612
          9615 9618 9621 9624 9627 9630
          9633 9636 9639 9642 9645 9648
          9651 9654 9657 9660 9663 9666
          9669 9672 9675 9678 9681 9684
          9687 9690 9693 9696 9699 9702
          9705 9708 9711 9714 9717 9720
          9723 9726 9729 9732 9735 9738
          9741 9744 9747 9750 9753 9756
          9759 9762 9765 9768 9771 9774
          9777 9780 9783 9786 9789 9792
          9795 9798 9801 9804 9807 9810
          9813 9816 9819 9822 9825 9828
          9831 9834 9837 9840 9843 9846
          9849 9852 9855 9858 9861 9864
          9867 9870 9873 9876 9879 9882
          9885 9888 9891 9894 9897 9900
          9903 9906 9909 9912 9915 9918
          9921 9924 9927 9930 9933 9936
          9939 9942 9945 9948 9951 9954
          9957 9960 9963 9966 9969 9972
          9975 9978 9981 9984 9987 9990
          9993 9996 9999 10002 10005 10008
          10011 10014 10017 10020 10023 10026
          10029 10032 10035 10038 10041 10044
          10047 10050 10053 10056 10059 10062
          10065 10068 10071 10074 10077 10080
          10083 10086 10089 10092 10095 10098
          10101 10104 10107 10110 10113 10116
          10119 10122 10125 10128 10131 10134
          10137 10140 10143 10146 10149 10152
          10155 10158 10161 10164 10167 10170
          10173 10176 10179 10182 10185 10188
          10191 10194 10197 10200 10203 10206
          10209 10212 10215 10218 10221 10224
          10227 10230 10233 10236 10239 10242
          10245 10248 10251 10254 10257 10260
          10263 10266 10269 10272 10275 10278
          10281 10284 10287 10290 10293 10296
          10299 10302 10305 10308 10311 10314
          10317 10320 10323 10326 10329 10332
          10335 10338 10341 10344 10347 10350
          10353 10356 10359 10362 10365 10368
          10371 10374 10377 10380 10383 10386
          10389 10392 10395 10398 10401 10404
          10407 10410 10413 10416 10419 10422
          10425 10428 10431 10434 10437 10440
          10443 10446 10449 10452 10455 10458
          10461 10464 10467 10470 10473 10476
          10479 10482 10485 10488 10491 10494
          10497 10500 10503 10506 10509 10512
          10515 10518 10521 10524 10527 10530
          10533 10536 10539 10542 10545 10548
          10551 10554 10557 10560 10563 10566
          10569 10572 10575 10578 10581 10584
          10587 10590 10593 10596 10599 10602
          10605 10608 10611 10614 10617 10620
          10623 10626 10629 10632 10635 10638
          10641 10644 10647 10650 10653 10656
          10659 10662 10665 10668 10671 10674
          10677 10680 10683 10686 10689 10692
          10695 10698 10701 10704 10707 10710
          10713 10716 10719 10722 10725 10728
          10731 10734 10737 10740 10743 10746
          10749 10752 10755 10758 10761 10764
          10767 10770 10773 10776 10779 10782
          10785 10788 10791 10794 10797 10800
          10803 10806 10809 10812 10815 10818
          10821 10824 10827 10830 10833 10836
          10839 10842 10845 10848 10851 10854
          10857 10860 10863 10866 10869 10872
          10875 10878 10881 10884 10887 10890
          10893 10896 10899 10902 10905 10908
          10911 10914 10917 10920 10923 10926
          10929 10932 10935 10938 10941 10944
          10947 10950 10953 10956 10959 10962
          10965 10968 10971 10974 10977 10980
          10983 10986 10989 10992 10995 10998
          11001 11004 11007 11010 11013 11016
          11019 11022 11025 11028 11031 11034
          11037 11040 11043 11046 11049 11052
          11055 11058 11061 11064 11067 11070
          11073 11076 11079 11082 11085 11088
          11091 11094 11097 11100 11103 11106
          11109 11112 11115 11118 11121 11124
          11127 11130 11133 11136 11139 11142
          11145 11148 11151 11154 11157 11160
          11163 11166 11169 11172 11175 11178
          11181 11184 11187 11190 11193 11196
          11199 11202 11205 11208 11211 11214
          11217 11220 11223 11226 11229 11232
          11235 11238 11241 11244 11247 11250
          11253 11256 11259 11262 11265 11268
          11271 11274 11277 11280 11283 11286
          11289 11292 11295 11298 11301 11304
          11307 11310 11313 11316 11319 11322
          11325 11328 11331 11334 11337 11340
          11343 11346 11349 11352 11355 11358
          11361 11364 11367 11370 11373 11376
          11379 11382 11385 11388 11391 11394
          11397 11400 11403 11406 11409 11412
          11415 11418 11421 11424 11427 11430
          11433 11436 11439 11442 11445 11448
          11451 11454 11457 11460 11463 11466
          11469 11472 11475 11478 11481 11484
          11487 11490 11493 11496 11499 11502
          11505 11508 11511 11514 11517 11520
          11523 11526 11529 11532 11535 11538
          11541 11544 11547 11550 11553 11556
          11559 11562 11565 11568 11571 11574
          11577 11580 11583 11586 11589 11592
          11595 11598 11601 11604 11607 11610
          11613 11616 11619 11622 11625 11628
          11631 11634 11637 11640 11643 11646
          11649 11652 11655 11658 11661 11664
          11667 11670 11673 11676 11679 11682
          11685 11688 11691 11694 11697 11700
          11703 11706 11709 11712 11715 11718
          11721 11724 11727 11730 11733 11736
          11739 11742 11745 11748 11751 11754
          11757 11760 11763 11766 11769 11772
          11775 11778 11781 11784 11787 11790
          11793 11796 11799 11802 11805 11808
          11811 11814 11817 11820 11823 11826
          11829 11832 11835 11838 11841 11844
          11847 11850 11853 11856 11859 11862
          11865 11868 11871 11874 11877 11880
          11883 11886 11889 11892 11895 11898
          11901 11904 11907 11910 11913 11916
          11919 11922 11925 11928 11931 11934
          11937 11940 11943 11946 11949 11952
          11955 11958 11961 11964 11967 11970
          11973 11976 11979 11982 11985 11988
          11991 11994 11997 12000 12003 12006
          12009 12012 12015 12018 12021 12024
          12027 12030 12033 12036 12039 12042
          12045 12048 12051 12054 12057 12060
          12063 12066 12069 12072 12075 12078
          12081 12084 12087 12090 12093 12096
          12099 12102 12105 12108 12111 12114
          12117 12120 12123 12126 12129 12132
          12135 12138 12141 12144 12147 12150
          12153 12156 12159 12162 12165 12168
          12171 12174 12177 12180 12183 12186
          12189 12192 12195 12198 12201 12204
          12207 12210 12213 12216 12219 12222
          12225 12228 12231 12234 12237 12240
          12243 12246 12249 12252 12255 12258
          12261 12264 12267 12270 12273 12276
          12279 12282 12285 12288 12291 12294
          12297 12300 12303 12306 12309 12312
          12315 12318 12321 12324 12327 12330
          12333 12336 12339 12342 12345 12348
          12351 12354 12357 12360 12363 12366
          12369 12372 12375 12378 12381 12384
          12387 12390 12393 12396 12399 12402
          12405 12408 12411 12414 12417 12420
          12423 12426 12429 12432 12435 12438
          12441 12444 12447 12450 12453 12456
          12459 12462 12465 12468 12471 12474
          12477 12480 12483 12486 12489 12492
          12495 12498 12501 12504 12507 12510
          12513 12516 12519 12522 12525 12528
          12531 12534 12537 12540 12543 12546
          12549 12552 12555 12558 12561 12564
          12567 12570 12573 12576 12579 12582
          12585 12588 12591 12594 12597 12600
          12603 12606 12609 12612 12615 12618
          12621 12624 12627 12630 12633 12636
          12639 12642 12645 12648 12651 12654
          12657 12660 12663 12666 12669 12672
          12675 12678 12681 12684 12687 12690
          12693 12696 12699 12702 12705 12708
          12711 12714 12717 12720 12723 12726
          12729 12732 12735 12738 12741 12744
          12747 12750 12753 12756 12759 12762
          12765 12768 12771 12774 12777 12780
          12783 12786 12789 12792 12795 12798
          12801 12804 12807 12810 12813 12816
          12819 12822 12825 12828 12831 12834
          12837 12840 12843 12846 12849 12852
          12855 12858 12861 12864 12867 12870
          12873 12876 12879 12882 12885 12888
          12891 12894 12897 12900 12903 12906
          12909 12912 12915 12918 12921 12924
          12927 12930 12933 12936 12939 12942
          12945 12948 12951 12954 12957 12960
          12963 12966 12969 12972 12975 12978
          12981 12984 12987 12990 12993 12996
          12999 13002 13005 13008 13011 13014
          13017 13020 13023 13026 13029 13032
          13035 13038 13041 13044 13047 13050
          13053 13056 13059 13062 13065 13068
          13071 13074 13077 13080 13083 13086
          13089 13092 13095 13098 13101 13104
          13107 13110 13113 13116 13119 13122
          13125 13128 13131 13134 13137 13140
          13143 13146 13149 13152 13155 13158
          13161 13164 13167 13170 13173 13176
          13179 13182 13185 13188 13191 13194
          13197 13200 13203 13206 13209 13212
          13215 13218 13221 13224 13227 13230
          13233 13236 13239 13242 13245 13248
          13251 13254 13257 13260 13263 13266
          13269 13272 13275 13278 13281 13284
          13287 13290 13293 13296 13299 13302
          13305 13308 13311 13314 13317 13320
          13323 13326 13329 13332 13335 13338
          13341 13344 13347 13350 13353 13356
          13359 13362 13365 13368 13371 13374
          13377 13380 13383 13386 13389 13392
          13395 13398 13401 13404 13407 13410
          13413 13416 13419 13422 13425 13428
          13431 13434 13437 13440 13443 13446
          13449 13452 13455 13458 13461 13464
          13467 13470 13473 13476 13479 13482
          13485 13488 13491 13494 13497 13500
          13503 13506 13509 13512 13515 13518
          13521 13524 13527 13530 13533 13536
          13539 13542 13545 13548 13551 13554
          13557 13560 13563 13566 13569 13572
          13575 13578 13581 13584 13587 13590
          13593 13596 13599 13602 13605 13608
          13611 13614 13617 13620 13623 13626
          13629 13632 13635 13638 13641 13644
          13647 13650 13653 13656 13659 13662
          13665 13668 13671 13674 13677 13680
          13683 13686 13689 13692 13695 13698
          13701 13704 13707 13710 13713 13716
          13719 13722 13725 13728 13731 13734
          13737 13740 13743 13746 13749 13752
          13755 13758 13761 13764 13767 13770
          13773 13776 13779 13782 13785 13788
          13791 13794 13797 13800 13803 13806
          13809 13812 13815 13818 13821 13824
          13827 13830 13833 13836 13839 13842
          13845 13848 13851 13854 13857 13860
          13863 13866 13869 13872 13875 13878
          13881 13884 13887 13890 13893 13896
          13899 13902 13905 13908 13911 13914
          13917 13920 13923 13926 13929 13932
          13935 13938 13941 13944 13947 13950
          13953 13956 13959 13962 13965 13968
          13971 13974 13977 13980 13983 13986
          13989 13992 13995 13998 14001 14004
          14007 14010 14013 14016 14019 14022
          14025 14028 14031 14034 14037 14040
          14043 14046 14049 14052 14055 14058
          14061 14064 14067 14070 14073 14076
          14079 14082 14085 14088 14091 14094
          14097 14100 14103 14106 14109 14112
          14115 14118 14121 14124 14127 14130
          14133 14136 14139 14142 14145 14148
          14151 14154 14157 14160 14163 14166
          14169 14172 14175 14178 14181 14184
          14187 14190 14193 14196 14199 14202
          14205 14208 14211 14214 14217 14220
          14223 14226 14229 14232 14235 14238
          14241 14244 14247 14250 14253 14256
          14259 14262 14265 14268 14271 14274
          14277 14280 14283 14286 14289 14292
          14295 14298 14301 14304 14307 14310
          14313 14316 14319 14322 14325 14328
          14331 14334 14337 14340 14343 14346
          14349 14352 14355 14358 14361 14364
          14367 14370 14373 14376 14379 14382
          14385 14388 14391 14394 14397 14400
          14403 14406 14409 14412 14415 14418
          14421 14424 14427 14430 14433 14436
          14439 14442 14445 14448 14451 14454
          14457 14460 14463 14466 14469 14472
          14475 14478 14481 14484 14487 14490
          14493 14496 14499 14502 14505 14508
          14511 14514 14517 14520 14523 14526
          14529 14532 14535 14538 14541 14544
          14547 14550 14553 14556 14559 14562
          14565 14568 14571 14574 14577 14580
          14583 14586 14589 14592 14595 14598
          14601 14604 14607 14610 14613 14616
          14619 14622 14625 14628 14631 14634
          14637 14640 14643 14646 14649 14652
          14655 14658 14661 14664 14667 14670
          14673 14676 14679 14682 14685 14688
          14691 14694 14697 14700 14703 14706
          14709 14712 14715 14718 14721 14724
          14727 14730 14733 14736 14739 14742
          14745 14748 14751 14754 14757 14760
          14763 14766 14769 14772 14775 14778
          14781 14784 14787 14790 14793 14796
          14799 14802 14805 14808 14811 14814
          14817 14820 14823 14826 14829 14832
          14835 14838 14841 14844 14847 14850
          14853 14856 14859 14862 14865 14868
          14871 14874 14877 14880 14883 14886
          14889 14892 14895 14898 14901 14904
          14907 14910 14913 14916 14919 14922
          14925 14928 14931 14934 14937 14940
          14943 14946 14949 14952 14955 14958
          14961 14964 14967 14970 14973 14976
          14979 14982 14985 14988 14991 14994
          14997 15000 15003 15006 15009 15012
          15015 15018 15021 15024 15027 15030
          15033 15036 15039 15042 15045 15048
          15051 15054 15057 15060 15063 15066
          15069 15072 15075 15078 15081 15084
          15087 15090 15093 15096 15099 15102
          15105 15108 15111 15114 15117 15120
          15123 15126 15129 15132 15135 15138
          15141 15144 15147 15150 15153 15156
          15159 15162 15165 15168 15171 15174
          15177 15180 15183 15186 15189 15192
          15195 15198 15201 15204 15207 15210
          15213 15216 15219 15222 15225 15228
          15231 15234 15237 15240 15243 15246
          15249 15252 15255 15258 15261 15264
          15267 15270 15273 15276 15279 15282
          15285 15288 15291 15294 15297 15300
          15303 15306 15309 15312 15315 15318
          15321 15324 15327 15330 15333 15336
          15339 15342 15345 15348 15351 15354
          15357 15360 15363 15366 15369 15372
          15375 15378 15381 15384 15387 15390
          15393 15396 15399 15402 15405 15408
          15411 15414 15417 15420 15423 15426
          15429 15432 15435 15438 15441 15444
          15447 15450 15453 15456 15459 15462
          15465 15468 15471 15474 15477 15480
          15483 15486 15489 15492 15495 15498
          15501 15504 15507 15510 15513 15516
          15519 15522 15525 15528 15531 15534
          15537 15540 15543 15546 15549 15552
          15555 15558 15561 15564 15567 15570
          15573 15576 15579 15582 15585 15588
          15591 15594 15597 15600 15603 15606
          15609 15612 15615 15618 15621 15624
          15627 15630 15633 15636 15639 15642
          15645 15648 15651 15654 15657 15660
          15663 15666 15669 15672 15675 15678
          15681 15684 15687 15690 15693 15696
          15699 15702 15705 15708 15711 15714
          15717 15720 15723 15726 15729 15732
          15735 15738 15741 15744 15747 15750
          15753 15756 15759 15762 15765 15768
          15771 15774 15777 15780 15783 15786
          15789 15792 15795 15798 15801 15804
          15807 15810 15813 15816 15819 15822
          15825 15828 15831 15834 15837 15840
          15843 15846 15849 15852 15855 15858
          15861 15864 15867 15870 15873 15876
          15879 15882 15885 15888 15891 15894
          15897 15900 15903 15906 15909 15912
          15915 15918 15921 15924 15927 15930
          15933 15936 15939 15942 15945 15948
          15951 15954 15957 15960 15963 15966
          15969 15972 15975 15978 15981 15984
          15987 15990 15993 15996 15999 16002
          16005 16008 16011 16014 16017 16020
          16023 16026 16029 16032 16035 16038
          16041 16044 16047 16050 16053 16056
          16059 16062 16065 16068 16071 16074
          16077 16080 16083 16086 16089 16092
          16095 16098 16101 16104 16107 16110
          16113 16116 16119 16122 16125 16128
          16131 16134 16137 16140 16143 16146
          16149 16152 16155 16158 16161 16164
          16167 16170 16173 16176 16179 16182
          16185 16188 16191 16194 16197 16200
          16203 16206 16209 16212 16215 16218
          16221 16224 16227 16230 16233 16236
          16239 16242 16245 16248 16251 16254
          16257 16260 16263 16266 16269 16272
          16275 16278 16281 16284 16287 16290
          16293 16296 16299 16302 16305 16308
          16311 16314 16317 16320 16323 16326
          16329 16332 16335 16338 16341 16344
          16347 16350 16353 16356 16359 16362
          16365 16368 16371 16374 16377 16380
          16383 16386 16389 16392 16395 16398
          16401 16404 16407 16410 16413 16416
          16419 16422 16425 16428 16431 16434
          16437 16440 16443 16446 16449 16452
          16455 16458 16461 16464 16467 16470
          16473 16476 16479 16482 16485 16488
          16491 16494 16497 16500 16503 16506
          16509 16512 16515 16518 16521 16524
          16527 16530 16533 16536 16539 16542
          16545 16548 16551 16554 16557 16560
          16563 16566 16569 16572 16575 16578
          16581 16584 16587 16590 16593 16596
          16599 16602 16605 16608 16611 16614
          16617 16620 16623 16626 16629 16632
          16635 16638 16641 16644 16647 16650
          16653 16656 16659 16662 16665 16668
          16671 16674 16677 16680 16683 16686
          16689 16692 16695 16698 16701 16704
          16707 16710 16713 16716 16719 16722
          16725 16728 16731 16734 16737 16740
          16743 16746 16749 16752 16755 16758
          16761 16764 16767 16770 16773 16776
          16779 16782 16785 16788 16791 16794
          16797 16800 16803 16806 16809 16812
          16815 16818 16821 16824 16827 16830
          16833 16836 16839 16842 16845 16848
          16851 16854 16857 16860 16863 16866
          16869 16872 16875 16878 16881 16884
          16887 16890 16893 16896 16899 16902
          16905 16908 16911 16914 16917 16920
          16923 16926 16929 16932 16935 16938
          16941 16944 16947 16950 16953 16956
          16959 16962 16965 16968 16971 16974
          16977 16980 16983 16986 16989 16992
          16995 16998 17001 17004 17007 17010
          17013 17016 17019 17022 17025 17028
          17031 17034 17037 17040 17043 17046
          17049 17052 17055 17058 17061 17064
          17067 17070 17073 17076 17079 17082
          17085 17088 17091 17094 17097 17100
          17103 17106 17109 17112 17115 17118
          17121 17124 17127 17130 17133 17136
          17139 17142 17145 17148 17151 17154
          17157 17160 17163 17166 17169 17172
          17175 17178 17181 17184 17187 17190
          17193 17196 17199 17202 17205 17208
          17211 17214 17217 17220 17223 17226
          17229 17232 17235 17238 17241 17244
          17247 17250 17253 17256 17259 17262
          17265 17268 17271 17274 17277 17280
          17283 17286 17289 17292 17295 17298
          17301 17304 17307 17310 17313 17316
          17319 17322 17325 17328 17331 17334
          17337 17340 17343 17346 17349 17352
          17355 17358 17361 17364 17367 17370
          17373 17376 17379 17382 17385 17388
          17391 17394 17397 17400 17403 17406
          17409 17412 17415 17418 17421 17424
          17427 17430 17433 17436 17439 17442
          17445 17448 17451 17454 17457 17460
          17463 17466 17469 17472 17475 17478
          17481 17484 17487 17490 17493 17496
          17499 17502 17505 17508 17511 17514
          17517 17520 17523 17526 17529 17532
          17535 17538 17541 17544 17547 17550
          17553 17556 17559 17562 17565 17568
          17571 17574 17577 17580 17583 17586
          17589 17592 17595 17598 17601 17604
          17607 17610 17613 17616 17619 17622
          17625 17628 17631 17634 17637 17640
          17643 17646 17649 17652 17655 17658
          17661 17664 17667 17670 17673 17676
          17679 17682 17685 17688 17691 17694
          17697 17700 17703 17706 17709 17712
          17715 17718 17721 17724 17727 17730
          17733 17736 17739 17742 17745 17748
          17751 17754 17757 17760 17763 17766
          17769 17772 17775 17778 17781 17784
          17787 17790 17793 17796 17799 17802
          17805 17808 17811 17814 17817 17820
          17823 17826 17829 17832 17835 17838
          17841 17844 17847 17850 17853 17856
          17859 17862 17865 17868 17871 17874
          17877 17880 17883 17886 17889 17892
          17895 17898 17901 17904 17907 17910
          17913 17916 17919 17922 17925 17928
          17931 17934 17937 17940 17943 17946
          17949 17952 17955 17958 17961 17964
          17967 17970 17973 17976 17979 17982
          17985 17988 17991 17994 17997 18000
          18003 18006 18009 18012 18015 18018
          18021 18024 18027 18030 18033 18036
          18039 18042 18045 18048 18051 18054
          18057 18060 18063 18066 18069 18072
          18075 18078 18081 18084 18087 18090
          18093 18096 18099 18102 18105 18108
          18111 18114 18117 18120 18123 18126
          18129 18132 18135 18138 18141 18144
          18147 18150 18153 18156 18159 18162
          18165 18168 18171 18174 18177 18180
          18183 18186 18189 18192 18195 18198
          18201 18204 18207 18210 18213 18216
          18219 18222 18225 18228 18231 18234
          18237 18240 18243 18246 18249 18252
          18255 18258 18261 18264 18267 18270
          18273 18276 18279 18282 18285 18288
          18291 18294 18297 18300 18303 18306
          18309 18312 18315 18318 18321 18324
          18327 18330 18333 18336 18339 18342
          18345 18348 18351 18354 18357 18360
          18363 18366 18369 18372 18375 18378
          18381 18384 18387 18390 18393 18396
          18399 18402 18405 18408 18411 18414
          18417 18420 18423 18426 18429 18432
          18435 18438 18441 18444 18447 18450
          18453 18456 18459 18462 18465 18468
          18471 18474 18477 18480 18483 18486
          18489 18492 18495 18498 18501 18504
          18507 18510 18513 18516 18519 18522
          18525 18528 18531 18534 18537 18540
          18543 18546 18549 18552 18555 18558
          18561 18564 18567 18570 18573 18576
          18579 18582 18585 18588 18591 18594
          18597 18600 18603 18606 18609 18612
          18615 18618 18621 18624 18627 18630
          18633 18636 18639 18642 18645 18648
          18651 18654 18657 18660 18663 18666
          18669 18672 18675 18678 18681 18684
          18687 18690 18693 18696 18699 18702
          18705 18708 18711 18714 18717 18720
          18723 18726 18729 18732 18735 18738
          18741 18744 18747 18750 18753 18756
          18759 18762 18765 18768 18771 18774
          18777 18780 18783 18786 18789 18792
          18795 18798 18801 18804 18807 18810
          18813 18816 18819 18822 18825 18828
          18831 18834 18837 18840 18843 18846
          18849 18852 18855 18858 18861 18864
          18867 18870 18873 18876 18879 18882
          18885 18888 18891 18894 18897 18900
          18903 18906 18909 18912 18915 18918
          18921 18924 18927 18930 18933 18936
          18939 18942 18945 18948 18951 18954
          18957 18960 18963 18966 18969 18972
          18975 18978 18981 18984 18987 18990
          18993 18996 18999 19002 19005 19008
          19011 19014 19017 19020 19023 19026
          19029 19032 19035 19038 19041 19044
          19047 19050 19053 19056 19059 19062
          19065 19068 19071 19074 19077 19080
          19083 19086 19089 19092 19095 19098
          19101 19104 19107 19110 19113 19116
          19119 19122 19125 19128 19131 19134
          19137 19140 19143 19146 19149 19152
          19155 19158 19161 19164 19167 19170
          19173 19176 19179 19182 19185 19188
          19191 19194 19197 19200 19203 19206
          19209 19212 19215 19218 19221 19224
          19227 19230 19233 19236 19239 19242
          19245 19248 19251 19254 19257 19260
          19263 19266 19269 19272 19275 19278
          19281 19284 19287 19290 19293 19296
          19299 19302 19305 19308 19311 19314
          19317 19320 19323 19326 19329 19332
          19335 19338 19341 19344 19347 19350
          19353 19356 19359 19362 19365 19368
          19371 19374 19377 19380 19383 19386
          19389 19392 19395 19398 19401 19404
          19407 19410 19413 19416 19419 19422
          19425 19428 19431 19434 19437 19440
          19443 19446 19449 19452 19455 19458
          19461 19464 19467 19470 19473 19476
          19479 19482 19485 19488 19491 19494
          19497 19500 19503 19506 19509 19512
          19515 19518 19521 19524 19527 19530
          19533 19536 19539 19542 19545 19548
          19551 19554 19557 19560 19563 19566
          19569 19572 19575 19578 19581 19584
          19587 19590 19593 19596 19599 19602
          19605 19608 19611 19614 19617 19620
          19623 19626 19629 19632 19635 19638
          19641 19644 19647 19650 19653 19656
          19659 19662 19665 19668 19671 19674
          19677 19680 19683 19686 19689 19692
          19695 19698 19701 19704 19707 19710
          19713 19716 19719 19722 19725 19728
          19731 19734 19737 19740 19743 19746
          19749 19752 19755 19758 19761 19764
          19767 19770 19773 19776 19779 19782
          19785 19788 19791 19794 19797 19800
          19803 19806 19809 19812 19815 19818
          19821 19824 19827 19830 19833 19836
          19839 19842 19845 19848 19851 19854
          19857 19860 19863 19866 19869 19872
          19875 19878 19881 19884 19887 19890
          19893 19896 19899 19902 19905 19908
          19911 19914 19917 19920 19923 19926
          19929 19932 19935 19938 19941 19944
          19947 19950 19953 19956 19959 19962
          19965 19968 19971 19974 19977 19980
          19983 19986 19989 19992 19995 19998
          20001 20004 20007 20010 20013 20016
          20019 20022 20025 20028 20031 20034
          20037 20040 20043 20046 20049 20052
          20055 20058 20061 20064 20067 20070
          20073 20076 20079 20082 20085 20088
          20091 20094 20097 20100 20103 20106
          20109 20112 20115 20118 20121 20124
          20127 20130 20133 20136 20139 20142
          20145 20148 20151 20154 20157 20160
          20163 20166 20169 20172 20175 20178
          20181 20184 20187 20190 20193 20196
          20199 20202 20205 20208 20211 20214
          20217 20220 20223 20226 20229 20232
          20235 20238 20241 20244 20247 20250
          20253 20256 20259 20262 20265 20268
          20271 20274 20277 20280 20283 20286
          20289 20292 20295 20298 20301 20304
          20307 20310 20313 20316 20319 20322
          20325 20328 20331 20334 20337 20340
          20343 20346 20349 20352 20355 20358
          20361 20364 20367 20370 20373 20376
          20379 20382 20385 20388 20391 20394
          20397 20400 20403 20406 20409 20412
          20415 20418 20421 20424 20427 20430
          20433 20436 20439 20442 20445 20448
          20451 20454 20457 20460 20463 20466
          20469 20472 20475 20478 20481 20484
          20487 20490 20493 20496 20499 20502
          20505 20508 20511 20514 20517 20520
          20523 20526 20529 20532 20535 20538
          20541 20544 20547 20550 20553 20556
          20559 20562 20565 20568 20571 20574
          20577 20580 20583 20586 20589 20592
          20595 20598 20601 20604 20607 20610
          20613 20616 20619 20622 20625 20628
          20631 20634 20637 20640 20643 20646
          20649 20652 20655 20658 20661 20664
          20667 20670 20673 20676 20679 20682
          20685 20688 20691 20694 20697 20700
          20703 20706 20709 20712 20715 20718
          20721 20724 20727 20730 20733 20736
          20739 20742 20745 20748 20751 20754
          20757 20760 20763 20766 20769 20772
          20775 20778 20781 20784 20787 20790
          20793 20796 20799 20802 20805 20808
          20811 20814 20817 20820 20823 20826
          20829 20832 20835 20838 20841 20844
          20847 20850 20853 20856 20859 20862
          20865 20868 20871 20874 20877 20880
          20883 20886 20889 20892 20895 20898
          20901 20904 20907 20910 20913 20916
          20919 20922 20925 20928 20931 20934
          20937 20940 20943 20946 20949 20952
          20955 20958 20961 20964 20967 20970
          20973 20976 20979 20982 20985 20988
          20991 20994 20997 21000 21003 21006
          21009 21012 21015 21018 21021 21024
          21027 21030 21033 21036 21039 21042
          21045 21048 21051 21054 21057 21060
          21063 21066 21069 21072 21075 21078
          21081 21084 21087 21090 21093 21096
          21099 21102 21105 21108 21111 21114
          21117 21120 21123 21126 21129 21132
          21135 21138 21141 21144 21147 21150
          21153 21156 21159 21162 21165 21168
          21171 21174 21177 21180 21183 21186
          21189 21192 21195 21198 21201 21204
          21207 21210 21213 21216 21219 21222
          21225 21228 21231 21234 21237 21240
          21243 21246 21249 21252 21255 21258
          21261 21264 21267 21270 21273 21276
          21279 21282 21285 21288 21291 21294
          21297 21300 21303 21306 21309 21312
          21315 21318 21321 21324 21327 21330
          21333 21336 21339 21342 21345 21348
          21351 21354 21357 21360 21363 21366
          21369 21372 21375 21378 21381 21384
          21387 21390 21393 21396 21399 21402
          21405 21408 21411 21414 21417 21420
          21423 21426 21429 21432 21435 21438
          21441 21444 21447 21450 21453 21456
          21459 21462 21465 21468 21471 21474
          21477 21480 21483 21486 21489 21492
          21495 21498 21501 21504 21507 21510
          21513 21516 21519 21522 21525 21528
          21531 21534 21537 21540 21543 21546
          21549 21552 21555 21558 21561 21564
          21567 21570 21573 21576 21579 21582
          21585 21588 21591 21594 21597 21600
          21603 21606 21609 21612 21615 21618
          21621 21624 21627 21630 21633 21636
          21639 21642 21645 21648 21651 21654
          21657 21660 21663 21666 21669 21672
          21675 21678 21681 21684 21687 21690
          21693 21696 21699 21702 21705 21708
          21711 21714 21717 21720 21723 21726
          21729 21732 21735 21738 21741 21744
          21747 21750 21753 21756 21759 21762
          21765 21768 21771 21774 21777 21780
          21783 21786 21789 21792 21795 21798
          21801 21804 21807 21810 21813 21816
          21819 21822 21825 21828 21831 21834
          21837 21840 21843 21846 21849 21852
          21855 21858 21861 21864 21867 21870
          21873 21876 21879 21882 21885 21888
          21891 21894 21897 21900 21903 21906
          21909 21912 21915 21918 21921 21924
          21927 21930 21933 21936 21939 21942
          21945 21948 21951 21954 21957 21960
          21963 21966 21969 21972 21975 21978
          21981 21984 21987 21990 21993 21996
          21999 22002 22005 22008 22011 22014
          22017 22020 22023 22026 22029 22032
          22035 22038 22041 22044 22047 22050
          22053 22056 22059 22062 22065 22068
          22071 22074 22077 22080 22083 22086
          22089 22092 22095 22098 22101 22104
          22107 22110 22113 22116 22119 22122
          22125 22128 22131 22134 22137 22140
          22143 22146 22149 22152 22155 22158
          22161 22164 22167 22170 22173 22176
          22179 22182 22185 22188 22191 22194
          22197 22200 22203 22206 22209 22212
          22215 22218 22221 22224 22227 22230
          22233 22236 22239 22242 22245 22248
          22251 22254 22257 22260 22263 22266
          22269 22272 22275 22278 22281 22284
          22287 22290 22293 22296 22299 22302
          22305 22308 22311 22314 22317 22320
          22323 22326 22329 22332 22335 22338
          22341 22344 22347 22350 22353 22356
          22359 22362 22365 22368 22371 22374
          22377 22380 22383 22386 22389 22392
          22395 22398 22401 22404 22407 22410
          22413 22416 22419 22422 22425 22428
          22431 22434 22437 22440 22443 22446
          22449 22452 22455 22458 22461 22464
          22467 22470 22473 22476 22479 22482
          22485 22488 22491 22494 22497 22500
          22503 22506 22509 22512 22515 22518
          22521 22524 22527 22530 22533 22536
          22539 22542 22545 22548 22551 22554
          22557 22560 22563 22566 22569 22572
          22575 22578 22581 22584 22587 22590
          22593 22596 22599 22602 22605 22608
          22611 22614 22617 22620 22623 22626
          22629 22632 22635 22638 22641 22644
          22647 22650 22653 22656 22659 22662
          22665 22668 22671 22674 22677 22680
          22683 22686 22689 22692 22695 22698
          22701 22704 22707 22710 22713 22716
          22719 22722 22725 22728 22731 22734
          22737 22740 22743 22746 22749 22752
          22755 22758 22761 22764 22767 22770
          22773 22776 22779 22782 22785 22788
          22791 22794 22797 22800 22803 22806
          22809 22812 22815 22818 22821 22824
          22827 22830 22833 22836 22839 22842
          22845 22848 22851 22854 22857 22860
          22863 22866 22869 22872 22875 22878
          22881 22884 22887 22890 22893 22896
          22899 22902 22905 22908 22911 22914
          22917 22920 22923 22926 22929 22932
          22935 22938 22941 22944 22947 22950
          22953 22956 22959 22962 22965 22968
          22971 22974 22977 22980 22983 22986
          22989 22992 22995 22998 23001 23004
          23007 23010 23013 23016 23019 23022
          23025 23028 23031 23034 23037 23040
          23043 23046 23049 23052 23055 23058
          23061 23064 23067 23070 23073 23076
          23079 23082 23085 23088 23091 23094
          23097 23100 23103 23106 23109 23112
          23115 23118 23121 23124 23127 23130
          23133 23136 23139 23142 23145 23148
          23151 23154 23157 23160 23163 23166
          23169 23172 23175 23178 23181 23184
          23187 23190 23193 23196 23199 23202
          23205 23208 23211 23214 23217 23220
          23223 23226 23229 23232 23235 23238
          23241 23244 23247 23250 23253 23256
          23259 23262 23265 23268 23271 23274
          23277 23280 23283 23286 23289 23292
          23295 23298 23301 23304 23307 23310
          23313 23316 23319 23322 23325 23328
          23331 23334 23337 23340 23343 23346
          23349 23352 23355 23358 23361 23364
          23367 23370 23373 23376 23379 23382
          23385 23388 23391 23394 23397 23400
          23403 23406 23409 23412 23415 23418
          23421 23424 23427 23430 23433 23436
          23439 23442 23445 23448 23451 23454
          23457 23460 23463 23466 23469 23472
          23475 23478 23481 23484 23487 23490
          23493 23496 23499 23502 23505 23508
          23511 23514 23517 23520 23523 23526
          23529 23532 23535 23538 23541 23544
          23547 23550 23553 23556 23559 23562
          23565 23568 23571 23574 23577 23580
          23583 23586 23589 23592 23595 23598
          23601 23604 23607 23610 23613 23616
          23619 23622 23625 23628 23631 23634
          23637 23640 23643 23646 23649 23652
          23655 23658 23661 23664 23667 23670
          23673 23676 23679 23682 23685 23688
          23691 23694 23697 23700 23703 23706
          23709 23712 23715 23718 23721 23724
          23727 23730 23733 23736 23739 23742
          23745 23748 23751 23754 23757 23760
          23763 23766 23769 23772 23775 23778
          23781 23784 23787 23790 23793 23796
          23799 23802 23805 23808 23811 23814
          23817 23820 23823 23826 23829 23832
          23835 23838 23841 23844 23847 23850
          23853 23856 23859 23862 23865 23868
          23871 23874 23877 23880 23883 23886
          23889 23892 23895 23898 23901 23904
          23907 23910 23913 23916 23919 23922
          23925 23928 23931 23934 23937 23940
          23943 23946 23949 23952 23955 23958
          23961 23964 23967 23970 23973 23976
          23979 23982 23985 23988 23991 23994
          23997 24000 24003 24006 24009 24012
          24015 24018 24021 24024 24027 24030
          24033 24036 24039 24042 24045 24048
          24051 24054 24057 24060 24063 24066
          24069 24072 24075 24078 24081 24084
          24087 24090 24093 24096 24099 24102
          24105 24108 24111 24114 24117 24120
          24123 24126 24129 24132 24135 24138
          24141 24144 24147 24150 24153 24156
          24159 24162 24165 24168 24171 24174
          24177 24180 24183 24186 24189 24192
          24195 24198 24201 24204 24207 24210
          24213 24216 24219 24222 24225 24228
          24231 24234 24237 24240 24243 24246
          24249 24252 24255 24258 24261 24264
          24267 24270 24273 24276 24279 24282
          24285 24288 24291 24294 24297 24300
          24303 24306 24309 24312 24315 24318
          24321 24324 24327 24330 24333 24336
          24339 24342 24345 24348 24351 24354
          24357 24360 24363 24366 24369 24372
          24375 24378 24381 24384 24387 24390
          24393 24396 24399 24402 24405 24408
          24411 24414 24417 24420 24423 24426
          24429 24432 24435 24438 24441 24444
          24447 24450 24453 24456 24459 24462
          24465 24468 24471 24474 24477 24480
          24483 24486 24489 24492 24495 24498
          24501 24504 24507 24510 24513 24516
          24519 24522 24525 24528 24531 24534
          24537 24540 24543 24546 24549 24552
          24555 24558 24561 24564 24567 24570
          24573 24576 24579 24582 24585 24588
          24591 24594 24597 24600 24603 24606
          24609 24612 24615 24618 24621 24624
          24627 24630 24633 24636 24639 24642
          24645 24648 24651 24654 24657 24660
          24663 24666 24669 24672 24675 24678
          24681 24684 24687 24690 24693 24696
          24699 24702 24705 24708 24711 24714
          24717 24720 24723 24726 24729 24732
          24735 24738 24741 24744 24747 24750
          24753 24756 24759 24762 24765 24768
          24771 24774 24777 24780 24783 24786
          24789 24792 24795 24798 24801 24804
          24807 24810 24813 24816 24819 24822
          24825 24828 24831 24834 24837 24840
          24843 24846 24849 24852 24855 24858
          24861 24864 24867 24870 24873 24876
          24879 24882 24885 24888 24891 24894
          24897 24900 24903 24906 24909 24912
          24915 24918 24921 24924 24927 24930
          24933 24936 24939 24942 24945 24948
          24951 24954 24957 24960 24963 24966
          24969 24972 24975 24978 24981 24984
          24987 24990 24993 24996 24999 25002
          25005 25008 25011 25014 25017 25020
          25023 25026 25029 25032 25035 25038
          25041 25044 25047 25050 25053 25056
          25059 25062 25065 25068 25071 25074
          25077 25080 25083 25086 25089 25092
          25095 25098 25101 25104 25107 25110
          25113 25116 25119 25122 25125 25128
          25131 25134 25137 25140 25143 25146
          25149 25152 25155 25158 25161 25164
          25167 25170 25173 25176 25179 25182
          25185 25188 25191 25194 25197 25200
          25203 25206 25209 25212 25215 25218
          25221 25224 25227 25230 25233 25236
          25239 25242 25245 25248 25251 25254
          25257 25260 25263 25266 25269 25272
          25275 25278 25281 25284 25287 25290
          25293 25296 25299 25302 25305 25308
          25311 25314 25317 25320 25323 25326
          25329 25332 25335 25338 25341 25344
          25347 25350 25353 25356 25359 25362
          25365 25368 25371 25374 25377 25380
          25383 25386 25389 25392 25395 25398
          25401 25404 25407 25410 25413 25416
          25419 25422 25425 25428 25431 25434
          25437 25440 25443 25446 25449 25452
          25455 25458 25461 25464 25467 25470
          25473 25476 25479 25482 25485 25488
          25491 25494 25497 25500 25503 25506
          25509 25512 25515 25518 25521 25524
          25527 25530 25533 25536 25539 25542
          25545 25548 25551 25554 25557 25560
          25563 25566 25569 25572 25575 25578
          25581 25584 25587 25590 25593 25596
          25599 25602 25605 25608 25611 25614
          25617 25620 25623 25626 25629 25632
          25635 25638 25641 25644 25647 25650
          25653 25656 25659 25662 25665 25668
          25671 25674 25677 25680 25683 25686
          25689 25692 25695 25698 25701 25704
          25707 25710 25713 25716 25719 25722
          25725 25728 25731 25734 25737 25740
          25743 25746 25749 25752 25755 25758
          25761 25764 25767 25770 25773 25776
          25779 25782 25785 25788 25791 25794
          25797 25800 25803 25806 25809 25812
          25815 25818 25821 25824 25827 25830
          25833 25836 25839 25842 25845 25848
          25851 25854 25857 25860 25863 25866
          25869 25872 25875 25878 25881 25884
          25887 25890 25893 25896 25899 25902
          25905 25908 25911 25914 25917 25920
          25923 25926 25929 25932 25935 25938
          25941 25944 25947 25950 25953 25956
          25959 25962 25965 25968 25971 25974
          25977 25980 25983 25986 25989 25992
          25995 25998 26001 26004 26007 26010
          26013 26016 26019 26022 26025 26028
          26031 26034 26037 26040 26043 26046
          26049 26052 26055 26058 26061 26064
          26067 26070 26073 26076 26079 26082
          26085 26088 26091 26094 26097 26100
          26103 26106 26109 26112 26115 26118
          26121 26124 26127 26130 26133 26136
          26139 26142 26145 26148 26151 26154
          26157 26160 26163 26166 26169 26172
          26175 26178 26181 26184 26187 26190
          26193 26196 26199 26202 26205 26208
          26211 26214 26217 26220 26223 26226
          26229 26232 26235 26238 26241 26244
          26247 26250 26253 26256 26259 26262
          26265 26268 26271 26274 26277 26280
          26283 26286 26289 26292 26295 26298
          26301 26304 26307 26310 26313 26316
          26319 26322 26325 26328 26331 26334
          26337 26340 26343 26346 26349 26352
          26355 26358 26361 26364 26367 26370
          26373 26376 26379 26382 26385 26388
          26391 26394 26397 26400 26403 26406
          26409 26412 26415 26418 26421 26424
          26427 26430 26433 26436 26439 26442
          26445 26448 26451 26454 26457 26460
          26463 26466 26469 26472 26475 26478
          26481 26484 26487 26490 26493 26496
          26499 26502 26505 26508 26511 26514
          26517 26520 26523 26526 26529 26532
          26535 26538 26541 26544 26547 26550
          26553 26556 26559 26562 26565 26568
          26571 26574 26577 26580 26583 26586
          26589 26592 26595 26598 26601 26604
          26607 26610 26613 26616 26619 26622
          26625 26628 26631 26634 26637 26640
          26643 26646 26649 26652 26655 26658
          26661 26664 26667 26670 26673 26676
          26679 26682 26685 26688 26691 26694
          26697 26700 26703 26706 26709 26712
          26715 26718 26721 26724 26727 26730
          26733 26736 26739 26742 26745 26748
          26751 26754 26757 26760 26763 26766
          26769 26772 26775 26778 26781 26784
          26787 26790 26793 26796 26799 26802
          26805 26808 26811 26814 26817 26820
          26823 26826 26829 26832 26835 26838
          26841 26844 26847 26850 26853 26856
          26859 26862 26865 26868 26871 26874
          26877 26880 26883 26886 26889 26892
          26895 26898 26901 26904 26907 26910
          26913 26916 26919 26922 26925 26928
          26931 26934 26937 26940 26943 26946
          26949 26952 26955 26958 26961 26964
          26967 26970 26973 26976 26979 26982
          26985 26988 26991 26994 26997 27000
          27003 27006 27009 27012 27015 27018
          27021 27024 27027 27030 27033 27036
          27039 27042 27045 27048 27051 27054
          27057 27060 27063 27066 27069 27072
          27075 27078 27081 27084 27087 27090
          27093 27096 27099 27102 27105 27108
          27111 27114 27117 27120 27123 27126
          27129 27132 27135 27138 27141 27144
          27147 27150 27153 27156 27159 27162
          27165 27168 27171 27174 27177 27180
          27183 27186 27189 27192 27195 27198
          27201 27204 27207 27210 27213 27216
          27219 27222 27225 27228 27231 27234
          27237 27240 27243 27246 27249 27252
          27255 27258 27261 27264 27267 27270
          27273 27276 27279 27282 27285 27288
          27291 27294 27297 27300 27303 27306
          27309 27312 27315 27318 27321 27324
          27327 27330 27333 27336 27339 27342
          27345 27348 27351 27354 27357 27360
          27363 27366 27369 27372 27375 27378
          27381 27384 27387 27390 27393 27396
          27399 27402 27405 27408 27411 27414
          27417 27420 27423 27426 27429 27432
          27435 27438 27441 27444 27447 27450
          27453 27456 27459 27462 27465 27468
          27471 27474 27477 27480 27483 27486
          27489 27492 27495 27498 27501 27504
          27507 27510 27513 27516 27519 27522
          27525 27528 27531 27534 27537 27540
          27543 27546 27549 27552 27555 27558
          27561 27564 27567 27570 27573 27576
          27579 27582 27585 27588 27591 27594
          27597 27600 27603 27606 27609 27612
          27615 27618 27621 27624 27627 27630
          27633 27636 27639 27642 27645 27648
          27651 27654 27657 27660 27663 27666
          27669 27672 27675 27678 27681 27684
          27687 27690 27693 27696 27699 27702
          27705 27708 27711 27714 27717 27720
          27723 27726 27729 27732 27735 27738
          27741 27744 27747 27750 27753 27756
          27759 27762 27765 27768 27771 27774
          27777 27780 27783 27786 27789 27792
          27795 27798 27801 27804 27807 27810
          27813 27816 27819 27822 27825 27828
          27831 27834 27837 27840 27843 27846
          27849 27852 27855 27858 27861 27864
          27867 27870 27873 27876 27879 27882
          27885 27888 27891 27894 27897 27900
          27903 27906 27909 27912 27915 27918
          27921 27924 27927 27930 27933 27936
          27939 27942 27945 27948 27951 27954
          27957 27960 27963 27966 27969 27972
          27975 27978 27981 27984 27987 27990
          27993 27996 27999 28002 28005 28008
          28011 28014 28017 28020 28023 28026
          28029 28032 28035 28038 28041 28044
          28047 28050 28053 28056 28059 28062
          28065 28068 28071 28074 28077 28080
          28083 28086 28089 28092 28095 28098
          28101 28104 28107 28110 28113 28116
          28119 28122 28125 28128 28131 28134
          28137 28140 28143 28146 28149 28152
          28155 28158 28161 28164 28167 28170
          28173 28176 28179 28182 28185 28188
          28191 28194 28197 28200 28203 28206
          28209 28212 28215 28218 28221 28224
          28227 28230 28233 28236 28239 28242
          28245 28248 28251 28254 28257 28260
          28263 28266 28269 28272 28275 28278
          28281 28284 28287 28290 28293 28296
          28299 28302 28305 28308 28311 28314
          28317 28320 28323 28326 28329 28332
          28335 28338 28341 28344 28347 28350
          28353 28356 28359 28362 28365 28368
          28371 28374 28377 28380 28383 28386
          28389 28392 28395 28398 28401 28404
          28407 28410 28413 28416 28419 28422
          28425 28428 28431 28434 28437 28440
          28443 28446 28449 28452 28455 28458
          28461 28464 28467 28470 28473 28476
          28479 28482 28485 28488 28491 28494
          28497 28500 28503 28506 28509 28512
          28515 28518 28521 28524 28527 28530
          28533 28536 28539 28542 28545 28548
          28551 28554 28557 28560 28563 28566
          28569 28572 28575 28578 28581 28584
          28587 28590 28593 28596 28599 28602
          28605 28608 28611 28614 28617 28620
          28623 28626 28629 28632 28635 28638
          28641 28644 28647 28650 28653 28656
          28659 28662 28665 28668 28671 28674
          28677 28680 28683 28686 28689 28692
          28695 28698 28701 28704 28707 28710
          28713 28716 28719 28722 28725 28728
          28731 28734 28737 28740 28743 28746
          28749 28752 28755 28758 28761 28764
          28767 28770 28773 28776 28779 28782
          28785 28788 28791 28794 28797 28800
          28803 28806 28809 28812 28815 28818
          28821 28824 28827 28830 28833 28836
          28839 28842 28845 28848 28851 28854
          28857 28860 28863 28866 28869 28872
          28875 28878 28881 28884 28887 28890
          28893 28896 28899 28902 28905 28908
          28911 28914 28917 28920 28923 28926
          28929 28932 28935 28938 28941 28944
          28947 28950 28953 28956 28959 28962
          28965 28968 28971 28974 28977 28980
          28983 28986 28989 28992 28995 28998
          29001 29004 29007 29010 29013 29016
          29019 29022 29025 29028 29031 29034
          29037 29040 29043 29046 29049 29052
          29055 29058 29061 29064 29067 29070
          29073 29076 29079 29082 29085 29088
          29091 29094 29097 29100 29103 29106
          29109 29112 29115 29118 29121 29124
          29127 29130 29133 29136 29139 29142
          29145 29148 29151 29154 29157 29160
          29163 29166 29169 29172 29175 29178
          29181 29184 29187 29190 29193 29196
          29199 29202 29205 29208 29211 29214
          29217 29220 29223 29226 29229 29232
          29235 29238 29241 29244 29247 29250
          29253 29256 29259 29262 29265 29268
          29271 29274 29277 29280 29283 29286
          29289 29292 29295 29298 29301 29304
          29307 29310 29313 29316 29319 29322
          29325 29328 29331 29334 29337 29340
          29343 29346 29349 29352 29355 29358
          29361 29364 29367 29370 29373 29376
          29379 29382 29385 29388 29391 29394
          29397 29400 29403 29406 29409 29412
          29415 29418 29421 29424 29427 29430
          29433 29436 29439 29442 29445 29448
          29451 29454 29457 29460 29463 29466
          29469 29472 29475 29478 29481 29484
          29487 29490 29493 29496 29499 29502
          29505 29508 29511 29514 29517 29520
          29523 29526 29529 29532 29535 29538
          29541 29544 29547 29550 29553 29556
          29559 29562 29565 29568 29571 29574
          29577 29580 29583 29586 29589 29592
          29595 29598 29601 29604 29607 29610
          29613 29616 29619 29622 29625 29628
          29631 29634 29637 29640 29643 29646
          29649 29652 29655 29658 29661 29664
          29667 29670 29673 29676 29679 29682
          29685 29688 29691 29694 29697 29700
          29703 29706 29709 29712 29715 29718
          29721 29724 29727 29730 29733 29736
          29739 29742 29745 29748 29751 29754
          29757 29760 29763 29766 29769 29772
          29775 29778 29781 29784 29787 29790
          29793 29796 29799 29802 29805 29808
          29811 29814 29817 29820 29823 29826
          29829 29832 29835 29838 29841 29844
          29847 29850 29853 29856 29859 29862
          29865 29868 29871 29874 29877 29880
          29883 29886 29889 29892 29895 29898
          29901 29904 29907 29910 29913 29916
          29919 29922 29925 29928 29931 29934
          29937 29940 29943 29946 29949 29952
          29955 29958 29961 29964 29967 29970
          29973 29976 29979 29982 29985 29988
          29991 29994 29997 30000 30003 30006
          30009 30012 30015 30018 30021 30024
          30027 30030 30033 30036 30039 30042
          30045 30048 30051 30054 30057 30060
          30063 30066 30069 30072 30075 30078
          30081 30084 30087 30090 30093 30096
          30099 30102 30105 30108 30111 30114
          30117 30120 30123 30126 30129 30132
          30135 30138 30141 30144 30147 30150
          30153 30156 30159 30162 30165 30168
          30171 30174 30177 30180 30183 30186
          30189 30192 30195 30198 30201 30204
          30207 30210 30213 30216 30219 30222
          30225 30228 30231 30234 30237 30240
          30243 30246 30249 30252 30255 30258
          30261 30264 30267 30270 30273 30276
          30279 30282 30285 30288 30291 30294
          30297 30300 30303 30306 30309 30312
          30315 30318 30321 30324 30327 30330
          30333 30336 30339 30342 30345 30348
          30351 30354 30357 30360 30363 30366
          30369 30372 30375 30378 30381 30384
          30387 30390 30393 30396 30399 30402
          30405 30408 30411 30414 30417 30420
          30423 30426 30429 30432 30435 30438
          30441 30444 30447 30450 30453 30456
          30459 30462 30465 30468 30471 30474
          30477 30480 30483 30486 30489 30492
          30495 30498 30501 30504 30507 30510
          30513 30516 30519 30522 30525 30528
          30531 30534 30537 30540 30543 30546
          30549 30552 30555 30558 30561 30564
          30567 30570 30573 30576 30579 30582
          30585 30588 30591 30594 30597 30600
          30603 30606 30609 30612 30615 30618
          30621 30624 30627 30630 30633 30636
          30639 30642 30645 30648 30651 30654
          30657 30660 30663 30666 30669 30672
          30675 30678 30681 30684 30687 30690
          30693 30696 30699 30702 30705 30708
          30711 30714 30717 30720 30723 30726
          30729 30732 30735 30738 30741 30744
          30747 30750 30753 30756 30759 30762
          30765 30768 30771 30774 30777 30780
          30783 30786 30789 30792 30795 30798
          30801 30804 30807 30810 30813 30816
          30819 30822 30825 30828 30831 30834
          30837 30840 30843 30846 30849 30852
          30855 30858 30861 30864 30867 30870
          30873 30876 30879 30882 30885 30888
          30891 30894 30897 30900 30903 30906
          30909 30912 30915 30918 30921 30924
          30927 30930 30933 30936 30939 30942
          30945 30948 30951 30954 30957 30960
          30963 30966 30969 30972 30975 30978
          30981 30984 30987 30990 30993 30996
          30999 31002 31005 31008 31011 31014
          31017 31020 31023 31026 31029 31032
          31035 31038 31041 31044 31047 31050
          31053 31056 31059 31062 31065 31068
          31071 31074 31077 31080 31083 31086
          31089 31092 31095 31098 31101 31104
          31107 31110 31113 31116 31119 31122
          31125 31128 31131 31134 31137 31140
          31143 31146 31149 31152 31155 31158
          31161 31164 31167 31170 31173 31176
          31179 31182 31185 31188 31191 31194
          31197 31200 31203 31206 31209 31212
          31215 31218 31221 31224 31227 31230
          31233 31236 31239 31242 31245 31248
          31251 31254 31257 31260 31263 31266
          31269 31272 31275 31278 31281 31284
          31287 31290 31293 31296 31299 31302
          31305 31308 31311 31314 31317 31320
          31323 31326 31329 31332 31335 31338
          31341 31344 31347 31350 31353 31356
          31359 31362 31365 31368 31371 31374
          31377 31380 31383 31386 31389 31392
          31395 31398 31401 31404 31407 31410
          31413 31416 31419 31422 31425 31428
          31431 31434 31437 31440 31443 31446
          31449 31452 31455 31458 31461 31464
          31467 31470 31473 31476 31479 31482
          31485 31488 31491 31494 31497 31500
          31503 31506 31509 31512 31515 31518
          31521 31524 31527 31530 31533 31536
          31539 31542 31545 31548 31551 31554
          31557 31560 31563 31566 31569 31572
          31575 31578 31581 31584 31587 31590
          31593 31596 31599 31602 31605 31608
          31611 31614 31617 31620 31623 31626
          31629 31632 31635 31638 31641 31644
          31647 31650 31653 31656 31659 31662
          31665 31668 31671 31674 31677 31680
          31683 31686 31689 31692 31695 31698
          31701 31704 31707 31710 31713 31716
          31719 31722 31725 31728 31731 31734
          31737 31740 31743 31746 31749 31752
          31755 31758 31761 31764 31767 31770
          31773 31776 31779 31782 31785 31788
          31791 31794 31797 31800 31803 31806
          31809 31812 31815 31818 31821 31824
          31827 31830 31833 31836 31839 31842
          31845 31848 31851 31854 31857 31860
          31863 31866 31869 31872 31875 31878
          31881 31884 31887 31890 31893 31896
          31899 31902 31905 31908 31911 31914
          31917 31920 31923 31926 31929 31932
          31935 31938 31941 31944 31947 31950
          31953 31956 31959 31962 31965 31968
          31971 31974 31977 31980 31983 31986
          31989 31992 31995 31998 32001 32004
          32007 32010 32013 32016 32019 32022
          32025 32028 32031 32034 32037 32040
          32043 32046 32049 32052 32055 32058
          32061 32064 32067 32070 32073 32076
          32079 32082 32085 32088 32091 32094
          32097 32100 32103 32106 32109 32112
          32115 32118 32121 32124 32127 32130
          32133 32136 32139 32142 32145 32148
          32151 32154 32157 32160 32163 32166
          32169 32172 32175 32178 32181 32184
          32187 32190 32193 32196 32199 32202
          32205 32208 32211 32214 32217 32220
          32223 32226 32229 32232 32235 32238
          32241 32244 32247 32250 32253 32256
          32259 32262 32265 32268 32271 32274
          32277 32280 32283 32286 32289 32292
          32295 32298 32301 32304 32307 32310
          32313 32316 32319 32322 32325 32328
          32331 32334 32337 32340 32343 32346
          32349 32352 32355 32358 32361 32364
          32367 32370 32373 32376 32379 32382
          32385 32388 32391 32394 32397 32400
          32403 32406 32409 32412 32415 32418
          32421 32424 32427 32430 32433 32436
          32439 32442 32445 32448 32451 32454
          32457 32460 32463 32466 32469 32472
          32475 32478 32481 32484 32487 32490
          32493 32496 32499 32502 32505 32508
          32511 32514 32517 32520 32523 32526
          32529 32532 32535 32538 32541 32544
          32547 32550 32553 32556 32559 32562
          32565 32568 32571 32574 32577 32580
          32583 32586 32589 32592 32595 32598
          32601 32604 32607 32610 32613 32616
          32619 32622 32625 32628 32631 32634
          32637 32640 32643 32646 32649 32652
          32655 32658 32661 32664 32667 32670
          32673 32676 32679 32682 32685 32688
          32691 32694 32697 32700 32703 32706
          32709 32712 32715 32718 32721 32724
          32727 32730 32733 32736 32739 32742
          32745 32748 32751 32754 32757 32760
          32763 32766 32769 32772 32775 32778
          32781 32784 32787 32790 32793 32796
          32799 32802 32805 32808 32811 32814
          32817 32820 32823 32826 32829 32832
          32835 32838 32841 32844 32847 32850
          32853 32856 32859 32862 32865 32868
          32871 32874 32877 32880 32883 32886
          32889 32892 32895 32898 32901 32904
          32907 32910 32913 32916 32919 32922
          32925 32928 32931 32934 32937 32940
          32943 32946 32949 32952 32955 32958
          32961 32964 32967 32970 32973 32976
          32979 32982 32985 32988 32991 32994
          32997 33000 33003 33006 33009 33012
          33015 33018 33021 33024 33027 33030
          33033 33036 33039 33042 33045 33048
          33051 33054 33057 33060 33063 33066
          33069 33072 33075 33078 33081 33084
          33087 33090 33093 33096 33099 33102
          33105 33108 33111 33114 33117 33120
          33123 33126 33129 33132 33135 33138
          33141 33144 33147 33150 33153 33156
          33159 33162 33165 33168 33171 33174
          33177 33180 33183 33186 33189 33192
          33195 33198 33201 33204 33207 33210
          33213 33216 33219 33222 33225 33228
          33231 33234 33237 33240 33243 33246
          33249 33252 33255 33258 33261 33264
          33267 33270 33273 33276 33279 33282
          33285 33288 33291 33294 33297 33300
          33303 33306 33309 33312 33315 33318
          33321 33324 33327 33330 33333 33336
          33339 33342 33345 33348 33351 33354
          33357 33360 33363 33366 33369 33372
          33375 33378 33381 33384 33387 33390
          33393 33396 33399 33402 33405 33408
          33411 33414 33417 33420 33423 33426
          33429 33432 33435 33438 33441 33444
          33447 33450 33453 33456 33459 33462
          33465 33468 33471 33474 33477 33480
          33483 33486 33489 33492 33495 33498
          33501 33504 33507 33510 33513 33516
          33519 33522 33525 33528 33531 33534
          33537 33540 33543 33546 33549 33552
          33555 33558 33561 33564 33567 33570
          33573 33576 33579 33582 33585 33588
          33591 33594 33597 33600 33603 33606
          33609 33612 33615 33618 33621 33624
          33627 33630 33633 33636 33639 33642
          33645 33648 33651 33654 33657 33660
          33663 33666 33669 33672 33675 33678
          33681 33684 33687 33690 33693 33696
          33699 33702 33705 33708 33711 33714
          33717 33720 33723 33726 33729 33732
          33735 33738 33741 33744 33747 33750
          33753 33756 33759 33762 33765 33768
          33771 33774 33777 33780 33783 33786
          33789 33792 33795 33798 33801 33804
          33807 33810 33813 33816 33819 33822
          33825 33828 33831 33834 33837 33840
          33843 33846 33849 33852 33855 33858
          33861 33864 33867 33870 33873 33876
          33879 33882 33885 33888 33891 33894
          33897 33900 33903 33906 33909 33912
          33915 33918 33921 33924 33927 33930
          33933 33936 33939 33942 33945 33948
          33951 33954 33957 33960 33963 33966
          33969 33972 33975 33978 33981 33984
          33987 33990 33993 33996 33999 34002
          34005 34008 34011 34014 34017 34020
          34023 34026 34029 34032 34035 34038
          34041 34044 34047 34050 34053 34056
          34059 34062 34065 34068 34071 34074
          34077 34080 34083 34086 34089 34092
          34095 34098 34101 34104 34107 34110
          34113 34116 34119 34122 34125 34128
          34131 34134 34137 34140 34143 34146
          34149 34152 34155 34158 34161 34164
          34167 34170 34173 34176 34179 34182
          34185 34188 34191 34194 34197 34200
          34203 34206 34209 34212 34215 34218
          34221 34224 34227 34230 34233 34236
          34239 34242 34245 34248 34251 34254
          34257 34260 34263 34266 34269 34272
          34275 34278 34281 34284 34287 34290
          34293 34296 34299 34302 34305 34308
          34311 34314 34317 34320 34323 34326
          34329 34332 34335 34338 34341 34344
          34347 34350 34353 34356 34359 34362
          34365 34368 34371 34374 34377 34380
          34383 34386 34389 34392 34395 34398
          34401 34404 34407 34410 34413 34416
          34419 34422 34425 34428 34431 34434
          34437 34440 34443 34446 34449 34452
          34455 34458 34461 34464 34467 34470
          34473 34476 34479 34482 34485 34488
          34491 34494 34497 34500 34503 34506
          34509 34512 34515 34518 34521 34524
          34527 34530 34533 34536 34539 34542
          34545 34548 34551 34554 34557 34560
          34563 34566 34569 34572 34575 34578
          34581 34584 34587 34590 34593 34596
          34599 34602 34605 34608 34611 34614
          34617 34620 34623 34626 34629 34632
          34635 34638 34641 34644 34647 34650
          34653 34656 34659 34662 34665 34668
          34671 34674 34677 34680 34683 34686
          34689 34692 34695 34698 34701 34704
          34707 34710 34713 34716 34719 34722
          34725 34728 34731 34734 34737 34740
          34743 34746 34749 34752 34755 34758
          34761 34764 34767 34770 34773 34776
          34779 34782 34785 34788 34791 34794
          34797 34800 34803 34806 34809 34812
          34815 34818 34821 34824 34827 34830
          34833 34836 34839 34842 34845 34848
          34851 34854 34857 34860 34863 34866
          34869 34872 34875 34878 34881 34884
          34887 34890 34893 34896 34899 34902
          34905 34908 34911 34914 34917 34920
          34923 34926 34929 34932 34935 34938
          34941 34944 34947 34950 34953 34956
          34959 34962 34965 34968 34971 34974
          34977 34980 34983 34986 34989 34992
          34995 34998 35001 35004 35007 35010
          35013 35016 35019 35022 35025 35028
          35031 35034 35037 35040 35043 35046
          35049 35052 35055 35058 35061 35064
          35067 35070 35073 35076 35079 35082
          35085 35088 35091 35094 35097 35100
          35103 35106 35109 35112 35115 35118
          35121 35124 35127 35130 35133 35136
          35139 35142 35145 35148 35151 35154
          35157 35160 35163 35166 35169 35172
          35175 35178 35181 35184 35187 35190
          35193 35196 35199 35202 35205 35208
          35211 35214 35217 35220 35223 35226
          35229 35232 35235 35238 35241 35244
          35247 35250 35253 35256 35259 35262
          35265 35268 35271 35274 35277 35280
          35283 35286 35289 35292 35295 35298
          35301 35304 35307 35310 35313 35316
          35319 35322 35325 35328 35331 35334
          35337 35340 35343 35346 35349 35352
          35355 35358 35361 35364 35367 35370
          35373 35376 35379 35382 35385 35388
          35391 35394 35397 35400 35403 35406
          35409 35412 35415 35418 35421 35424
          35427 35430 35433 35436 35439 35442
          35445 35448 35451 35454 35457 35460
          35463 35466 35469 35472 35475 35478
          35481 35484 35487 35490 35493 35496
          35499 35502 35505 35508 35511 35514
          35517 35520 35523 35526 35529 35532
          35535 35538 35541 35544 35547 35550
          35553 35556 35559 35562 35565 35568
          35571 35574 35577 35580 35583 35586
          35589 35592 35595 35598 35601 35604
          35607 35610 35613 35616 35619 35622
          35625 35628 35631 35634 35637 35640
          35643 35646 35649 35652 35655 35658
          35661 35664 35667 35670 35673 35676
          35679 35682 35685 35688 35691 35694
          35697 35700 35703 35706 35709 35712
          35715 35718 35721 35724 35727 35730
          35733 35736 35739 35742 35745 35748
          35751 35754 35757 35760 35763 35766
          35769 35772 35775 35778 35781 35784
          35787 35790 35793 35796 35799 35802
          35805 35808 35811 35814 35817 35820
          35823 35826 35829 35832 35835 35838
          35841 35844 35847 35850 35853 35856
          35859 35862 35865 35868 35871 35874
          35877 35880 35883 35886 35889 35892
          35895 35898 35901 35904 35907 35910
          35913 35916 35919 35922 35925 35928
          35931 35934 35937 35940 35943 35946
          35949 35952 35955 35958 35961 35964
          35967 35970 35973 35976 35979 35982
          35985 35988 35991 35994 35997 36000
          36003 36006 36009 36012 36015 36018
          36021 36024 36027 36030 36033 36036
          36039 36042 36045 36048 36051 36054
          36057 36060 36063 36066 36069 36072
          36075 36078 36081 36084 36087 36090
          36093 36096 36099 36102 36105 36108
          36111 36114 36117 36120 36123 36126
          36129 36132 36135 36138 36141 36144
          36147 36150 36153 36156 36159 36162
          36165 36168 36171 36174 36177 36180
          36183 36186 36189 36192 36195 36198
          36201 36204 36207 36210 36213 36216
          36219 36222 36225 36228 36231 36234
          36237 36240 36243 36246 36249 36252
          36255 36258 36261 36264 36267 36270
          36273 36276 36279 36282 36285 36288
          36291 36294 36297 36300 36303 36306
          36309 36312 36315 36318 36321 36324
          36327 36330 36333 36336 36339 36342
          36345 36348 36351 36354 36357 36360
          36363 36366 36369 36372 36375 36378
          36381 36384 36387 36390 36393 36396
          36399 36402 36405 36408 36411 36414
          36417 36420 36423 36426 36429 36432
          36435 36438 36441 36444 36447 36450
          36453 36456 36459 36462 36465 36468
          36471 36474 36477 36480 36483 36486
          36489 36492 36495 36498 36501 36504
          36507 36510 36513 36516 36519 36522
          36525 36528 36531 36534 36537 36540
          36543 36546 36549 36552 36555 36558
          36561 36564 36567 36570 36573 36576
          36579 36582 36585 36588 36591 36594
          36597 36600 36603 36606 36609 36612
          36615 36618 36621 36624 36627 36630
          36633 36636 36639 36642 36645 36648
          36651 36654 36657 36660 36663 36666
          36669 36672 36675 36678 36681 36684
          36687 36690 36693 36696 36699 36702
          36705 36708 36711 36714 36717 36720
          36723 36726 36729 36732 36735 36738
          36741 36744 36747 36750 36753 36756
          36759 36762 36765 36768 36771 36774
          36777 36780 36783 36786 36789 36792
          36795 36798 36801 36804 36807 36810
          36813 36816 36819 36822 36825 36828
          36831 36834 36837 36840 36843 36846
          36849 36852 36855 36858 36861 36864
          36867 36870 36873 36876 36879 36882
          36885 36888 36891 36894 36897 36900
          36903 36906 36909 36912 36915 36918
          36921 36924 36927 36930 36933 36936
          36939 36942 36945 36948 36951 36954
          36957 36960 36963 36966 36969 36972
          36975 36978 36981 36984 36987 36990
          36993 36996 36999 37002 37005 37008
          37011 37014 37017 37020 37023 37026
          37029 37032 37035 37038 37041 37044
          37047 37050 37053 37056 37059 37062
          37065 37068 37071 37074 37077 37080
          37083 37086 37089 37092 37095 37098
          37101 37104 37107 37110 37113 37116
          37119 37122 37125 37128 37131 37134
          37137 37140 37143 37146 37149 37152
          37155 37158 37161 37164 37167 37170
          37173 37176 37179 37182 37185 37188
          37191 37194 37197 37200 37203 37206
          37209 37212 37215 37218 37221 37224
          37227 37230 37233 37236 37239 37242
          37245 37248 37251 37254 37257 37260
          37263 37266 37269 37272 37275 37278
          37281 37284 37287 37290 37293 37296
          37299 37302 37305 37308 37311 37314
          37317 37320 37323 37326 37329 37332
          37335 37338 37341 37344 37347 37350
          37353 37356 37359 37362 37365 37368
          37371 37374 37377 37380 37383 37386
          37389 37392 37395 37398 37401 37404
          37407 37410 37413 37416 37419 37422
          37425 37428 37431 37434 37437 37440
          37443 37446 37449 37452 37455 37458
          37461 37464 37467 37470 37473 37476
          37479 37482 37485 37488 37491 37494
          37497 37500 37503 37506 37509 37512
          37515 37518 37521 37524 37527 37530
          37533 37536 37539 37542 37545 37548
          37551 37554 37557 37560 37563 37566
          37569 37572 37575 37578 37581 37584
          37587 37590 37593 37596 37599 37602
          37605 37608 37611 37614 37617 37620
          37623 37626 37629 37632 37635 37638
          37641 37644 37647 37650 37653 37656
          37659 37662 37665 37668 37671 37674
          37677 37680 37683 37686 37689 37692
          37695 37698 37701 37704 37707 37710
          37713 37716 37719 37722 37725 37728
          37731 37734 37737 37740 37743 37746
          37749 37752 37755 37758 37761 37764
          37767 37770 37773 37776 37779 37782
          37785 37788 37791 37794 37797 37800
          37803 37806 37809 37812 37815 37818
          37821 37824 37827 37830 37833 37836
          37839 37842 37845 37848 37851 37854
          37857 37860 37863 37866 37869 37872
          37875 37878 37881 37884 37887 37890
          37893 37896 37899 37902 37905 37908
          37911 37914 37917 37920 37923 37926
          37929 37932 37935 37938 37941 37944
          37947 37950 37953 37956 37959 37962
          37965 37968 37971 37974 37977 37980
          37983 37986 37989 37992 37995 37998
          38001 38004 38007 38010 38013 38016
          38019 38022 38025 38028 38031 38034
          38037 38040 38043 38046 38049 38052
          38055 38058 38061 38064 38067 38070
          38073 38076 38079 38082 38085 38088
          38091 38094 38097 38100 38103 38106
          38109 38112 38115 38118 38121 38124
          38127 38130 38133 38136 38139 38142
          38145 38148 38151 38154 38157 38160
          38163 38166 38169 38172 38175 38178
          38181 38184 38187 38190 38193 38196
          38199 38202 38205 38208 38211 38214
          38217 38220 38223 38226 38229 38232
          38235 38238 38241 38244 38247 38250
          38253 38256 38259 38262 38265 38268
          38271 38274 38277 38280 38283 38286
          38289 38292 38295 38298 38301 38304
          38307 38310 38313 38316 38319 38322
          38325 38328 38331 38334 38337 38340
          38343 38346 38349 38352 38355 38358
          38361 38364 38367 38370 38373 38376
          38379 38382 38385 38388 38391 38394
          38397 38400 38403 38406 38409 38412
          38415 38418 38421 38424 38427 38430
          38433 38436 38439 38442 38445 38448
          38451 38454 38457 38460 38463 38466
          38469 38472 38475 38478 38481 38484
          38487 38490 38493 38496 38499 38502
          38505 38508 38511 38514 38517 38520
          38523 38526 38529 38532 38535 38538
          38541 38544 38547 38550 38553 38556
          38559 38562 38565 38568 38571 38574
          38577 38580 38583 38586 38589 38592
          38595 38598 38601 38604 38607 38610
          38613 38616 38619 38622 38625 38628
          38631 38634 38637 38640 38643 38646
          38649 38652 38655 38658 38661 38664
          38667 38670 38673 38676 38679 38682
          38685 38688 38691 38694 38697 38700
          38703 38706 38709 38712 38715 38718
          38721 38724 38727 38730 38733 38736
          38739 38742 38745 38748 38751 38754
          38757 38760 38763 38766 38769 38772
          38775 38778 38781 38784 38787 38790
          38793 38796 38799 38802 38805 38808
          38811 38814 38817 38820 38823 38826
          38829 38832 38835 38838 38841 38844
          38847 38850 38853 38856 38859 38862
          38865 38868 38871 38874 38877 38880
          38883 38886 38889 38892 38895 38898
          38901 38904 38907 38910 38913 38916
          38919 38922 38925 38928 38931 38934
          38937 38940 38943 38946 38949 38952
          38955 38958 38961 38964 38967 38970
          38973 38976 38979 38982 38985 38988
          38991 38994 38997 39000 39003 39006
          39009 39012 39015 39018 39021 39024
          39027 39030 39033 39036 39039 39042
          39045 39048 39051 39054 39057 39060
          39063 39066 39069 39072 39075 39078
          39081 39084 39087 39090 39093 39096
          39099 39102 39105 39108 39111 39114
          39117 39120 39123 39126 39129 39132
          39135 39138 39141 39144 39147 39150
          39153 39156 39159 39162 39165 39168
          39171 39174 39177 39180 39183 39186
          39189 39192 39195 39198 39201 39204
          39207 39210 39213 39216 39219 39222
          39225 39228 39231 39234 39237 39240
          39243 39246 39249 39252 39255 39258
          39261 39264 39267 39270 39273 39276
          39279 39282 39285 39288 39291 39294
          39297 39300 39303 39306 39309 39312
          39315 39318 39321 39324 39327 39330
          39333 39336 39339 39342 39345 39348
          39351 39354 39357 39360 39363 39366
          39369 39372 39375 39378 39381 39384
          39387 39390 39393 39396 39399 39402
          39405 39408 39411 39414 39417 39420
          39423 39426 39429 39432 39435 39438
          39441 39444 39447 39450 39453 39456
          39459 39462 39465 39468 39471 39474
          39477 39480 39483 39486 39489 39492
          39495 39498 39501 39504 39507 39510
          39513 39516 39519 39522 39525 39528
          39531 39534 39537 39540 39543 39546
          39549 39552 39555 39558 39561 39564
          39567 39570 39573 39576 39579 39582
          39585 39588 39591 39594 39597 39600
          39603 39606 39609 39612 39615 39618
          39621 39624 39627 39630 39633 39636
          39639 39642 39645 39648 39651 39654
          39657 39660 39663 39666 39669 39672
          39675 39678 39681 39684 39687 39690
          39693 39696 39699 39702 39705 39708
          39711 39714 39717 39720 39723 39726
          39729 39732 39735 39738 39741 39744
          39747 39750 39753 39756 39759 39762
          39765 39768 39771 39774 39777 39780
          39783 39786 39789 39792 39795 39798
          39801 39804 39807 39810 39813 39816
          39819 39822 39825 39828 39831 39834
          39837 39840 39843 39846 39849 39852
          39855 39858 39861 39864 39867 39870
          39873 39876 39879 39882 39885 39888
          39891 39894 39897 39900 39903 39906
          39909 39912 39915 39918 39921 39924
          39927 39930 39933 39936 39939 39942
          39945 39948 39951 39954 39957 39960
          39963 39966 39969 39972 39975 39978
          39981 39984 39987 39990 39993 39996
          39999 40002 40005 40008 40011 40014
          40017 40020 40023 40026 40029 40032
          40035 40038 40041 40044 40047 40050
          40053 40056 40059 40062 40065 40068
          40071 40074 40077 40080 40083 40086
          40089 40092 40095 40098 40101 40104
          40107 40110 40113 40116 40119 40122
          40125 40128 40131 40134 40137 40140
          40143 40146 40149 40152 40155 40158
          40161 40164 40167 40170 40173 40176
          40179 40182 40185 40188 40191 40194
          40197 40200 40203 40206 40209 40212
          40215 40218 40221 40224 40227 40230
          40233 40236 40239 40242 40245 40248
          40251 40254 40257 40260 40263 40266
          40269 40272 40275 40278 40281 40284
          40287 40290 40293 40296 40299 40302
          40305 40308 40311 40314 40317 40320
          40323 40326 40329 40332 40335 40338
          40341 40344 40347 40350 40353 40356
          40359 40362 40365 40368 40371 40374
          40377 40380 40383 40386 40389 40392
          40395 40398 40401 40404 40407 40410
          40413 40416 40419 40422 40425 40428
          40431 40434 40437 40440 40443 40446
          40449 40452 40455 40458 40461 40464
          40467 40470 40473 40476 40479 40482
          40485 40488 40491 40494 40497 40500
          40503 40506 40509 40512 40515 40518
          40521 40524 40527 40530 40533 40536
          40539 40542 40545 40548 40551 40554
          40557 40560 40563 40566 40569 40572
          40575 40578 40581 40584 40587 40590
          40593 40596 40599 40602 40605 40608
          40611 40614 40617 40620 40623 40626
          40629 40632 40635 40638 40641 40644
          40647 40650 40653 40656 40659 40662
          40665 40668 40671 40674 40677 40680
          40683 40686 40689 40692 40695 40698
          40701 40704 40707 40710 40713 40716
          40719 40722 40725 40728 40731 40734
          40737 40740 40743 40746 40749 40752
          40755 40758 40761 40764 40767 40770
          40773 40776 40779 40782 40785 40788
          40791 40794 40797 40800 40803 40806
          40809 40812 40815 40818 40821 40824
          40827 40830 40833 40836 40839 40842
          40845 40848 40851 40854 40857 40860
          40863 40866 40869 40872 40875 40878
          40881 40884 40887 40890 40893 40896
          40899 40902 40905 40908 40911 40914
          40917 40920 40923 40926 40929 40932
          40935 40938 40941 40944 40947 40950
          40953 40956 40959 40962 40965 40968
          40971 40974 40977 40980 40983 40986
          40989 40992 40995 40998 41001 41004
          41007 41010 41013 41016 41019 41022
          41025 41028 41031 41034 41037 41040
          41043 41046 41049 41052 41055 41058
          41061 41064 41067 41070 41073 41076
          41079 41082 41085 41088 41091 41094
          41097 41100 41103 41106 41109 41112
          41115 41118 41121 41124 41127 41130
          41133 41136 41139 41142 41145 41148
          41151 41154 41157 41160 41163 41166
          41169 41172 41175 41178 41181 41184
          41187 41190 41193 41196 41199 41202
          41205 41208 41211 41214 41217 41220
          41223 41226 41229 41232 41235 41238
          41241 41244 41247 41250 41253 41256
          41259 41262 41265 41268 41271 41274
          41277 41280 41283 41286 41289 41292
          41295 41298 41301 41304 41307 41310
          41313 41316 41319 41322 41325 41328
          41331 41334 41337 41340 41343 41346
          41349 41352 41355 41358 41361 41364
          41367 41370 41373 41376 41379 41382
          41385 41388 41391 41394 41397 41400
          41403 41406 41409 41412 41415 41418
          41421 41424 41427 41430 41433 41436
          41439 41442 41445 41448 41451 41454
          41457 41460 41463 41466 41469 41472
          41475 41478 41481 41484 41487 41490
          41493 41496 41499 41502 41505 41508
          41511 41514 41517 41520 41523 41526
          41529 41532 41535 41538 41541 41544
          41547 41550 41553 41556 41559 41562
          41565 41568 41571 41574 41577 41580
          41583 41586 41589 41592 41595 41598
          41601 41604 41607 41610 41613 41616
          41619 41622 41625 41628 41631 41634
          41637 41640 41643 41646 41649 41652
          41655 41658 41661 41664 41667 41670
          41673 41676 41679 41682 41685 41688
          41691 41694 41697 41700 41703 41706
          41709 41712 41715 41718 41721 41724
          41727 41730 41733 41736 41739 41742
          41745 41748 41751 41754 41757 41760
          41763 41766 41769 41772 41775 41778
          41781 41784 41787 41790 41793 41796
          41799 41802 41805 41808 41811 41814
          41817 41820 41823 41826 41829 41832
          41835 41838 41841 41844 41847 41850
          41853 41856 41859 41862 41865 41868
          41871 41874 41877 41880 41883 41886
          41889 41892 41895 41898 41901 41904
          41907 41910 41913 41916 41919 41922
          41925 41928 41931 41934 41937 41940
          41943 41946 41949 41952 41955 41958
          41961 41964 41967 41970 41973 41976
          41979 41982 41985 41988 41991 41994
          41997 42000 42003 42006 42009 42012
          42015 42018 42021 42024 42027 42030
          42033 42036 42039 42042 42045 42048
          42051 42054 42057 42060 42063 42066
          42069 42072 42075 42078 42081 42084
          42087 42090 42093 42096 42099 42102
          42105 42108 42111 42114 42117 42120
          42123 42126 42129 42132 42135 42138
          42141 42144 42147 42150 42153 42156
          42159 42162 42165 42168 42171 42174
          42177 42180 42183 42186 42189 42192
          42195 42198 42201 42204 42207 42210
          42213 42216 42219 42222 42225 42228
          42231 42234 42237 42240 42243 42246
          42249 42252 42255 42258 42261 42264
          42267 42270 42273 42276 42279 42282
          42285 42288 42291 42294 42297 42300
          42303 42306 42309 42312 42315 42318
          42321 42324 42327 42330 42333 42336
          42339 42342 42345 42348 42351 42354
          42357 42360 42363 42366 42369 42372
          42375 42378 42381 42384 42387 42390
          42393 42396 42399 42402 42405 42408
          42411 42414 42417 42420 42423 42426
          42429 42432 42435 42438 42441 42444
          42447 42450 42453 42456 42459 42462
          42465 42468 42471 42474 42477 42480
          42483 42486 42489 42492 42495 42498
          42501 42504 42507 42510 42513 42516
          42519 42522 42525 42528 42531 42534
          42537 42540 42543 42546 42549 42552
          42555 42558 42561 42564 42567 42570
          42573 42576 42579 42582 42585 42588
          42591 42594 42597 42600 42603 42606
          42609 42612 42615 42618 42621 42624
          42627 42630 42633 42636 42639 42642
          42645 42648 42651 42654 42657 42660
          42663 42666 42669 42672 42675 42678
          42681 42684 42687 42690 42693 42696
          42699 42702 42705 42708 42711 42714
          42717 42720 42723 42726 42729 42732
          42735 42738 42741 42744 42747 42750
          42753 42756 42759 42762 42765 42768
          42771 42774 42777 42780 42783 42786
          42789 42792 42795 42798 42801 42804
          42807 42810 42813 42816 42819 42822
          42825 42828 42831 42834 42837 42840
          42843 42846 42849 42852 42855 42858
          42861 42864 42867 42870 42873 42876
          42879 42882 42885 42888 42891 42894
          42897 42900 42903 42906 42909 42912
          42915 42918 42921 42924 42927 42930
          42933 42936 42939 42942 42945 42948
          42951 42954 42957 42960 42963 42966
          42969 42972 42975 42978 42981 42984
          42987 42990 42993 42996 42999 43002
          43005 43008 43011 43014 43017 43020
          43023 43026 43029 43032 43035 43038
          43041 43044 43047 43050 43053 43056
          43059 43062 43065 43068 43071 43074
          43077 43080 43083 43086 43089 43092
          43095 43098 43101 43104 43107 43110
          43113 43116 43119 43122 43125 43128
          43131 43134 43137 43140 43143 43146
          43149 43152 43155 43158 43161 43164
          43167 43170 43173 43176 43179 43182
          43185 43188 43191 43194 43197 43200
          43203 43206 43209 43212 43215 43218
          43221 43224 43227 43230 43233 43236
          43239 43242 43245 43248 43251 43254
          43257 43260 43263 43266 43269 43272
          43275 43278 43281 43284 43287 43290
          43293 43296 43299 43302 43305 43308
          43311 43314 43317 43320 43323 43326
          43329 43332 43335 43338 43341 43344
          43347 43350 43353 43356 43359 43362
          43365 43368 43371 43374 43377 43380
          43383 43386 43389 43392 43395 43398
          43401 43404 43407 43410 43413 43416
          43419 43422 43425 43428 43431 43434
          43437 43440 43443 43446 43449 43452
          43455 43458 43461 43464 43467 43470
          43473 43476 43479 43482 43485 43488
          43491 43494 43497 43500 43503 43506
          43509 43512 43515 43518 43521 43524
          43527 43530 43533 43536 43539 43542
          43545 43548 43551 43554 43557 43560
          43563 43566 43569 43572 43575 43578
          43581 43584 43587 43590 43593 43596
          43599 43602 43605 43608 43611 43614
          43617 43620 43623 43626 43629 43632
          43635 43638 43641 43644 43647 43650
          43653 43656 43659 43662 43665 43668
          43671 43674 43677 43680 43683 43686
          43689 43692 43695 43698 43701 43704
          43707 43710 43713 43716 43719 43722
          43725 43728 43731 43734 43737 43740
          43743 43746 43749 43752 43755 43758
          43761 43764 43767 43770 43773 43776
          43779 43782 43785 43788 43791 43794
          43797 43800 43803 43806 43809 43812
          43815 43818 43821 43824 43827 43830
          43833 43836 43839 43842 43845 43848
          43851 43854 43857 43860 43863 43866
          43869 43872 43875 43878 43881 43884
          43887 43890 43893 43896 43899 43902
          43905 43908 43911 43914 43917 43920
          43923 43926 43929 43932 43935 43938
          43941 43944 43947 43950 43953 43956
          43959 43962 43965 43968 43971 43974
          43977 43980 43983 43986 43989 43992
          43995 43998 44001 44004 44007 44010
          44013 44016 44019 44022 44025 44028
          44031 44034 44037 44040 44043 44046
          44049 44052 44055 44058 44061 44064
          44067 44070 44073 44076 44079 44082
          44085 44088 44091 44094 44097 44100
          44103 44106 44109 44112 44115 44118
          44121 44124 44127 44130 44133 44136
          44139 44142 44145 44148 44151 44154
          44157 44160 44163 44166 44169 44172
          44175 44178 44181 44184 44187 44190
          44193 44196 44199 44202 44205 44208
          44211 44214 44217 44220 44223 44226
          44229 44232 44235 44238 44241 44244
          44247 44250 44253 44256 44259 44262
          44265 44268 44271 44274 44277 44280
          44283 44286 44289 44292 44295 44298
          44301 44304 44307 44310 44313 44316
          44319 44322 44325 44328 44331 44334
          44337 44340 44343 44346 44349 44352
          44355 44358 44361 44364 44367 44370
          44373 44376 44379 44382 44385 44388
          44391 44394 44397 44400 44403 44406
          44409 44412 44415 44418 44421 44424
          44427 44430 44433 44436 44439 44442
          44445 44448 44451 44454 44457 44460
          44463 44466 44469 44472 44475 44478
          44481 44484 44487 44490 44493 44496
          44499 44502 44505 44508 44511 44514
          44517 44520 44523 44526 44529 44532
          44535 44538 44541 44544 44547 44550
          44553 44556 44559 44562 44565 44568
          44571 44574 44577 44580 44583 44586
          44589 44592 44595 44598 44601 44604
          44607 44610 44613 44616 44619 44622
          44625 44628 44631 44634 44637 44640
          44643 44646 44649 44652 44655 44658
          44661 44664 44667 44670 44673 44676
          44679 44682 44685 44688 44691 44694
          44697 44700 44703 44706 44709 44712
          44715 44718 44721 44724 44727 44730
          44733 44736 44739 44742 44745 44748
          44751 44754 44757 44760 44763 44766
          44769 44772 44775 44778 44781 44784
          44787 44790 44793 44796 44799 44802
          44805 44808 44811 44814 44817 44820
          44823 44826 44829 44832 44835 44838
          44841 44844 44847 44850 44853 44856
          44859 44862 44865 44868 44871 44874
          44877 44880 44883 44886 44889 44892
          44895 44898 44901 44904 44907 44910
          44913 44916 44919 44922 44925 44928
          44931 44934 44937 44940 44943 44946
          44949 44952 44955 44958 44961 44964
          44967 44970 44973 44976 44979 44982
          44985 44988 44991 44994 44997 45000
          45003 45006 45009 45012 45015 45018
          45021 45024 45027 45030 45033 45036
          45039 45042 45045 45048 45051 45054
          45057 45060 45063 45066 45069 45072
          45075 45078 45081 45084 45087 45090
          45093 45096 45099 45102 45105 45108
          45111 45114 45117 45120 45123 45126
          45129 45132 45135 45138 45141 45144
          45147 45150 45153 45156 45159 45162
          45165 45168 45171 45174 45177 45180
          45183 45186 45189 45192 45195 45198
          45201 45204 45207 45210 45213 45216
          45219 45222 45225 45228 45231 45234
          45237 45240 45243 45246 45249 45252
          45255 45258 45261 45264 45267 45270
          45273 45276 45279 45282 45285 45288
          45291 45294 45297 45300 45303 45306
          45309 45312 45315 45318 45321 45324
          45327 45330 45333 45336 45339 45342
          45345 45348 45351 45354 45357 45360
          45363 45366 45369 45372 45375 45378
          45381 45384 45387 45390 45393 45396
          45399 45402 45405 45408 45411 45414
          45417 45420 45423 45426 45429 45432
          45435 45438 45441 45444 45447 45450
          45453 45456 45459 45462 45465 45468
          45471 45474 45477 45480 45483 45486
          45489 45492 45495 45498 45501 45504
          45507 45510 45513 45516 45519 45522
          45525 45528 45531 45534 45537 45540
          45543 45546 45549 45552 45555 45558
          45561 45564 45567 45570 45573 45576
          45579 45582 45585 45588 45591 45594
          45597 45600 45603 45606 45609 45612
          45615 45618 45621 45624 45627 45630
          45633 45636 45639 45642 45645 45648
          45651 45654 45657 45660 45663 45666
          45669 45672 45675 45678 45681 45684
          45687 45690 45693 45696 45699 45702
          45705 45708 45711 45714 45717 45720
          45723 45726 45729 45732 45735 45738
          45741 45744 45747 45750 45753 45756
          45759 45762 45765 45768 45771 45774
          45777 45780 45783 45786 45789 45792
          45795 45798 45801 45804 45807 45810
          45813 45816 45819 45822 45825 45828
          45831 45834 45837 45840 45843 45846
          45849 45852 45855 45858 45861 45864
          45867 45870 45873 45876 45879 45882
          45885 45888 45891 45894 45897 45900
          45903 45906 45909 45912 45915 45918
          45921 45924 45927 45930 45933 45936
          45939 45942 45945 45948 45951 45954
          45957 45960 45963 45966 45969 45972
          45975 45978 45981 45984 45987 45990
          45993 45996 45999 46002 46005 46008
          46011 46014 46017 46020 46023 46026
          46029 46032 46035 46038 46041 46044
          46047 46050 46053 46056 46059 46062
          46065 46068 46071 46074 46077 46080
          46083 46086 46089 46092 46095 46098
          46101 46104 46107 46110 46113 46116
          46119 46122 46125 46128 46131 46134
          46137 46140 46143 46146 46149 46152
          46155 46158 46161 46164 46167 46170
          46173 46176 46179 46182 46185 46188
          46191 46194 46197 46200 46203 46206
          46209 46212 46215 46218 46221 46224
          46227 46230 46233 46236 46239 46242
          46245 46248 46251 46254 46257 46260
          46263 46266 46269 46272 46275 46278
          46281 46284 46287 46290 46293 46296
          46299 46302 46305 46308 46311 46314
          46317 46320 46323 46326 46329 46332
          46335 46338 46341 46344 46347 46350
          46353 46356 46359 46362 46365 46368
          46371 46374 46377 46380 46383 46386
          46389 46392 46395 46398 46401 46404
          46407 46410 46413 46416 46419 46422
          46425 46428 46431 46434 46437 46440
          46443 46446 46449 46452 46455 46458
          46461 46464 46467 46470 46473 46476
          46479 46482 46485 46488 46491 46494
          46497 46500 46503 46506 46509 46512
          46515 46518 46521 46524 46527 46530
          46533 46536 46539 46542 46545 46548
          46551 46554 46557 46560 46563 46566
          46569 46572 46575 46578 46581 46584
          46587 46590 46593 46596 46599 46602
          46605 46608 46611 46614 46617 46620
          46623 46626 46629 46632 46635 46638
          46641 46644 46647 46650 46653 46656
          46659 46662 46665 46668 46671 46674
          46677 46680 46683 46686 46689 46692
          46695 46698 46701 46704 46707 46710
          46713 46716 46719 46722 46725 46728
          46731 46734 46737 46740 46743 46746
          46749 46752 46755 46758 46761 46764
          46767 46770 46773 46776 46779 46782
          46785 46788 46791 46794 46797 46800
          46803 46806 46809 46812 46815 46818
          46821 46824 46827 46830 46833 46836
          46839 46842 46845 46848 46851 46854
          46857 46860 46863 46866 46869 46872
          46875 46878 46881 46884 46887 46890
          46893 46896 46899 46902 46905 46908
          46911 46914 46917 46920 46923 46926
          46929 46932 46935 46938 46941 46944
          46947 46950 46953 46956 46959 46962
          46965 46968 46971 46974 46977 46980
          46983 46986 46989 46992 46995 46998
          47001 47004 47007 47010 47013 47016
          47019 47022 47025 47028 47031 47034
          47037 47040 47043 47046 47049 47052
          47055 47058 47061 47064 47067 47070
          47073 47076 47079 47082 47085 47088
          47091 47094 47097 47100 47103 47106
          47109 47112 47115 47118 47121 47124
          47127 47130 47133 47136 47139 47142
          47145 47148 47151 47154 47157 47160
          47163 47166 47169 47172 47175 47178
          47181 47184 47187 47190 47193 47196
          47199 47202 47205 47208 47211 47214
          47217 47220 47223 47226 47229 47232
          47235 47238 47241 47244 47247 47250
          47253 47256 47259 47262 47265 47268
          47271 47274 47277 47280 47283 47286
          47289 47292 47295 47298 47301 47304
          47307 47310 47313 47316 47319 47322
          47325 47328 47331 47334 47337 47340
          47343 47346 47349 47352 47355 47358
          47361 47364 47367 47370 47373 47376
          47379 47382 47385 47388 47391 47394
          47397 47400 47403 47406 47409 47412
          47415 47418 47421 47424 47427 47430
          47433 47436 47439 47442 47445 47448
          47451 47454 47457 47460 47463 47466
          47469 47472 47475 47478 47481 47484
          47487 47490 47493 47496 47499 47502
          47505 47508 47511 47514 47517 47520
          47523 47526 47529 47532 47535 47538
          47541 47544 47547 47550 47553 47556
          47559 47562 47565 47568 47571 47574
          47577 47580 47583 47586 47589 47592
          47595 47598 47601 47604 47607 47610
          47613 47616 47619 47622 47625 47628
          47631 47634 47637 47640 47643 47646
          47649 47652 47655 47658 47661 47664
          47667 47670 47673 47676 47679 47682
          47685 47688 47691 47694 47697 47700
          47703 47706 47709 47712 47715 47718
          47721 47724 47727 47730 47733 47736
          47739 47742 47745 47748 47751 47754
          47757 47760 47763 47766 47769 47772
          47775 47778 47781 47784 47787 47790
          47793 47796 47799 47802 47805 47808
          47811 47814 47817 47820 47823 47826
          47829 47832 47835 47838 47841 47844
          47847 47850 47853 47856 47859 47862
          47865 47868 47871 47874 47877 47880
          47883 47886 47889 47892 47895 47898
          47901 47904 47907 47910 47913 47916
          47919 47922 47925 47928 47931 47934
          47937 47940 47943 47946 47949 47952
          47955 47958 47961 47964 47967 47970
          47973 47976 47979 47982 47985 47988
          47991 47994 47997 48000 48003 48006
          48009 48012 48015 48018 48021 48024
          48027 48030 48033 48036 48039 48042
          48045 48048 48051 48054 48057 48060
          48063 48066 48069 48072 48075 48078
          48081 48084 48087 48090 48093 48096
          48099 48102 48105 48108 48111 48114
          48117 48120 48123 48126 48129 48132
          48135 48138 48141 48144 48147 48150
          48153 48156 48159 48162 48165 48168
          48171 48174 48177 48180 48183 48186
          48189 48192 48195 48198 48201 48204
          48207 48210 48213 48216 48219 48222
          48225 48228 48231 48234 48237 48240
          48243 48246 48249 48252 48255 48258
          48261 48264 48267 48270 48273 48276
          48279 48282 48285 48288 48291 48294
          48297 48300 48303 48306 48309 48312
          48315 48318 48321 48324 48327 48330
          48333 48336 48339 48342 48345 48348
          48351 48354 48357 48360 48363 48366
          48369 48372 48375 48378 48381 48384
          48387 48390 48393 48396 48399 48402
          48405 48408 48411 48414 48417 48420
          48423 48426 48429 48432 48435 48438
          48441 48444 48447 48450 48453 48456
          48459 48462 48465 48468 48471 48474
          48477 48480 48483 48486 48489 48492
          48495 48498 48501 48504 48507 48510
          48513 48516 48519 48522 48525 48528
          48531 48534 48537 48540 48543 48546
          48549 48552 48555 48558 48561 48564
          48567 48570 48573 48576 48579 48582
          48585 48588 48591 48594 48597 48600
          48603 48606 48609 48612 48615 48618
          48621 48624 48627 48630 48633 48636
          48639 48642 48645 48648 48651 48654
          48657 48660 48663 48666 48669 48672
          48675 48678 48681 48684 48687 48690
          48693 48696 48699 48702 48705 48708
          48711 48714 48717 48720 48723 48726
          48729 48732 48735 48738 48741 48744
          48747 48750 48753 48756 48759 48762
          48765 48768 48771 48774 48777 48780
          48783 48786 48789 48792 48795 48798
          48801 48804 48807 48810 48813 48816
          48819 48822 48825 48828 48831 48834
          48837 48840 48843 48846 48849 48852
          48855 48858 48861 48864 48867 48870
          48873 48876 48879 48882 48885 48888
          48891 48894 48897 48900 48903 48906
          48909 48912 48915 48918 48921 48924
          48927 48930 48933 48936 48939 48942
          48945 48948 48951 48954 48957 48960
          48963 48966 48969 48972 48975 48978
          48981 48984 48987 48990 48993 48996
          48999 49002 49005 49008 49011 49014
          49017 49020 49023 49026 49029 49032
          49035 49038 49041 49044 49047 49050
          49053 49056 49059 49062 49065 49068
          49071 49074 49077 49080 49083 49086
          49089 49092 49095 49098 49101 49104
          49107 49110 49113 49116 49119 49122
          49125 49128 49131 49134 49137 49140
          49143 49146 49149 49152 49155 49158
          49161 49164 49167 49170 49173 49176
          49179 49182 49185 49188 49191 49194
          49197 49200 49203 49206 49209 49212
          49215 49218 49221 49224 49227 49230
          49233 49236 49239 49242 49245 49248
          49251 49254 49257 49260 49263 49266
          49269 49272 49275 49278 49281 49284
          49287 49290 49293 49296 49299 49302
          49305 49308 49311 49314 49317 49320
          49323 49326 49329 49332 49335 49338
          49341 49344 49347 49350 49353 49356
          49359 49362 49365 49368 49371 49374
          49377 49380 49383 49386 49389 49392
          49395 49398 49401 49404 49407 49410
          49413 49416 49419 49422 49425 49428
          49431 49434 49437 49440 49443 49446
          49449 49452 49455 49458 49461 49464
          49467 49470 49473 49476 49479 49482
          49485 49488 49491 49494 49497 49500
          49503 49506 49509 49512 49515 49518
          49521 49524 49527 49530 49533 49536
          49539 49542 49545 49548 49551 49554
          49557 49560 49563 49566 49569 49572
          49575 49578 49581 49584 49587 49590
          49593 49596 49599 49602 49605 49608
          49611 49614 49617 49620 49623 49626
          49629 49632 49635 49638 49641 49644
          49647 49650 49653 49656 49659 49662
          49665 49668 49671 49674 49677 49680
          49683 49686 49689 49692 49695 49698
          49701 49704 49707 49710 49713 49716
          49719 49722 49725 49728 49731 49734
          49737 49740 49743 49746 49749 49752
          49755 49758 49761 49764 49767 49770
          49773 49776 49779 49782 49785 49788
          49791 49794 49797 49800 49803 49806
          49809 49812 49815 49818 49821 49824
          49827 49830 49833 49836 49839 49842
          49845 49848 49851 49854 49857 49860
          49863 49866 49869 49872 49875 49878
          49881 49884 49887 49890 49893 49896
          49899 49902 49905 49908 49911 49914
          49917 49920 49923 49926 49929 49932
          49935 49938 49941 49944 49947 49950
          49953 49956 49959 49962 49965 49968
          49971 49974 49977 49980 49983 49986
          49989 49992 49995 49998 50001 50004
          50007 50010 50013 50016 50019 50022
          50025 50028 50031 50034 50037 50040
          50043 50046 50049 50052 50055 50058
          50061 50064 50067 50070 50073 50076
          50079 50082 50085 50088 50091 50094
          50097 50100 50103 50106 50109 50112
          50115 50118 50121 50124 50127 50130
          50133 50136 50139 50142 50145 50148
          50151 50154 50157 50160 50163 50166
          50169 50172 50175 50178 50181 50184
          50187 50190 50193 50196 50199 50202
          50205 50208 50211 50214 50217 50220
          50223 50226 50229 50232 50235 50238
          50241 50244 50247 50250 50253 50256
          50259 50262 50265 50268 50271 50274
          50277 50280 50283 50286 50289 50292
          50295 50298 50301 50304 50307 50310
          50313 50316 50319 50322 50325 50328
          50331 50334 50337 50340 50343 50346
          50349 50352 50355 50358 50361 50364
          50367 50370 50373 50376 50379 50382
          50385 50388 50391 50394 50397 50400
          50403 50406 50409 50412 50415 50418
          50421 50424 50427 50430 50433 50436
          50439 50442 50445 50448 50451 50454
          50457 50460 50463 50466 50469 50472
          50475 50478 50481 50484 50487 50490
          50493 50496 50499 50502 50505 50508
          50511 50514 50517 50520 50523 50526
          50529 50532 50535 50538 50541 50544
          50547 50550 50553 50556 50559 50562
          50565 50568 50571 50574 50577 50580
          50583 50586 50589 50592 50595 50598
          50601 50604 50607 50610 50613 50616
          50619 50622 50625 50628 50631 50634
          50637 50640 50643 50646 50649 50652
          50655 50658 50661 50664 50667 50670
          50673 50676 50679 50682 50685 50688
          50691 50694 50697 50700 50703 50706
          50709 50712 50715 50718 50721 50724
          50727 50730 50733 50736 50739 50742
          50745 50748 50751 50754 50757 50760
          50763 50766 50769 50772 50775 50778
          50781 50784 50787 50790 50793 50796
          50799 50802 50805 50808 50811 50814
          50817 50820 50823 50826 50829 50832
          50835 50838 50841 50844 50847 50850
          50853 50856 50859 50862 50865 50868
          50871 50874 50877 50880 50883 50886
          50889 50892 50895 50898 50901 50904
          50907 50910 50913 50916 50919 50922
          50925 50928 50931 50934 50937 50940
          50943 50946 50949 50952 50955 50958
          50961 50964 50967 50970 50973 50976
          50979 50982 50985 50988 50991 50994
          50997 51000 51003 51006 51009 51012
          51015 51018 51021 51024 51027 51030
          51033 51036 51039 51042 51045 51048
          51051 51054 51057 51060 51063 51066
          51069 51072 51075 51078 51081 51084
          51087 51090 51093 51096 51099 51102
          51105 51108 51111 51114 51117 51120
          51123 51126 51129 51132 51135 51138
        </DataArray>
      </Polys>
    </Piece>
  </PolyData>
</VTKFile>
